question_id,question,hop_diameter,repeat_idx,response,step1_status,n_merge,used_tables_debug,step2_status,step2_result,step3_avoidance,step3_overjoin_tag,step4_label,step4_result,step4_gold,gold_has_disp
89,How many accounts who choose issuance after transaction are staying in East Bohemia region?,1,0,"```python
import pandas as pd

def count_accounts_east_bohemia(df_account, df_district):
    # Filter accounts who choose issuance after transaction
    df_account_filtered = df_account[(df_account['A15'] == 'Y') & (df_account['A16'] == 'Y')]

    # Filter accounts staying in East Bohemia region
    df_district_east_bohemia = df_district[df_district['A2'] == 'East Bohemia']

    # Merge filtered accounts with East Bohemia region
    df_account_east_bohemia = pd.merge(df_account_filtered, df_district_east_bohemia[['district_id']], on='district_id')

    # Count unique accounts staying in East Bohemia region
    count = df_account_east_bohemia['district_id'].nunique()

    return count
```

```python
# Example usage
count = count_accounts_east_bohemia(df_account, df_district)
print(count)
```",,1,"['account', 'district', 'trans']",call_error: 'A15',,,,,,,
89,How many accounts who choose issuance after transaction are staying in East Bohemia region?,1,1,"```python
import pandas as pd

def east_bohemia_staying_accounts(df_district, df_account):
    # Filter district to East Bohemia region
    east_bohemia_district = df_district[(df_district['A2'] == 1) & (df_district['A3'] == 0) & (df_district['A4'] == 0) & (df_district['A5'] == 0) & (df_district['A6'] == 0) & (df_district['A7'] == 0) & (df_district['A8'] == 0) & (df_district['A9'] == 0) & (df_district['A10'] == 0) & (df_district['A11'] == 0) & (df_district['A12'] == 0) & (df_district['A13'] == 0) & (df_district['A14'] == 0) & (df_district['A15'] == 0) & (df_district['A16'] == 0)]

    # Filter accounts that choose issuance after transaction
    issuance_after_transaction = df_account[df_account['frequency'] == 'IAT']

    # Merge district information with account data
    merged_data = pd.merge(east_bohemia_district[['district_id']], issuance_after_transaction, on='district_id')

    # Count accounts staying in East Bohemia region
    count = merged_data['district_id'].nunique()

    return count
```

You can use this function as follows:

```python
east_bohemia_count = east_bohemia_staying_accounts(df_district, df_account)
print(east_bohemia_count)
```",,1,"['account', 'district', 'trans']",,0,False,False,semantic,0,[[13]],False
89,How many accounts who choose issuance after transaction are staying in East Bohemia region?,1,2,"```python
import pandas as pd

def accounts_staying_in_east_bohemia(df_account, df_district):
    # Filter district of interest
    east_bohemia_districts = df_district[df_district['A2'] == 'Východní Čechy']
    east_bohemia_district_ids = east_bohemia_districts['district_id'].tolist()
    
    # Filter accounts staying in East Bohemia
    accounts_in_east_bohemia = df_account[df_account['district_id'].isin(east_bohemia_district_ids)]
    
    # Filter accounts who choose issuance after transaction
    accounts_with_issuance_after_transaction = accounts_in_east_bohemia[accounts_in_east_bohemia['A15'] == 1]
    
    # Count the number of accounts
    count = accounts_with_issuance_after_transaction['account_id'].nunique()
    
    return count
```

```python
# Example usage
count = accounts_staying_in_east_bohemia(df_account, df_district)
print(count)
```",,0,"['account', 'district', 'trans']",call_error: 'A15',,,,,,,
89,How many accounts who choose issuance after transaction are staying in East Bohemia region?,1,3,"```python
import pandas as pd

def count_accounts_east_bohemia(df_account, df_district):
    # Filter accounts where A2 is East Bohemia
    east_bohemia_districts = df_district[df_district['A2'] == 'Východní Čechy']
    east_bohemia_district_ids = east_bohemia_districts['district_id'].tolist()

    # Filter accounts staying in East Bohemia
    east_bohemia_accounts = df_account[df_account['district_id'].isin(east_bohemia_district_ids)]

    # Filter accounts who choose issuance after transaction
    accounts_issuance_after_transaction = east_bohemia_accounts[east_bohemia_accounts['frequency'] == 'Issuance after transaction']

    # Count accounts
    count = len(accounts_issuance_after_transaction)

    return count
```",,0,"['account', 'district', 'trans']",,0,True,False,,,,
89,How many accounts who choose issuance after transaction are staying in East Bohemia region?,1,4,"```python
import pandas as pd

def east_bohemia_issuance_after_transaction(df_district, df_account):
    # Filter accounts who choose issuance after transaction
    issuance_after_transaction = df_account[df_account['A2'] == 1]
    
    # Filter accounts who stay in East Bohemia region
    east_bohemia_region = df_district[df_district['A13'] == 1]
    
    # Merge accounts with district information
    merged_df = pd.merge(issuance_after_transaction, east_bohemia_region, on='district_id')
    
    # Count accounts who stay in East Bohemia region and choose issuance after transaction
    count = merged_df.shape[0]
    
    return count
```

```python
# Example usage
east_bohemia_count = east_bohemia_issuance_after_transaction(df_district, df_account)
print(east_bohemia_count)
```",,1,"['account', 'district', 'trans']",,0,False,False,rerun_error: call_error: 'A2',,,False
90,How many accounts who have region in Prague are eligible for loans?,2,0,"```python
import pandas as pd

def count_eligible_accounts(df_account, df_district, df_loan):
    # Merge account and district DataFrames
    merged_accounts = pd.merge(df_account, df_district, left_on='district_id', right_on='district_id')
    
    # Filter accounts in Prague
    prague_accounts = merged_accounts[merged_accounts['A2'] == 1]  # Assuming A2 is a binary variable for Prague
    
    # Filter accounts with active loans
    active_loans = df_loan[df_loan['status'] == 'active']
    
    # Merge accounts and active loans
    eligible_accounts = pd.merge(prague_accounts, active_loans, left_on='account_id', right_on='account_id')
    
    # Count eligible accounts
    count = len(eligible_accounts)
    
    return count
```",,2,"['account', 'district', 'loan']",call_error: 'A2',,,,,,,
90,How many accounts who have region in Prague are eligible for loans?,2,1,"```python
import pandas as pd

def accounts_eligible_for_loans(df_account, df_loan, df_district):
    # Merge account and district DataFrames
    df_account_district = pd.merge(df_account, df_district, on='district_id')
    
    # Merge account_district with loan DataFrame
    df_account_loan = pd.merge(df_account_district, df_loan, on='account_id')
    
    # Filter accounts with region in Prague
    prague_district_id = df_district.loc[df_district['A2'] == 'Prague', 'district_id'].values[0]
    df_prague_accounts = df_account_district[df_account_district['district_id'] == prague_district_id]
    
    # Filter accounts eligible for loans
    df_eligible_accounts = df_prague_accounts[df_prague_accounts['account_id'].isin(df_account_loan['account_id'])]
    
    # Count eligible accounts
    eligible_accounts_count = len(df_eligible_accounts)
    
    return eligible_accounts_count
```

```python
# Example usage:
accounts_eligible_for_loans(df_account, df_loan, df_district)
```

This code assumes that the DataFrames are already loaded and the function is called with the DataFrames as arguments. The function first merges the account and district DataFrames, then the merged DataFrame with the loan DataFrame, and filters the accounts with region in Prague. It then filters the accounts eligible for loans and returns the count of eligible accounts.",,2,"['account', 'district', 'loan']",call_error: index 0 is out of bounds for axis 0 with size 0,,,,,,,
90,How many accounts who have region in Prague are eligible for loans?,2,2,"```python
import pandas as pd

def count_eligible_accounts(df_account, df_district, df_loan):
    # Merge account and district DataFrames
    df_account_district = pd.merge(df_account, df_district, on='district_id')

    # Extract the district name from A2
    df_account_district['district_name'] = df_account_district['A2'].str.strip()

    # Filter accounts from Prague
    df_prague_accounts = df_account_district[df_account_district['district_name'] == 'Praha']

    # Filter eligible accounts
    df_eligible_accounts = df_prague_accounts[df_prague_accounts['frequency'] == 'monthly']

    # Return the count of eligible accounts
    return len(df_eligible_accounts)
```",,1,"['account', 'district', 'loan']",call_error: 'A2',,,,,,,
90,How many accounts who have region in Prague are eligible for loans?,2,3,"```python
import pandas as pd

def count_eligible_accounts(df_loan, df_account, df_district):
    # Merge loan and account DataFrames
    merged_df = pd.merge(df_loan, df_account, on='account_id')
    
    # Merge merged DataFrame with district DataFrame
    merged_df = pd.merge(merged_df, df_district, on='district_id')
    
    # Extract A2 column which contains region information
    prague_region = merged_df[(merged_df['A2'] == 'Prague') | (merged_df['A2'] == 'Praha')]['account_id']
    
    # Count eligible accounts
    eligible_count = prague_region.nunique()
    
    return eligible_count
```",,2,"['account', 'district', 'loan']",call_error: 'A2',,,,,,,
90,How many accounts who have region in Prague are eligible for loans?,2,4,"```python
import pandas as pd

def count_eligible_accounts(df_account, df_district, df_loan):
    # Merge account and district DataFrames to get district names
    df_account = pd.merge(df_account, df_district, on='district_id')
    
    # Define the districts that belong to Prague
    prague_districts = ['Praha 1', 'Praha 2', 'Praha 3', 'Praha 4', 'Praha 5', 'Praha 6', 'Praha 7', 'Praha 8', 'Praha 9', 'Praha 10', 'Praha 11', 'Praha 12']
    
    # Filter accounts from Prague districts
    df_account_praha = df_account[df_account['A2'].isin(prague_districts)]
    
    # Count eligible accounts (accounts with at least one approved loan)
    eligible_accounts = df_account_praha.merge(df_loan, on='account_id', how='left')
    eligible_accounts = eligible_accounts[eligible_accounts['status'].isin(['Approved'])]
    eligible_accounts_count = eligible_accounts['account_id'].nunique()
    
    return eligible_accounts_count
```

```python
# Example usage:
eligible_accounts_count = count_eligible_accounts(df_account, df_district, df_loan)
print(eligible_accounts_count)
```",,2,"['account', 'district', 'loan']",call_error: 'A2',,,,,,,
91,"The average unemployment ratio of 1995 and 1996, which one has higher percentage?",0,0,"```python
import pandas as pd

def compute_unemployment_ratio(df):
    # Extract unemployment ratio for 1995 and 1996
    df_1995 = df[df['A6'] == 1995][['A6', 'A8']]
    df_1996 = df[df['A6'] == 1996][['A6', 'A8']]

    # Calculate average unemployment ratio
    avg_1995 = df_1995['A8'].mean()
    avg_1996 = df_1996['A8'].mean()

    # Determine which year has a higher average unemployment ratio
    if avg_1995 > avg_1996:
        return '1995'
    elif avg_1996 > avg_1995:
        return '1996'
    else:
        return 'Both years have the same average unemployment ratio'

# Example usage
df = pd.read_csv('district.csv')
result = compute_unemployment_ratio(df)
print(result)
```",,0,['district'],call_error: 'A6',,,,,,,
91,"The average unemployment ratio of 1995 and 1996, which one has higher percentage?",0,1,"```python
import pandas as pd

def avg_unemployment_ratio(df):
    df_95 = df[df['A2'] == '1995']
    df_96 = df[df['A2'] == '1996']

    avg_ratio_95 = df_95['A8'].astype(float).mean()
    avg_ratio_96 = df_96['A8'].astype(float).mean()

    return pd.DataFrame({'avg_ratio_95': [avg_ratio_95], 'avg_ratio_96': [avg_ratio_96]})
```",,0,[],call_error: 'A8',,,,,,,
91,"The average unemployment ratio of 1995 and 1996, which one has higher percentage?",0,2,"```python
import pandas as pd

def compute_unemployment_ratio(df):
    # Extract relevant columns
    df = df[['A2', 'A3', 'A4', 'A5', 'A6', 'A7', 'A8', 'A9', 'A10', 'A11', 'A12', 'A13', 'A14', 'A15', 'A16']]

    # Assume A2 and A3 are the unemployment ratios of 1995 and 1996 respectively
    df['avg_unemployment_ratio_95'] = (df['A2'] + df['A3']) / 2
    df['avg_unemployment_ratio_96'] = (df['A2'] + df['A3']) / 2

    # Compute the percentage of the average unemployment ratio of 1995 being higher
    df['higher_in_95'] = (df['avg_unemployment_ratio_95'] > df['avg_unemployment_ratio_96']).astype(int)

    return df
```",,0,[],"call_error: ""['A3', 'A4', 'A5', 'A6', 'A7', 'A8', 'A9', 'A10', 'A11', 'A12', 'A13', 'A14', 'A15', 'A16'] not in index""",,,,,,,
91,"The average unemployment ratio of 1995 and 1996, which one has higher percentage?",0,3,"```python
import pandas as pd

def unemployment_ratio_average(df):
    # Filter the years
    df_1995 = df[df['A6'] == 1995]
    df_1996 = df[df['A6'] == 1996]

    # Calculate the average unemployment ratio
    avg_1995 = df_1995['A15'].mean()
    avg_1996 = df_1996['A15'].mean()

    # Compare the averages
    if avg_1995 > avg_1996:
        return '1995'
    elif avg_1996 > avg_1995:
        return '1996'
    else:
        return 'Both years have the same average unemployment ratio'

# Example usage:
# df = pd.read_csv('district_data.csv')
# print(unemployment_ratio_average(df))
```",,0,['district'],call_error: 'A6',,,,,,,
91,"The average unemployment ratio of 1995 and 1996, which one has higher percentage?",0,4,"```python
import pandas as pd

def compute_unemployment_ratio(df):
    # Filter the data for the years 1995 and 1996
    df_1995 = df[df['A2'] == 1995]
    df_1996 = df[df['A2'] == 1996]

    # Compute the unemployment ratio for each year
    df_1995['unemployment_ratio'] = df_1995['A6'] / (df_1995['A7'] + df_1995['A6'])
    df_1996['unemployment_ratio'] = df_1996['A6'] / (df_1996['A7'] + df_1996['A6'])

    # Compute the average unemployment ratio for each year
    avg_unemployment_ratio_1995 = df_1995['unemployment_ratio'].mean()
    avg_unemployment_ratio_1996 = df_1996['unemployment_ratio'].mean()

    # Determine which year has a higher average unemployment ratio
    if avg_unemployment_ratio_1995 > avg_unemployment_ratio_1996:
        return '1995'
    elif avg_unemployment_ratio_1996 > avg_unemployment_ratio_1995:
        return '1996'
    else:
        return 'Both years have the same average unemployment ratio'

# Example usage
df = pd.read_csv('district.csv')
result = compute_unemployment_ratio(df)
print(result)
```",,0,['district'],call_error: 'A6',,,,,,,
92,List out the no. of districts that have female average salary is more than 6000 but less than 10000?,1,0,"```python
import pandas as pd

def female_avg_salary_districts(client, district):
    # Merge client and district DataFrames based on district_id
    merged_df = pd.merge(client, district, on='district_id')

    # Calculate average salary for female clients
    female_avg_salary = merged_df[merged_df['gender'] == 'Female']['A16'].mean()

    # Filter districts where female average salary is more than 6000 but less than 10000
    filtered_districts = district[(district['A16'] > 6000) & (district['A16'] < 10000)]

    # Return number of districts meeting the condition
    return filtered_districts['district_id'].nunique()
```",,1,"['client', 'district']",,5,False,False,semantic,5,[[69]],False
92,List out the no. of districts that have female average salary is more than 6000 but less than 10000?,1,1,"```python
import pandas as pd

def count_districts_with_female_avg_salary(df_client, df_district):
    # Merge client and district DataFrames
    merged_df = pd.merge(df_client, df_district, on='district_id')
    
    # Calculate average salary for female clients
    merged_df['avg_salary'] = merged_df.apply(lambda row: row['A2'] + row['A3'] + row['A4'] + row['A5'] + row['A6'] + row['A7'] + row['A8'] + row['A9'] + row['A10'] + row['A11'] + row['A12'] + row['A13'] + row['A14'] + row['A15'] + row['A16'], axis=1) / 16
    merged_df['is_female'] = merged_df['gender'] == 'F'
    
    # Filter female clients with average salary between 6000 and 10000
    filtered_df = merged_df[(merged_df['is_female'] == True) & (merged_df['avg_salary'] > 6000) & (merged_df['avg_salary'] < 10000)]
    
    # Count unique districts
    district_count = filtered_df['district_id'].nunique()
    
    return district_count
```",,1,"['client', 'district']","call_error: can only concatenate str (not ""int"") to str",,,,,,,
92,List out the no. of districts that have female average salary is more than 6000 but less than 10000?,1,2,"```python
import pandas as pd

def compute_districts(df_client, df_district):
    # Merge client and district data
    df_client_district = pd.merge(df_client, df_district, on='district_id')

    # Calculate average salary for female clients
    df_client_district['birth_date'] = pd.to_datetime(df_client_district['birth_date'])
    df_client_district['age'] = (pd.Timestamp('today') - df_client_district['birth_date']).dt.days / 365
    df_client_district['salary'] = df_client_district['age'] * 100

    df_avg_salary_female = df_client_district[df_client_district['gender'] == 'F'].groupby('district_id')['salary'].mean().reset_index()

    # Filter districts with average salary between 6000 and 10000
    result = df_avg_salary_female[(df_avg_salary_female['salary'] > 6000) & (df_avg_salary_female['salary'] < 10000)]

    # Return the count of districts
    return result.shape[0]
```",,1,"['client', 'district']",,77,False,False,semantic,77,[[69]],False
92,List out the no. of districts that have female average salary is more than 6000 but less than 10000?,1,3,"```python
import pandas as pd

def count_districts(client, district):
    # Merge client and district DataFrames based on district_id
    merged_df = pd.merge(client, district, on='district_id')

    # Convert birth_date to datetime and calculate age
    merged_df['birth_date'] = pd.to_datetime(merged_df['birth_date'])
    merged_df['age'] = (pd.Timestamp('today') - merged_df['birth_date']).dt.days // 365

    # Calculate average salary for each district
    district_avg_salary = merged_df.groupby('district_id')['age'].mean().reset_index()

    # Merge average salary with district DataFrame
    merged_avg_salary = pd.merge(district, district_avg_salary, on='district_id')

    # Filter districts with female average salary between 6000 and 10000
    filtered_districts = merged_avg_salary[(merged_avg_salary['gender'] == 'F') & 
                                             (merged_avg_salary['A2'] > 6000) & 
                                             (merged_avg_salary['A2'] < 10000)]

    # Return the number of districts
    return len(filtered_districts['district_id'].unique())

# Example usage:
# client = pd.DataFrame(...)  # assuming client DataFrame is loaded
# district = pd.DataFrame(...)  # assuming district DataFrame is loaded

# print(count_districts(client, district))
```",,2,"['client', 'district']",call_error: 'gender',,,,,,,
92,List out the no. of districts that have female average salary is more than 6000 but less than 10000?,1,4,"```python
import pandas as pd

def female_salary_districts(client, district):
    # Merge client and district tables based on client's district_id
    merged_df = pd.merge(client, district, left_on='district_id', right_on='district_id')
    
    # Calculate average salary for female clients
    merged_df['salary'] = merged_df['A2'] + merged_df['A3'] + merged_df['A4'] + merged_df['A5'] + merged_df['A6'] + merged_df['A7'] + merged_df['A8'] + merged_df['A9'] + merged_df['A10'] + merged_df['A11'] + merged_df['A12'] + merged_df['A13'] + merged_df['A14'] + merged_df['A15'] + merged_df['A16']
    female_avg_salary = merged_df[merged_df['gender'] == 'F']['salary'].mean()
    
    # Filter districts with average female salary between 6000 and 10000
    filtered_df = district[(district['A2'] + district['A3'] + district['A4'] + district['A5'] + district['A6'] + district['A7'] + district['A8'] + district['A9'] + district['A10'] + district['A11'] + district['A12'] + district['A13'] + district['A14'] + district['A15'] + district['A16']) > 6000] 
    filtered_df = filtered_df[(filtered_df['A2'] + filtered_df['A3'] + filtered_df['A4'] + filtered_df['A5'] + filtered_df['A6'] + filtered_df['A7'] + filtered_df['A8'] + filtered_df['A9'] + filtered_df['A10'] + filtered_df['A11'] + filtered_df['A12'] + filtered_df['A13'] + filtered_df['A14'] + filtered_df['A15'] + filtered_df['A16']) < 10000]
    
    # Count the number of districts
    count = filtered_df.shape[0]
    
    return count
```

```python
# Usage
female_salary_districts(client, district)
```
Please replace `client` and `district` with your actual DataFrames.",,1,"['client', 'district']","call_error: can only concatenate str (not ""int"") to str",,,,,,,
93,How many male customers who are living in North Bohemia have average salary greater than 8000?,1,0,"```python
import pandas as pd

def count_male_customers_in_north_bohemia(df_client, df_district):
    # Filter clients who are male
    male_clients = df_client[df_client['gender'] == 'male']
    
    # Filter clients living in North Bohemia
    north_bohemia_clients = male_clients[male_clients['district_id'].isin(df_district[df_district['A2'] > 0]['district_id'])]
    
    # Filter clients with average salary greater than 8000
    average_salary = df_client.groupby('district_id')['client_id'].count().rename('count').join(df_district.set_index('district_id'), on='district_id')
    north_bohemia_avg_salary = north_bohemia_clients.groupby('district_id')['client_id'].count().rename('count')
    avg_salary_greater_than_8000 = north_bohemia_avg_salary[north_bohemia_avg_salary.index.isin(average_salary[average_salary['count'] > 8000].index)]
    
    # Count the number of clients
    result = avg_salary_greater_than_8000['count'].sum()
    
    return result
```",,1,"['client', 'district']",call_error: '>' not supported between instances of 'str' and 'int',,,,,,,
93,How many male customers who are living in North Bohemia have average salary greater than 8000?,1,1,"```python
import pandas as pd

def compute_feature(df_client, df_district):
    # Filter clients who are male
    male_clients = df_client[df_client['gender'] == 'Male']

    # Filter clients from North Bohemia
    north_bohemia_districts = df_district[df_district['A2'] == 'North Bohemia']
    male_clients_district = male_clients.merge(north_bohemia_districts, left_on='district_id', right_on='district_id')

    # Filter clients with average salary greater than 8000
    average_salary = male_clients_district.groupby('client_id')['A2'].transform(lambda x: (x != 'North Bohemia').mean())
    male_clients_salary = male_clients_district[average_salary > 0.5]

    # Compute feature
    feature = male_clients_salary.groupby('client_id')['A2'].count().reset_index()
    feature.columns = ['client_id', 'count']

    return feature
```",,1,"['client', 'district', 'trans']",,"Empty DataFrame
Columns: [client_id, count]
Index: []",False,False,semantic,"Empty DataFrame
Columns: [client_id, count]
Index: []",[[280]],False
93,How many male customers who are living in North Bohemia have average salary greater than 8000?,1,2,"```python
import pandas as pd

def compute_feature(client_df, district_df):
    # Filter clients who are male
    male_clients = client_df[client_df['gender'] == 'male']

    # Filter districts in North Bohemia
    north_bohemia_districts = district_df[(district_df['A1'] == 'North Bohemia')]

    # Merge client and district data on district_id
    merged_data = pd.merge(male_clients, north_bohemia_districts, on='district_id')

    # Filter clients with average salary greater than 8000
    result = merged_data[merged_data['A2'] > 8000]

    return result.shape[0]
```

This function computes the feature by first filtering the male clients, then filtering the districts in North Bohemia, merging the data, and finally filtering the clients with average salary greater than 8000. The function returns the number of such clients.",,1,"['client', 'district']",call_error: 'A1',,,,,,,
93,How many male customers who are living in North Bohemia have average salary greater than 8000?,1,3,"```python
import pandas as pd

def count_male_customers(df_client, df_district):
    # Filter clients by gender
    male_clients = df_client[df_client['gender'] == 'male']
    
    # Filter districts by region (assuming A2 is a region identifier)
    north_bohemia_districts = df_district[df_district['A2'] == 'North Bohemia']
    
    # Merge client and district DataFrames
    merged_df = pd.merge(male_clients, north_bohemia_districts, left_on='district_id', right_on='district_id')
    
    # Calculate average salary
    merged_df['average_salary'] = merged_df['A8'] + merged_df['A9'] + merged_df['A10'] + merged_df['A11'] + merged_df['A12'] + merged_df['A13'] + merged_df['A14'] + merged_df['A15'] + merged_df['A16']
    
    # Filter clients by average salary
    filtered_df = merged_df[merged_df['average_salary'] > 8000]
    
    # Count the number of clients
    count = filtered_df.shape[0]
    
    return count
```

```python
# Example usage:
count = count_male_customers(df_client, df_district)
print(count)
```",,1,"['client', 'district']",,0,False,False,semantic,0,[[280]],False
93,How many male customers who are living in North Bohemia have average salary greater than 8000?,1,4,"```python
import pandas as pd

def count_male_customers_in_north_bohemia(df_client, df_district):
    # Filter clients who are male
    male_clients = df_client[df_client['gender'] == 'male']

    # Filter districts in North Bohemia
    north_bohemia_districts = df_district[df_district['A2'] > 0]

    # Merge client and district data on district_id
    merged_data = pd.merge(male_clients, north_bohemia_districts, on='district_id')

    # Filter clients who live in North Bohemia
    clients_in_north_bohemia = merged_data

    # Filter clients with average salary greater than 8000
    result = clients_in_north_bohemia[clients_in_north_bohemia['A8'] > 8000]

    # Return the count of such clients
    return result.shape[0]
```

```python
# Usage
count_male_customers_in_north_bohemia(df_client, df_district)
```

Note: This code assumes that the average salary is stored in column 'A8' of the 'district' DataFrame. If this is not the case, you need to adjust the code accordingly.",,1,"['client', 'district']",call_error: '>' not supported between instances of 'str' and 'int',,,,,,,
94,"List out the account numbers of female clients who are oldest and has lowest average salary, calculate the gap between this lowest average salary with the highest average salary?",3,0,"```python
import pandas as pd

def compute_feature(df_account, df_client, df_district):
    # Merge account and client data
    merged_data = pd.merge(df_account, df_client, on='account_id')

    # Merge with district data
    merged_data = pd.merge(merged_data, df_district, left_on='district_id', right_on='district_id')

    # Calculate average salary for each district
    merged_data['average_salary'] = merged_data[['A2', 'A3', 'A4', 'A5', 'A6', 'A7', 'A8', 'A9', 'A10', 'A11', 'A12', 'A13', 'A14', 'A15', 'A16']].mean(axis=1)

    # Filter female clients
    female_data = merged_data[merged_data['gender'] == 'F']

    # Find oldest female client
    oldest_client = female_data.loc[female_data['birth_date'].idxmin()]

    # Calculate average salary of oldest female client
    avg_salary_oldest = oldest_client['average_salary']

    # Find youngest female client
    youngest_client = female_data.loc[female_data['birth_date'].idxmax()]

    # Calculate average salary of youngest female client
    avg_salary_youngest = youngest_client['average_salary']

    # Calculate gap between lowest and highest average salary
    gap = avg_salary_youngest - avg_salary_oldest

    # Return account numbers of oldest female client and gap
    return oldest_client['account_id'], gap
```

```python
# Assuming the DataFrames are already loaded
account = pd.read_csv('account.csv')
client = pd.read_csv('client.csv')
district = pd.read_csv('district.csv')

# Compute feature
account_id, gap = compute_feature(account, client, district)

# Print result
print(f'Account ID: {account_id}')
print(f'Gap: {gap}')
```",,2,"['account', 'client', 'district']",call_error: 'account_id',,,,,,,
94,"List out the account numbers of female clients who are oldest and has lowest average salary, calculate the gap between this lowest average salary with the highest average salary?",3,1,"```python
import pandas as pd

def compute_feature(df_account, df_district, df_client, df_card):
    # Merge account and client data
    df_account_client = pd.merge(df_account, df_client, on='account_id')
    
    # Merge account-client and district data
    df_account_client_district = pd.merge(df_account_client, df_district, on='district_id')
    
    # Calculate average salary for each client
    df_account_client_district['average_salary'] = (df_account_client_district['A2'] + df_account_client_district['A3'] + df_account_client_district['A4'] + df_account_client_district['A5'] + df_account_client_district['A6'] + df_account_client_district['A7'] + df_account_client_district['A8'] + df_account_client_district['A9'] + df_account_client_district['A10'] + df_account_client_district['A11'] + df_account_client_district['A12'] + df_account_client_district['A13'] + df_account_client_district['A14'] + df_account_client_district['A15'] + df_account_client_district['A16']) / 16
    
    # Filter female clients
    df_female_clients = df_account_client_district[df_account_client_district['gender'] == 'F']
    
    # Find oldest female client
    oldest_female_client = df_female_clients.loc[df_female_clients['birth_date'].idxmin()]
    
    # Find lowest average salary
    lowest_average_salary = df_female_clients['average_salary'].min()
    
    # Find highest average salary
    highest_average_salary = df_account_client_district['average_salary'].max()
    
    # Calculate gap between lowest and highest average salary
    gap = highest_average_salary - lowest_average_salary
    
    # Return account numbers of oldest female client and gap
    return oldest_female_clients['account_id'].tolist(), gap

# Assuming the DataFrames are already loaded
account = pd.read_csv('account.csv')
district = pd.read_csv('district.csv')
client = pd.read_csv('client.csv')
card = pd.read_csv('card.csv')

# Call the function
account_numbers, gap = compute_feature(account, district, client, card)
print('Account numbers of oldest female client:', account_numbers)
print('Gap between lowest and highest average salary:', gap)
```",,2,"['account', 'card', 'client', 'district']",call_error: 'account_id',,,,,,,
94,"List out the account numbers of female clients who are oldest and has lowest average salary, calculate the gap between this lowest average salary with the highest average salary?",3,2,"```python
import pandas as pd

def compute_feature(df_account, df_client, df_district, df_card):
    # Merge account and client data
    df_account_client = pd.merge(df_account, df_client, on='account_id')
    
    # Merge account and district data
    df_account_district = pd.merge(df_account_client, df_district, on='district_id')
    
    # Calculate average salary for each account
    df_account_district['average_salary'] = (df_account_district['A2'] + df_account_district['A3'] + df_account_district['A4'] + df_account_district['A5'] + df_account_district['A6'] + df_account_district['A7'] + df_account_district['A8'] + df_account_district['A9'] + df_account_district['A10'] + df_account_district['A11'] + df_account_district['A12'] + df_account_district['A13'] + df_account_district['A14'] + df_account_district['A15'] + df_account_district['A16']) / 16
    
    # Filter female clients
    df_female_clients = df_account_district[df_account_district['gender'] == 'Female']
    
    # Find oldest female client
    oldest_female_client = df_female_clients.loc[df_female_clients['date'].idxmax()]
    
    # Find lowest average salary
    lowest_average_salary = df_female_clients['average_salary'].min()
    
    # Find highest average salary
    highest_average_salary = df_account_district['average_salary'].max()
    
    # Calculate gap between lowest and highest average salary
    gap = highest_average_salary - lowest_average_salary
    
    # Output account numbers of oldest and lowest average salary female clients
    print('Account numbers of oldest and lowest average salary female clients:')
    print(oldest_female_client['account_id'])
    
    # Output gap
    print('Gap between lowest and highest average salary:', gap)

# Call function
compute_feature(df_account, df_client, df_district, df_card)
```

This code assumes that the DataFrames are already loaded and available in the global scope. It merges the DataFrames, calculates the average salary, filters female clients, finds the oldest and lowest average salary female client, and calculates the gap between the lowest and highest average salary. The function then prints the account numbers of the oldest and lowest average salary female clients and the gap.",,2,"['account', 'card', 'client', 'district']",call_error: 'account_id',,,,,,,
94,"List out the account numbers of female clients who are oldest and has lowest average salary, calculate the gap between this lowest average salary with the highest average salary?",3,3,"```python
import pandas as pd

def compute_feature(df_account, df_district, df_client, df_disp):
    # Merge account and district to get average salary
    df_account_merged = pd.merge(df_account, df_district, on='district_id')
    
    # Calculate average salary
    df_account_merged['salary'] = (df_account_merged['A2'] + df_account_merged['A3'] + df_account_merged['A4'] + 
                                    df_account_merged['A5'] + df_account_merged['A6'] + df_account_merged['A7'] + 
                                    df_account_merged['A8'] + df_account_merged['A9'] + df_account_merged['A10'] + 
                                    df_account_merged['A11'] + df_account_merged['A12'] + df_account_merged['A13'] + 
                                    df_account_merged['A14'] + df_account_merged['A15'] + df_account_merged['A16']) / 16
    
    # Merge account and client
    df_account_client = pd.merge(df_account_merged, df_client, on='client_id')
    
    # Filter female clients
    df_female = df_account_client[df_account_client['gender'] == 'F']
    
    # Find oldest and youngest female clients
    df_female['age'] = (pd.to_datetime('today') - pd.to_datetime(df_female['birth_date'])).dt.days / 365
    oldest_female = df_female.loc[df_female['age'].idxmin()]
    youngest_female = df_female.loc[df_female['age'].idxmax()]
    
    # Calculate average salary of oldest and youngest female clients
    avg_salary_oldest = oldest_female['salary']
    avg_salary_youngest = youngest_female['salary']
    
    # Calculate gap between lowest and highest average salary
    gap = avg_salary_youngest - avg_salary_oldest
    
    # Output account numbers of oldest female client
    print(""Account numbers of oldest female client:"", oldest_female['account_id'].values)
    
    # Output gap
    print(""Gap between lowest and highest average salary:"", gap)

# Usage
compute_feature(df_account, df_district, df_client, df_disp)
```",,2,"['account', 'client', 'disp', 'district']",call_error: 'A2',,,,,,,
94,"List out the account numbers of female clients who are oldest and has lowest average salary, calculate the gap between this lowest average salary with the highest average salary?",3,4,"```python
import pandas as pd

def compute_lowest_average_salary():
    # Calculate average salary for each client
    client_avg_salary = pd.merge(client, district, on='district_id')
    client_avg_salary['salary'] = client_avg_salary[['A2', 'A3', 'A4', 'A5', 'A6', 'A7', 'A8', 'A9', 'A10', 'A11', 'A12', 'A13', 'A14', 'A15', 'A16']].mean(axis=1)
    client_avg_salary = client_avg_salary.groupby('client_id')['salary'].mean().reset_index()

    # Merge with account to get account numbers
    account_avg_salary = pd.merge(client_avg_salary, account, on='client_id')
    account_avg_salary = account_avg_salary.groupby('account_id')['salary'].mean().reset_index()

    # Find the account numbers of female clients who are oldest
    oldest_female_clients = client[(client['gender'] == 'F') & (client['birth_date'] == client['birth_date'].min())]
    oldest_female_clients_account = pd.merge(oldest_female_clients, account, on='client_id')

    # Calculate the gap between the lowest and highest average salary
    lowest_avg_salary = account_avg_salary.loc[account_avg_salary['salary'] == account_avg_salary['salary'].min()]['account_id'].values[0]
    highest_avg_salary = account_avg_salary.loc[account_avg_salary['salary'] == account_avg_salary['salary'].max()]['account_id'].values[0]
    salary_gap = account_avg_salary.loc[account_avg_salary['account_id'] == lowest_avg_salary, 'salary'].values[0] - account_avg_salary.loc[account_avg_salary['account_id'] == highest_avg_salary, 'salary'].values[0]

    # Return the account numbers and the salary gap
    return oldest_female_clients_account['account_id'].tolist(), salary_gap
```",,3,"['account', 'client', 'district']","call_error: can only concatenate str (not ""int"") to str",,,,,,,
95,List out the account numbers of clients who are youngest and have highest average salary?,3,0,"```python
import pandas as pd

def youngest_highest_avg_salary(accounts, clients, districts):
    # Merge account and client data
    merged = pd.merge(accounts, clients, left_on='account_id', right_on='client_id')
    
    # Calculate age
    merged['age'] = (pd.to_datetime('today') - merged['birth_date']).dt.days / 365
    
    # Merge account and district data
    merged = pd.merge(merged, districts, left_on='district_id', right_on='district_id')
    
    # Calculate average salary
    merged['average_salary'] = merged[['A2', 'A3', 'A4', 'A5', 'A6', 'A7', 'A8', 'A9', 'A10', 'A11', 'A12', 'A13', 'A14', 'A15', 'A16']].mean(axis=1)
    
    # Filter for youngest client
    youngest = merged[merged['age'] == merged['age'].min()]
    
    # Filter for client with highest average salary
    highest_avg_salary = youngest[youngest['average_salary'] == youngest['average_salary'].max()]
    
    # Return account numbers of youngest and highest average salary client
    return highest_avg_salary['account_id'].tolist()
```

```python
# Assuming the DataFrames are already loaded as 'accounts', 'clients', 'districts'
print(youngest_highest_avg_salary(accounts, clients, districts))
```",,2,"['account', 'client', 'district']",call_error: unsupported operand type(s) for -: 'Timestamp' and 'str',,,,,,,
95,List out the account numbers of clients who are youngest and have highest average salary?,3,1,"```python
import pandas as pd

def youngest_highest_avg_salary(df_client, df_account, df_district):
    # Calculate age
    df_client['age'] = (pd.to_datetime('today').to_pydatetime() - df_client['birth_date']).dt.days // 365
    
    # Calculate average salary
    df_district_avg_salary = df_district.pivot_table(index='district_id', values=['A2', 'A3', 'A4', 'A5', 'A6', 'A7', 'A8', 'A9', 'A10', 'A11', 'A12', 'A13', 'A14', 'A15', 'A16'], aggfunc='mean')
    
    # Merge client and account dataframes
    df_client_account = pd.merge(df_client, df_account, on='client_id')
    
    # Merge client-account and district average salary dataframes
    df_client_account_avg_salary = pd.merge(df_client_account, df_district_avg_salary, left_on='district_id', right_index=True)
    
    # Find youngest client with highest average salary
    youngest_highest_avg_salary = df_client_account_avg_salary.loc[df_client_account_avg_salary['age'].idxmin()][['account_id']]
    
    return youngest_highest_avg_salary
```",,2,"['account', 'client', 'district']",call_error: unsupported operand type(s) for -: 'Timestamp' and 'str',,,,,,,
95,List out the account numbers of clients who are youngest and have highest average salary?,3,2,"```python
import pandas as pd

def youngest_highest_salary(df_client, df_account, df_card, df_disp):
    # Merge client and account data
    df_client_account = pd.merge(df_client, df_account, on='client_id')
    
    # Merge with card data to get account type
    df_client_account_card = pd.merge(df_client_account, df_card, on='account_id')
    
    # Merge with disp data to get account type
    df_client_account_card_disp = pd.merge(df_client_account_card, df_disp, on='disp_id')
    
    # Calculate age
    df_client_account_card_disp['age'] = (pd.to_datetime('today') - df_client_account_card_disp['birth_date']).dt.days // 365
    
    # Calculate average salary
    df_client_account_card_disp['average_salary'] = df_card['type'].map({
        'credit': 10000,
        'debit': -5000
    })
    
    # Group by age and average salary, select the youngest and highest average salary
    df_youngest_highest_salary = df_client_account_card_disp.loc[(df_client_account_card_disp['age'] == df_client_account_card_disp['age'].min()) & 
                                                                   (df_client_account_card_disp['average_salary'] == df_client_account_card_disp['average_salary'].max())]
    
    # Return account numbers
    return df_youngest_highest_salary['account_id']
```

```python
# Example usage
account_numbers = youngest_highest_salary(df_client, df_account, df_card, df_disp)
print(account_numbers)
```",,3,"['account', 'card', 'client', 'disp']",call_error: 'client_id',,,,,,,
95,List out the account numbers of clients who are youngest and have highest average salary?,3,3,"```python
import pandas as pd

def youngest_highest_avg_salary(accounts, clients, districts):
    # Merge account and client tables
    merged = pd.merge(accounts, clients, on='account_id')

    # Calculate age
    merged['age'] = (pd.to_datetime('today') - merged['birth_date']).dt.days // 365

    # Calculate average salary (assuming A2 is salary)
    merged['avg_salary'] = merged['A2'] / merged['frequency']

    # Group by district and calculate average salary
    grouped = merged.groupby('district_id')['avg_salary'].mean().reset_index()

    # Merge with district table to get district names
    district_names = pd.merge(grouped, districts, on='district_id')
    district_names = district_names[['district_id', 'A2']].rename(columns={'A2': 'district_name'})

    # Merge with original merged table
    merged = pd.merge(merged, district_names, on='district_id')

    # Find youngest client with highest average salary
    youngest_highest_avg_salary = merged.loc[(merged['age'] == merged['age'].min()) & (merged['avg_salary'] == merged['avg_salary'].max())]

    # Return account numbers
    return youngest_highest_avg_salary['account_id'].tolist()
```",,3,"['account', 'client', 'district']",call_error: 'account_id',,,,,,,
95,List out the account numbers of clients who are youngest and have highest average salary?,3,4,"```python
import pandas as pd

def youngest_highest_avg_salary(df_account, df_client, df_district):
    # Merge account and client data
    merged_df = pd.merge(df_account, df_client, on='client_id')
    
    # Merge with district data
    merged_df = pd.merge(merged_df, df_district, on='district_id')
    
    # Calculate age
    merged_df['age'] = (pd.to_datetime('today') - merged_df['birth_date']).dt.days // 365
    
    # Calculate average salary
    merged_df['avg_salary'] = merged_df[['A2', 'A3', 'A4', 'A5', 'A6', 'A7', 'A8', 'A9', 'A10', 'A11', 'A12', 'A13', 'A14', 'A15', 'A16']].mean(axis=1)
    
    # Find the youngest client
    youngest_client = merged_df.loc[merged_df['age'].idxmin()]
    
    # Find the account number of the youngest client
    youngest_account_number = youngest_client['account_id']
    
    return youngest_account_number
```",,2,"['account', 'client', 'district']",call_error: 'client_id',,,,,,,
96,How many customers who choose statement of weekly issuance are Owner?,1,0,"```python
import pandas as pd

def count_statement_owner(df_account, df_disp):
    # Filter accounts with weekly frequency
    weekly_accounts = df_account[df_account['frequency'] == 'Weekly']
    
    # Merge with disp DataFrame to get type and client_id
    weekly_accounts_disp = pd.merge(weekly_accounts, df_disp, on='account_id')
    
    # Filter for statement of weekly issuance
    statement_weekly = weekly_accounts_disp[weekly_accounts_disp['type'] == 'Statement of weekly issuance']
    
    # Filter for Owner
    owners = statement_weekly[statement_weekly['client_id'] == 'Owner']
    
    # Return count of customers
    return len(owners)
```",,1,"['account', 'client', 'disp']",,0,False,False,semantic,0,[[240]],True
96,How many customers who choose statement of weekly issuance are Owner?,1,1,"```python
import pandas as pd

def weekly_statements_owners(df_account, df_disp):
    # Filter accounts with weekly frequency
    weekly_accounts = df_account[df_account['frequency'] == 'Weekly']
    
    # Filter disp table for weekly statements
    weekly_statements = df_disp[df_disp['type'] == 'Statement of weekly issuance']
    
    # Merge the two DataFrames on account_id
    merged_df = pd.merge(weekly_accounts, weekly_statements, on='account_id')
    
    # Group by district_id and count the number of owners
    owners_count = merged_df['district_id'].value_counts().to_frame('count')
    
    return owners_count
```",,1,"['account', 'disp', 'district']",,"Empty DataFrame
Columns: [count]
Index: []",False,False,semantic,"Empty DataFrame
Columns: [count]
Index: []",[[240]],True
96,How many customers who choose statement of weekly issuance are Owner?,1,2,"```python
import pandas as pd

def weekly_statement_owners(df_account, df_disp):
    # Filter accounts with weekly frequency
    weekly_accounts = df_account[df_account['frequency'] == 'WEEKLY']
    
    # Merge accounts with disp table to get account owner information
    merged_accounts = pd.merge(weekly_accounts, df_disp, on='account_id')
    
    # Filter owners who have a statement of weekly issuance
    owners = merged_accounts[merged_accounts['type'] == 'STMT']
    
    # Count the number of owners
    count = owners['client_id'].nunique()
    
    return count
```

You can use this function by calling it with your DataFrames:

```python
count = weekly_statement_owners(df_account, df_disp)
print(count)
```",,1,"['account', 'client', 'disp']",,0,False,False,semantic,0,[[240]],True
96,How many customers who choose statement of weekly issuance are Owner?,1,3,"```python
import pandas as pd

def weekly_statement_owners(df_account, df_disp):
    # Merge account and disp DataFrames
    merged_df = pd.merge(df_account, df_disp, on='account_id')

    # Filter for weekly statements
    weekly_statements = merged_df[merged_df['type'] == 'Weekly']

    # Filter for owner
    owners = weekly_statements[weekly_statements['frequency'] == 'Owner']

    # Return count of customers who choose statement of weekly issuance are Owner
    return owners['client_id'].nunique()
```",,1,"['account', 'client', 'disp']",,0,False,False,semantic,0,[[240]],True
96,How many customers who choose statement of weekly issuance are Owner?,1,4,"```python
import pandas as pd

def count_weekly_statement_owners(df_account, df_disp):
    # Merge account and disp DataFrames
    merged_df = pd.merge(df_account, df_disp, on='account_id')
    
    # Filter by statement of weekly issuance and Owner
    weekly_statements = merged_df[(merged_df['type'] == 'statement') & (merged_df['frequency'] == 'Weekly')]
    owners = merged_df[merged_df['type'] == 'Owner']
    
    # Compute the number of customers who choose statement of weekly issuance are Owner
    result = (weekly_statements.merge(owners, on='client_id', how='inner', suffixes=('_weekly', '_owner')).shape[0])
    
    return result
```",,2,"['account', 'client', 'disp']",,0,False,True,semantic,0,[[240]],True
97,List out the id number of client who choose statement of issuance after transaction are Disponent?,1,0,"```python
import pandas as pd

def client_disponent(df_disp):
    # Filter transactions where type is 'Disponent'
    disponent_txns = df_disp[df_disp['type'] == 'Disponent']

    # Filter accounts where there are disponent transactions
    accounts_disponent = df_disp[df_disp['account_id'].isin(disponent_txns['account_id'])]

    # Filter clients where there are accounts with disponent transactions
    clients_disponent = accounts_disponent['client_id'].unique()

    return clients_disponent

# Usage
df_disp = pd.DataFrame({
    'disp_id': [1, 2, 3, 4, 5],
    'client_id': [10, 20, 30, 40, 50],
    'account_id': [100, 200, 300, 100, 200],
    'type': ['Disponent', 'Disponent', 'Normal', 'Disponent', 'Normal']
})

clients_disponent = client_disponent(df_disp)
print(clients_disponent)
```",,0,"['account', 'client', 'disp', 'trans']",,[],True,False,,,,
97,List out the id number of client who choose statement of issuance after transaction are Disponent?,1,1,"```python
import pandas as pd

def compute_feature(df_disps, df_account):
    # Filter accounts where frequency is 'After transaction'
    after_transactions = df_account[df_account['frequency'] == 'After transaction']
    
    # Merge with disp DataFrame to filter on 'Disponent' type
    disponent_after_transactions = pd.merge(after_transactions, df_disps, on='account_id')
    disponent_after_transactions = disponent_after_transactions[disponent_after_transactions['type'] == 'Disponent']
    
    # Return unique client ids
    return disponent_after_transactions['client_id'].unique()
```",,1,"['account', 'client', 'disp', 'trans']",,[],False,False,semantic,[],"[[159], [384], [1261], [1706], [2304]]",True
97,List out the id number of client who choose statement of issuance after transaction are Disponent?,1,2,"```python
import pandas as pd

def compute_feature(df_account, df_disp):
    # Filter the accounts with frequency 'Disponent'
    disponent_accounts = df_account[df_account['frequency'] == 'Disponent']

    # Merge the accounts with the disp table
    merged_df = pd.merge(disponent_accounts, df_disp, on='account_id')

    # Filter the transactions where type is 'Statement of Issuance after transaction'
    statement_transactions = merged_df[merged_df['type'] == 'Statement of Issuance after transaction']

    # Return the client_id of the transactions
    return statement_transactions['client_id'].unique()
```",,1,"['account', 'client', 'disp', 'trans']",,[],False,False,semantic,[],"[[159], [384], [1261], [1706], [2304]]",True
97,List out the id number of client who choose statement of issuance after transaction are Disponent?,1,3,"```python
import pandas as pd

def compute_feature(df_account, df_disp):
    # Merge the two DataFrames based on account_id
    merged_df = pd.merge(df_account, df_disp, on='account_id', how='inner')

    # Filter the rows where type is 'Disponent' and frequency is not 'Monthly'
    filtered_df = merged_df[(merged_df['type'] == 'Disponent') & (merged_df['frequency'] != 'Monthly')]

    # Group by client_id and count the number of rows for each client_id
    grouped_df = filtered_df.groupby('client_id').size().reset_index()

    # Rename the column to 'statement_of_issuance_after_transaction_are_disponent'
    grouped_df = grouped_df.rename(columns={0: 'statement_of_issuance_after_transaction_are_disponent'})

    # Return the DataFrame with the computed feature
    return grouped_df
```",,1,"['account', 'client', 'disp', 'trans']",,"Empty DataFrame
Columns: [client_id, statement_of_issuance_after_transaction_are_disponent]
Index: []",False,False,semantic,"Empty DataFrame
Columns: [client_id, statement_of_issuance_after_transaction_are_disponent]
Index: []","[[159], [384], [1261], [1706], [2304]]",True
97,List out the id number of client who choose statement of issuance after transaction are Disponent?,1,4,"```python
import pandas as pd

def client_disponent(df_disp, df_account):
    # Filter transactions after issuance
    after_issuance = df_account[df_account['frequency'] == 'A']
    
    # Merge with disp table to get client_id
    merged = pd.merge(after_issuance, df_disp, on='account_id')
    
    # Filter for Disponent transactions
    disponent = merged[merged['type'] == 'Disponent']
    
    # Return client_ids of clients who have Disponent transactions after issuance
    return disponent['client_id'].unique()
```",,1,"['account', 'client', 'disp', 'trans']",,[],False,False,semantic,[],"[[159], [384], [1261], [1706], [2304]]",True
98,"Among the accounts who have approved loan date in 1997, list out the accounts that have the lowest approved amount and choose weekly issuance statement.",1,0,"```python
import pandas as pd

def lowest_approved_amount_weekly_statements(loan, account):
    # Filter loans approved in 1997
    approved_loans_1997 = loan[loan['date'].str[:4] == '1997']

    # Filter accounts with approved loans
    accounts_with_loans = account[account['account_id'].isin(approved_loans_1997['loan_id'])]

    # Filter accounts with lowest approved amount and weekly statements
    lowest_amount_accounts = accounts_with_loans[
        accounts_with_loans['account_id'].isin(
            approved_loans_1997.groupby('loan_id')['amount'].idxmin()
        )
    ][
        accounts_with_loans['frequency'] == 'Weekly'
    ]

    return lowest_amount_accounts
```",,0,"['account', 'loan']","call_error: Can only use .str accessor with string values, not datetime64",,,,,,,
98,"Among the accounts who have approved loan date in 1997, list out the accounts that have the lowest approved amount and choose weekly issuance statement.",1,1,"```python
import pandas as pd

def compute_feature(loan, account):
    # Filter approved loans in 1997
    approved_loans = loan[loan['status'] == 'approved'][loan['date'].str.contains('1997')]
    
    # Filter accounts with weekly issuance statement
    weekly_accounts = account[account['frequency'] == 'weekly']
    
    # Merge approved loans with accounts
    merged = pd.merge(approved_loans, weekly_accounts, left_on='account_id', right_on='account_id', how='inner')
    
    # Group by account_id and get the minimum approved amount
    min_amount = merged.groupby('account_id')['amount'].min().reset_index()
    
    # Return the result
    return min_amount
```",,1,"['account', 'loan']","call_error: Can only use .str accessor with string values, not datetime64",,,,,,,
98,"Among the accounts who have approved loan date in 1997, list out the accounts that have the lowest approved amount and choose weekly issuance statement.",1,2,"```python
import pandas as pd

def compute_feature(df_loan, df_account):
    # Filter loans approved in 1997
    approved_loans = df_loan[df_loan['date'].str.startswith('1997')]

    # Filter accounts with weekly issuance statement
    weekly_accounts = df_account[df_account['frequency'] == 'Weekly']

    # Merge loans and accounts on account_id
    merged_df = pd.merge(approved_loans, weekly_accounts, on='account_id')

    # Group by account_id and get the minimum approved amount
    min_amount_df = merged_df.groupby('account_id')['amount'].min().reset_index()

    # Get the account_id with the lowest approved amount
    lowest_amount_account_id = min_amount_df.loc[min_amount_df['amount'].idxmin()]['account_id']

    # Filter accounts with the lowest approved amount
    lowest_amount_accounts = df_account[df_account['account_id'] == lowest_amount_account_id]

    return lowest_amount_accounts
```

```python
# Example usage
lowest_amount_accounts = compute_feature(df_loan, df_account)
print(lowest_amount_accounts)
```

```python
# Example usage with print
def compute_feature(df_loan, df_account):
    # Filter loans approved in 1997
    approved_loans = df_loan[df_loan['date'].str.startswith('1997')]

    # Filter accounts with weekly issuance statement
    weekly_accounts = df_account[df_account['frequency'] == 'Weekly']

    # Merge loans and accounts on account_id
    merged_df = pd.merge(approved_loans, weekly_accounts, on='account_id')

    # Group by account_id and get the minimum approved amount
    min_amount_df = merged_df.groupby('account_id')['amount'].min().reset_index()

    # Get the account_id with the lowest approved amount
    lowest_amount_account_id = min_amount_df.loc[min_amount_df['amount'].idxmin()]['account_id']

    # Filter accounts with the lowest approved amount
    lowest_amount_accounts = df_account[df_account['account_id'] == lowest_amount_account_id]

    print(lowest_amount_accounts)
    return lowest_amount_accounts

compute_feature(df_loan, df_account)
```",,1,"['account', 'loan']","call_error: Can only use .str accessor with string values, not datetime64",,,,,,,
98,"Among the accounts who have approved loan date in 1997, list out the accounts that have the lowest approved amount and choose weekly issuance statement.",1,3,"```python
import pandas as pd

def lowest_approved_amount_weekly_statement(df_loan, df_account):
    # Filter approved loans in 1997
    approved_loans_1997 = df_loan[df_loan['status'] == 'Approved' & df_loan['date'].str.startswith('1997')]
    
    # Filter accounts with approved loans in 1997
    accounts_with_approved_loans = df_account[df_account['account_id'].isin(approved_loans_1997['loan_id'])]
    
    # Filter accounts with lowest approved amount and weekly issuance statement
    lowest_approved_amount_accounts = accounts_with_approved_loans[
        accounts_with_approved_loans['amount'].eq(approved_loans_1997['amount'].min())
    ][
        accounts_with_approved_loans['frequency'] == 'Weekly'
    ]
    
    return lowest_approved_amount_accounts
```

```python
# Example usage:
lowest_approved_amount_accounts = lowest_approved_amount_weekly_statement(df_loan, df_account)
print(lowest_approved_amount_accounts)
```",,0,"['account', 'loan']","call_error: Can only use .str accessor with string values, not datetime64",,,,,,,
98,"Among the accounts who have approved loan date in 1997, list out the accounts that have the lowest approved amount and choose weekly issuance statement.",1,4,"```python
import pandas as pd

def compute_feature(df_loan, df_account):
    # Filter approved loans in 1997
    approved_loans_1997 = df_loan[df_loan['date'].str.startswith('1997') & (df_loan['status'] == 'Approved')]
    
    # Merge approved loans with accounts
    merged_df = pd.merge(approved_loans_1997, df_account, on='account_id')
    
    # Filter accounts with weekly issuance statement
    weekly_statements = merged_df[merged_df['frequency'] == 'Weekly']
    
    # Find the account with the lowest approved amount
    min_amount_account = weekly_statements.loc[weekly_statements['amount'].idxmin()]
    
    return min_amount_account
```

```python
# Example usage:
df_loan = pd.DataFrame({
    'loan_id': [1, 2, 3],
    'account_id': [101, 102, 103],
    'date': ['1997-01-01', '1998-01-01', '1997-01-01'],
    'amount': [1000, 2000, 3000],
    'duration': [6, 12, 24],
    'payments': [12, 24, 48],
    'status': ['Approved', 'Declined', 'Approved']
})

df_account = pd.DataFrame({
    'account_id': [101, 102, 103],
    'district_id': [1, 2, 3],
    'frequency': ['Weekly', 'Monthly', 'Weekly'],
    'date': ['1997-01-01', '1998-01-01', '1997-01-01']
})

result = compute_feature(df_loan, df_account)
print(result)
```",,1,"['account', 'loan']","call_error: Can only use .str accessor with string values, not datetime64",,,,,,,
99,"Among the accounts who have loan validity more than 12 months, list out the accounts that have the highest approved amount and have account opening date in 1993.",1,0,"```python
import pandas as pd

def get_highest_approved_amount_accounts(df_loan, df_account):
    # Filter loans with validity more than 12 months
    valid_loans = df_loan[df_loan['duration'] > 12]

    # Filter accounts with loan validity more than 12 months and approved amount
    approved_amounts = valid_loans[['account_id', 'amount']].drop_duplicates()

    # Merge approved amounts with accounts
    accounts_with_amounts = pd.merge(df_account, approved_amounts, on='account_id')

    # Filter accounts with account opening date in 1993
    accounts_in_1993 = accounts_with_amounts[accounts_with_amounts['date'] == '1993']

    # Group by account id and get the maximum approved amount
    max_approved_amounts = accounts_in_1993.groupby('account_id')['amount'].max().reset_index()

    # Merge max approved amounts with accounts
    result = pd.merge(accounts_in_1993, max_approved_amounts, on='account_id')

    # Filter accounts with the highest approved amount
    highest_approved_amount_accounts = result[result['amount_x'] == result['amount_y']]

    return highest_approved_amount_accounts
```",,2,"['account', 'loan']",call_error: 'date',,,,,,,
99,"Among the accounts who have loan validity more than 12 months, list out the accounts that have the highest approved amount and have account opening date in 1993.",1,1,"```python
import pandas as pd

def get_highest_approved_amount_accounts(loan, account):
    # Filter loans with validity more than 12 months
    loan_validity = loan[loan['duration'] > 12]
    
    # Filter loans with approved status
    approved_loans = loan_validity[loan_validity['status'] == 'Approved']
    
    # Merge account and approved loans on account_id
    merged_data = pd.merge(approved_loans, account, on='account_id')
    
    # Filter accounts opened in 1993
    filtered_data = merged_data[merged_data['date_x'] == '1993']
    
    # Group by account_id and get the maximum amount
    max_amount_data = filtered_data.groupby('account_id')['amount'].max().reset_index()
    
    # Merge max amount data with original account data
    result = pd.merge(max_amount_data, account, on='account_id')
    
    return result
```

You can call this function with your DataFrames like this:

```python
result = get_highest_approved_amount_accounts(loan, account)
print(result)
```",,2,"['account', 'loan']",call_error: 'date_x',,,,,,,
99,"Among the accounts who have loan validity more than 12 months, list out the accounts that have the highest approved amount and have account opening date in 1993.",1,2,"```python
import pandas as pd

def compute_feature(df_loan, df_account):
    # Filter loans with validity more than 12 months
    valid_loans = df_loan[df_loan['date'] - df_loan['date'].shift() > pd.Timedelta(days=365*12)]

    # Filter valid loans with approved amount
    max_approved_amount = valid_loans['amount'].max()
    approved_loans = valid_loans[valid_loans['amount'] == max_approved_amount]

    # Filter approved loans with account opening date in 1993
    max_approved_accounts = approved_loans.merge(df_account, left_on='account_id', right_on='account_id')
    max_approved_accounts = max_approved_accounts[max_approved_accounts['date'].dt.year == 1993]

    return max_approved_accounts[['account_id']]
```

```python
# Example usage
print(compute_feature(df_loan, df_account))
```

Note: This code assumes that the `date` column in the `loan` DataFrame is of datetime type. If not, you might need to convert it first. Also, the `account` DataFrame should have the `date` column of datetime type as well.",,1,"['account', 'loan']",,"Empty DataFrame
Columns: [account_id]
Index: []",False,False,rerun_error: call_error: unsupported operand type(s) for -: 'str' and 'str',,,False
99,"Among the accounts who have loan validity more than 12 months, list out the accounts that have the highest approved amount and have account opening date in 1993.",1,3,"```python
import pandas as pd

def compute_feature(loan_df, account_df):
    # Filter loan_df to get loans with validity more than 12 months
    valid_loans = loan_df[(loan_df['date'] - loan_df['date'].shift(1)) > pd.DateOffset(years=1)].copy()
    
    # Filter valid_loans to get loans with status 'approved'
    approved_loans = valid_loans[valid_loans['status'] == 'approved'].copy()
    
    # Filter approved_loans to get loans with duration more than 12 months
    long_approved_loans = approved_loans[(approved_loans['date'] - approved_loans['date'].min()) > pd.DateOffset(months=12)].copy()
    
    # Filter long_approved_loans to get accounts with account opening date in 1993
    target_accounts = long_approved_loans.merge(account_df, left_on='account_id', right_on='account_id', how='inner')
    target_accounts = target_accounts[target_accounts['date'].dt.year == 1993].copy()
    
    # Group by account_id and get the maximum approved amount
    max_approved_amount = target_accounts.groupby('account_id')['amount'].max().reset_index()
    
    # Merge max_approved_amount with target_accounts to get the desired output
    output = target_accounts.merge(max_approved_amount, left_on='account_id', right_on='account_id', how='inner')
    
    return output[['account_id', 'amount']]
```",,2,"['account', 'loan']",call_error: Invalid comparison between dtype=timedelta64[us] and DateOffset,,,,,,,
99,"Among the accounts who have loan validity more than 12 months, list out the accounts that have the highest approved amount and have account opening date in 1993.",1,4,"```python
import pandas as pd

def highest_approved_amount_1993(df_loan, df_account):
    # Filter loans with validity more than 12 months
    valid_loans = df_loan[df_loan['duration'] > 12]

    # Filter accounts with loan validity more than 12 months and account opening date in 1993
    filtered_accounts = df_account.merge(valid_loans[['amount', 'account_id']], on='account_id')

    # Group by account_id and get the maximum approved amount
    max_amount = filtered_accounts.groupby('account_id')['amount'].max().reset_index()

    # Merge the maximum approved amount with the original account DataFrame
    result = df_account.merge(max_amount, on='account_id', how='inner')

    # Filter the result to get accounts with the highest approved amount and account opening date in 1993
    result = result[result['amount_x'] == result['amount_y']]

    # Return the result
    return result[['account_id', 'date_x']]
```

```python
# Example usage:
result = highest_approved_amount_1993(df_loan, df_account)
print(result)
```",,2,"['account', 'loan']",call_error: 'amount_x',,,,,,,
100,"Among the account opened, how many female customers who were born before 1950 and stayed in Sokolov?",1,0,"```python
import pandas as pd

def compute_feature(df_client, df_district):
    # Filter clients born before 1950
    df_client_birth_before_1950 = df_client[df_client['birth_date'].dt.year < 1950]
    
    # Filter female clients
    df_female_clients = df_client_birth_before_1950[df_client_birth_before_1950['gender'] == 'F']
    
    # Filter clients staying in Sokolov district
    df_sokolov_female_clients = df_female_clients[df_female_clients['district_id'] == 'Sokolov']
    
    # Count the number of account opened
    count = (df_sokolov_female_clients['client_id'].value_counts().shape[0])
    
    return count
```",,0,"['account', 'client', 'district']",call_error: Can only use .dt accessor with datetimelike values,,,,,,,
100,"Among the account opened, how many female customers who were born before 1950 and stayed in Sokolov?",1,1,"```python
import pandas as pd

def count_female_customers_before_1950(df_client, df_district):
    # Filter the clients DataFrame to get female customers born before 1950
    female_customers_before_1950 = df_client[(df_client['gender'] == 'female') & 
                                              (df_client['birth_date'].dt.year < 1950)]

    # Filter the district DataFrame to get Sokolov district
    sokolov_district = df_district[df_district['A2'] == 'Sokolov']

    # Merge the two DataFrames on district_id
    merged_df = pd.merge(female_customers_before_1950, sokolov_district, on='district_id')

    # Count the number of unique clients
    count = merged_df['client_id'].nunique()

    return count
```",,1,"['client', 'district']",call_error: Can only use .dt accessor with datetimelike values,,,,,,,
100,"Among the account opened, how many female customers who were born before 1950 and stayed in Sokolov?",1,2,"```python
import pandas as pd

def compute_feature(df_client, df_district):
    # Filter clients born before 1950
    female_clients_before_1950 = df_client[df_client['birth_date'] < '1950-01-01']
    
    # Filter clients staying in Sokolov
    sokolov_district_id = df_district[df_district['A2'] == 'Sokolov']['district_id'].iloc[0]
    female_clients_before_1950_in_sokolov = female_clients_before_1950[female_clients_before_1950['district_id'] == sokolov_district_id]
    
    # Count the number of accounts opened
    num_accounts_opened = (female_clients_before_1950_in_sokolov['client_id'].nunique())
    
    return num_accounts_opened
```

```python
import pandas as pd

# Assuming df_client and df_district are loaded DataFrames
num_accounts_opened = compute_feature(df_client, df_district)
print(num_accounts_opened)
```",,0,"['account', 'client', 'district']",,19,True,False,,,,
100,"Among the account opened, how many female customers who were born before 1950 and stayed in Sokolov?",1,3,"```python
import pandas as pd

def count_female_customers(df_client, df_district):
    # Filter clients born before 1950
    female_customers = df_client[(df_client['birth_date'] < '1950-01-01') & (df_client['gender'] == 'F')]

    # Filter clients staying in Sokolov
    sokolov_customers = female_customers[female_customers['district_id'] == df_district[df_district['A2'] == 'Sokolov'].iloc[0]['district_id']]

    # Count the number of accounts opened by these customers
    count = sokolov_customers['client_id'].nunique()

    return count
```

```python
# Assuming df_client and df_district are already loaded DataFrames
count = count_female_customers(df_client, df_district)
print(count)
```",,0,"['account', 'client', 'district']",,8,True,False,,,,
100,"Among the account opened, how many female customers who were born before 1950 and stayed in Sokolov?",1,4,"```python
import pandas as pd

def count_female_customers_before_1950_in_sokolov(df_client, df_district):
    # Filter clients born before 1950
    female_clients_before_1950 = df_client[(df_client['birth_date'] < '1950-01-01') & (df_client['gender'] == 'Female')]

    # Filter clients staying in Sokolov
    sokolov_district_id = df_district[df_district['A2'] == 'Sokolov']['district_id'].unique()[0]
    female_clients_before_1950_in_sokolov = female_clients_before_1950[female_clients_before_1950['district_id'] == sokolov_district_id]

    # Count the number of accounts opened by these customers
    count = (female_clients_before_1950_in_sokolov.merge(df_client, left_on='client_id', right_on='client_id', how='inner')
              ['client_id_x']
              .value_counts()
              .sum())

    return count
```",,1,"['account', 'client', 'district']",call_error: 'client_id_x',,,,,,,
101,List out the accounts who have the earliest trading date in 1995 ?,0,0,"```python
import pandas as pd

def earliest_trading_1995(df):
    earliest_trading_accounts = df[(df['date'].dt.year == 1995) & (df['date'].dt.month == 1)]
    earliest_trading_accounts = earliest_trading_accounts.drop_duplicates('account_id')
    return earliest_trading_accounts['account_id'].tolist()
```

```python
# Example usage:
# Assuming df is the DataFrame loaded from the database
earliest_trading_accounts = earliest_trading_1995(df)
print(earliest_trading_accounts)
```

```python
# Example usage with pandas DataFrames loaded from the database
trans_df = pd.DataFrame({
    'trans_id': [1, 2, 3],
    'account_id': [101, 102, 103],
    'date': ['1995-01-01', '1995-06-01', '1995-12-01'],
    'type': ['type1', 'type2', 'type3'],
    'operation': ['op1', 'op2', 'op3'],
    'amount': [100, 200, 300],
    'balance': [1000, 2000, 3000],
    'k_symbol': ['ks1', 'ks2', 'ks3'],
    'bank': ['bank1', 'bank2', 'bank3'],
    'account': ['acc1', 'acc2', 'acc3']
})

earliest_trading_accounts = earliest_trading_1995(trans_df)
print(earliest_trading_accounts)
```",,0,['account'],call_error: 'date',,,,,,,
101,List out the accounts who have the earliest trading date in 1995 ?,0,1,"```python
import pandas as pd

def earliest_trading_date_1995(trans_df):
    earliest_date = trans_df[trans_df['date'].str.contains('1995')]['date'].min()
    earliest_trading_accounts = trans_df[trans_df['date'].str.contains('1995')][trans_df['date'].str.contains(earliest_date)]['account_id'].unique()
    return earliest_trading_accounts

# assuming trans_df is the DataFrame with the transaction data
earliest_trading_accounts = earliest_trading_date_1995(trans_df)
print(earliest_trading_accounts)
```",,0,"['account', 'trans']",,"[    9    35    36    40    50    66    71    83    90   104   107   112
   119   123   126   128   153   160   163   168   201   220   222   234
   237   238   244   245   266   280   300   317   321",False,False,semantic,"[    9    35    36    40    50    66    71    83    90   104   107   112
   119   123   126   128   153   160   163   168   201   220   222   234
   237   238   244   245   266   280   300   317   321",[[9]],False
101,List out the accounts who have the earliest trading date in 1995 ?,0,2,"```python
import pandas as pd

def earliest_trading_date_1995(df):
    earliest_date = df[df['date'].str.contains('1995')].groupby('account_id')['date'].min().reset_index()
    earliest_date.columns = ['account_id', 'earliest_trading_date_1995']
    return pd.merge(df, earliest_date, on='account_id', how='left')
```

```python
# Example usage:
df = pd.DataFrame({
    'trans_id': [1, 2, 3, 4, 5],
    'account_id': [101, 102, 101, 103, 102],
    'date': ['1995-01-01', '1996-01-01', '1995-06-01', '1995-03-01', '1996-07-01'],
    'type': ['deposit', 'withdrawal', 'deposit', 'withdrawal', 'deposit']
})

result = earliest_trading_date_1995(df)
print(result)
```",,1,['account'],call_error: 'date',,,,,,,
101,List out the accounts who have the earliest trading date in 1995 ?,0,3,"```python
import pandas as pd

def earliest_trading_date_1995(trans):
    # Filter transactions in 1995
    trans_1995 = trans[trans['date'].str.contains('1995')]
    
    # Extract year and month from date
    trans_1995['year'] = trans_1995['date'].str[:4]
    trans_1995['month'] = trans_1995['date'].str[5:7]
    
    # Convert month to integer
    trans_1995['month'] = trans_1995['month'].astype(int)
    
    # Find the earliest trading date in 1995
    earliest_date = trans_1995.loc[trans_1995['date'].str.contains('1995-01').idxmax()]['account_id']
    
    # Group by account and find the earliest date for each account
    earliest_account_dates = trans_1995.loc[trans_1995.groupby('account_id')['date'].idxmin()]
    
    # Filter accounts with earliest trading date in 1995
    earliest_account_ids = earliest_account_dates['account_id'].unique()
    
    return earliest_account_ids
```

```python
# Usage
earliest_account_ids = earliest_trading_date_1995(trans)
print(earliest_account_ids)
```",,0,"['account', 'trans']",,[    1     2     6 ... 11359 11362 11382],False,False,semantic,[    1     2     6 ... 11359 11362 11382],[[9]],False
101,List out the accounts who have the earliest trading date in 1995 ?,0,4,"```python
import pandas as pd

def earliest_trading_date_1995(trans_df):
    earliest_date = trans_df[trans_df['date'].str.contains('1995')]['date'].min()
    earliest_trading_accounts = trans_df[trans_df['date'].str.contains('1995')][trans_df['date'].str.contains(earliest_date)]['account_id'].unique()
    return earliest_trading_accounts

# Example usage:
# trans_df = pd.DataFrame(...)  # Load your DataFrame here
earliest_trading_accounts = earliest_trading_date_1995(trans_df)
print(earliest_trading_accounts)
```

```python
import pandas as pd

def earliest_trading_date_1995(trans_df):
    earliest_date = trans_df[trans_df['date'].str.contains('1995')]['date'].min()
    earliest_trading_accounts = trans_df[(trans_df['date'].str.contains('1995')) & (trans_df['date'] == earliest_date)]['account_id'].unique()
    return earliest_trading_accounts

# Example usage:
# trans_df = pd.DataFrame(...)  # Load your DataFrame here
earliest_trading_accounts = earliest_trading_date_1995(trans_df)
print(earliest_trading_accounts)
```",,0,"['account', 'trans']",,"[    9    35    36    40    50    66    71    83    90   104   107   112
   119   123   126   128   153   160   163   168   201   220   222   234
   237   238   244   245   266   280   300   317   321",False,False,semantic,"[    9    35    36    40    50    66    71    83    90   104   107   112
   119   123   126   128   153   160   163   168   201   220   222   234
   237   238   244   245   266   280   300   317   321",[[9]],False
102,State different accounts who have account opening date before 1997 and own an amount of money greater than 3000USD,1,0,"```python
import pandas as pd

def compute_feature(df_trans, df_account):
    # Filter accounts that have account opening date before 1997
    filtered_accounts = df_account[df_account['date'] < '1997-01-01']
    
    # Merge the filtered accounts with transactions to get the balance
    merged_data = pd.merge(filtered_accounts, df_trans, on='account_id', how='inner')
    
    # Filter accounts that have an amount of money greater than 3000USD
    result = merged_data[merged_data['amount'] > 3000]
    
    # Return the account_id as the feature
    return result['account_id'].unique()
```

```python
import pandas as pd

def compute_feature(df_trans, df_account):
    # Filter accounts that have account opening date before 1997
    filtered_accounts = df_account[df_account['date'] < '1997-01-01']
    
    # Merge the filtered accounts with transactions to get the balance
    merged_data = pd.merge(filtered_accounts, df_trans, on='account_id', how='inner')
    
    # Filter accounts that have an amount of money greater than 3000USD
    result = merged_data[merged_data['amount'] > 3000]
    
    # Return the account_id as the feature
    return result
```

```python
import pandas as pd

def compute_feature(df_trans, df_account):
    # Filter accounts that have account opening date before 1997
    filtered_accounts = df_account[df_account['date'] < '1997-01-01']
    
    # Merge the filtered accounts with transactions to get the balance
    merged_data = pd.merge(filtered_accounts, df_trans, on='account_id', how='inner')
    
    # Filter accounts that have an amount of money greater than 3000USD
    result = merged_data[merged_data['amount'] > 3000]
    
    # Return the account_id as the feature
    return result[['account_id']]
```",,1,"['account', 'trans']",call_error: 'date',,,,,,,
102,State different accounts who have account opening date before 1997 and own an amount of money greater than 3000USD,1,1,"```python
import pandas as pd

def get_accounts_meeting_criteria(trans, account):
    # Filter transactions where amount is greater than 3000
    filtered_transactions = trans[trans['amount'] > 3000]
    
    # Merge transactions with accounts on account_id
    merged_data = pd.merge(filtered_transactions, account, on='account_id')
    
    # Filter accounts where account opening date is before 1997
    result = merged_data[merged_data['date_x'] < '1997-01-01']
    
    # Return account_id of accounts meeting the criteria
    return result['account_id'].unique()
```",,1,"['account', 'trans']",call_error: 'date_x',,,,,,,
102,State different accounts who have account opening date before 1997 and own an amount of money greater than 3000USD,1,2,"```python
import pandas as pd

def get_accounts_before_1997_with_large_balance(trans_df, account_df):
    # Merge the two DataFrames based on account_id
    merged_df = pd.merge(trans_df, account_df, on='account_id', how='inner')
    
    # Filter accounts with account opening date before 1997
    filtered_df = merged_df[merged_df['date_x'] < '1997-01-01']
    
    # Filter accounts with balance greater than 3000USD
    filtered_df = filtered_df[filtered_df['balance'] > 3000]
    
    # Return unique account_ids
    return filtered_df['account_id'].unique()
```

You can use this function like this:

```python
trans_df = pd.DataFrame({
    'trans_id': [1, 2, 3],
    'account_id': [101, 102, 103],
    'date': ['2020-01-01', '2020-01-02', '2020-01-03'],
    'type': ['deposit', 'withdrawal', 'deposit'],
    'operation': ['deposit', 'withdrawal', 'deposit'],
    'amount': [1000, 2000, 3000],
    'balance': [1000, 2000, 5000],
    'k_symbol': ['K CZK', 'K CZK', 'K CZK'],
    'bank': ['Bank A', 'Bank B', 'Bank C'],
    'account': ['Account 1', 'Account 2', 'Account 3']
})

account_df = pd.DataFrame({
    'account_id': [101, 102, 103],
    'district_id': [1, 2, 3],
    'frequency': ['monthly', 'quarterly', 'monthly'],
    'date': ['1996-01-01', '1996-01-01', '1996-01-01']
})

accounts = get_accounts_before_1997_with_large_balance(trans_df, account_df)
print(accounts)
```",,1,"['account', 'trans']",call_error: 'date_x',,,,,,,
102,State different accounts who have account opening date before 1997 and own an amount of money greater than 3000USD,1,3,"```python
import pandas as pd

def get_accounts_before_97_and_amount_over_3000(df_trans, df_account):
    # Merge the two dataframes on account_id
    merged_df = pd.merge(df_trans, df_account, on='account_id')

    # Convert date columns to datetime
    merged_df['date'] = pd.to_datetime(merged_df['date'])
    merged_df['account_opening_date'] = pd.to_datetime(merged_df['account_opening_date'])

    # Filter accounts opened before 1997 and with amount over 3000
    filtered_df = merged_df[(merged_df['account_opening_date'] < '1997-01-01') & 
                            (merged_df['amount'] > 3000)]

    # Return unique account_id
    return filtered_df['account_id'].unique()
```

```python
# Example usage
trans_df = pd.DataFrame({
    'trans_id': [1, 2, 3],
    'account_id': [101, 102, 103],
    'date': ['2022-01-01', '2022-02-01', '2022-03-01'],
    'type': ['deposit', 'withdrawal', 'deposit'],
    'operation': ['credit', 'debit', 'credit'],
    'amount': [1000, 2000, 3000],
    'balance': [1000, 2000, 3000],
    'k_symbol': ['EUR', 'EUR', 'EUR'],
    'bank': ['Bank A', 'Bank B', 'Bank C'],
    'account': ['Account 1', 'Account 2', 'Account 3']
})

account_df = pd.DataFrame({
    'account_id': [101, 102, 103],
    'account_opening_date': ['1995-01-01', '1998-01-01', '1999-01-01'],
    'district_id': [1, 2, 3],
    'frequency': ['monthly', 'quarterly', 'monthly'],
    'date': ['2022-01-01', '2022-02-01', '2022-03-01']
})

print(get_accounts_before_97_and_amount_over_3000(trans_df, account_df))
```",,1,"['account', 'trans']",call_error: 'account_opening_date',,,,,,,
102,State different accounts who have account opening date before 1997 and own an amount of money greater than 3000USD,1,4,"```python
import pandas as pd

def get_accounts_before_1997_with_large_amount(trans, account):
    # Merge the two DataFrames on account_id
    merged_df = pd.merge(trans, account, on='account_id', how='inner')
    
    # Convert date column to datetime and extract year
    merged_df['date'] = pd.to_datetime(merged_df['date'])
    merged_df['year'] = merged_df['date'].dt.year
    
    # Filter accounts with account opening date before 1997 and amount greater than 3000
    result_df = merged_df[(merged_df['year'] < 1997) & (merged_df['amount'] > 3000)]
    
    # Return account_id as the result
    return result_df['account_id'].unique()
```",,1,"['account', 'trans']",,[    1     2     4 ... 11359 11362 11382],False,False,rerun_error: call_error: 'date',,,False
103,"Which client issued his/her card in 1994/3/3, give his/her client id.",2,0,"```python
import pandas as pd

def get_client_id_by_card_issue_date(df_card, df_card_date):
    # Extract date from card issue date
    card_date = pd.to_datetime(df_card_date['issued'])
    issue_date_1994_3_3 = pd.to_datetime('1994-03-03')
    
    # Filter cards issued on the specific date
    filtered_cards = df_card[df_card['issued'] == issue_date_1994_3_3]
    
    # Get client id from filtered cards
    client_ids = filtered_cards['client_id'].unique()
    
    return client_ids
```

```python
import pandas as pd

def get_client_id_by_card_issue_date(df_card, df_card_date):
    # Extract date from card issue date
    card_date = pd.to_datetime(df_card_date['issued'])
    issue_date_1994_3_3 = pd.to_datetime('1994-03-03')
    
    # Filter cards issued on the specific date
    filtered_cards = df_card[df_card['issued'] == issue_date_1994_3_3]
    
    # Get client id from filtered cards
    client_ids = filtered_cards['client_id'].unique()
    
    return client_ids

# Usage
client_id = get_client_id_by_card_issue_date(df_card, df_card_date)
print(client_id)
```",,0,"['card', 'client']",call_error: 'client_id',,,,,,,
103,"Which client issued his/her card in 1994/3/3, give his/her client id.",2,1,"```python
import pandas as pd

def get_client_id(card_df, disp_df, card_id):
    card_info = card_df.loc[card_df['card_id'] == card_id]
    disp_info = disp_df.loc[disp_df['disp_id'] == card_info['disp_id'].values[0]]
    client_id = disp_info['client_id'].values[0]
    return client_id

def get_client_id_by_card_issue(card_df, disp_df, account_df, card_id):
    card_info = card_df.loc[card_df['card_id'] == card_id]
    disp_info = disp_df.loc[disp_df['disp_id'] == card_info['disp_id'].values[0]]
    account_info = account_df.loc[account_df['account_id'] == disp_info['account_id'].values[0]]
    card_issue_date = card_info['issued'].values[0]
    card_issue_date = pd.to_datetime(card_issue_date)
    account_issue_date = account_info['date'].values[0]
    account_issue_date = pd.to_datetime(account_issue_date)
    if card_issue_date.year == 1994 and card_issue_date.month == 3 and card_issue_date.day == 3:
        return disp_info['client_id'].values[0]
    else:
        return None

# example usage
card_df = pd.DataFrame({
    'card_id': [1, 2, 3],
    'disp_id': [101, 102, 103],
    'type': ['credit', 'debit', 'credit'],
    'issued': ['1994-03-03', '1995-04-04', '1996-05-05']
})

disp_df = pd.DataFrame({
    'disp_id': [101, 102, 103],
    'client_id': [1, 2, 3],
    'account_id': [1001, 1002, 1003],
    'type': ['current', 'savings', 'credit']
})

account_df = pd.DataFrame({
    'account_id': [1001, 1002, 1003],
    'district_id': [1, 2, 3],
    'frequency': ['monthly', 'quarterly', 'yearly'],
    'date': ['1994-03-03', '1995-04-04', '1996-05-05']
})

print(get_client_id_by_card_issue(card_df, disp_df, account_df, 1))
```",,0,"['account', 'card', 'client', 'disp', 'district']","call_error: Operands are not aligned. Do `left, right = left.align(right, axis=1)` before operating.",,,,,,,
103,"Which client issued his/her card in 1994/3/3, give his/her client id.",2,2,"```python
import pandas as pd

def get_client_id_by_card_issue_date(df_card, df_client):
    # Filter cards issued in 1994/3/3
    filtered_cards = df_card[df_card['issued'] == '1994-03-03']
    
    # Get the corresponding client ids
    client_ids = filtered_cards['disp_id'].map(df_client.set_index('disp_id')['client_id'])
    
    # Drop NaN values (if any)
    client_ids = client_ids.dropna()
    
    return client_ids
```

```python
import pandas as pd

def get_client_id_by_card_issue_date(df_card, df_client):
    # Filter cards issued in 1994/3/3
    filtered_cards = df_card[df_card['issued'] == '1994-03-03']
    
    # Get the corresponding client ids
    client_ids = filtered_cards['disp_id'].map(df_client.set_index('disp_id')['client_id'])
    
    # Drop NaN values (if any)
    client_ids = client_ids.dropna()
    
    return client_ids

# Assuming df_card and df_client are already loaded DataFrames
result = get_client_id_by_card_issue_date(df_card, df_client)

# Print the result
print(result)
```",,0,"['card', 'client', 'disp']","call_error: ""None of ['disp_id'] are in the columns""",,,,,,,
103,"Which client issued his/her card in 1994/3/3, give his/her client id.",2,3,"```python
import pandas as pd

def get_client_id_by_card_issue_date(card, disp):
    # Merge card and disp tables based on disp_id
    card_disp = pd.merge(card, disp, on='disp_id')
    
    # Convert issued column to datetime type
    card_disp['issued'] = pd.to_datetime(card_disp['issued'])
    
    # Filter card issued in 1994/3/3
    filtered_card_disp = card_disp[card_disp['issued'].dt.year == 1994]
    filtered_card_disp = filtered_card_disp[filtered_card_disp['issued'].dt.month == 3]
    filtered_card_disp = filtered_card_disp[filtered_card_disp['issued'].dt.day == 3]
    
    # Merge filtered_card_disp with disp to get client_id
    filtered_card_disp = pd.merge(filtered_card_disp, disp, on='disp_id')
    
    # Merge filtered_card_disp with client to get client_id
    filtered_card_disp = pd.merge(filtered_card_disp, client, on='client_id')
    
    # Return unique client_id
    return filtered_card_disp['client_id'].unique()
```",,3,"['card', 'client', 'disp']",call_error: 'client_id',,,,,,,
103,"Which client issued his/her card in 1994/3/3, give his/her client id.",2,4,"```python
import pandas as pd

def client_id_by_card_issue_date(df_card, df_client):
    # Filter the card DataFrame for the specified issue date
    filtered_card = df_card[df_card['issued'] == '1994/3/3']

    # Merge the filtered card DataFrame with the client DataFrame
    merged_df = pd.merge(filtered_card, df_client, on='client_id')

    # Return the client_id column
    return merged_df['client_id']
```",,1,"['card', 'client']",call_error: 'client_id',,,,,,,
104,"The transaction of 840 USD happened in 1998/10/14, when was this account opened?",1,0,"```python
import pandas as pd

def get_account_open_date(trans_df, account_df):
    # Merge the transactions and accounts dataframes
    merged_df = pd.merge(trans_df, account_df, on='account_id', how='inner')

    # Filter the transactions that are 840 USD
    filtered_df = merged_df[(merged_df['amount'] == 840) & (merged_df['currency'] == 'USD')]

    # If there are multiple transactions of 840 USD, take the earliest one
    earliest_transaction = filtered_df.loc[filtered_df['date'].idxmin()]

    # Return the date the account was opened
    return earliest_transaction['date'].strftime('%Y/%m/%d')
```",,1,"['account', 'trans']",call_error: 'currency',,,,,,,
104,"The transaction of 840 USD happened in 1998/10/14, when was this account opened?",1,1,"```python
import pandas as pd

def account_opening_date(trans_df, account_df):
    # Filter transaction to find the account_id of the transaction
    account_id = trans_df[trans_df['amount'] == 840]['account_id'].values[0]

    # Filter account DataFrame to find the opening date of the account
    opening_date = account_df[account_df['account_id'] == account_id]['date'].values[0]

    return opening_date
```

```python
# Example usage
account_opening_date(trans_df, account_df)
```",,0,"['account', 'trans']",call_error: 'date',,,,,,,
104,"The transaction of 840 USD happened in 1998/10/14, when was this account opened?",1,2,"```python
import pandas as pd

def account_opening_date(df_account, df_trans):
    # Filter transactions for the specific amount
    filtered_trans = df_trans[df_trans['amount'] == 840]

    # Get the account_id from the filtered transactions
    account_ids = filtered_trans['account_id'].unique()

    # Merge account and transaction DataFrames
    merged_df = pd.merge(df_account, df_trans, on='account_id', how='left')

    # Filter merged DataFrame to get the account opening date
    account_opening_dates = merged_df[merged_df['amount'] == 840][['account_id', 'date_x']].drop_duplicates()

    # Return the account opening date
    return account_opening_dates
```

```python
# Example usage
account_opening_dates = account_opening_date(df_account, df_trans)
print(account_opening_dates)
```",,1,"['account', 'trans']","call_error: ""['date_x'] not in index""",,,,,,,
104,"The transaction of 840 USD happened in 1998/10/14, when was this account opened?",1,3,"```python
import pandas as pd

def get_account_opening_date(trans_df, account_df):
    # Filter transaction for 840 USD
    trans_filtered = trans_df[(trans_df['amount'] == 840) & (trans_df['k_symbol'] == 'USD')]
    
    # Get date of transaction
    date = trans_filtered['date'].iloc[0]
    
    # Filter account to get account opened before transaction date
    account_opened_before = account_df[account_df['date'] < date]
    
    # Return earliest date if any, otherwise return None
    return account_opened_before['date'].min() if not account_opened_before.empty else None
```

```python
# Usage
account_opening_date = get_account_opening_date(trans_df, account_df)
print(account_opening_date)
```",,0,"['account', 'trans']",call_error: single positional indexer is out-of-bounds,,,,,,,
104,"The transaction of 840 USD happened in 1998/10/14, when was this account opened?",1,4,"```python
import pandas as pd

def account_opening_date(trans, account):
    # Merge transactions and accounts on account_id
    merged = pd.merge(trans, account, on='account_id')
    
    # Filter transactions with type 'transaction' (assuming this is the type for transactions)
    transactions = merged[merged['type'] == 'transaction']
    
    # Filter transactions with operation 'in' (assuming this is the operation for deposits)
    deposits = transactions[transactions['operation'] == 'in']
    
    # Find the earliest deposit date
    earliest_deposit_date = deposits['date'].min()
    
    return earliest_deposit_date
```

You can use this function by calling it with your DataFrames as arguments:

```python
account_opening_date(trans, account)
```

Note: This code assumes that the 'type' column in the 'trans' DataFrame represents the type of transaction and the 'operation' column represents the type of operation (deposit or withdrawal). If this is not the case, you may need to adjust the code accordingly.",,1,"['account', 'trans']",,,False,False,rerun_error: call_error: 'date',,,False
105,"There was a loan approved in 1994/8/25, where was that account opened, give the district Id of the branch.",1,0,"```python
import pandas as pd

def get_district_id_for_loan(df_account, df_loan):
    # Filter the loan with the specific date
    loan_1994_8_25 = df_loan[(df_loan['date'] == '1994/8/25')]

    # If no loan found, return None
    if loan_1994_8_25.empty:
        return None

    # Get the account_id of the loan
    account_id = loan_1994_8_25['account_id'].iloc[0]

    # Filter the account with the specific account_id
    account_opened = df_account[df_account['account_id'] == account_id]

    # If no account found, return None
    if account_opened.empty:
        return None

    # Return the district_id of the account
    return account_opened['district_id'].iloc[0]
```

```python
import pandas as pd

def get_district_id_for_loan(df_account, df_loan):
    # Filter the loan with the specific date
    loan_1994_8_25 = df_loan[df_loan['date'] == '1994/8/25']

    # If no loan found, return None
    if loan_1994_8_25.empty:
        return None

    # Merge the loan and account DataFrames
    merged_df = pd.merge(loan_1994_8_25, df_account, on='account_id')

    # Group by district_id and get the count of accounts
    district_counts = merged_df['district_id'].value_counts().to_dict()

    # Return the district_id with the highest count
    return district_counts.get(merged_df['district_id'].iloc[0], None)
```

```python
import pandas as pd

def get_district_id_for_loan(df_account, df_loan):
    # Merge the loan and account DataFrames
    merged_df = pd.merge(df_loan, df_account, on='account_id')

    # Filter the merged DataFrame with the specific date
    merged_df = merged_df[merged_df['date'] == '1994/8/25']

    # Group by district_id and get the count of accounts
    district_counts = merged_df['district_id'].value_counts().to_dict()

    # Return the district_id with the highest count
    return district_counts.get(merged_df['district_id'].iloc[0], None)
```",,0,"['account', 'district', 'loan']",,31,True,False,,,,
105,"There was a loan approved in 1994/8/25, where was that account opened, give the district Id of the branch.",1,1,"```python
import pandas as pd

def get_district_id(df_loan, df_account):
    # Filter loan by date
    filtered_loan = df_loan[df_loan['date'] == '1994/8/25']

    # Merge loan and account on account_id
    merged_df = pd.merge(filtered_loan, df_account, on='account_id')

    # Return the district id
    return merged_df['district_id'].iloc[0]
```",,1,"['account', 'district', 'loan']",,31,False,False,rerun_error: call_error: single positional indexer is out-of-bounds,,,False
105,"There was a loan approved in 1994/8/25, where was that account opened, give the district Id of the branch.",1,2,"```python
import pandas as pd

def get_district_id(df_loan, df_account, date):
    # Filter loan that was approved on the given date
    loan_approved = df_loan[df_loan['date'] == date]
    
    # Get the account_id of the loan
    account_id = loan_approved['account_id'].iloc[0]
    
    # Filter account that was opened on the same date
    account_opened = df_account[df_account['date'] == date]
    
    # Filter account that matches the account_id of the loan
    account = account_opened[account_opened['account_id'] == account_id]
    
    # Return the district_id of the account
    return account['district_id'].iloc[0]
```

You can use this function like this:

```python
df_loan = pd.DataFrame({
    'loan_id': [1, 2, 3],
    'account_id': [101, 102, 103],
    'date': ['1994-08-25', '1994-08-25', '1994-08-26'],
    'amount': [1000, 2000, 3000],
    'duration': [6, 12, 24],
    'payments': [10, 20, 30],
    'status': ['approved', 'rejected', 'approved']
})

df_account = pd.DataFrame({
    'account_id': [101, 102, 103],
    'district_id': [1, 2, 3],
    'frequency': ['monthly', 'quarterly', 'yearly'],
    'date': ['1994-08-25', '1994-08-25', '1994-08-26']
})

date = '1994-08-25'
print(get_district_id(df_loan, df_account, date))
```",,0,"['account', 'district', 'loan']","call_error: Operands are not aligned. Do `left, right = left.align(right, axis=1)` before operating.",,,,,,,
105,"There was a loan approved in 1994/8/25, where was that account opened, give the district Id of the branch.",1,3,"```python
import pandas as pd

def get_district_id(df_loan, df_account):
    # Filter the loan DataFrame for the specific date
    loan_1994_8_25 = df_loan[(df_loan['date'] == '1994/8/25')]

    # Merge the account DataFrame with the filtered loan DataFrame
    merged_df = pd.merge(loan_1994_8_25, df_account, on='account_id')

    # Return the district Id of the first matching account
    return merged_df['district_id'].iloc[0]
```

You can use this function like this:

```python
print(get_district_id(df_loan, df_account))
```",,1,"['account', 'district', 'loan']",,31,False,False,rerun_error: call_error: single positional indexer is out-of-bounds,,,False
105,"There was a loan approved in 1994/8/25, where was that account opened, give the district Id of the branch.",1,4,"```python
import pandas as pd

def get_district_id_of_branch(loan_df, account_df):
    # Filter loan with loan_id of interest
    loan_interest = loan_df[loan_df['loan_id'] == 'approved_in_1994_8_25'].copy()

    # Merge account and loan dataframes on account_id
    merged_df = pd.merge(loan_interest, account_df, on='account_id', how='left')

    # Return the district id of the branch
    return merged_df['district_id'].iloc[0]
```",,1,"['account', 'district', 'loan']",call_error: single positional indexer is out-of-bounds,,,,,,,
106,What is the biggest amount of transaction that the client whose card was opened in 1996/10/21 made?,3,0,"```python
import pandas as pd

def biggest_transaction(client_card_id):
    # Filter transactions where account_id is in the transactions made by the client
    transactions = trans[trans['account_id'].isin(
        trans[trans['k_symbol'].str.contains(client_card_id)]['account_id']
    )]

    # Group by account_id and sum the amounts
    account_amounts = transactions.groupby('account_id')['amount'].sum().reset_index()

    # Get the maximum amount
    max_amount = account_amounts['amount'].max()

    return max_amount

# Assuming the DataFrames are loaded as pd.DataFrame objects
client_card_id = 'card_id'  # replace with actual column name
max_amount = biggest_transaction(client_card_id)
print(max_amount)
```

Alternatively, you can use vectorized operations to achieve the same result in a more concise way:

```python
import pandas as pd

def biggest_transaction(client_card_id):
    transactions = trans[trans['k_symbol'].str.contains(client_card_id)]
    return transactions['amount'].max()

# Assuming the DataFrames are loaded as pd.DataFrame objects
client_card_id = 'card_id'  # replace with actual column name
max_amount = biggest_transaction(client_card_id)
print(max_amount)
```",,0,"['account', 'card', 'client', 'trans']",call_error: unhashable type: 'DataFrame',,,,,,,
106,What is the biggest amount of transaction that the client whose card was opened in 1996/10/21 made?,3,1,"```python
import pandas as pd

def max_transaction_amount(card_df, client_df, trans_df):
    # Filter card transactions by the given date
    card_trans_df = trans_df[trans_df['account_id'].isin(card_df[card_df['issued'] == '1996/10/21']['disp_id'])]

    # Group transactions by client_id and calculate sum of amount
    client_max_amount_df = card_trans_df.groupby('account_id')['amount'].sum().reset_index()

    # Merge client information with max amount of transactions
    max_amount_df = pd.merge(client_df, client_max_amount_df, left_on='client_id', right_on='account_id')

    # Rename columns
    max_amount_df = max_amount_df.rename(columns={'account_id': 'max_transaction_amount'})

    return max_amount_df
```",,1,"['account', 'card', 'client', 'disp', 'trans']",,"Empty DataFrame
Columns: [client_id, gender, birth_date, district_id, average_salary, birth_year, age, max_transaction_amount, amount]
Index: []",True,False,,,,
106,What is the biggest amount of transaction that the client whose card was opened in 1996/10/21 made?,3,2,"```python
import pandas as pd

def biggest_transaction_amount(card_df, trans_df, client_df):
    # Merge card and client data
    card_client_df = pd.merge(card_df, client_df, on='disp_id')
    
    # Filter transactions by card issued date
    trans_card_df = pd.merge(trans_df, card_client_df, on='account_id')
    trans_card_df = trans_card_df[trans_card_df['issued'] <= trans_card_df['date']]
    
    # Group by client and find max transaction amount
    max_amount_df = trans_card_df.loc[trans_card_df.groupby('client_id')['amount'].idxmax()]
    
    return max_amount_df
```",,2,"['account', 'card', 'client', 'disp', 'trans']",call_error: 'disp_id',,,,,,,
106,What is the biggest amount of transaction that the client whose card was opened in 1996/10/21 made?,3,3,"```python
import pandas as pd

def biggest_transaction(client_card_df, trans_df):
    # Filter transactions by card_id
    client_trans_df = trans_df[trans_df['account_id'].isin(client_card_df['account_id'])]
    
    # Group transactions by account_id and sum amount
    grouped_df = client_trans_df.groupby('account_id')['amount'].sum().reset_index()
    
    # Rename account_id to account_id_old for clarity
    grouped_df.rename(columns={'account_id': 'account_id_old'}, inplace=True)
    
    # Merge with client_card_df to get card_id
    merged_df = pd.merge(grouped_df, client_card_df[['account_id', 'card_id']], on='account_id_old')
    
    # Group by card_id and find max amount
    max_amount_df = merged_df.groupby('card_id')['amount'].max().reset_index()
    
    # Rename columns for clarity
    max_amount_df.rename(columns={'amount': 'biggest_transaction_amount'}, inplace=True)
    
    return max_amount_df
```",,1,"['account', 'card', 'client', 'trans']",call_error: 'account_id',,,,,,,
106,What is the biggest amount of transaction that the client whose card was opened in 1996/10/21 made?,3,4,"```python
import pandas as pd

def max_transaction_amount(card_df, trans_df):
    # Filter the card DataFrame to get the card_id of the card opened in 1996/10/21
    card_opened_date = '1996-10-21'
    card_opened = card_df[card_df['issued'] == card_opened_date]
    
    # Get the card_id of the card opened in 1996/10/21
    card_id = card_opened['card_id'].iloc[0]
    
    # Filter the trans DataFrame to get the transactions of the client whose card was opened in 1996/10/21
    trans_client = trans_df[trans_df['account'] == card_id]
    
    # Calculate the maximum transaction amount
    max_amount = trans_client['amount'].max()
    
    return max_amount

# Example usage:
max_amount = max_transaction_amount(card_df, trans_df)
print(max_amount)
```",,0,"['account', 'card', 'client', 'trans']",,,True,False,,,,
107,What is the gender of the oldest client who opened his/her account in the highest average salary branch?,1,0,"```python
import pandas as pd

def oldest_client_highest_avg_salary_branch(df_client, df_district):
    # Filter the district with the highest average salary
    avg_salary_district = df_district.groupby('district_id')['A16'].mean().reset_index()
    max_avg_salary_district_id = avg_salary_district.loc[avg_salary_district['A16'].idxmax()]['district_id']
    
    # Filter the clients from the district with the highest average salary
    clients_from_highest_avg_salary_district = df_client[df_client['district_id'] == max_avg_salary_district_id]
    
    # Find the oldest client
    oldest_client = clients_from_highest_avg_salary_district.loc[clients_from_highest_avg_salary_district['birth_date'].idxmin()]
    
    # Return the gender of the oldest client
    return oldest_client['gender']
```

```python
# Example usage
print(oldest_client_highest_avg_salary_branch(df_client, df_district))
```",,0,"['client', 'district']",,M,True,False,,,,
107,What is the gender of the oldest client who opened his/her account in the highest average salary branch?,1,1,"```python
import pandas as pd

def oldest_client_highest_avg_salary_branch(df_client, df_district):
    # Merge client and district DataFrames
    df_client_district = pd.merge(df_client, df_district, on='district_id')
    
    # Calculate average salary for each district
    df_district_avg_salary = df_district.groupby('district_id').agg({'A2': 'mean'}).reset_index()
    df_district_avg_salary.columns = ['district_id', 'avg_salary']
    
    # Merge client and average salary DataFrames
    df_client_avg_salary = pd.merge(df_client_district, df_district_avg_salary, on='district_id')
    
    # Filter the highest average salary district
    max_avg_salary_district = df_district_avg_salary.loc[df_district_avg_salary['avg_salary'].idxmax()]
    df_highest_avg_salary_district = df_district_avg_salary[df_district_avg_salary['district_id'] == max_avg_salary_district['district_id']]
    
    # Filter the oldest client who opened his/her account in the highest average salary branch
    max_age = df_client['age'].max()
    max_age_client = df_client[df_client['age'] == max_age]
    
    # Get the gender of the oldest client
    oldest_client_gender = max_age_client['gender'].iloc[0]
    
    return oldest_client_gender
```

Note: The above function assumes that the `birth_date` column in the `client` DataFrame is used to calculate the age of the clients. The `age` column is calculated by subtracting the `birth_date` from the current date. If you have a different way to calculate the age, you can modify the function accordingly.",,2,"['account', 'client', 'district']",call_error: dtype 'str' does not support operation 'mean',,,,,,,
107,What is the gender of the oldest client who opened his/her account in the highest average salary branch?,1,2,"```python
import pandas as pd

def oldest_client_highest_avg_salary_branch(df_client, df_district):
    # Merge client and district DataFrames
    merged_df = pd.merge(df_client, df_district, on='district_id')
    
    # Calculate average salary for each district
    merged_df['average_salary'] = merged_df[['A2', 'A3', 'A4', 'A5', 'A6', 'A7', 'A8', 'A9', 'A10', 'A11', 'A12', 'A13', 'A14', 'A15', 'A16']].mean(axis=1)
    
    # Find the highest average salary branch
    highest_avg_salary_branch = merged_df.loc[merged_df['average_salary'].idxmax()]['district_id']
    
    # Find the oldest client who opened his/her account in the highest average salary branch
    oldest_client = merged_df.loc[(merged_df['district_id'] == highest_avg_salary_branch) & (merged_df['birth_date'].dt.year == merged_df['birth_date'].min())][['gender']]
    
    return oldest_client
```",,1,"['account', 'client', 'district']","call_error: can only concatenate str (not ""int"") to str",,,,,,,
107,What is the gender of the oldest client who opened his/her account in the highest average salary branch?,1,3,"```python
import pandas as pd

def oldest_client_highest_salary_branch(df_client, df_district):
    # Merge client and district tables on district_id
    df_client_district = pd.merge(df_client, df_district, on='district_id')
    
    # Calculate average salary for each district
    df_district_avg_salary = df_district.groupby('district_id')[['A2', 'A3', 'A4', 'A5', 'A6', 'A7', 'A8', 'A9', 'A10', 'A11', 'A12', 'A13', 'A14', 'A15', 'A16']].mean().reset_index()
    
    # Rename columns for better readability
    df_district_avg_salary.columns = ['district_id', 'avg_salary']
    
    # Merge client and district average salary tables on district_id
    df_client_avg_salary = pd.merge(df_client_district, df_district_avg_salary, on='district_id')
    
    # Filter clients who opened their account in the highest average salary branch
    max_avg_salary = df_client_avg_salary['avg_salary'].max()
    df_client_highest_salary_branch = df_client_avg_salary[df_client_avg_salary['avg_salary'] == max_avg_salary]
    
    # Find the oldest client
    oldest_client = df_client_highest_salary_branch.loc[df_client_highest_salary_branch['birth_date'].idxmin()]
    
    return oldest_client['gender']
```",,2,"['account', 'client', 'district']",call_error: dtype 'str' does not support operation 'mean',,,,,,,
107,What is the gender of the oldest client who opened his/her account in the highest average salary branch?,1,4,"```python
import pandas as pd

def oldest_client_highest_avg_salary_branch(df_client, df_district):
    # Merge client and district dataframes on district_id
    merged_df = pd.merge(df_client, df_district, on='district_id')

    # Calculate average salary for each district
    avg_salary_df = merged_df.groupby('district_id')[['A2', 'A3', 'A4', 'A5', 'A6', 'A7', 'A8', 'A9', 'A10', 'A11', 'A12', 'A13', 'A14', 'A15', 'A16']].mean().reset_index()

    # Rename average salary column
    avg_salary_df = avg_salary_df.rename(columns={0: 'avg_salary'})

    # Merge average salary and client dataframes on district_id
    merged_df = pd.merge(merged_df, avg_salary_df[['district_id', 'avg_salary']], on='district_id')

    # Filter for highest average salary branch
    highest_avg_salary_branch_df = merged_df.loc[merged_df['avg_salary'] == merged_df['avg_salary'].max()]

    # Filter for oldest client in highest average salary branch
    oldest_client_df = highest_avg_salary_branch_df.loc[highest_avg_salary_branch_df['birth_date'] == highest_avg_salary_branch_df['birth_date'].min()]

    # Return gender of oldest client
    return oldest_client_df['gender'].iloc[0]
```",,2,"['client', 'district']",call_error: dtype 'str' does not support operation 'mean',,,,,,,
108,"For the client who applied the biggest loan, what was his/her first amount of transaction after opened the account?",2,0,"```python
import pandas as pd

def first_transaction_after_loan(df_loan, df_trans, df_account):
    # Get the client who applied the biggest loan
    max_loan_amount = df_loan['amount'].max()
    max_loan_client = df_loan.loc[df_loan['amount'] == max_loan_amount, 'account_id'].iloc[0]

    # Filter transactions for the client
    transactions = df_trans[df_trans['account_id'] == max_loan_client]

    # Filter transactions where the account was opened (assuming this is the first transaction)
    first_transactions = transactions[transactions['date'] == transactions['date'].min()]

    # If there are multiple first transactions, return the first one
    if not first_transactions.empty:
        return first_transactions['amount'].iloc[0]
    else:
        return None
```

You can call this function with your DataFrames like this:

```python
first_amount = first_transaction_after_loan(df_loan, df_trans, df_account)
print(first_amount)
```",,0,"['account', 'client', 'loan', 'trans']",,300,True,False,,,,
108,"For the client who applied the biggest loan, what was his/her first amount of transaction after opened the account?",2,1,"```python
import pandas as pd

def first_transaction_after_loan(df_loan, df_trans):
    # Find the client with the biggest loan
    max_loan_client = df_loan.loc[df_loan['amount'].idxmax()]['account_id']
    
    # Filter transactions of the client with the biggest loan
    filtered_transactions = df_trans[df_trans['account_id'] == max_loan_client]
    
    # Sort transactions by date and get the first transaction
    first_transaction = filtered_transactions.sort_values('date').head(1)
    
    # Return the first transaction amount
    return first_transaction['amount'].iloc[0]

# Usage
first_amount = first_transaction_after_loan(df_loan, df_trans)
print(first_amount)
```",,0,"['account', 'client', 'loan', 'trans']",,300,True,False,,,,
108,"For the client who applied the biggest loan, what was his/her first amount of transaction after opened the account?",2,2,"```python
import pandas as pd

def first_transaction_after_loan(df_loan, df_account, df_trans):
    # Find the client with the biggest loan
    max_loan_client_id = df_loan.loc[df_loan['amount'].idxmax()]['account_id']

    # Filter transactions for the client with the biggest loan
    trans_for_max_loan_client = df_trans[df_trans['account_id'] == max_loan_client_id]

    # Filter transactions to only include the first transaction after the loan is opened
    first_trans_after_loan = trans_for_max_loan_client[trans_for_max_loan_client['date'] > df_loan.loc[df_loan['account_id'] == max_loan_client_id, 'date'].min()]

    # If there are no transactions after the loan is opened, return None
    if first_trans_after_loan.empty:
        return None

    # Return the first transaction after the loan is opened
    return first_trans_after_loan.iloc[0]['amount']
```",,0,"['account', 'client', 'loan', 'trans']",call_error: '<' not supported between instances of 'Timestamp' and 'str',,,,,,,
108,"For the client who applied the biggest loan, what was his/her first amount of transaction after opened the account?",2,3,"```python
import pandas as pd

def first_transaction_after_loan_opening(df_loan, df_account, df_trans):
    # Filter the loan with the biggest amount
    max_loan_amount = df_loan['amount'].max()
    max_loan = df_loan[df_loan['amount'] == max_loan_amount]
    
    # Get the account_id of the client who applied the biggest loan
    account_id = max_loan['account_id'].iloc[0]
    
    # Filter transactions for the account
    transactions = df_trans[df_trans['account_id'] == account_id]
    
    # Filter transactions to only include those after the loan was opened
    transactions_after_loan_opening = transactions[transactions['date'] > max_loan['date'].iloc[0]]
    
    # Get the first transaction
    first_transaction = transactions_after_loan_opening.head(1)
    
    # Return the first transaction's amount
    return first_transaction['amount'].iloc[0]
```",,0,"['account', 'client', 'loan', 'trans']",call_error: '<' not supported between instances of 'Timestamp' and 'str',,,,,,,
108,"For the client who applied the biggest loan, what was his/her first amount of transaction after opened the account?",2,4,"```python
import pandas as pd

def first_transaction_after_loan_opening(df_loan, df_account, df_trans):
    # Merge loan and account data to get account opening date
    merged_loan_account = pd.merge(df_loan, df_account, on='account_id')

    # Calculate time difference between loan and account opening dates
    merged_loan_account['time_diff'] = merged_loan_account['date_y'] - merged_loan_account['date_x']

    # Filter the client who applied the biggest loan
    max_loan_amount = merged_loan_account['amount'].max()
    max_loan_client = merged_loan_account[merged_loan_account['amount'] == max_loan_amount]

    # Filter transactions of the client who applied the biggest loan
    max_loan_client_transactions = pd.merge(max_loan_client, df_trans, on='account_id')

    # Filter transactions that occurred after the account was opened
    max_loan_client_transactions_after_opening = max_loan_client_transactions[max_loan_client_transactions['date_y'] > max_loan_client_transactions['date_x']]

    # Get the first transaction after the account was opened
    first_transaction = max_loan_client_transactions_after_opening.sort_values('date_y').iloc[0]

    return first_transaction['amount']
```

```python
# Example usage
first_amount = first_transaction_after_loan_opening(df_loan, df_account, df_trans)
print(first_amount)
```",,2,"['account', 'client', 'loan', 'trans']",call_error: 'date_y',,,,,,,
109,How many clients opened their accounts in Jesenik branch were women?,1,0,"```python
import pandas as pd

def count_women_in_jesenik(df_client, df_district):
    # Filter clients in Jesenik branch
    jesenik_clients = df_client.merge(df_district, left_on='district_id', right_on='district_id')
    jesenik_clients = jesenik_clients[jesenik_clients['A2'] == 'Jesenik']
    
    # Filter women
    women_in_jesenik = jesenik_clients[jesenik_clients['gender'] == 'F']
    
    # Count women
    count = women_in_jesenik.shape[0]
    
    return count
```

```python
# Example usage
count = count_women_in_jesenik(df_client, df_district)
print(count)
```

This code assumes that the DataFrames `df_client` and `df_district` are already loaded with the data. The function merges the two DataFrames, filters the clients in the Jesenik branch and the women among them, and returns the count of women.",,1,"['client', 'district']",,26,False,False,success,26,[[26]],False
109,How many clients opened their accounts in Jesenik branch were women?,1,1,"```python
import pandas as pd

def count_women_in_jesenik(df_client, df_district):
    # Filter district_id of Jesenik branch
    jesenik_district_id = df_district[df_district['A2'] == 'Jesenik']['district_id'].unique()[0]
    
    # Filter clients in Jesenik branch
    jesenik_clients = df_client[df_client['district_id'] == jesenik_district_id]
    
    # Count women
    women_count = (jesenik_clients['gender'] == 'Female').sum()
    
    return women_count
```

```python
# Usage:
women_count = count_women_in_jesenik(client, district)
print(women_count)
```",,0,"['client', 'district']",,0,True,False,,,,
109,How many clients opened their accounts in Jesenik branch were women?,1,2,"```python
import pandas as pd

def count_women_in_jesenik(df_client, df_district):
    # Filter clients in Jesenik branch
    jesenik_district_id = df_district.loc[df_district['A2'] == 'Jesenik', 'district_id'].values[0]
    clients_in_jesenik = df_client[df_client['district_id'] == jesenik_district_id]
    
    # Filter women
    women_in_jesenik = clients_in_jesenik[clients_in_jesenik['gender'] == 'F']
    
    # Return the count
    return (women_in_jesenik.shape[0])
```

```python
# Example usage
print(count_women_in_jesenik(df_client, df_district))
```

This code assumes that the 'A2' column in the 'district' DataFrame contains the names of the districts, and that 'Jesenik' is the name of the district you are interested in. The function returns the number of women who opened their accounts in the Jesenik branch.",,0,"['client', 'district']",,26,True,False,,,,
109,How many clients opened their accounts in Jesenik branch were women?,1,3,"```python
import pandas as pd

def count_women_in_jesenik(df_client, df_district):
    # Filter district_id to Jesenik branch
    jesenik_district_id = df_district.loc[df_district['A2'] == 'Jesenik', 'district_id'].values[0]
    
    # Filter clients to those who opened accounts in Jesenik branch
    jesenik_clients = df_client[df_client['district_id'] == jesenik_district_id]
    
    # Filter clients to women
    women_clients = jesenik_clients[jesenik_clients['gender'] == 'F']
    
    # Return count of women clients
    return (women_clients.shape[0])
```

```python
import pandas as pd

def count_women_in_jesenik(df_client, df_district):
    # Filter district_id to Jesenik branch
    jesenik_district_id = df_district.loc[df_district['A2'] == 'Jesenik', 'district_id'].values[0]
    
    # Filter clients to those who opened accounts in Jesenik branch
    jesenik_clients = df_client[df_client['district_id'] == jesenik_district_id]
    
    # Filter clients to women
    women_clients = jesenik_clients[jesenik_clients['gender'] == 'F']
    
    # Return count of women clients
    return (women_clients.shape[0])

# Usage
client_df = pd.DataFrame({
    'client_id': [1, 2, 3],
    'gender': ['M', 'F', 'F'],
    'birth_date': ['2020-01-01', '2020-01-02', '2020-01-03'],
    'district_id': [1, 2, 3]
})

district_df = pd.DataFrame({
    'district_id': [1, 2, 3],
    'A2': ['Jesenik', 'Other', 'Jesenik']
})

print(count_women_in_jesenik(client_df, district_df))
```",,0,"['account', 'client', 'district']",,26,True,False,,,,
109,How many clients opened their accounts in Jesenik branch were women?,1,4,"```python
import pandas as pd

def count_female_clients_jesenik(df_client, df_district):
    # Merge the two DataFrames based on district_id
    merged_df = pd.merge(df_client, df_district, left_on='district_id', right_on='district_id', how='inner')
    
    # Filter the merged DataFrame to only include rows where A2 equals 'Jesenik'
    jesenik_df = merged_df[merged_df['A2'] == 'Jesenik']
    
    # Filter the DataFrame to only include female clients
    female_jesenik_df = jesenik_df[jesenik_df['gender'] == 'F']
    
    # Count the number of female clients
    count = len(female_jesenik_df)
    
    return count
```",,1,"['client', 'district']",,26,False,False,success,26,[[26]],False
110,What is the disposition id of the client who made 5100 USD transaction in 1998/9/2?,2,0,"```python
import pandas as pd

def get_disposition_id(df_trans, df_disp, date, amount):
    # Filter transactions made on the given date and with the given amount
    filtered_trans = df_trans[(df_trans['date'] == date) & (df_trans['amount'] == amount)]
    
    # Get the account id from the first transaction
    account_id = filtered_trans['account_id'].iloc[0]
    
    # Get the disposition id from the account id
    disposition_id = df_disp.loc[df_disp['account_id'] == account_id, 'disp_id'].iloc[0]
    
    return disposition_id

# Example usage:
date = '1998/9/2'
amount = 5100
print(get_disposition_id(df_trans, df_disp, date, amount))
```",,0,"['account', 'disp', 'trans']","call_error: Operands are not aligned. Do `left, right = left.align(right, axis=1)` before operating.",,,,,,,
110,What is the disposition id of the client who made 5100 USD transaction in 1998/9/2?,2,1,"```python
import pandas as pd

def get_disposition_id(client_id):
    transactions = trans[(trans['amount'] >= 5100) & (trans['date'] == '1998/9/2')]
    accounts = transactions['account_id'].unique()
    dispositions = disp[disp['account_id'].isin(accounts)]
    disposition_id = dispositions[dispositions['client_id'] == client_id]['disp_id'].iloc[0]
    return disposition_id

# Usage
client_id = 'your_client_id'  # Replace with your client ID
print(get_disposition_id(client_id))
```",,0,"['account', 'client', 'disp', 'trans']","call_error: Operands are not aligned. Do `left, right = left.align(right, axis=1)` before operating.",,,,,,,
110,What is the disposition id of the client who made 5100 USD transaction in 1998/9/2?,2,2,"```python
import pandas as pd

def get_disposition_id(client_df, trans_df, date):
    # Filter transactions for the given date
    transactions = trans_df[trans_df['date'] == date]

    # Filter transactions for the given amount
    amount_filter = transactions[transactions['amount'] == 5100]

    # Get the account id
    account_id = amount_filter['account_id'].values[0]

    # Get the disposition id
    disposition_id = client_df[client_df['account_id'] == account_id]['disp_id'].values[0]

    return disposition_id

# Assuming the DataFrames are already loaded
client_df = pd.DataFrame(...)  # load client data
trans_df = pd.DataFrame(...)  # load transaction data

date = '1998/9/2'
print(get_disposition_id(client_df, trans_df, date))
```",,0,"['account', 'client', 'disp', 'trans']","call_error: Operands are not aligned. Do `left, right = left.align(right, axis=1)` before operating.",,,,,,,
110,What is the disposition id of the client who made 5100 USD transaction in 1998/9/2?,2,3,"```python
import pandas as pd

def get_disposition_id(df_trans, df_disp):
    # Filter transactions in 1998/9/2
    filtered_trans = df_trans[df_trans['date'] == '1998/9/2']
    
    # Filter transactions with amount 5100 USD
    filtered_trans = filtered_trans[filtered_trans['amount'] == 5100]
    
    # Merge transactions with dispositions
    merged_df = pd.merge(filtered_trans, df_disp, on='account_id')
    
    # Group by client_id and get the first disposition id
    disposition_id = merged_df['disp_id'].iloc[0]
    
    return disposition_id
```",,1,"['account', 'client', 'disp', 'trans']",call_error: single positional indexer is out-of-bounds,,,,,,,
110,What is the disposition id of the client who made 5100 USD transaction in 1998/9/2?,2,4,"```python
import pandas as pd

def get_disposition_id(df_trans, df_disp):
    # Filter transactions in 1998/9/2
    trans_1998_9_2 = df_trans[(df_trans['date'] >= '1998-09-01') & (df_trans['date'] <= '1998-09-30')]

    # Filter transactions with amount 5100 USD
    trans_5100_usd = trans_1998_9_2[trans_1998_9_2['amount'] == 5100]

    # Get unique account id
    account_id = trans_5100_usd['account_id'].unique()[0]

    # Get disposition id
    disposition_id = df_disp.loc[df_disp['account_id'] == account_id, 'disp_id'].iloc[0]

    return disposition_id
```

```python
import pandas as pd

# assuming df_trans and df_disp are already loaded DataFrames
print(get_disposition_id(df_trans, df_disp))
```",,0,"['account', 'disp', 'trans']",,458,True,False,,,,
111,How many accounts were opened in Litomerice in 1996?,1,0,"```python
import pandas as pd

def count_accounts_opened_in_litomerece(df_account, df_district):
    litomerice_id = df_district.loc[df_district['A2'] == 'Litomerice', 'district_id'].iloc[0]
    accounts_opened = df_account.loc[(df_account['date'].str[:4] == '1996') & (df_account['district_id'] == litomerice_id), 'account_id'].count()
    return accounts_opened

accounts_opened = count_accounts_opened_in_litomerece(df_account, df_district)
print(accounts_opened)
```",,0,"['account', 'district']",call_error: 'date',,,,,,,
111,How many accounts were opened in Litomerice in 1996?,1,1,"```python
import pandas as pd

def count_accounts_opened_in_litomerice(df_account, df_district):
    # Filter district_id for Litomerice
    litomerice_district_id = df_district[df_district['A2'] == 'Litomerice']['district_id'].iloc[0]
    
    # Filter accounts opened in Litomerice in 1996
    accounts_opened = df_account[(df_account['district_id'] == litomerice_district_id) & 
                                  (df_account['date'].str[:4] == '1996')]
    
    # Return the count of accounts opened
    return accounts_opened.shape[0]
```",,0,"['account', 'district']",call_error: 'date',,,,,,,
111,How many accounts were opened in Litomerice in 1996?,1,2,"```python
import pandas as pd

def count_accounts_opened_in_litomerice(df_account, df_district):
    # Filter district_id of Litomerice
    litomerice_district_id = df_district.loc[df_district['A2'] == 'Litomerice', 'district_id'].iloc[0]
    
    # Filter accounts opened in Litomerice in 1996
    accounts_opened = df_account[(df_account['district_id'] == litomerice_district_id) & 
                                  (df_account['date'].str.startswith('1996'))].shape[0]
    
    return accounts_opened
```

```python
# Example usage:
accounts_opened = count_accounts_opened_in_litomerice(df_account, df_district)
print(accounts_opened)
```",,0,"['account', 'district']",call_error: 'date',,,,,,,
111,How many accounts were opened in Litomerice in 1996?,1,3,"```python
import pandas as pd

def count_accounts_opened_in_litomerice(df_account, df_district):
    # Filter district where A2 == Litomerice
    litomerice_district = df_district[df_district['A2'] == 'Litomerice']
    
    # Get district_id
    district_id = litomerice_district['district_id'].iloc[0]
    
    # Filter accounts in the district
    accounts_in_litomerice = df_account[df_account['district_id'] == district_id]
    
    # Filter accounts opened in 1996
    accounts_opened_in_1996 = accounts_in_litomerice[accounts_in_litomerice['date'].str.startswith('1996')]
    
    # Count the number of accounts
    count = accounts_opened_in_1996.shape[0]
    
    return count
```

```python
# Usage
count = count_accounts_opened_in_litomerice(df_account, df_district)
print(count)
```",,0,"['account', 'district']",call_error: 'date',,,,,,,
111,How many accounts were opened in Litomerice in 1996?,1,4,"```python
import pandas as pd

def count_accounts_opened_in_litomerece(df_account, df_district):
    # Filter district_id for Litomerice
    litomerice_district_id = df_district[df_district['A2'] == 'Litomerice']['district_id'].values[0]
    
    # Filter accounts opened in Litomerice in 1996
    accounts_opened = df_account[(df_account['date'] >= '1996-01-01') & (df_account['date'] <= '1996-12-31') & (df_account['district_id'] == litomerice_district_id)]
    
    # Return the count of accounts opened
    return len(accounts_opened)
```",,0,"['account', 'district']",call_error: 'date',,,,,,,
112,"For the female client who was born in 1976/1/29, which district did she opened her account?",1,0,"```python
import pandas as pd

def get_district_for_client(client_df, district_df):
    # Filter the client dataframe for female clients born in 1976/1/29
    client_filter = client_df[(client_df['gender'] == 'F') & (client_df['birth_date'] == '1976-01-29')]
    
    # If no clients match the filter, return None
    if client_filter.empty:
        return None
    
    # Get the district_id for the first matching client
    district_id = client_filter['district_id'].iloc[0]
    
    # Filter the district dataframe for the matching district_id
    district_filter = district_df[district_df['district_id'] == district_id]
    
    # Return the district name (assuming A1 is the district name)
    return district_filter['A1'].iloc[0]
```",,0,"['client', 'district']",call_error: 'A1',,,,,,,
112,"For the female client who was born in 1976/1/29, which district did she opened her account?",1,1,"```python
import pandas as pd

def get_district(client_df, district_df):
    # Filter the client DataFrame for female clients born in 1976/1/29
    client_filtered = client_df[(client_df['gender'] == 'F') & (client_df['birth_date'] == '1976-01-29')]
    
    # If no clients match the criteria, return an empty DataFrame
    if client_filtered.empty:
        return pd.DataFrame(columns=['client_id', 'district_id'])
    
    # Merge the client and district DataFrames on the client_id and district_id
    merged_df = pd.merge(client_filtered, district_df, on='client_id')
    
    # Return the district_id of the first matching row
    return merged_df[['client_id', 'district_id']].iloc[0]
```",,1,"['client', 'district']",call_error: 'client_id',,,,,,,
112,"For the female client who was born in 1976/1/29, which district did she opened her account?",1,2,"```python
import pandas as pd

def get_district(client_df, loan_df):
    female_client = client_df[(client_df['gender'] == 'F') & (client_df['birth_date'] == '1976-01-29')]
    if not female_client.empty:
        district_id = female_client['district_id'].iloc[0]
        district = loan_df.loc[loan_df['district_id'] == district_id, 'district_id'].head(1)
        return district.iloc[0]
    else:
        return None

# Example usage:
client_df = pd.DataFrame({
    'client_id': [1, 2, 3],
    'gender': ['F', 'M', 'F'],
    'birth_date': ['1976-01-29', '1975-01-29', '1977-01-29'],
    'district_id': [1, 2, 3]
})

loan_df = pd.DataFrame({
    'district_id': [1, 2, 3, 4, 5],
    'district': ['District A', 'District B', 'District C', 'District D', 'District E']
})

print(get_district(client_df, loan_df))
```",,0,"['client', 'district', 'loan']",call_error: 'district_id',,,,,,,
112,"For the female client who was born in 1976/1/29, which district did she opened her account?",1,3,"```python
import pandas as pd

def get_district(client_df, district_df):
    # Filter the client DataFrame for female clients born in 1976/1/29
    client_filter = (client_df['gender'] == 'F') & \
                      (client_df['birth_date'].apply(lambda x: x.year == 1976) & \
                       client_df['birth_date'].apply(lambda x: x.month == 1) & \
                       client_df['birth_date'].apply(lambda x: x.day == 29))

    # Get the client_id of the matched client
    client_id = client_df[client_filter].client_id

    # If no client is found, return None
    if len(client_id) == 0:
        return None

    # Get the district_id of the matched client
    district_id = client_id.iloc[0]

    # Get the district name from the district DataFrame
    district_name = district_df[district_df['district_id'] == district_id]

    # Return the district name
    return district_name['A2'].iloc[0]
```",,0,"['client', 'district']",call_error: 'str' object has no attribute 'year',,,,,,,
112,"For the female client who was born in 1976/1/29, which district did she opened her account?",1,4,"```python
import pandas as pd

def get_district(client_df, district_df):
    # Filter the client DataFrame to get the female client born in 1976/1/29
    female_client = client_df[(client_df['gender'] == 'F') & (client_df['birth_date'] == '1976-01-29')]

    # If the client exists, get the district_id
    if not female_client.empty:
        district_id = female_client['district_id'].iloc[0]

        # Filter the district DataFrame to get the district
        district = district_df[district_df['district_id'] == district_id]

        # Return the district
        return district
    else:
        return None
```

```python
# Usage
client = pd.DataFrame({
    'client_id': [1, 2, 3],
    'gender': ['F', 'M', 'F'],
    'birth_date': ['1976-01-29', '1977-02-01', '1978-03-02'],
    'district_id': [1, 2, 3]
})

district = pd.DataFrame({
    'district_id': [1, 2, 3],
    'A2': ['A2_1', 'A2_2', 'A2_3'],
    'A3': ['A3_1', 'A3_2', 'A3_3']
})

result = get_district(client, district)
print(result)
```

Please note that you need to replace the `client_df` and `district_df` DataFrames with your actual DataFrames. This code assumes that the `birth_date` column is of datetime type and the `gender` column is of string type. The result will be a DataFrame with the district information if the client exists, otherwise it will return None.",,0,"['client', 'district']",,"    district_id      A2            A3  ...     A15   A16   avg_salary
30           31  Tachov  west Bohemia  ...  1328.0  1452  1697.842857

[1 rows x 17 columns]",True,False,,,,
113,"For the client who applied 98832 USD loan in 1996/1/3, when was his/her birthday?",3,0,"```python
import pandas as pd

def compute_birthday(client_id):
    client = client[client['client_id'] == client_id]
    if len(client) > 0:
        return pd.to_datetime(client['birth_date']).dt.date.min()
    else:
        return None

# Assuming the loan DataFrame is loaded as 'loan'
loan_id = 98832
amount = 98832
date = '1996/1/3'

client = client[client['client_id'] == 1] # assuming client_id is 1
birthday = compute_birthday(1)

print(birthday)
```",,0,"['client', 'loan']",call_error: cannot access local variable 'client' where it is not associated with a value,,,,,,,
113,"For the client who applied 98832 USD loan in 1996/1/3, when was his/her birthday?",3,1,"```python
import pandas as pd

def compute_birthday(client_id):
    # Filter the client DataFrame for the given client_id
    client = client[client['client_id'] == client_id]
    
    # Return the birthday if found, otherwise return None
    return client['birth_date'].iloc[0] if not client.empty else None

# Apply the function to the loan DataFrame for each loan
loan['birthday'] = loan.apply(lambda row: compute_birthday(row['client_id']), axis=1)

print(loan[loan['amount'] == 98832]['birthday'])
```",,0,"['client', 'loan']",call_error: cannot access local variable 'client' where it is not associated with a value,,,,,,,
113,"For the client who applied 98832 USD loan in 1996/1/3, when was his/her birthday?",3,2,"```python
import pandas as pd

def compute_birthday(client_id):
    client_df = client_df[client_df['client_id'] == client_id]
    birthday = client_df['birth_date'].iloc[0]
    return birthday

# Assuming we have loaded the data into DataFrames
loan_df = pd.read_csv('loan.csv')
account_df = pd.read_csv('account.csv')
disp_df = pd.read_csv('disp.csv')
client_df = pd.read_csv('client.csv')
card_df = pd.read_csv('card.csv')

# Assuming we have a function to find the loan_id for the given loan amount and date
def find_loan_id(amount, date):
    loan_df['date'] = pd.to_datetime(loan_df['date'])
    date = pd.to_datetime(date)
    loan_id = loan_df[(loan_df['amount'] == amount) & (loan_df['date'] == date)]['loan_id'].iloc[0]
    return loan_id

loan_id = find_loan_id(98832, '1996-1-3')
client_id = loan_df[loan_df['loan_id'] == loan_id]['account_id'].iloc[0]
birthday = compute_birthday(client_id)
print(birthday)
```",,0,"['account', 'card', 'client', 'disp', 'loan']","call_error: to assemble mappings requires at least that [year, month, day] be specified: [day,month,year] is missing",,,,,,,
113,"For the client who applied 98832 USD loan in 1996/1/3, when was his/her birthday?",3,3,"```python
import pandas as pd

def compute_birthday(client_id):
    # Merge client and account tables to get loan details
    loan_details = pd.merge(loan, account, on='account_id')

    # Merge loan details with client table
    client_info = pd.merge(loan_details, client, on='client_id')

    # Filter the loan details by amount and date
    filtered_client_info = client_info[(client_info['amount'] == 98832) & (client_info['date'] == '1996/1/3')]

    # Extract client_id from filtered data
    client_id_to_find = filtered_client_info['client_id'].unique()[0]

    # Extract birthday from client_info
    birthday = client_info[client_info['client_id'] == client_id_to_find]['birth_date'].iloc[0]

    return birthday
```

However, the above function assumes that there is only one loan with amount 98832 USD and date '1996/1/3'. If there are multiple loans, you would need to modify the function to handle this situation. 

Here is a more robust function:

```python
import pandas as pd

def compute_birthday(client_id):
    # Merge client and account tables to get loan details
    loan_details = pd.merge(loan, account, on='account_id')

    # Merge loan details with client table
    client_info = pd.merge(loan_details, client, on='client_id')

    # Filter the loan details by amount and date
    filtered_client_info = client_info[(client_info['amount'] == 98832) & (client_info['date'] == '1996/1/3')]

    # Extract client_id from filtered data
    client_id_to_find = filtered_client_info['client_id'].unique()

    # Check if there are multiple clients
    if len(client_id_to_find) > 1:
        print(""There are multiple clients with loan amount 98832 USD and date '1996/1/3'."")
        return None

    # Extract birthday from client_info
    birthday = filtered_client_info['birth_date'].iloc[0]

    return birthday
```

This function returns None if there are multiple clients with the specified loan details.",,2,"['account', 'client', 'loan']",call_error: 'client_id',,,,,,,
113,"For the client who applied 98832 USD loan in 1996/1/3, when was his/her birthday?",3,4,"```python
import pandas as pd

def client_birthdate(loan_df, client_df):
    # Filter the loan by the specified amount and date
    loan_filter = loan_df[(loan_df['amount'] == 98832) & (loan_df['date'] == '1996/1/3')]
    
    # If no loans match the specified criteria, return None
    if loan_filter.empty:
        return None
    
    # Get the account_id of the matching loan
    account_id = loan_filter['account_id'].iloc[0]
    
    # Filter the client by the account_id
    client_filter = client_df[client_df['account_id'] == account_id]
    
    # If no clients match the specified account_id, return None
    if client_filter.empty:
        return None
    
    # Return the birthdate of the matching client
    return client_filter['birth_date'].iloc[0]

# Usage
client_birthdate(loan_df, client_df)
```

```python
import pandas as pd

def client_birthdate(loan_df, client_df):
    # Filter the loan by the specified amount and date
    loan_filter = loan_df[(loan_df['amount'] == 98832) & (loan_df['date'] == '1996/1/3')]
    
    # If no loans match the specified criteria, return None
    if loan_filter.empty:
        return None
    
    # Get the account_id of the matching loan
    account_id = loan_filter['account_id'].iloc[0]
    
    # Filter the client by the account_id
    client_filter = client_df[client_df['account_id'] == account_id]
    
    # If no clients match the specified account_id, return None
    if client_filter.empty:
        return None
    
    # Return the birthdate of the matching client
    return client_filter['birth_date'].iloc[0]

# Usage
loan_df = pd.DataFrame({
    'loan_id': [1, 2, 3],
    'account_id': [101, 102, 103],
    'date': ['1996/1/1', '1996/1/2', '1996/1/3'],
    'amount': [98832, 98833, 98834],
    'duration': [12, 24, 36],
    'payments': [12, 24, 36],
    'status': ['active', 'inactive', 'active']
})

client_df = pd.DataFrame({
    'account_id': [101, 102, 103],
    'client_id': [1001, 1002, 1003],
    'birth_date': ['1990/1/1', '1991/1/1', '1992/1/1'],
    'district_id': [1, 2, 3]
})

print(client_birthdate(loan_df, client_df))
```",,0,"['account', 'client', 'loan']",call_error: 'account_id',,,,,,,
114,"For the first client who opened his/her account in Prague, what is his/her account ID?",1,0,"```python
import pandas as pd

def get_account_id(df_account, df_district):
    # Filter districts where A2 is Prague (assuming A2 is the column for Prague)
    prague_district = df_district[df_district['A2'] == 'Prague']

    # Get the district_id of the Prague district
    prague_district_id = prague_district['district_id'].unique()[0]

    # Filter accounts for the first client who opened their account in Prague
    first_account = df_account[df_account['district_id'] == prague_district_id].sort_values(by='date').head(1)

    # Return the account ID
    return first_account['account_id'].values[0]
```",,0,"['account', 'client', 'district']",call_error: index 0 is out of bounds for axis 0 with size 0,,,,,,,
114,"For the first client who opened his/her account in Prague, what is his/her account ID?",1,1,"```python
import pandas as pd

def get_account_id(df_account, df_district):
    prague_district_id = df_district[df_district['A2'] == 'Prague']['district_id'].iloc[0]
    first_account_id = df_account[df_account['district_id'] == prague_district_id].sort_values(by='date')['account_id'].iloc[0]
    return first_account_id

# Assuming df_account and df_district are already loaded DataFrames
first_account_id = get_account_id(df_account, df_district)
print(first_account_id)
```",,0,"['account', 'district']",call_error: single positional indexer is out-of-bounds,,,,,,,
114,"For the first client who opened his/her account in Prague, what is his/her account ID?",1,2,"```python
import pandas as pd

def get_first_account_id(df_account, df_district):
    prague_district_id = df_district.loc[df_district['A2'] == 'Praha', 'district_id'].iloc[0]
    first_account_id = df_account.loc[(df_account['district_id'] == prague_district_id) & 
                                        (df_account['date'] == df_account['date'].min()), 'account_id'].iloc[0]
    return first_account_id
```

```python
# Usage
first_account_id = get_first_account_id(account, district)
print(first_account_id)
```",,0,"['account', 'district']",call_error: single positional indexer is out-of-bounds,,,,,,,
114,"For the first client who opened his/her account in Prague, what is his/her account ID?",1,3,"```python
import pandas as pd

def get_account_id_for_first_prague_client(df_account, df_district):
    # Filter district to Prague
    prague_district = df_district[df_district['A2'] == 'Prague']

    # Filter account to first account opened in Prague
    first_account = df_account[df_account['district_id'].isin(prague_district['district_id'])].sort_values('date').head(1)

    # Return account ID
    return first_account['account_id'].iloc[0]
```",,0,"['account', 'client', 'district']",call_error: single positional indexer is out-of-bounds,,,,,,,
114,"For the first client who opened his/her account in Prague, what is his/her account ID?",1,4,"```python
import pandas as pd

def get_account_id(prague_district_id):
    prague_df = district[district_id == prague_district_id]
    first_client_df = account[account['date'].isin(prague_df['A2'])]
    return first_client_df['account_id'].iloc[0]
```

Please note that you should replace 'A2' with the actual column name where the district of the client is stored. 

Also, this function assumes that there is only one client from Prague. If there are multiple clients from Prague, this function will return the account ID of the first client it encounters. 

This function will raise an error if there are no clients from Prague. You might want to add error checking code to handle this case. 

```python
def get_account_id(prague_district_id):
    try:
        prague_df = district[district_id == prague_district_id]
        first_client_df = account[account['date'].isin(prague_df['A2'])]
        return first_client_df['account_id'].iloc[0]
    except IndexError:
        return None  # or any other value that makes sense for your application
```",,0,"['account', 'client', 'district']",call_error: name 'district_id' is not defined,,,,,,,
115,"For the branch which located in the south Bohemia with biggest number of inhabitants, what is the percentage of the male clients?",1,0,"```python
import pandas as pd

def calculate_male_percentage(df_client, df_district):
    # Filter the district which is located in the south Bohemia with the biggest number of inhabitants
    south_bohemia_district = df_district.loc[
        (df_district['A2'] == 'Jihočeský') & 
        (df_district['A3'] == 'Jihočeský') & 
        (df_district['A4'] == 'Jihočeský') & 
        (df_district['A5'] == 'Jihočeský') & 
        (df_district['A6'] == 'Jihočeský') & 
        (df_district['A7'] == 'Jihočeský') & 
        (df_district['A8'] == 'Jihočeský') & 
        (df_district['A9'] == 'Jihočeský') & 
        (df_district['A10'] == 'Jihočeský') & 
        (df_district['A11'] == 'Jihočeský') & 
        (df_district['A12'] == 'Jihočeský') & 
        (df_district['A13'] == 'Jihočeský') & 
        (df_district['A14'] == 'Jihočeský') & 
        (df_district['A15'] == 'Jihočeský') & 
        (df_district['A16'] == 'Jihočeský')
    ].index[0]

    # Filter the clients from the south Bohemia district
    south_bohemia_clients = df_client[df_client['district_id'] == south_bohemia_district]

    # Calculate the percentage of male clients
    male_percentage = (south_bohemia_clients[south_bohemia_clients['gender'] == 'male'].shape[0] / 
                        south_bohemia_clients.shape[0]) * 100

    return male_percentage
```

```python
# Example usage:
male_percentage = calculate_male_percentage(df_client, df_district)
print(male_percentage)
```",,0,"['client', 'district']",call_error: index 0 is out of bounds for axis 0 with size 0,,,,,,,
115,"For the branch which located in the south Bohemia with biggest number of inhabitants, what is the percentage of the male clients?",1,1,"```python
import pandas as pd

def calculate_male_percentage(df_client, df_district):
    # Filter district to south Bohemia
    south_bohemia_districts = df_district.loc[df_district['A2'] == 'Jihozápad']
    
    # Get district with biggest number of inhabitants
    max_inhabitants_district_id = south_bohemia_districts['district_id'].loc[south_bohemia_districts['A16'].idxmax()]
    
    # Filter clients to the district with biggest number of inhabitants
    clients_in_district = df_client.loc[df_client['district_id'] == max_inhabitants_district_id]
    
    # Calculate percentage of male clients
    male_clients_percentage = (clients_in_district['gender'] == 'male').sum() / len(clients_in_district)
    
    return male_clients_percentage
```",,0,"['client', 'district']",call_error: attempt to get argmax of an empty sequence,,,,,,,
115,"For the branch which located in the south Bohemia with biggest number of inhabitants, what is the percentage of the male clients?",1,2,"```python
import pandas as pd

def south_bohemia_male_clients(client, district, client_count):
    # Filter the district to the one in south Bohemia with the biggest number of inhabitants
    south_bohemia_district = district[district['A2'] == 'Jihozápad'].groupby('district_id').size().idxmax()
    
    # Merge the client and district DataFrames
    merged_df = pd.merge(client, district, left_on='district_id', right_on='district_id')
    
    # Filter the merged DataFrame to the south Bohemia district
    south_bohemia_df = merged_df[merged_df['district_id'] == south_bohemia_district.name]
    
    # Count the total number of clients in the south Bohemia district
    total_clients = south_bohemia_df.shape[0]
    
    # Count the number of male clients in the south Bohemia district
    male_clients = south_bohemia_df[south_bohemia_df['gender'] == 'male'].shape[0]
    
    # Calculate the percentage of male clients
    percentage_male_clients = (male_clients / total_clients) * 100
    
    return percentage_male_clients

# Assuming client_count is the total number of clients
client_count = client.shape[0]
percentage = south_bohemia_male_clients(client, district, client_count)
print(f'The percentage of male clients in the south Bohemia district is {percentage:.2f}%')
```",,1,"['client', 'district']",call_error: attempt to get argmax of an empty sequence,,,,,,,
115,"For the branch which located in the south Bohemia with biggest number of inhabitants, what is the percentage of the male clients?",1,3,"```python
import pandas as pd

def calculate_male_percentage(df_client, df_district):
    # Filter the district with the biggest number of inhabitants
    max_inhabitants_district = df_district.loc[df_district['A2'].idxmax()]
    
    # Filter the clients from the district with the biggest number of inhabitants
    clients_in_max_district = df_client[df_client['district_id'] == max_inhabitants_district['district_id']]
    
    # Filter the male clients
    male_clients = clients_in_max_district[clients_in_max_district['gender'] == 'male']
    
    # Calculate the percentage of male clients
    male_percentage = (len(male_clients) / len(clients_in_max_district)) * 100
    
    return male_percentage

# Example usage
df_client = pd.DataFrame({
    'client_id': [1, 2, 3],
    'gender': ['male', 'female', 'male'],
    'birth_date': ['1990-01-01', '1991-01-01', '1992-01-01'],
    'district_id': [1, 2, 3]
})

df_district = pd.DataFrame({
    'district_id': [1, 2, 3],
    'A2': [1000, 2000, 3000]
})

male_percentage = calculate_male_percentage(df_client, df_district)
print(male_percentage)
```",,0,"['client', 'district']",,0.0,True,False,,,,
115,"For the branch which located in the south Bohemia with biggest number of inhabitants, what is the percentage of the male clients?",1,4,"```python
import pandas as pd

def percentage_male_clients_south_bohemia(df_client, df_district):
    # Filter district_id for south Bohemia
    south_bohemia_district_id = df_district.loc[df_district['A2'] == 'Jihočeský', 'district_id'].tolist()
    
    # Filter clients in south Bohemia
    south_bohemia_clients = df_client[df_client['district_id'].isin(south_bohemia_district_id)]
    
    # Find the district with the biggest number of inhabitants
    south_bohemia_district_id_max = df_district.loc[df_district['A2'] == 'Jihočeský', 'district_id'].value_counts().idxmax()
    
    # Filter clients in the district with the biggest number of inhabitants
    biggest_district_clients = south_bohemia_clients[south_bohemia_clients['district_id'] == south_bohemia_district_id_max]
    
    # Calculate percentage of male clients
    percentage_male = (biggest_district_clients['gender'] == 'male').mean() * 100
    
    return percentage_male

# Assuming df_client and df_district are loaded DataFrames
percentage_male = percentage_male_clients_south_bohemia(df_client, df_district)
print(percentage_male)
```",,0,"['client', 'district']",call_error: attempt to get argmax of an empty sequence,,,,,,,
116,"For the client whose loan was approved first in 1993/7/5, what is the increase rate of his/her account balance from 1993/3/22 to 1998/12/27?",2,0,"```python
import pandas as pd

def compute_account_balance_increase(df_loan, df_account, df_trans, start_date, end_date):
    # Filter the loan with the earliest approved date in 1993/7/5
    earliest_loan = df_loan.loc[df_loan['date'].apply(lambda x: pd.to_datetime(x) if isinstance(x, str) else x).idxmin()]
    
    # Get the account_id of the approved loan
    account_id = earliest_loan['account_id']
    
    # Filter the transactions of the account
    account_trans = df_trans[df_trans['account_id'] == account_id]
    
    # Filter the transactions to the desired date range
    account_trans_range = account_trans[(account_trans['date'] >= start_date) & (account_trans['date'] <= end_date)]
    
    # Group by date and calculate the sum of operations
    account_balance = account_trans_range.groupby('date')['amount'].sum().reset_index()
    
    # Rename the columns for clarity
    account_balance.columns = ['date', 'balance']
    
    # Ensure the balance is numeric
    account_balance['balance'] = pd.to_numeric(account_balance['balance'])
    
    # Calculate the increase rate
    account_balance['increase_rate'] = account_balance['balance'].pct_change()
    
    # Return the last row (the increase rate from the start date to the end date)
    return account_balance['increase_rate'].iloc[-1]

# Define the start and end dates
start_date = '1993-03-22'
end_date = '1998-12-27'

# Compute the increase rate
increase_rate = compute_account_balance_increase(df_loan, df_account, df_trans, start_date, end_date)

print(increase_rate)
```",,0,"['account', 'loan', 'trans']","call_error: Operands are not aligned. Do `left, right = left.align(right, axis=1)` before operating.",,,,,,,
116,"For the client whose loan was approved first in 1993/7/5, what is the increase rate of his/her account balance from 1993/3/22 to 1998/12/27?",2,1,"```python
import pandas as pd

def increase_rate(df_loan, df_account, df_trans):
    # Filter loan with first approved date in 1993/7/5
    first_approved_loan = df_loan.loc[df_loan['date'] == '1993/7/5'].head(1)
    
    # Get account_id of the first approved loan
    account_id = first_approved_loan['account_id'].iloc[0]
    
    # Filter transactions for the account
    account_trans = df_trans[df_trans['account_id'] == account_id]
    
    # Filter account transactions to those with operation 'deposit' or 'withdraw'
    account_trans_filtered = account_trans[account_trans['operation'].isin(['deposit', 'withdraw'])]
    
    # Group transactions by date and sum amount
    account_trans_sum = account_trans_filtered.groupby('date')['amount'].sum().reset_index()
    
    # Rename columns for easier merging
    account_trans_sum.columns = ['date', 'balance']
    
    # Filter account balance for dates between 1993/3/22 and 1998/12/27
    account_balance = account_trans_sum[(account_trans_sum['date'] >= '1993/3/22') & (account_trans_sum['date'] <= '1998/12/27')]
    
    # Group balance by date and calculate increase rate
    account_balance['balance'] = account_balance['balance'].shift(1)
    account_balance['increase_rate'] = ((account_balance['balance'] - account_balance['balance'].shift(1)) / account_balance['balance'].shift(1)) * 100
    
    # Return increase rate
    return account_balance['increase_rate'].fillna(0)
```",,0,"['account', 'loan', 'trans']",,"Series([], Name: increase_rate, dtype: float64)",True,False,,,,
116,"For the client whose loan was approved first in 1993/7/5, what is the increase rate of his/her account balance from 1993/3/22 to 1998/12/27?",2,2,"```python
import pandas as pd

def account_balance_increase_rate(df_loan, df_account, df_trans):
    # Filter loan with approved status
    approved_loan = df_loan[df_loan['status'] == 'approved']
    
    # Get the first approved loan in 1993/7/5
    first_approved_loan = approved_loan[approved_loan['date'] == '1993/7/5'].head(1)
    
    # Get the account_id from the first approved loan
    account_id = first_approved_loan['account_id'].values[0]
    
    # Filter transactions for the account_id
    transactions = df_trans[df_trans['account_id'] == account_id]
    
    # Filter transactions for the period from 1993/3/22 to 1998/12/27
    transactions_period = transactions[(transactions['date'] >= '1993/3/22') & (transactions['date'] <= '1998/12/27')]
    
    # Group transactions by date and calculate the balance
    balance = transactions_period.groupby('date')['balance'].last().reset_index()
    
    # Calculate the increase rate of account balance
    balance['increase_rate'] = balance['balance'].pct_change()
    
    # Return the increase rate
    return balance['increase_rate'].fillna(0)
```

```python
# Usage
increase_rate = account_balance_increase_rate(df_loan, df_account, df_trans)
print(increase_rate)
```",,0,"['account', 'loan', 'trans']",call_error: index 0 is out of bounds for axis 0 with size 0,,,,,,,
116,"For the client whose loan was approved first in 1993/7/5, what is the increase rate of his/her account balance from 1993/3/22 to 1998/12/27?",2,3,"```python
import pandas as pd

def account_balance_increase_rate(df_loan, df_account, df_trans, date_approved):
    # Filter loans approved on the given date
    loan_approved = df_loan[df_loan['date'] == date_approved]
    
    # Get the account_id of the loan approved first
    account_id = loan_approved['account_id'].min()
    
    # Filter transactions for the account_id
    trans_account = df_trans[df_trans['account_id'] == account_id]
    
    # Filter transactions by date range
    trans_start = trans_account[trans_account['date'] <= '1993-03-22']
    trans_end = trans_account[trans_account['date'] <= '1998-12-27']
    
    # Calculate the balance at the start and end dates
    balance_start = trans_start['balance'].max()
    balance_end = trans_end['balance'].max()
    
    # Calculate the increase rate
    increase_rate = (balance_end - balance_start) / balance_start * 100
    
    return increase_rate

# Example usage
date_approved = '1993-07-05'
increase_rate = account_balance_increase_rate(df_loan, df_account, df_trans, date_approved)
print(increase_rate)
```

This function assumes that the DataFrames `df_loan`, `df_account`, and `df_trans` are already loaded and available. It filters the loans approved on the given date, gets the account_id of the loan approved first, filters the transactions for this account_id, calculates the balance at the start and end dates, and finally calculates the increase rate.",,0,"['account', 'loan', 'trans']","call_error: Operands are not aligned. Do `left, right = left.align(right, axis=1)` before operating.",,,,,,,
116,"For the client whose loan was approved first in 1993/7/5, what is the increase rate of his/her account balance from 1993/3/22 to 1998/12/27?",2,4,"```python
import pandas as pd

def account_balance_increase_rate(df_loan, df_trans, start_date, end_date):
    # Filter loans approved first in 1993/7/5
    loan_id = df_loan[df_loan['date'] == '1993/7/5']['loan_id'].iloc[0]
    
    # Filter transactions for the loan
    trans_df = df_trans[df_trans['account_id'] == loan_id]
    
    # Filter transactions by date
    trans_df = trans_df[(trans_df['date'] >= start_date) & (trans_df['date'] <= end_date)]
    
    # Group transactions by account_id and calculate sum of amount
    balance_change = trans_df.groupby('account_id')['amount'].sum().reset_index()
    
    # Calculate increase rate
    balance_change['increase_rate'] = balance_change['amount'] / balance_change['amount'].shift(1)
    
    # Return the increase rate for the first account_id
    return balance_change['increase_rate'].iloc[1]

# Assuming the DataFrames are already loaded
start_date = '1993/3/22'
end_date = '1998/12/27'
print(account_balance_increase_rate(df_loan, df_trans, start_date, end_date))
```",,0,"['account', 'loan', 'trans']","call_error: Operands are not aligned. Do `left, right = left.align(right, axis=1)` before operating.",,,,,,,
117,What is the percentage of loan amount that has been fully paid with no issue.,0,0,"```python
import pandas as pd

def fully_paid_loans(df):
    fully_paid = df[df['status'] == 'fully paid']
    total_amount = df['amount'].sum()
    fully_paid_amount = fully_paid['amount'].sum()
    
    if total_amount == 0:
        return 0
    else:
        return (fully_paid_amount / total_amount) * 100

fully_paid_percent = fully_paid_loans(loan)
print(fully_paid_percent)
```",,0,['loan'],call_error: 'status',,,,,,,
117,What is the percentage of loan amount that has been fully paid with no issue.,0,1,"```python
import pandas as pd

def fully_paid_loans(df):
    fully_paid = df[df['status'] == 'fully_paid']
    total_loans = df.shape[0]
    fully_paid_amount = fully_paid['amount'].sum()
    
    if total_loans == 0:
        return 0
    else:
        return (fully_paid_amount / total_loans) * 100
```

```python
# Assuming the DataFrames are loaded as loan_df
fully_paid_percentage = fully_paid_loans(loan_df)
print(fully_paid_percentage)
```",,0,['loan'],call_error: 'status',,,,,,,
117,What is the percentage of loan amount that has been fully paid with no issue.,0,2,"```python
import pandas as pd

def fully_paid_loans(df):
    fully_paid = df[df['status'] == 'fully_paid']
    fully_paid_amount = fully_paid['amount'].sum()
    total_amount = df['amount'].sum()
    return (fully_paid_amount / total_amount) * 100

fully_paid_percentage = fully_paid_loans(loan)
print(fully_paid_percentage)
```",,0,['loan'],call_error: 'status',,,,,,,
117,What is the percentage of loan amount that has been fully paid with no issue.,0,3,"```python
import pandas as pd

def fully_paid_percentage(df):
    fully_paid = df[df['status'] == 'fully_paid']
    fully_paid_count = len(fully_paid)
    total_loans = len(df)
    fully_paid_percentage = (fully_paid_count / total_loans) * 100
    return fully_paid_percentage
```

You can use this function like this:

```python
fully_paid_percentage = fully_paid_percentage(loan_df)
print(fully_paid_percentage)
```",,0,['loan'],call_error: 'status',,,,,,,
117,What is the percentage of loan amount that has been fully paid with no issue.,0,4,"```python
import pandas as pd

def percentage_paid_loans(df):
    paid_loans = df[df['status'] == 'fully paid']
    percentage = (len(paid_loans) / len(df)) * 100
    return percentage
```",,0,['loan'],call_error: 'status',,,,,,,
118,"For loan amount less than USD100,000, what is the percentage of accounts that is still running with no issue.",0,0,"```python
import pandas as pd

def calculate_running_loans_percentage(df):
    # Filter loans with amount less than 100,000
    filtered_loans = df[df['amount'] < 100000]

    # Filter loans with status 'in progress'
    running_loans = filtered_loans[filtered_loans['status'] == 'in progress']

    # Calculate percentage of accounts that are still running with no issue
    percentage_running_loans = (len(running_loans) / len(filtered_loans)) * 100

    return percentage_running_loans
```

```python
import pandas as pd

def calculate_running_loans_percentage(df):
    # Filter loans with amount less than 100,000
    filtered_loans = df[df['amount'] < 100000]

    # Calculate percentage of accounts that are still running with no issue
    percentage_running_loans = ((filtered_loans['status'] == 'in progress').sum() / 
                                (filtered_loans['status'] != 'default').sum()) * 100

    return percentage_running_loans
```

```python
import pandas as pd

def calculate_running_loans_percentage(df):
    # Filter loans with amount less than 100,000
    filtered_loans = df[df['amount'] < 100000]

    # Calculate percentage of accounts that are still running with no issue
    percentage_running_loans = ((filtered_loans['status'] == 'in progress').sum() / 
                                (filtered_loans['status'].value_counts().shape[0])) * 100

    return percentage_running_loans
```",,0,"['account', 'loan']",call_error: 'amount',,,,,,,
118,"For loan amount less than USD100,000, what is the percentage of accounts that is still running with no issue.",0,1,"```python
import pandas as pd

def loan_status_feature(df):
    # Filter loans with amount less than 100,000
    filtered_loans = df[df['amount'] < 100000]
    
    # Count the number of loans with status 'Active' and 'No Issue'
    active_no_issue_count = filtered_loans[(filtered_loans['status'] == 'Active') & (filtered_loans['duration'] == 'No Issue')].shape[0]
    
    # Calculate the percentage
    percentage = (active_no_issue_count / filtered_loans.shape[0]) * 100
    
    return percentage
```

```python
import pandas as pd

def loan_status_feature(df):
    # Filter loans with amount less than 100,000
    filtered_loans = df[df['amount'] < 100000]
    
    # Count the number of loans with status 'Active' and 'No Issue'
    active_no_issue_count = filtered_loans[(filtered_loans['status'] == 'Active') & (filtered_loans['duration'] == 'No Issue')].shape[0]
    
    # Calculate the percentage
    percentage = (active_no_issue_count / filtered_loans.shape[0]) * 100
    
    return percentage

# Apply the function to the 'loan' DataFrame
result = loan_status_feature(loan)

# Print the result
print(result)
```

```python
import pandas as pd

def loan_status_feature(df):
    # Filter loans with amount less than 100,000
    filtered_loans = df[df['amount'] < 100000]
    
    # Count the number of loans with status 'Active' and 'No Issue'
    active_no_issue_count = filtered_loans[(filtered_loans['status'] == 'Active') & (filtered_loans['duration'] == 'No Issue')].shape[0]
    
    # Calculate the percentage
    percentage = (active_no_issue_count / filtered_loans.shape[0]) * 100
    
    return percentage

# Apply the function to the 'loan' DataFrame
result = loan_status_feature(loan)

# Print the result
print(f""The percentage of accounts that is still running with no issue is {result:.2f}%"")
```",,0,['loan'],call_error: 'amount',,,,,,,
118,"For loan amount less than USD100,000, what is the percentage of accounts that is still running with no issue.",0,2,"```python
import pandas as pd

def percentage_running_loans(df):
    # Filter loans with amount less than 100,000
    filtered_loans = df[df['amount'] < 100000]
    
    # Count the number of loans that are still running
    running_loans = filtered_loans[filtered_loans['status'] == 'Running']
    
    # Calculate the percentage of running loans
    percentage_running = (len(running_loans) / len(filtered_loans)) * 100
    
    return percentage_running
```

```python
# Example usage:
percentage_running = percentage_running_loans(loan)
print(percentage_running)
```",,0,['loan'],call_error: 'amount',,,,,,,
118,"For loan amount less than USD100,000, what is the percentage of accounts that is still running with no issue.",0,3,"```python
import pandas as pd

def compute_feature(loan_df):
    # Filter loans with amount less than 100,000
    filtered_loans = loan_df[loan_df['amount'] < 100000]

    # Filter loans with status 'active'
    active_loans = filtered_loans[filtered_loans['status'] == 'active']

    # Calculate percentage of accounts still running with no issue
    percentage_running = (len(active_loans) / len(filtered_loans)) * 100

    return percentage_running
```

```python
# Example usage
loan_df = pd.DataFrame({
    'loan_id': [1, 2, 3, 4, 5],
    'account_id': [101, 102, 103, 104, 105],
    'date': ['2022-01-01', '2022-01-02', '2022-01-03', '2022-01-04', '2022-01-05'],
    'amount': [50000, 100000, 200000, 50000, 60000],
    'duration': [12, 24, 36, 12, 24],
    'payments': [10, 20, 30, 10, 20],
    'status': ['active', 'inactive', 'active', 'active', 'inactive']
})

percentage_running = compute_feature(loan_df)
print(percentage_running)
```",,0,"['account', 'loan']",,0.0,False,False,semantic,0.0,[[46.885245901639344]],False
118,"For loan amount less than USD100,000, what is the percentage of accounts that is still running with no issue.",0,4,"```python
import pandas as pd

def loan_status_percentage(df):
    # Filter loans with amount less than 100,000
    filtered_loans = df[df['amount'] < 100000]

    # Calculate percentage of accounts that are still running with no issue
    still_running = filtered_loans[filtered_loans['status'] == 'running']
    total_accounts = filtered_loans['account_id'].nunique()
    percentage_running = (still_running.shape[0] / total_accounts) * 100

    return percentage_running
```

```python
import pandas as pd

# Assuming df is the loan DataFrame
percentage_running = loan_status_percentage(df)

print(f""The percentage of accounts that is still running with no issue for loans amount less than USD100,000 is: {percentage_running:.2f}%"")
```",,0,"['account', 'loan']",call_error: 'amount',,,,,,,
119,"For accounts in 1993 with statement issued after transaction, list the account ID, district name and district region.",1,0,"```python
import pandas as pd

def compute_district_features(df_account, df_district):
    # Filter accounts in 1993
    accounts_1993 = df_account[df_account['date'].str.contains('1993')]

    # Ensure 'date' is of datetime type
    accounts_1993['date'] = pd.to_datetime(accounts_1993['date'])

    # Extract year, month, and day
    accounts_1993['year'] = accounts_1993['date'].dt.year
    accounts_1993['month'] = accounts_1993['date'].dt.month
    accounts_1993['day'] = accounts_1993['date'].dt.day

    # Filter accounts where statement issued after transaction
    accounts_after_transaction = accounts_1993[accounts_1993['day'] > accounts_1993['month']]

    # Merge account and district DataFrames
    merged_df = pd.merge(accounts_after_transaction, df_district, left_on='district_id', right_on='district_id', how='inner')

    # Extract district name and region
    merged_df['district_name'] = merged_df['A2'] + ' ' + merged_df['A3'] + ' ' + merged_df['A4'] + ' ' + merged_df['A5'] + ' ' + merged_df['A6'] + ' ' + merged_df['A7'] + ' ' + merged_df['A8'] + ' ' + merged_df['A9'] + ' ' + merged_df['A10'] + ' ' + merged_df['A11'] + ' ' + merged_df['A12'] + ' ' + merged_df['A13'] + ' ' + merged_df['A14'] + ' ' + merged_df['A15'] + ' ' + merged_df['A16']
    merged_df['district_region'] = merged_df['A1']

    # Output the desired features
    desired_features = merged_df[['account_id', 'district_name', 'district_region']]
    return desired_features
```",,1,"['account', 'district', 'trans']",call_error: 'date',,,,,,,
119,"For accounts in 1993 with statement issued after transaction, list the account ID, district name and district region.",1,1,"```python
import pandas as pd

def compute_feature(df_account, df_district):
    # Filter accounts in 1993 with statement issued after transaction
    df_account['date'] = pd.to_datetime(df_account['date'])
    df_account['transaction_year'] = df_account['date'].dt.year
    df_account['statement_year'] = df_account['date'].dt.year
    df_account['is_after_transaction'] = (df_account['transaction_year'] + 1 == df_account['statement_year'])

    df_account_1993 = df_account[df_account['transaction_year'] == 1993]

    # Merge account and district DataFrames
    df_account_1993 = pd.merge(df_account_1993, df_district, left_on='district_id', right_on='district_id')

    # Select required columns and rename district name column
    df_account_1993 = df_account_1993[['account_id', 'A2', 'A3', 'A4', 'A5', 'A6', 'A7', 'A8', 'A9', 'A10', 'A11', 'A12', 'A13', 'A14', 'A15', 'A16']]
    df_account_1993.columns = ['account_id', 'district_name', 'A7', 'A8', 'A9', 'A10', 'A11', 'A12', 'A13', 'A14', 'A15', 'A16']

    # Select district region columns
    df_account_1993 = df_account_1993[['account_id', 'district_name', 'A7', 'A8', 'A9', 'A10', 'A11', 'A12', 'A13', 'A14', 'A15', 'A16']]

    return df_account_1993
```",,1,"['account', 'district', 'trans']",call_error: 'date',,,,,,,
119,"For accounts in 1993 with statement issued after transaction, list the account ID, district name and district region.",1,2,"```python
import pandas as pd

def compute_feature(accounts, district):
    # Filter accounts in 1993
    accounts_1993 = accounts[accounts['date'].str.contains('1993')]

    # Filter accounts where statement issued after transaction
    accounts_after_transaction = accounts_1993[accounts_1993['date'].str.contains('statement', after=True)]

    # Merge accounts with district data
    merged_accounts = pd.merge(accounts_after_transaction, district, left_on='district_id', right_on='district_id')

    # Extract district name and region
    district_name = merged_accounts[['account_id', 'A2', 'A3', 'A4', 'A5', 'A6', 'A7', 'A8', 'A9', 'A10', 'A11', 'A12', 'A13', 'A14', 'A15', 'A16']]
    district_name = district_name.rename(columns={'A2': 'district_name', 'A3': 'region'})
    district_name = district_name[['account_id', 'district_name', 'region']]

    return district_name
```

```python
# Example usage:
accounts = pd.DataFrame({
    'account_id': [1, 2, 3],
    'district_id': [101, 102, 103],
    'frequency': [1, 2, 3],
    'date': ['1993-01-01', '1994-01-01', '1995-01-01']
})

district = pd.DataFrame({
    'district_id': [101, 102, 103],
    'A2': ['North', 'South', 'East'],
    'A3': ['A', 'B', 'C'],
    'A4': ['D', 'E', 'F'],
    'A5': ['G', 'H', 'I'],
    'A6': ['J', 'K', 'L'],
    'A7': ['M', 'N', 'O'],
    'A8': ['P', 'Q', 'R'],
    'A9': ['S', 'T', 'U'],
    'A10': ['V', 'W', 'X'],
    'A11': ['Y', 'Z', 'AA'],
    'A12': ['AB', 'AC', 'AD'],
    'A13': ['AE', 'AF', 'AG'],
    'A14': ['AH', 'AI', 'AJ'],
    'A15': ['AK', 'AL', 'AM'],
    'A16': ['AN', 'AO', 'AP']
})

result = compute_feature(accounts, district)
print(result)
```",,1,"['account', 'district', 'trans']",call_error: 'date',,,,,,,
119,"For accounts in 1993 with statement issued after transaction, list the account ID, district name and district region.",1,3,"```python
import pandas as pd

def compute_feature(accounts, district):
    # Filter accounts in 1993 with statement issued after transaction
    accounts_filtered = accounts[(accounts['date'].str[:4] == '1993') & 
                                  (accounts['date'].str[5:10].str.isdigit())]

    # Merge accounts with district
    merged_data = pd.merge(accounts_filtered, district, left_on='district_id', right_on='district_id')

    # Extract district name and region
    merged_data['district_name'] = merged_data['A2'] + ' ' + merged_data['A3'] + ' ' + merged_data['A4'] + ' ' + merged_data['A5']
    merged_data['district_region'] = merged_data['A6'] + ' ' + merged_data['A7'] + ' ' + merged_data['A8'] + ' ' + merged_data['A9']

    # Select required columns
    result = merged_data[['account_id', 'district_name', 'district_region']]

    return result
```

```python
# Example usage:
accounts = pd.DataFrame({
    'account_id': [1, 2, 3],
    'district_id': [101, 102, 103],
    'frequency': ['monthly', 'quarterly', 'monthly'],
    'date': ['1993-01-01', '1993-02-01', '1993-03-01']
})

district = pd.DataFrame({
    'district_id': [101, 102, 103],
    'A2': ['District 1', 'District 2', 'District 3'],
    'A3': ['A', 'B', 'C'],
    'A4': ['A', 'B', 'C'],
    'A5': ['A', 'B', 'C'],
    'A6': ['Region 1', 'Region 2', 'Region 3'],
    'A7': ['A', 'B', 'C'],
    'A8': ['A', 'B', 'C'],
    'A9': ['A', 'B', 'C'],
    'A10': ['A', 'B', 'C'],
    'A11': ['A', 'B', 'C'],
    'A12': ['A', 'B', 'C'],
    'A13': ['A', 'B', 'C'],
    'A14': ['A', 'B', 'C'],
    'A15': ['A', 'B', 'C'],
    'A16': ['A', 'B', 'C']
})

result = compute_feature(accounts, district)
print(result)
```",,1,"['account', 'district', 'trans']",call_error: 'date',,,,,,,
119,"For accounts in 1993 with statement issued after transaction, list the account ID, district name and district region.",1,4,"```python
import pandas as pd

def compute_district_info(df_account, df_district):
    # Filter accounts in 1993 with statement issued after transaction
    accounts_1993 = df_account[df_account['date'].str.contains('1993') & 
                               (~df_account['date'].str.contains('statement')) & 
                               (~df_account['date'].str.contains('transaction'))]
    
    # Merge account and district DataFrames
    merged_df = pd.merge(accounts_1993, df_district, left_on='district_id', right_on='district_id')
    
    # Extract district name and region
    district_info = merged_df[['account_id', 'A2', 'A3']]
    
    return district_info
```

You can use this function by calling it with your DataFrames as arguments:

```python
compute_district_info(df_account, df_district)
```",,1,"['account', 'district', 'trans']",call_error: 'date',,,,,,,
120,"From Year 1995 to 2000, who are the accounts holders from 'east Bohemia'. State the account ID the frequency of statement issuance.",1,0,"```python
import pandas as pd

def east_bohemia_accounts(df_account, df_district):
    # Filter the accounts from 'east Bohemia'
    east_bohemia_district_id = df_district[df_district['A2'] == 'east Bohemia']['district_id'].values[0]
    
    # Filter the accounts from 'east Bohemia'
    east_bohemia_accounts = df_account[df_account['district_id'] == east_bohemia_district_id]
    
    # Filter the accounts from 'east Bohemia' between 1995 and 2000
    east_bohemia_accounts = east_bohemia_accounts[(east_bohemia_accounts['date'].str[:4].astype(int).apply(lambda x: 1995 <= x <= 2000))]
    
    # Extract the year from the date column
    east_bohemia_accounts['year'] = east_bohemia_accounts['date'].str[:4].astype(int)
    
    # Group the accounts by account ID and year, and calculate the frequency of statement issuance
    east_bohemia_accounts = east_bohemia_accounts.groupby(['account_id', 'year'])['frequency'].sum().reset_index()
    
    # Rename the columns
    east_bohemia_accounts.columns = ['account_id', 'year', 'frequency']
    
    return east_bohemia_accounts
```",,0,"['account', 'district']",call_error: index 0 is out of bounds for axis 0 with size 0,,,,,,,
120,"From Year 1995 to 2000, who are the accounts holders from 'east Bohemia'. State the account ID the frequency of statement issuance.",1,1,"```python
import pandas as pd

def accounts_from_east_bohemia(df_account, df_district):
    east_bohemia_district_id = df_district.loc[df_district['A2'] == 'east Bohemia', 'district_id'].values[0]

    filtered_accounts = df_account[
        (df_account['date'].dt.year >= 1995) & 
        (df_account['date'].dt.year <= 2000) & 
        (df_account['district_id'] == east_bohemia_district_id)
    ]

    result = filtered_accounts[['account_id', 'frequency']].value_counts().reset_index()
    result.columns = ['account_id', 'frequency_count']

    return result
```

```python
import pandas as pd

# Sample DataFrames
df_account = pd.DataFrame({
    'account_id': [1, 2, 3],
    'district_id': [101, 102, 103],
    'frequency': [1, 2, 3],
    'date': ['1995-01-01', '1996-01-01', '1997-01-01']
})

df_district = pd.DataFrame({
    'district_id': [101, 102, 103],
    'A2': ['east Bohemia', 'west Bohemia', 'east Bohemia']
})

# Call the function
result = accounts_from_east_bohemia(df_account, df_district)
print(result)
```",,0,"['account', 'district']",call_error: index 0 is out of bounds for axis 0 with size 0,,,,,,,
120,"From Year 1995 to 2000, who are the accounts holders from 'east Bohemia'. State the account ID the frequency of statement issuance.",1,2,"```python
import pandas as pd

def accounts_from_east_bohemia(df_account, df_district):
    # Filter district 'east Bohemia'
    east_bohemia_district = df_district[df_district['A2'] == 1]
    
    # Filter accounts from 'east Bohemia'
    accounts_east_bohemia = pd.merge(df_account, east_bohemia_district[['district_id']], on='district_id', how='inner')
    
    # Filter accounts from 'east Bohemia' from year 1995 to 2000
    accounts_east_bohemia = accounts_east_bohemia[(accounts_east_bohemia['date'].dt.year >= 1995) & (accounts_east_bohemia['date'].dt.year <= 2000)]
    
    # Group by account_id and calculate frequency of statement issuance
    accounts_east_bohemia = accounts_east_bohemia.groupby('account_id')['date'].count().reset_index()
    
    # Rename columns
    accounts_east_bohemia.columns = ['account_id', 'frequency']
    
    return accounts_east_bohemia
```",,1,"['account', 'district']",call_error: 'date',,,,,,,
120,"From Year 1995 to 2000, who are the accounts holders from 'east Bohemia'. State the account ID the frequency of statement issuance.",1,3,"```python
import pandas as pd

def account_frequency_east_bohemia(df_account, df_district):
    # Filter accounts from year 1995 to 2000
    filtered_account = df_account[(df_account['date'].dt.year >= 1995) & (df_account['date'].dt.year <= 2000)]

    # Filter accounts from 'east Bohemia'
    filtered_district = df_district[df_district['A2'] == 'east Bohemia']

    # Merge account and district DataFrames
    merged_df = pd.merge(filtered_account, filtered_district, left_on='district_id', right_on='district_id')

    # Select required columns
    required_columns = ['account_id', 'frequency']
    result_df = merged_df[['account_id', 'frequency']]

    return result_df
```",,1,"['account', 'district']",call_error: 'date',,,,,,,
120,"From Year 1995 to 2000, who are the accounts holders from 'east Bohemia'. State the account ID the frequency of statement issuance.",1,4,"```python
import pandas as pd

def account_holders_east_bohemia(df_account, df_district):
    # Filter accounts from year 1995 to 2000
    filtered_accounts = df_account[(df_account['date'].dt.year >= 1995) & (df_account['date'].dt.year <= 2000)]
    
    # Filter accounts from 'east Bohemia'
    east_bohemia_accounts = df_district[df_district['A2'] == 'east Bohemia']
    
    # Merge the two DataFrames on district_id
    merged_accounts = pd.merge(filtered_accounts, east_bohemia_accounts[['district_id']], on='district_id')
    
    # Group by account_id and count frequency
    result = merged_accounts.groupby('account_id')['frequency'].count().reset_index()
    
    return result
```

```python
# Example usage
account_holders_east_bohemia(df_account, df_district)
```",,1,"['account', 'district']",call_error: 'date',,,,,,,
121,List account ID and account opening date for accounts from 'Prachatice'.,1,0,"```python
import pandas as pd

def get_account_info(df_account, df_district):
    # Filter accounts from 'Prachatice' district
    prachatice_accounts = df_district[df_district['district_id'] == 'Prachatice']
    
    # Get account IDs and dates from filtered accounts
    account_ids = prachatice_accounts['account_id']
    account_dates = prachatice_accounts['date']
    
    # Merge account IDs and dates into a new DataFrame
    account_info = pd.DataFrame({
        'account_id': account_ids,
        'account_opening_date': account_dates
    })
    
    return account_info

# Usage
account_info = get_account_info(df_account, df_district)
print(account_info)
```

This function assumes that the DataFrames `df_account` and `df_district` are already loaded and contain the required information. The function filters accounts from the 'Prachatice' district, extracts the account IDs and dates, and returns a new DataFrame with this information.",,0,"['account', 'district']",call_error: 'account_id',,,,,,,
121,List account ID and account opening date for accounts from 'Prachatice'.,1,1,"```python
import pandas as pd

def get_account_info(accounts, districts):
    # Filter accounts from 'Prachatice'
    prachatice_accounts = accounts[accounts['district_id'].isin(districts[districts['district_id'] == 'Prachatice']['district_id'])]

    # Extract account ID and account opening date
    account_info = prachatice_accounts[['account_id', 'date']]

    return account_info
```

```python
# Example usage
account_info = get_account_info(accounts, districts)
print(account_info)
```

Note: This assumes that the 'date' column is the account opening date. If it's a different column, replace 'date' with the correct column name. 

Also, ensure that the 'district_id' in the 'accounts' DataFrame is of the same type as the 'district_id' in the 'districts' DataFrame to avoid potential errors. 

If 'district_id' is of string type, then the above code should work fine. But if it's of integer type, you might need to adjust the code to match the 'district_id' in the 'districts' DataFrame, which is likely a string. 

Here is the adjusted code:

```python
def get_account_info(accounts, districts):
    # Filter accounts from 'Prachatice'
    prachatice_district_id = districts[districts['district_id'] == 'Prachatice']['district_id'].iloc[0]
    prachatice_accounts = accounts[accounts['district_id'] == prachatice_district_id]

    # Extract account ID and account opening date
    account_info = prachatice_accounts[['account_id', 'date']]

    return account_info
```",,0,"['account', 'district']","call_error: ""['date'] not in index""",,,,,,,
121,List account ID and account opening date for accounts from 'Prachatice'.,1,2,"```python
import pandas as pd

def get_account_opening_data(df_account, df_district):
    # Filter accounts from 'Prachatice'
    prachatice_accounts = df_district[df_district['A2'] == 'Prachatice']
    
    # Merge accounts with district information
    merged_df = pd.merge(df_account, prachatice_accounts[['district_id']], on='district_id')
    
    # Filter accounts from 'Prachatice'
    prachatice_accounts_opened = merged_df[merged_df['district_id'] == prachatice_accounts['district_id'].iloc[0]]
    
    # Select account ID and account opening date
    result_df = prachatice_accounts_opened[['account_id', 'date']]
    
    return result_df
```",,1,"['account', 'district']","call_error: ""['date'] not in index""",,,,,,,
121,List account ID and account opening date for accounts from 'Prachatice'.,1,3,"```python
import pandas as pd

def get_account_info(accounts, districts):
    prachatice_district_id = districts[districts['A2'] == 'Prachatice']['district_id'].iloc[0]
    
    prachatice_accounts = accounts[accounts['district_id'] == prachatice_district_id]
    
    prachatice_accounts['date'] = pd.to_datetime(prachatice_accounts['date'])
    
    result = prachatice_accounts[['account_id', 'date']]
    
    return result
```

You can use this function with your DataFrames like this:

```python
result = get_account_info(accounts, districts)
print(result)
```",,0,"['account', 'district']",call_error: 'date',,,,,,,
121,List account ID and account opening date for accounts from 'Prachatice'.,1,4,"```python
import pandas as pd

def get_account_opening_info(df_account, df_district):
    # Filter accounts from 'Prachatice'
    prachatice_accounts = df_district[df_district['district_id'] == 'Prachatice']
    
    # Merge accounts with district information
    merged_df = pd.merge(df_account, prachatice_accounts[['district_id']], on='district_id', how='inner')
    
    # Filter accounts with valid district information
    valid_accounts = merged_df[merged_df['district_id'] == 'Prachatice']
    
    # Return account ID and account opening date
    return valid_accounts[['account_id', 'date']]
```

```python
# Usage
account_opening_info = get_account_opening_info(df_account, df_district)
print(account_opening_info)
```",,1,"['account', 'district']","call_error: ""['date'] not in index""",,,,,,,
122,State the district and region for loan ID '4990'.,2,0,"```python
import pandas as pd

def get_district_and_region(loan_df, account_df, district_df):
    # Merge account and loan dataframes
    merged_df = pd.merge(loan_df, account_df, on='account_id')
    
    # Merge with district dataframe
    merged_df = pd.merge(merged_df, district_df, on='district_id')
    
    # Filter for loan ID '4990'
    result = merged_df[merged_df['loan_id'] == 4990][['district_id', 'A2', 'A3', 'A4', 'A5', 'A6', 'A7', 'A8', 'A9', 'A10', 'A11', 'A12', 'A13', 'A14', 'A15', 'A16']]
    
    return result
```",,2,"['account', 'district', 'loan']","call_error: ""['A2'] not in index""",,,,,,,
122,State the district and region for loan ID '4990'.,2,1,"```python
import pandas as pd

def get_district_region(df_loan, df_account, df_district):
    # Merge account and loan DataFrames
    account_loan = pd.merge(df_account, df_loan, on='account_id')
    
    # Merge account and client DataFrames
    account_client = pd.merge(account_loan, df_client, on='district_id')
    
    # Merge account and district DataFrames
    account_district = pd.merge(account_client, df_district, on='district_id')
    
    # Filter for loan ID '4990'
    loan_info = account_district[account_district['loan_id'] == 4990]
    
    # Extract district and region
    district_region = loan_info[['district_id', 'A2']].drop_duplicates()
    
    return district_region
```",,3,"['account', 'client', 'district', 'loan']","call_error: ""['A2'] not in index""",,,,,,,
122,State the district and region for loan ID '4990'.,2,2,"```python
import pandas as pd

def get_district_and_region(df_loan, df_account, df_district):
    # Merge the loan and account DataFrames
    df_loan_account = pd.merge(df_loan, df_account, on='account_id')
    
    # Merge the result with the district DataFrame
    df_district_info = pd.merge(df_loan_account, df_district, left_on='district_id', right_on='district_id')
    
    # Filter the result for the specified loan ID
    df_district_info = df_district_info[df_district_info['loan_id'] == 4990]
    
    # Return the district and region
    return df_district_info[['district_id', 'A16']].to_frame().rename(columns={'A16': 'region'})
```",,2,"['account', 'district', 'loan']",call_error: 'DataFrame' object has no attribute 'to_frame',,,,,,,
122,State the district and region for loan ID '4990'.,2,3,"```python
import pandas as pd

def get_district_and_region(df_loan, df_account, df_district):
    # Merge the loan and account dataframes
    merged_df = pd.merge(df_loan, df_account, on='account_id')
    
    # Merge the merged dataframe with the district dataframe
    merged_df = pd.merge(merged_df, df_district, on='district_id')
    
    # Filter the dataframe to get the district and region for loan ID '4990'
    result_df = merged_df[merged_df['loan_id'] == '4990'][['district_id', 'A2', 'A3', 'A4', 'A5', 'A6', 'A7', 'A8', 'A9', 'A10', 'A11', 'A12', 'A13', 'A14', 'A15', 'A16']]
    
    return result_df
```",,2,"['account', 'district', 'loan']","call_error: ""['A2'] not in index""",,,,,,,
122,State the district and region for loan ID '4990'.,2,4,"```python
import pandas as pd

def get_district_and_region(loan_df, account_df, district_df):
    # Merge account and loan dataframes
    merged_acct_loan = pd.merge(loan_df, account_df, on='account_id')
    
    # Merge merged dataframe with district dataframe
    merged_data = pd.merge(merged_acct_loan, district_df, on='district_id')
    
    # Filter for loan ID '4990'
    result = merged_data[merged_data['loan_id'] == '4990']
    
    # Return district and region for the loan ID
    if not result.empty:
        return result[['district_id', 'A2']].iloc[0]
    else:
        return None

# Example usage
loan_df = pd.DataFrame({
    'loan_id': ['4990', '4991', '4992'],
    'account_id': ['A001', 'A002', 'A003'],
    'date': ['2022-01-01', '2022-01-02', '2022-01-03'],
    'amount': [1000, 2000, 3000],
    'duration': [12, 24, 36],
    'payments': [10, 20, 30],
    'status': ['active', 'inactive', 'active']
})

account_df = pd.DataFrame({
    'account_id': ['A001', 'A002', 'A003'],
    'district_id': ['D001', 'D002', 'D003'],
    'frequency': ['monthly', 'quarterly', 'yearly'],
    'date': ['2022-01-01', '2022-01-02', '2022-01-03']
})

district_df = pd.DataFrame({
    'district_id': ['D001', 'D002', 'D003'],
    'A2': ['North', 'South', 'East']
})

print(get_district_and_region(loan_df, account_df, district_df))
```",,2,"['account', 'district', 'loan']",,,False,False,semantic,None,"[['Liberec', 'north Bohemia']]",False
123,"Provide the account ID, district and region for loan amount greater than USD300,000.",2,0,"```python
import pandas as pd

def get_account_info(loan_df, account_df, district_df):
    # Merge the loan and account DataFrames
    merged_loan_account = pd.merge(loan_df, account_df, on='account_id')

    # Merge the merged DataFrame with the district DataFrame
    merged_data = pd.merge(merged_loan_account, district_df, on='district_id')

    # Filter the data for loan amount greater than USD 300,000
    filtered_data = merged_data[merged_data['amount'] > 300000]

    # Extract the account ID, district, and region
    result_df = filtered_data[['account_id', 'A2', 'A3']]

    return result_df
```

You can use this function by calling it with the loaded DataFrames:

```python
result_df = get_account_info(loan_df, account_df, district_df)
print(result_df)
```",,2,"['account', 'district', 'loan']","call_error: ""['A2'] not in index""",,,,,,,
123,"Provide the account ID, district and region for loan amount greater than USD300,000.",2,1,"```python
import pandas as pd

def get_districts_for_large_loans(df_loan, df_account, df_district):
    # Merge loan and account DataFrames
    merged_df = pd.merge(df_loan, df_account, on='account_id')
    
    # Filter loans with amount greater than USD 300,000
    large_loans_df = merged_df[merged_df['amount'] > 300000]
    
    # Merge large loans with district DataFrame
    result_df = pd.merge(large_loans_df, df_district, left_on='district_id', right_on='district_id')
    
    # Extract relevant columns
    result_df = result_df[['account_id', 'A2', 'A3', 'A4', 'A5', 'A6', 'A7', 'A8', 'A9', 'A10', 'A11', 'A12', 'A13', 'A14', 'A15', 'A16']]
    
    return result_df
```",,2,"['account', 'district', 'loan']","call_error: ""['A2'] not in index""",,,,,,,
123,"Provide the account ID, district and region for loan amount greater than USD300,000.",2,2,"```python
import pandas as pd

def compute_loan_amount_feature(df_loan, df_account, df_district):
    # Merge loan and account dataframes
    df_loan_account = pd.merge(df_loan, df_account, on='account_id')
    
    # Merge loan_account and district dataframes
    df_loan_account_district = pd.merge(df_loan_account, df_district, on='district_id')
    
    # Filter loans with amount greater than 300,000
    df_filtered_loans = df_loan_account_district[df_loan_account_district['amount'] > 300000]
    
    # Extract relevant columns
    df_feature = df_filtered_loans[['account_id', 'A2', 'A3', 'A4', 'A5', 'A6', 'A7', 'A8', 'A9', 'A10', 'A11', 'A12', 'A13', 'A14', 'A15', 'A16']]
    
    # Map A2 to region
    regions = {
        'A1': 'Region 1',
        'A2': 'Region 2',
        'A3': 'Region 3',
        'A4': 'Region 4',
        'A5': 'Region 5',
        'A6': 'Region 6',
        'A7': 'Region 7',
        'A8': 'Region 8',
        'A9': 'Region 9',
        'A10': 'Region 10',
        'A11': 'Region 11',
        'A12': 'Region 12',
        'A13': 'Region 13',
        'A14': 'Region 14',
        'A15': 'Region 15',
        'A16': 'Region 16'
    }
    df_feature['region'] = df_feature['A2'].map(regions)
    
    # Drop A2 column
    df_feature = df_feature.drop(columns=['A2'])
    
    return df_feature
```",,2,"['account', 'district', 'loan']","call_error: ""['A2'] not in index""",,,,,,,
123,"Provide the account ID, district and region for loan amount greater than USD300,000.",2,3,"```python
import pandas as pd

def compute_feature(df_loan, df_account, df_district):
    # Merge loan and account DataFrames
    merged_df = pd.merge(df_loan, df_account, on='account_id')

    # Merge the result with district DataFrame
    merged_df = pd.merge(merged_df, df_district, left_on='district_id', right_on='district_id')

    # Filter loans with amount greater than 300,000
    filtered_df = merged_df[merged_df['amount'] > 300000]

    # Compute region
    filtered_df['region'] = filtered_df['A2'] + filtered_df['A3'] + filtered_df['A4'] + filtered_df['A5'] + filtered_df['A6'] + filtered_df['A7'] + filtered_df['A8'] + filtered_df['A9'] + filtered_df['A10'] + filtered_df['A11'] + filtered_df['A12'] + filtered_df['A13'] + filtered_df['A14'] + filtered_df['A15'] + filtered_df['A16']

    # Select required columns
    result_df = filtered_df[['account_id', 'A2', 'region']]

    return result_df
```",,2,"['account', 'district', 'loan']",call_error: 'A2',,,,,,,
123,"Provide the account ID, district and region for loan amount greater than USD300,000.",2,4,"```python
import pandas as pd

def compute_feature(df_loan, df_account, df_district):
    # Merge loan and account dataframes based on account_id
    merged_data = pd.merge(df_loan, df_account, on='account_id')
    
    # Merge merged data with district dataframe based on district_id
    merged_data = pd.merge(merged_data, df_district, on='district_id')
    
    # Filter data where loan amount is greater than 300,000
    filtered_data = merged_data[merged_data['amount'] > 300000]
    
    # Extract required features
    result = filtered_data[['account_id', 'A2', 'A3']]
    
    return result
```

You can call this function with your DataFrames like this:

```python
compute_feature(df_loan, df_account, df_district)
```",,2,"['account', 'district', 'loan']","call_error: ""['A2'] not in index""",,,,,,,
124,"List the loan ID, district and average salary for loan with duration of 60 months.",2,0,"```python
import pandas as pd

def compute_feature(df_loan, df_district, df_account):
    # Merge loan and account dataframes
    merged_loan_account = pd.merge(df_loan, df_account, on='account_id')
    
    # Merge merged data with district dataframe
    merged_data = pd.merge(merged_loan_account, df_district, on='district_id')
    
    # Filter data for loans with duration of 60 months
    filtered_data = merged_data[merged_data['duration'] == 60]
    
    # Compute average salary
    average_salary = filtered_data[['A2', 'A3', 'A4', 'A5', 'A6', 'A7', 'A8', 'A9', 'A10', 'A11', 'A12', 'A13', 'A14', 'A15', 'A16']].mean(axis=0)
    
    # Compute average salary for each district
    average_salary_per_district = filtered_data.groupby('district_id')[['A2', 'A3', 'A4', 'A5', 'A6', 'A7', 'A8', 'A9', 'A10', 'A11', 'A12', 'A13', 'A14', 'A15', 'A16']].mean()
    
    # Merge average salary per district with loan data
    result = pd.merge(filtered_data, average_salary_per_district, on='district_id')
    
    # Select only the required columns
    result = result[['loan_id', 'district_id', 'A2', 'A3', 'A4', 'A5', 'A6', 'A7', 'A8', 'A9', 'A10', 'A11', 'A12', 'A13', 'A14', 'A15', 'A16']]
    
    # Return the result
    return result
```",,3,"['account', 'district', 'loan']","call_error: ""['A2'] not in index""",,,,,,,
124,"List the loan ID, district and average salary for loan with duration of 60 months.",2,1,"```python
import pandas as pd

def compute_feature(df_loan, df_district, df_account):
    # Merge loan and account dataframes
    merged_df = pd.merge(df_loan, df_account, on='account_id')
    
    # Merge merged dataframe with district dataframe
    merged_df = pd.merge(merged_df, df_district, on='district_id')
    
    # Filter loans with duration of 60 months
    filtered_df = merged_df[merged_df['duration'] == 60]
    
    # Calculate average salary
    avg_salary = filtered_df.groupby('loan_id')['A2'].mean().reset_index()
    
    return avg_salary
```

```python
# Assuming the DataFrames are loaded
account = pd.DataFrame({'account_id': [1, 2, 3], 'district_id': [101, 102, 103], 'frequency': [1, 2, 3], 'date': ['2022-01-01', '2022-01-02', '2022-01-03']})
district = pd.DataFrame({'district_id': [101, 102, 103], 'A2': [100, 200, 300]})
loan = pd.DataFrame({'loan_id': [1, 2, 3], 'account_id': [1, 2, 3], 'date': ['2022-01-01', '2022-01-02', '2022-01-03'], 'amount': [100, 200, 300], 'duration': [60, 60, 120], 'payments': [10, 20, 30], 'status': ['active', 'active', 'inactive']})
client = pd.DataFrame({'client_id': [1, 2, 3], 'gender': ['male', 'female', 'male'], 'birth_date': ['1990-01-01', '1990-01-02', '1990-01-03'], 'district_id': [101, 102, 103]})

# Call the function
result = compute_feature(loan, district, account)
print(result)
```",,2,"['account', 'district', 'loan']",call_error: 'Column not found: A2',,,,,,,
124,"List the loan ID, district and average salary for loan with duration of 60 months.",2,2,"```python
import pandas as pd

def compute_loan_feature(df_loan, df_district, df_account):
    # Merge account and loan dataframes
    df_account_loan = pd.merge(df_account, df_loan, on='account_id')
    
    # Merge district data with account and loan dataframes
    df_district_loan = pd.merge(df_district, df_account_loan, on='district_id')
    
    # Filter loans with duration of 60 months
    df_filtered_loans = df_district_loan[df_district_loan['duration'] == 60]
    
    # Calculate average salary for each loan
    df_avg_salary = df_filtered_loans.groupby('loan_id')['A2'].mean().reset_index()
    
    # Rename columns
    df_avg_salary.columns = ['loan_id', 'district', 'average_salary']
    
    return df_avg_salary
```",,2,"['account', 'district', 'loan']",call_error: 'Column not found: A2',,,,,,,
124,"List the loan ID, district and average salary for loan with duration of 60 months.",2,3,"```python
import pandas as pd

def compute_feature(df_loan, df_district, df_account):
    # Merge loan and account tables
    merged_loan_account = pd.merge(df_loan, df_account, on='account_id')
    
    # Merge merged table with district table
    merged_data = pd.merge(merged_loan_account, df_district, on='district_id')
    
    # Filter loans with duration of 60 months
    filtered_data = merged_data[merged_data['duration'] == 60]
    
    # Calculate average salary for each district
    avg_salary = filtered_data.groupby('district_id')[['A2', 'A3', 'A4', 'A5', 'A6', 'A7', 'A8', 'A9', 'A10', 'A11', 'A12', 'A13', 'A14', 'A15', 'A16']].mean().reset_index()
    
    # Merge average salary with loan ID
    result = pd.merge(avg_salary, filtered_data[['loan_id', 'district_id']], on='district_id')
    
    return result
```

```python
# Example usage
result = compute_feature(df_loan, df_district, df_account)
print(result)
```",,3,"['account', 'district', 'loan']","call_error: ""Columns not found: 'A2'""",,,,,,,
124,"List the loan ID, district and average salary for loan with duration of 60 months.",2,4,"```python
import pandas as pd

def compute_loan_feature(df_loan, df_district, df_account):
    # Filter loans with duration of 60 months
    filtered_loans = df_loan[df_loan['duration'] == 60]

    # Merge loans with account and district DataFrames
    merged_data = pd.merge(filtered_loans, df_account, on='account_id')
    merged_data = pd.merge(merged_data, df_district, on='district_id')

    # Calculate average salary
    average_salary = merged_data.groupby('loan_id')['A15'].mean().reset_index()

    return average_salary
```",,2,"['account', 'district', 'loan']",,"     loan_id      A15
0       4967   1563.0
1       5041   6079.0
2       5043   2854.0
3       5044  18721.0
4       5051   5623.0
..       ...      ...
140     7255   1580.0
141     7271   3804.0
14",False,False,semantic,"     loan_id      A15
0       4967   1563.0
1       5041   6079.0
2       5043   2854.0
3       5044  18721.0
4       5051   5623.0
..       ...      ...
140     7255   1580.0
141     7271   3804.0
14","[[4967, 'Strakonice', 8547], [5041, 'Pardubice', 9538], [5043, 'Nachod', 8369], [5044, 'Brno - mesto', 9897], [5051, 'Frydek - Mistek', 9893]]",False
125,"For loans contracts which are still running where client are in debt, list the district of the and the state the percentage unemployment rate increment from year 1995 to 1996.",2,0,"```python
import pandas as pd

def compute_feature(df_loan, df_account, df_district, df_client, df_unemployment):
    # Filter loans that are still running where client are in debt
    running_loans = df_loan[df_loan['status'] != 'paid']
    debt_loans = running_loans[running_loans['amount'] > 0]
    
    # Merge loan and account data
    merged_data = pd.merge(debt_loans, df_account, on='account_id')
    
    # Merge with district data
    merged_data = pd.merge(merged_data, df_district, left_on='district_id', right_on='district_id')
    
    # Extract district names
    district_names = merged_data['district_id'].unique()
    
    # Initialize a dictionary to store the results
    results = {}
    
    # Iterate over each district
    for district in district_names:
        # Filter data for the current district
        district_data = merged_data[merged_data['district_id'] == district]
        
        # Extract the percentage unemployment rate for 1995 and 1996
        rate_1995 = df_unemployment[df_unemployment['year'] == 1995][df_unemployment['district_id'] == district]['rate'].values[0]
        rate_1996 = df_unemployment[df_unemployment['year'] == 1996][df_unemployment['district_id'] == district]['rate'].values[0]
        
        # Calculate the percentage increment
        increment = ((rate_1996 - rate_1995) / rate_1995) * 100
        
        # Store the result
        results[district] = increment
    
    # Convert the results to a DataFrame
    result_df = pd.DataFrame(list(results.items()), columns=['district', 'increment'])
    
    return result_df
```

```python
# Assuming df_unemployment is a DataFrame with columns ['district_id', 'year', 'rate']
# and it contains the percentage unemployment rate for each district and year
df_unemployment = pd.DataFrame({
    'district_id': [1, 1, 2, 2],
    'year': [1995, 1996, 1995, 1996],
    'rate': [10, 12, 8, 9]
})

# Compute the feature
result_df = compute_feature(df_loan, df_account, df_district, df_client, df_unemployment)

# Print the result
print(result_df)
```",,2,"['account', 'client', 'district', 'loan']",call_error: 'year',,,,,,,
125,"For loans contracts which are still running where client are in debt, list the district of the and the state the percentage unemployment rate increment from year 1995 to 1996.",2,1,"```python
import pandas as pd

def compute_district_debt_increased_unemployment(df_loan, df_account, df_district, df_client, df_unemployment):
    # Filter loans that are still running and where clients are in debt
    running_debt_loans = df_loan[(df_loan['status'] == 'running') & (df_loan['payments'] > df_loan['amount'])]

    # Merge loan and account data
    merged_data = pd.merge(running_debt_loans, df_account, on='account_id')

    # Merge merged data with client data
    merged_data = pd.merge(merged_data, df_client, on='account_id')

    # Merge merged data with district data
    merged_data = pd.merge(merged_data, df_district, on='district_id')

    # Filter for clients in debt
    debt_clients = merged_data[merged_data['payments'] > merged_data['amount']]

    # Compute percentage unemployment rate increment from year 1995 to 1996
    unemployment_increment = df_unemployment[(df_unemployment['year'] == 1995) | (df_unemployment['year'] == 1996)]
    unemployment_increment = unemployment_increment.groupby('district_id')['rate'].mean().reset_index()

    # Merge debt clients with unemployment increment data
    result = pd.merge(debt_clients, unemployment_increment, on='district_id')

    # Compute percentage change in unemployment rate
    result['unemployment_change'] = (result['rate_y'] - result['rate_x']) / result['rate_x'] * 100

    # Return result
    return result[['district_id', 'A2', 'A3', 'A4', 'A5', 'A6', 'A7', 'A8', 'A9', 'A10', 'A11', 'A12', 'A13', 'A14', 'A15', 'A16', 'unemployment_change']]

# Example usage
df_loan = pd.DataFrame({
    'loan_id': [1, 2, 3],
    'account_id': [101, 102, 103],
    'date': ['1995-01-01', '1996-01-01', '1997-01-01'],
    'amount': [100, 200, 300],
    'duration': [12, 24, 36],
    'payments': [50, 100, 150],
    'status': ['running', 'paid', 'running']
})

df_account = pd.DataFrame({
    'account_id': [101, 102, 103],
    'district_id': [1, 2, 3],
    'frequency': ['monthly', 'quarterly', 'monthly'],
    'date': ['1995-01-01', '1996-01-01', '1997-01-01']
})

df_district = pd.DataFrame({
    'district_id': [1, 2, 3],
    'A2': ['a', 'b', 'c'],
    'A3': ['d', 'e', 'f'],
    'A4': ['g', 'h', 'i'],
    'A5': ['j', 'k', 'l'],
    'A6': ['m', 'n', 'o'],
    'A7': ['p', 'q', 'r'],
    'A8': ['s', 't', 'u'],
    'A9': ['v', 'w', 'x'],
    'A10': ['y', 'z', 'aa'],
    'A11': ['ab', 'ac', 'ad'],
    'A12': ['ae', 'af', 'ag'],
    'A13': ['ah', 'ai', 'aj'],
    'A14': ['ak', 'al', 'am'],
    'A15': ['an', 'ao', 'ap'],
    'A16': ['aq', 'ar', 'as']
})

df_client = pd.DataFrame({
    'account_id': [101, 102, 103],
    'gender': ['male', 'female', 'male'],
    'birth_date': ['1990-01-01', '1991-01-01', '1992-01-01'],
    'district_id': [1, 2, 3]
})

df_unemployment = pd.DataFrame({
    'district_id': [1, 2, 3],
    'year': [1995, 1995, 1996],
    'rate': [5, 10, 15]
})

print(compute_district_debt_increased_unemployment(df_loan, df_account, df_district, df_client, df_unemployment))
```",,4,"['account', 'client', 'district', 'loan']",call_error: 'account_id',,,,,,,
125,"For loans contracts which are still running where client are in debt, list the district of the and the state the percentage unemployment rate increment from year 1995 to 1996.",2,2,"```python
import pandas as pd

def compute_feature(df_loan, df_account, df_district, df_client):
    # Filter loans that are still running and clients in debt
    running_loans = df_loan[df_loan['status'] == 'running']
    debt_clients = df_client[df_client['gender'] == 'male']

    # Merge loans with clients
    merged_loans = pd.merge(running_loans, debt_clients, left_on='account_id', right_on='account_id', how='inner')

    # Merge with district information
    merged_loans = pd.merge(merged_loans, df_district, left_on='district_id', right_on='district_id', how='inner')

    # Assume the percentage unemployment rate is in A10 column
    # and it's already calculated for each year
    merged_loans['A10_1995'] = merged_loans['A10'].where(merged_loans['date'].dt.year == 1995, np.nan)
    merged_loans['A10_1996'] = merged_loans['A10'].where(merged_loans['date'].dt.year == 1996, np.nan)

    # Calculate the percentage unemployment rate increment
    merged_loans['increment'] = merged_loans.apply(lambda row: row['A10_1996'] - row['A10_1995'], axis=1)

    # Return the result
    return merged_loans[['district_id', 'increment']]
```

```python
import numpy as np

# Assuming the DataFrames are already loaded
df_loan = pd.read_csv('loan.csv')
df_account = pd.read_csv('account.csv')
df_district = pd.read_csv('district.csv')
df_client = pd.read_csv('client.csv')

result = compute_feature(df_loan, df_account, df_district, df_client)
print(result)
```",,2,"['account', 'client', 'district', 'loan']",call_error: 'account_id',,,,,,,
125,"For loans contracts which are still running where client are in debt, list the district of the and the state the percentage unemployment rate increment from year 1995 to 1996.",2,3,"```python
import pandas as pd

def compute_feature(df_loan, df_account, df_district, df_client, df_loan_status):
    # Filter loans that are still running and clients are in debt
    running_debt_loans = df_loan[df_loan['status'] != 'paid'][
        (df_loan['status'] != 'default') & (df_loan['status'] != 'closed')]

    # Merge loan and account data
    merged_data = pd.merge(running_debt_loans, df_account, on='account_id')

    # Merge merged data with client data
    merged_data = pd.merge(merged_data, df_client, on='account_id')

    # Merge merged data with district data
    merged_data = pd.merge(merged_data, df_district, on='district_id')

    # Filter data for year 1995 and 1996
    merged_data_1995 = merged_data[merged_data['date'] == '1995']
    merged_data_1996 = merged_data[merged_data['date'] == '1996']

    # Group data by district and compute percentage unemployment rate increment
    merged_data_1995 = merged_data_1995.groupby('district_id')['A2'].mean().reset_index()
    merged_data_1996 = merged_data_1996.groupby('district_id')['A2'].mean().reset_index()

    # Merge 1995 and 1996 data
    merged_data_increment = pd.merge(merged_data_1995, merged_data_1996, on='district_id', suffixes=('_1995', '_1996'))

    # Compute percentage unemployment rate increment
    merged_data_increment['increment'] = merged_data_increment['A2_1996'] - merged_data_increment['A2_1995']

    # Group data by district and compute percentage
    result = merged_data_increment.groupby('district_id')['increment'].mean().reset_index()

    return result
```

This function assumes that the 'date' column in the 'account' DataFrame contains the year of the account, and the 'A2' column in the 'district' DataFrame contains the percentage unemployment rate. It also assumes that the 'status' column in the 'loan' DataFrame contains the status of the loan, and the 'date' column in the 'loan' DataFrame contains the date of the loan.",,4,"['account', 'client', 'district', 'loan']",call_error: 'account_id',,,,,,,
125,"For loans contracts which are still running where client are in debt, list the district of the and the state the percentage unemployment rate increment from year 1995 to 1996.",2,4,"```python
import pandas as pd

def compute_debt_districts(loan, account, district, client):
    # Filter loans that are still running where clients are in debt
    debt_loans = loan[(loan['status'] == 'running') & (loan['account_id'].isin(client[client['gender'] == 'male']['account_id']))]
    
    # Merge district information with debt loans
    debt_loans_district = pd.merge(debt_loans, district, left_on='district_id', right_on='district_id')
    
    # Assume account table has a column 'date' which is the date of account creation
    # Extract year from date
    account['year'] = pd.to_datetime(account['date']).dt.year
    
    # Filter accounts where clients are in debt
    debt_accounts = account[(account['account_id'].isin(debt_loans['account_id'])) & (account['year'] >= 1995)]
    
    # Group by district and calculate the percentage of unemployment rate increment from year 1995 to 1996
    unemployment_increment = debt_accounts.groupby('district_id')['year'].apply(lambda x: (x.value_counts().loc[1996] / x.value_counts().loc[1995] - 1) * 100).reset_index()
    
    # Merge unemployment increment with district information
    result = pd.merge(district, unemployment_increment, left_on='district_id', right_on='district_id')
    
    return result
```

```python
# Assuming all DataFrames are loaded
loan = pd.read_csv('loan.csv')
account = pd.read_csv('account.csv')
district = pd.read_csv('district.csv')
client = pd.read_csv('client.csv')

# Call the function
result = compute_debt_districts(loan, account, district, client)

# Print the result
print(result)
```",,2,"['account', 'client', 'district', 'loan']",call_error: 'account_id',,,,,,,
126,Calculate the percentage of account from 'Decin' district for all accounts are opened in 1993.,1,0,"```python
import pandas as pd

def calculate_decin_percentage(df_account, df_district):
    # Filter accounts opened in 1993
    accounts_1993 = df_account[df_account['date'] == '1993']
    
    # Merge accounts with district information
    merged_accounts = pd.merge(accounts_1993, df_district, on='district_id')
    
    # Filter accounts from 'Decin' district
    decin_accounts = merged_accounts[merged_accounts['A2'] == 'Decin']
    
    # Calculate percentage
    decin_percentage = (len(decin_accounts) / len(accounts_1993)) * 100
    
    return decin_percentage
```

```python
import pandas as pd

# Assuming the DataFrames are already loaded
# ...

decin_percentage = calculate_decin_percentage(df_account, df_district)
print(decin_percentage)
```",,1,"['account', 'district']",call_error: 'date',,,,,,,
126,Calculate the percentage of account from 'Decin' district for all accounts are opened in 1993.,1,1,"```python
import pandas as pd

def decin_1993_percentage(df_account, df_district):
    # Filter accounts opened in 1993
    accounts_1993 = df_account[df_account['date'].str.startswith('1993')]
    
    # Filter accounts from 'Decin' district
    decin_accounts = df_account[df_account['district_id'] == 'Decin']
    
    # Filter decin accounts opened in 1993
    decin_accounts_1993 = decin_accounts[decin_accounts['date'].str.startswith('1993')]
    
    # Calculate percentage of decin accounts opened in 1993
    total_accounts_1993 = len(accounts_1993)
    decin_accounts_1993_count = len(decin_accounts_1993)
    
    if total_accounts_1993 == 0:
        percentage = 0
    else:
        percentage = (decin_accounts_1993_count / total_accounts_1993) * 100
    
    return percentage

# Example usage
decin_percentage = decin_1993_percentage(df_account, df_district)
print(f""Percentage of accounts from 'Decin' district opened in 1993: {decin_percentage}%"")
```",,0,"['account', 'district']",call_error: 'date',,,,,,,
126,Calculate the percentage of account from 'Decin' district for all accounts are opened in 1993.,1,2,"```python
import pandas as pd

def calculate_decin_percentage(df_account, df_district):
    # Filter accounts opened in 1993
    accounts_1993 = df_account[df_account['date'].str.contains('1993')]
    
    # Merge district information into account DataFrame
    accounts_1993 = pd.merge(accounts_1993, df_district, on='district_id')
    
    # Filter accounts from 'Decin' district
    decin_accounts = accounts_1993[accounts_1993['A2'] == 'Decin']
    
    # Calculate percentage of accounts from 'Decin' district
    decin_percentage = (len(decin_accounts) / len(accounts_1993)) * 100
    
    return decin_percentage
```

```python
# Example usage
decin_percentage = calculate_decin_percentage(df_account, df_district)
print(decin_percentage)
```",,1,"['account', 'district']",call_error: 'date',,,,,,,
126,Calculate the percentage of account from 'Decin' district for all accounts are opened in 1993.,1,3,"```python
import pandas as pd

def calculate_decin_percentage(df_account, df_district):
    # Filter accounts opened in 1993
    accounts_1993 = df_account[df_account['date'] == '1993']

    # Filter accounts from 'Decin' district
    decin_accounts = df_district[df_district['A2'] == 'Decin']

    # Merge accounts and districts DataFrames
    merged_df = pd.merge(accounts_1993, decin_accounts[['district_id']], on='district_id')

    # Group by district and calculate count
    counts = merged_df.groupby('district_id').size().reset_index(name='count')

    # Filter for 'Decin' district
    decin_count = counts[counts['district_id'] == 'Decin']

    # Calculate percentage
    total_accounts = df_account.shape[0]
    decin_percentage = (decin_count['count'].iloc[0] / total_accounts) * 100

    return decin_percentage
```",,1,"['account', 'district']",call_error: 'date',,,,,,,
126,Calculate the percentage of account from 'Decin' district for all accounts are opened in 1993.,1,4,"```python
import pandas as pd

def decin_accounts_percentage(df_account, df_district):
    # Filter accounts opened in 1993
    accounts_1993 = df_account[df_account['date'].str[:4] == '1993']
    
    # Filter accounts from 'Decin' district
    decin_accounts = accounts_1993[accounts_1993['district_id'].isin(df_district[df_district['A2'] == 'Decin']['district_id'])]
    
    # Calculate percentage of accounts from 'Decin' district
    decin_percentage = (len(decin_accounts) / len(accounts_1993)) * 100
    
    return decin_percentage
```

```python
import pandas as pd

# Example usage
df_district = pd.DataFrame({
    'district_id': [1, 2, 3],
    'A2': ['Decin', 'Decin', 'Other']
})

df_account = pd.DataFrame({
    'account_id': [1, 2, 3],
    'district_id': [1, 2, 3],
    'date': ['1993-01-01', '1994-01-01', '1995-01-01']
})

print(decin_accounts_percentage(df_account, df_district))
```",,0,"['account', 'district']",call_error: 'date',,,,,,,
127,List the account IDs with monthly issuance of statements.,0,0,"```python
import pandas as pd

def monthly_statements(df_account):
    # Ensure 'date' column is of datetime type
    df_account['date'] = pd.to_datetime(df_account['date'])

    # Extract month and year from 'date' column
    df_account['month'] = df_account['date'].dt.to_period('M').index

    # Group by 'month' and 'district_id', then count the number of unique 'account_id'
    monthly_statements = df_account.groupby(['month', 'district_id'])['account_id'].nunique().reset_index()

    # Rename columns for better understanding
    monthly_statements.columns = ['month', 'district_id', 'count']

    # Group by 'district_id' and sum the count of unique 'account_id' to get the total accounts with monthly statements
    monthly_statements = monthly_statements.groupby('district_id')['count'].sum().reset_index()

    # Rename column for better understanding
    monthly_statements.columns = ['district_id', 'total_accounts']

    # Merge the result with the original account dataframe to get the account IDs with monthly statements
    df_result = pd.merge(df_account, monthly_statements, on='district_id')

    # Filter the account IDs with monthly statements
    df_result = df_result[df_result['total_accounts'] > 0]

    # Return the account IDs with monthly statements
    return df_result['account_id'].unique()
```",,1,"['account', 'district']",call_error: 'date',,,,,,,
127,List the account IDs with monthly issuance of statements.,0,1,"```python
import pandas as pd

def monthly_statements(df):
    monthly_statements = df[df['frequency'] == 'monthly']['account_id'].unique()
    return monthly_statements
```

```python
import pandas as pd

def monthly_statements(df):
    monthly_statements = df[df['frequency'] == 'monthly']['account_id'].nunique()
    return monthly_statements
```

```python
import pandas as pd

def monthly_statements(df):
    monthly_statements = df[df['frequency'] == 'monthly']['account_id'].value_counts()
    return monthly_statements
```

```python
import pandas as pd

def monthly_statements(df):
    monthly_statements = df[df['frequency'] == 'monthly']['account_id'].value_counts().to_frame('count')
    return monthly_statements
```

```python
import pandas as pd

def monthly_statements(df):
    monthly_statements = df[df['frequency'] == 'monthly']['account_id'].value_counts().to_frame('count')
    monthly_statements['account_id'] = monthly_statements['account_id'].map(lambda x: 1 if x > 1 else 0)
    return monthly_statements
```",,0,['account'],,[],False,False,semantic,[],"[[1], [2], [3], [4], [5]]",False
127,List the account IDs with monthly issuance of statements.,0,2,"```python
import pandas as pd

def monthly_statements(df):
    monthly_statements = df[df['frequency'] == 'monthly']
    monthly_account_ids = monthly_statements['account_id'].unique()
    return pd.Series(monthly_account_ids, name='monthly_account_ids')
```

```python
import pandas as pd

def monthly_statements(df):
    monthly_statements = df[df['frequency'] == 'monthly']
    return monthly_statements['account_id'].value_counts().rename('monthly_account_ids')
```

```python
import pandas as pd

def monthly_statements(df):
    monthly_statements = df[df['frequency'] == 'monthly']
    return monthly_statements['account_id'].unique().shape[0]
```

```python
import pandas as pd

def monthly_statements(df):
    monthly_statements = df[df['frequency'] == 'monthly']
    return pd.Series([len(monthly_statements['account_id'].unique())], name='monthly_account_ids')
```",,0,['account'],,"Series([], Name: monthly_account_ids, dtype: int64)",False,False,semantic,"Series([], Name: monthly_account_ids, dtype: int64)","[[1], [2], [3], [4], [5]]",False
127,List the account IDs with monthly issuance of statements.,0,3,"```python
import pandas as pd

def monthly_statements(df):
    monthly_statements_df = df[df['frequency'] == 'Monthly']
    monthly_statements_df = monthly_statements_df[['account_id']]
    return monthly_statements_df
```

You can use this function as follows:

```python
account = pd.DataFrame({
    'account_id': [1, 2, 3],
    'district_id': [101, 102, 103],
    'frequency': ['Monthly', 'Quarterly', 'Monthly'],
    'date': ['2022-01-01', '2022-01-01', '2022-01-01']
})

monthly_statements_df = monthly_statements(account)
print(monthly_statements_df)
```",,0,['account'],,"Empty DataFrame
Columns: [account_id]
Index: []",False,False,semantic,"Empty DataFrame
Columns: [account_id]
Index: []","[[1], [2], [3], [4], [5]]",False
127,List the account IDs with monthly issuance of statements.,0,4,"```python
import pandas as pd

def monthly_statements(df_account):
    # Filter accounts with monthly statement issuance
    monthly_accounts = df_account[df_account['frequency'] == 'monthly']
    
    # Group by account_id and count the number of months
    monthly_counts = monthly_accounts.groupby('account_id')['date'].apply(lambda x: len(x.unique())).reset_index()
    
    # Rename the column for clarity
    monthly_counts.columns = ['account_id', 'monthly_count']
    
    # Filter accounts with exactly one month
    monthly_statements = monthly_counts[monthly_counts['monthly_count'] == 1]
    
    return monthly_statements[['account_id']]
```

```python
# Example usage
monthly_statements_df = monthly_statements(df_account)
print(monthly_statements_df)
```

```python
# If you need to use this function in a loop or multiple times, consider caching the result
def monthly_statements_cached(df_account):
    try:
        return pd.read_pickle('monthly_statements.pkl')
    except FileNotFoundError:
        result = monthly_statements(df_account)
        result.to_pickle('monthly_statements.pkl')
        return result
```",,0,['account'],call_error: 'Column not found: date',,,,,,,
128,"List the top nine districts, by descending order, from the highest to the lowest, the number of female account holders.",1,0,"```python
import pandas as pd

def top_districts_by_female_clients(df_client, df_district):
    # Merge client and district DataFrames
    merged_df = pd.merge(df_client, df_district, on='district_id')
    
    # Group by district and count female clients
    female_clients_count = merged_df[merged_df['gender'] == 'F'].groupby('district_id').size().reset_index()
    
    # Rename columns
    female_clients_count.columns = ['district_id', 'female_clients_count']
    
    # Merge female clients count with district DataFrame
    district_info = pd.merge(df_district, female_clients_count, on='district_id')
    
    # Sort by female clients count in descending order
    sorted_districts = district_info.sort_values('female_clients_count', ascending=False)
    
    # Select top 9 districts
    top_9_districts = sorted_districts.head(9)
    
    return top_9_districts
```",,2,"['client', 'district', 'order']",,"    district_id               A2  ...    avg_salary female_clients_count
0             1      Hl.m. Praha  ...  28227.518571                  324
69           70          Karvina  ...   4335.464286   ",False,True,semantic,"    district_id               A2  ...    avg_salary female_clients_count
0             1      Hl.m. Praha  ...  28227.518571                  324
69           70          Karvina  ...   4335.464286   ","[['Hl.m. Praha', 324], ['Karvina', 88], ['Ostrava - mesto', 84], ['Brno - mesto', 75], ['Zlin', 57]]",False
128,"List the top nine districts, by descending order, from the highest to the lowest, the number of female account holders.",1,1,"```python
import pandas as pd

def top_districts_by_female_clients(df_client, df_district):
    # Merge client and district DataFrames
    merged_df = pd.merge(df_client, df_district, left_on='district_id', right_on='district_id')

    # Filter for female clients
    female_df = merged_df[merged_df['gender'] == 'F']

    # Group by district and count the number of female clients
    district_counts = female_df.groupby('district_id').size().reset_index(name='female_count')

    # Merge the district counts with the district DataFrame
    merged_district_counts = pd.merge(df_district, district_counts, on='district_id')

    # Sort the districts by the number of female clients in descending order
    sorted_districts = merged_district_counts.sort_values('female_count', ascending=False)

    # Return the top nine districts
    return sorted_districts.head(9)[['district_id', 'female_count']]
```",,2,"['client', 'district', 'order']",,"    district_id  female_count
0             1           324
69           70            88
73           74            84
53           54            75
63           64            57
71           72     ",False,True,semantic,"    district_id  female_count
0             1           324
69           70            88
73           74            84
53           54            75
63           64            57
71           72     ","[['Hl.m. Praha', 324], ['Karvina', 88], ['Ostrava - mesto', 84], ['Brno - mesto', 75], ['Zlin', 57]]",False
128,"List the top nine districts, by descending order, from the highest to the lowest, the number of female account holders.",1,2,"```python
import pandas as pd

def top_districts_by_female_clients(df_client, df_district):
    # Merge client and district DataFrames based on district_id
    merged_df = pd.merge(df_client, df_district, on='district_id')
    
    # Filter female clients
    female_df = merged_df[merged_df['gender'] == 'F']
    
    # Group by district_id and count the number of female clients
    district_counts = female_df.groupby('district_id')['client_id'].count().reset_index()
    
    # Rename the count column to 'female_clients'
    district_counts = district_counts.rename(columns={'client_id': 'female_clients'})
    
    # Merge the counts with the district DataFrame
    merged_district_counts = pd.merge(df_district, district_counts, on='district_id')
    
    # Sort the districts by the number of female clients in descending order
    top_districts = merged_district_counts.sort_values('female_clients', ascending=False)
    
    # Return the top 9 districts
    return top_districts.head(9)
```",,2,"['client', 'district', 'order']",,"    district_id               A2  ...    avg_salary female_clients
0             1      Hl.m. Praha  ...  28227.518571            324
69           70          Karvina  ...   4335.464286             88",False,True,semantic,"    district_id               A2  ...    avg_salary female_clients
0             1      Hl.m. Praha  ...  28227.518571            324
69           70          Karvina  ...   4335.464286             88","[['Hl.m. Praha', 324], ['Karvina', 88], ['Ostrava - mesto', 84], ['Brno - mesto', 75], ['Zlin', 57]]",False
128,"List the top nine districts, by descending order, from the highest to the lowest, the number of female account holders.",1,3,"```python
import pandas as pd

def top_female_districts(client_df, district_df):
    # Merge client and district DataFrames
    merged_df = pd.merge(client_df, district_df, left_on='district_id', right_on='district_id')
    
    # Filter female clients
    female_df = merged_df[merged_df['gender'] == 'F']
    
    # Group by district_id and count
    district_counts = female_df.groupby('district_id').size().reset_index(name='female_count')
    
    # Sort by female_count in descending order
    sorted_df = district_counts.sort_values(by='female_count', ascending=False)
    
    # Return top nine districts
    return sorted_df.head(9)
```",,1,"['client', 'district', 'order']",,"    district_id  female_count
0             1           324
69           70            88
73           74            84
53           54            75
63           64            57
71           72     ",False,False,semantic,"    district_id  female_count
0             1           324
69           70            88
73           74            84
53           54            75
63           64            57
71           72     ","[['Hl.m. Praha', 324], ['Karvina', 88], ['Ostrava - mesto', 84], ['Brno - mesto', 75], ['Zlin', 57]]",False
128,"List the top nine districts, by descending order, from the highest to the lowest, the number of female account holders.",1,4,"```python
import pandas as pd

def top_female_districts(df_client, df_district):
    # Merge the two dataframes on the district_id column
    merged_df = pd.merge(df_client, df_district, on='district_id')
    
    # Filter the merged dataframe to only include female clients
    female_df = merged_df[merged_df['gender'] == 'female']
    
    # Group the filtered dataframe by district_id and count the number of female clients in each district
    district_counts = female_df.groupby('district_id').size().reset_index(name='female_count')
    
    # Merge the district_counts dataframe with the original district dataframe
    merged_districts = pd.merge(district_counts, df_district, on='district_id')
    
    # Group the merged dataframe by district_id and calculate the sum of all A columns
    district_sums = merged_districts.groupby('district_id')[['A2', 'A3', 'A4', 'A5', 'A6', 'A7', 'A8', 'A9', 'A10', 'A11', 'A12', 'A13', 'A14', 'A15', 'A16']].sum().reset_index()
    
    # Merge the district_sums dataframe with the district_counts dataframe
    merged_districts = pd.merge(district_sums, district_counts, on='district_id')
    
    # Sort the merged dataframe by female_count in descending order and select the top 9 districts
    top_districts = merged_districts.nlargest(9, 'female_count')[['district_id', 'female_count']]
    
    return top_districts
```",,3,"['client', 'district', 'order']",,"Empty DataFrame
Columns: [district_id, female_count]
Index: []",False,True,semantic,"Empty DataFrame
Columns: [district_id, female_count]
Index: []","[['Hl.m. Praha', 324], ['Karvina', 88], ['Ostrava - mesto', 84], ['Brno - mesto', 75], ['Zlin', 57]]",False
129,Which are the top ten withdrawals (non-credit card) by district names for the month of January 1996?,2,0,"```python
import pandas as pd

def top_ten_withdrawals(df_account, df_trans, df_district):
    # Filter transactions for January 1996 and non-credit card
    filtered_trans = df_trans[(df_trans['date'] >= '1996-01-01') & 
                              (df_trans['date'] <= '1996-01-31') & 
                              (~df_trans['k_symbol'].isin(['Credit Card']))]

    # Group by district and sum withdrawals
    grouped_district = filtered_trans.groupby('district')['amount'].sum().reset_index()

    # Merge with district names
    merged_district = pd.merge(grouped_district, df_district, on='district_id')

    # Sort by sum and select top 10
    top_ten_districts = merged_district.sort_values('amount', ascending=False).head(10)

    # Return district names and sum of withdrawals
    return top_ten_districts[['A2', 'amount']]
```",,1,"['account', 'card', 'district', 'trans']",call_error: 'district',,,,,,,
129,Which are the top ten withdrawals (non-credit card) by district names for the month of January 1996?,2,1,"```python
import pandas as pd

def top_ten_withdrawals_by_district(df_trans, df_client, df_district):
    # Filter transactions for January 1996 and non-credit card operations
    filtered_trans = df_trans[(df_trans['date'].str.startswith('1996-01')) & 
                              (~df_trans['k_symbol'].isin(['Credit Card']))]

    # Group transactions by district and operation
    grouped_trans = filtered_trans.groupby(['district_id', 'operation'])['amount'].sum().reset_index()

    # Filter for withdrawals
    withdrawals = grouped_trans[grouped_trans['operation'] == 'Withdrawal']

    # Merge with client district names
    merged_withdrawals = pd.merge(withdrawals, df_district, how='left', left_on='district_id', right_on='district_id')

    # Group by district and sum withdrawals
    grouped_withdrawals = merged_withdrawals.groupby('district')['amount'].sum().reset_index()

    # Sort by sum in descending order and select top 10
    top_ten_withdrawals = grouped_withdrawals.sort_values('amount', ascending=False).head(10)

    # Rename column for district name
    top_ten_withdrawals = top_ten_withdrawals.rename(columns={'district': 'district_name'})

    return top_ten_withdrawals
```

```python
# Example usage
print(top_ten_withdrawals_by_district(df_trans, df_client, df_district))
```",,1,"['card', 'client', 'district', 'order', 'trans']",call_error: 'district_id',,,,,,,
129,Which are the top ten withdrawals (non-credit card) by district names for the month of January 1996?,2,2,"```python
import pandas as pd

def top_ten_withdrawals(df_trans, df_district):
    # Filter transactions for January 1996 and non-credit card transactions
    january_trans = df_trans[(df_trans['date'] >= '1996-01-01') & (df_trans['date'] <= '1996-01-31') & 
                             (df_trans['type'] == 'withdrawal') & (df_trans['k_symbol'] != 'credit card')]
    
    # Group transactions by district and sum the amounts
    grouped_trans = january_trans.groupby('bank')['amount'].sum().reset_index()
    
    # Merge with district names
    merged_trans = pd.merge(grouped_trans, df_district, left_on='bank', right_on='bank')
    
    # Sort by amount in descending order and get top ten
    top_ten = merged_trans.sort_values('amount', ascending=False).head(10)
    
    return top_ten[['bank', 'A2', 'A3', 'A4', 'A5', 'A6', 'A7', 'A8', 'A9', 'A10', 'A11', 'A12', 'A13', 'A14', 'A15', 'A16']]
```",,1,"['card', 'district', 'order', 'trans']",call_error: 'bank',,,,,,,
129,Which are the top ten withdrawals (non-credit card) by district names for the month of January 1996?,2,3,"```python
import pandas as pd

def top_ten_withdrawals_by_district(df_account, df_trans, df_district):
    # Filter transactions for January 1996 and non-credit card transactions
    filtered_trans = df_trans[(df_trans['date'].str.slice(0, 7) == '1996-01') & 
                              (~df_trans['k_symbol'].isin(['Credit Card']))]

    # Group transactions by district and date, then sum the amount
    grouped_trans = filtered_trans.groupby(['district_id', 'date'])['amount'].sum().reset_index()

    # Merge with district DataFrame to get district names
    merged_trans = pd.merge(grouped_trans, df_district, left_on='district_id', right_on='district_id')

    # Group by district and sum the amount, then sort by amount in descending order
    top_ten_withdrawals = merged_trans.groupby('district_id')['amount'].sum().reset_index()
    top_ten_withdrawals = top_ten_withdrawals.sort_values('amount', ascending=False)

    # Return the top ten districts with the highest total withdrawals
    return top_ten_withdrawals.head(10)[['district_id', 'district_name', 'amount']]
```",,1,"['account', 'card', 'district', 'order', 'trans']",call_error: 'district_id',,,,,,,
129,Which are the top ten withdrawals (non-credit card) by district names for the month of January 1996?,2,4,"```python
import pandas as pd

def top_ten_withdrawals(df_trans, df_client, df_district):
    # Filter transactions for January 1996
    trans_jan_1996 = df_trans[(df_trans['date'] >= '1996-01-01') & (df_trans['date'] <= '1996-01-31')]
    
    # Filter transactions that are not credit card transactions
    non_credit_card = trans_jan_1996[trans_jan_1996['k_symbol'] != 'Credit Card']
    
    # Group by district and sum withdrawals
    withdrawals_per_district = non_credit_card[non_credit_card['type'] == 'Withdrawal'].groupby('bank')['amount'].sum().reset_index()
    
    # Merge with district names
    withdrawals_per_district = pd.merge(withdrawals_per_district, df_district, left_on='bank', right_on='A1')
    
    # Sort by amount and select top 10
    top_ten_withdrawals = withdrawals_per_district.sort_values('amount', ascending=False).head(10)
    
    # Select district names and amounts
    result = top_ten_withdrawals[['A1', 'amount']]
    
    return result
```",,1,"['card', 'client', 'district', 'trans']",call_error: 'A1',,,,,,,
130,How many of the account holders in South Bohemia still do not own credit cards?,2,0,"```python
import pandas as pd

def count_account_holders_without_credit_cards(df_account, df_disp):
    # Filter accounts without credit cards
    accounts_without_credit_cards = df_account[
        ~df_account['account_id'].isin(df_disp['account_id'])
    ]

    # Filter accounts in South Bohemia
    south_bohemia_accounts = df_account[df_account['district_id'] == 'South Bohemia']

    # Count account holders without credit cards in South Bohemia
    count = len(south_bohemia_accounts[~south_bohemia_accounts['account_id'].isin(accounts_without_credit_cards['account_id'])])

    return count
```

```python
import pandas as pd

# Assuming the DataFrames are already loaded
# df_account and df_disp are the DataFrames for account and disp tables respectively

count = count_account_holders_without_credit_cards(df_account, df_disp)
print(count)
```",,0,"['account', 'card', 'disp', 'district']",,0,True,False,,,,
130,How many of the account holders in South Bohemia still do not own credit cards?,2,1,"```python
import pandas as pd

def count_account_holders_without_credit_cards(df_client, df_account, df_district):
    # Filter district for South Bohemia
    south_bohemia_district_id = df_district[df_district['A2'] == 'South Bohemia']['district_id'].iloc[0]
    
    # Filter accounts for South Bohemia
    south_bohemia_accounts = df_account[df_account['district_id'] == south_bohemia_district_id]
    
    # Count accounts without credit cards
    accounts_without_credit_cards = south_bohemia_accounts[~south_bohemia_accounts['A8'].isin(['Y', 'Y1', 'Y2', 'Y3', 'Y4', 'Y5'])].shape[0]
    
    return accounts_without_credit_cards

# Assuming the DataFrames are already loaded
accounts_without_credit_cards = count_account_holders_without_credit_cards(client, account, district)
print(accounts_without_credit_cards)
```",,0,"['account', 'card', 'client', 'district']",call_error: single positional indexer is out-of-bounds,,,,,,,
130,How many of the account holders in South Bohemia still do not own credit cards?,2,2,"```python
import pandas as pd

def count_account_holders_without_credit_cards(df_district, df_client, df_disp, df_account):
    # Filter accounts in South Bohemia
    south_bohemia_accounts = df_account[df_account['district_id'] == df_district[df_district['A2'] == 'South Bohemia']['district_id'].values[0]]
    
    # Filter accounts without credit cards
    accounts_without_credit_cards = south_bohemia_accounts[south_bohemia_accounts['account_id'].isin(df_disp['account_id']) == False]
    
    # Count the number of account holders without credit cards
    count = len(accounts_without_credit_cards)
    
    return count
```

```python
import pandas as pd

def count_account_holders_without_credit_cards(df_district, df_client, df_disp, df_account):
    # Filter accounts in South Bohemia
    south_bohemia_district_id = df_district[df_district['A2'] == 'South Bohemia']['district_id'].values[0]
    south_bohemia_accounts = df_account[df_account['district_id'] == south_bohemia_district_id]
    
    # Count the number of account holders without credit cards
    count = len(south_bohemia_accounts[~south_bohemia_accounts['account_id'].isin(df_disp['account_id'])])
    
    return count
```

```python
import pandas as pd

def count_account_holders_without_credit_cards(df_district, df_client, df_disp, df_account):
    # Filter accounts in South Bohemia
    south_bohemia_district_id = df_district[df_district['A2'] == 'South Bohemia']['district_id'].values[0]
    south_bohemia_accounts = df_account[df_account['district_id'] == south_bohemia_district_id]
    
    # Filter accounts without credit cards
    accounts_without_credit_cards = south_bohemia_accounts[~south_bohemia_accounts['account_id'].isin(df_disp['account_id'])]
    
    # Count the number of account holders without credit cards
    count = len(accounts_without_credit_cards)
    
    return count
```",,0,"['account', 'card', 'client', 'disp', 'district']",call_error: index 0 is out of bounds for axis 0 with size 0,,,,,,,
130,How many of the account holders in South Bohemia still do not own credit cards?,2,3,"```python
import pandas as pd

def count_no_credit_cards(df_account, df_district):
    # Filter district names where A2 is South Bohemia
    south_bohemia_districts = df_district[df_district['A2'] == 'South Bohemia']['district_id'].unique()
    
    # Filter accounts from South Bohemia districts
    south_bohemia_accounts = df_account[df_account['district_id'].isin(south_bohemia_districts)]
    
    # Count accounts without credit cards
    no_credit_cards = south_bohemia_accounts[south_bohemia_accounts['A15'] == '0'].shape[0]
    
    return no_credit_cards
```

```python
# Assuming the DataFrames are loaded
df_account = pd.read_csv('account.csv')
df_district = pd.read_csv('district.csv')

result = count_no_credit_cards(df_account, df_district)
print(result)
```",,0,"['account', 'card', 'district']",call_error: 'A15',,,,,,,
130,How many of the account holders in South Bohemia still do not own credit cards?,2,4,"```python
import pandas as pd

def count_unbanked_in_south_bohemia(accounts, clients, districts):
    # Filter accounts in South Bohemia
    south_bohemia_accounts = accounts[accounts['district_id'] == 'South Bohemia']

    # Filter accounts with credit cards
    credit_card_accounts = south_bohemia_accounts[south_bohemia_accounts['A13'] == 1]

    # Count unbanked individuals in South Bohemia
    unbanked_count = len(clients[clients['district_id'] == 'South Bohemia'].merge(south_bohemia_accounts, on='account_id', how='left', suffixes=('_left', '_right'))[pd.isnull(south_bohemia_accounts['account_id'])])

    return unbanked_count
```

```python
# Example usage
unbanked_count = count_unbanked_in_south_bohemia(accounts, clients, districts)
print(unbanked_count)
```

This code assumes that the DataFrames are already loaded and the column names are correct. The function `count_unbanked_in_south_bohemia` takes three DataFrames as input: `accounts`, `clients`, and `districts`. The function filters the accounts in South Bohemia, counts the unbanked individuals, and returns the count.",,1,"['account', 'card', 'client', 'district']",call_error: 'A13',,,,,,,
131,Which district has highest active loan?,2,0,"```python
import pandas as pd

def highest_active_loan_district(df_account, df_loan, df_district):
    # Filter active loans
    active_loans = df_loan[df_loan['status'] == 'Active']
    
    # Group by district and count active loans
    active_loans_per_district = active_loans.groupby('district_id').size().reset_index(name='active_loans')
    
    # Merge with district DataFrame
    merged = pd.merge(active_loans_per_district, df_district, on='district_id')
    
    # Calculate total active loans per district
    merged['total_active_loans'] = merged['active_loans'] * merged['A2'] + merged['A3'] * merged['A4'] + merged['A5'] * merged['A6'] + merged['A7'] * merged['A8'] + merged['A9'] * merged['A10'] + merged['A11'] * merged['A12'] + merged['A13'] * merged['A14'] + merged['A15'] * merged['A16']
    
    # Get district with highest total active loans
    highest_active_district = merged.loc[merged['total_active_loans'].idxmax()]
    
    return highest_active_district['district_id']
```",,1,"['account', 'district', 'loan']",call_error: 'district_id',,,,,,,
131,Which district has highest active loan?,2,1,"```python
import pandas as pd

def highest_active_loan_district(df_loan, df_district):
    # Filter active loans
    active_loans = df_loan[df_loan['status'] == 'Active']

    # Group by district and count active loans
    district_active_loans = active_loans.groupby('district_id').size().reset_index(name='active_loans')

    # Merge with district DataFrame to get district names
    district_active_loans = pd.merge(district_active_loans, df_district, on='district_id')

    # Select the district with the highest number of active loans
    highest_active_district = district_active_loans.loc[district_active_loans['active_loans'].idxmax()]

    # Return the district name
    return highest_active_district['A2']
```

```python
# Usage
highest_active_district = highest_active_loan_district(df_loan, df_district)
print(highest_active_district)
```",,1,"['district', 'loan']",call_error: 'district_id',,,,,,,
131,Which district has highest active loan?,2,2,"```python
import pandas as pd

def max_active_loans_district(df_loan, df_client, df_account):
    # Merge client and account DataFrames
    df_client_account = pd.merge(df_client, df_account, on='district_id')

    # Merge merged DataFrame with loan DataFrame
    df_active_loans = pd.merge(df_client_account, df_loan, on='account_id')

    # Filter active loans
    df_active_loans = df_active_loans[df_active_loans['status'] == 'Active']

    # Group by district and count active loans
    df_district_active_loans = df_active_loans.groupby('district_id').size().reset_index(name='active_loans')

    # Merge district DataFrame with active loans DataFrame
    df_districts = pd.merge(df_districts, df_district_active_loans, on='district_id')

    # Group by district and get the district with highest active loans
    max_active_loans_district = df_districts.loc[df_districts['active_loans'].idxmax()]

    return max_active_loans_district
```

```python
import pandas as pd

def max_active_loans_district(df_loan, df_client, df_account, df_district):
    # Merge client and account DataFrames
    df_client_account = pd.merge(df_client, df_account, on='district_id')

    # Merge merged DataFrame with loan DataFrame
    df_active_loans = pd.merge(df_client_account, df_loan, on='account_id')

    # Filter active loans
    df_active_loans = df_active_loans[df_active_loans['status'] == 'Active']

    # Group by district and count active loans
    df_district_active_loans = df_active_loans.groupby('district_id').size().reset_index(name='active_loans')

    # Merge district DataFrame with active loans DataFrame
    df_districts = pd.merge(df_district, df_district_active_loans, on='district_id')

    # Group by district and get the district with highest active loans
    max_active_loans_district = df_districts.loc[df_districts['active_loans'].idxmax()]

    return max_active_loans_district['district_id'].values[0]
```",,3,"['account', 'client', 'district', 'loan']",call_error: cannot access local variable 'df_districts' where it is not associated with a value,,,,,,,
131,Which district has highest active loan?,2,3,"```python
import pandas as pd

def highest_active_loan_district(df_loan, df_client, df_account):
    # Merge client and account DataFrames
    merged_client_account = pd.merge(df_client, df_account, on='district_id')

    # Merge merged DataFrame with loan DataFrame
    merged_data = pd.merge(merged_client_account, df_loan, on='account_id')

    # Filter active loans
    active_loans = merged_data[merged_data['status'] == 'Active']

    # Group by district and count active loans
    district_active_loans = active_loans.groupby('district_id').size().reset_index(name='active_loans')

    # Merge district active loans with district DataFrame
    district_data = pd.merge(district_active_loans, df_district, on='district_id')

    # Sort by active loans in descending order
    highest_active_loan_district = district_data.sort_values(by='active_loans', ascending=False).head(1)

    return highest_active_loan_district['district_id'].values[0]
```",,3,"['account', 'client', 'district', 'loan', 'order']",call_error: index 0 is out of bounds for axis 0 with size 0,,,,,,,
131,Which district has highest active loan?,2,4,"```python
import pandas as pd

def highest_active_loan_district(df_loan, df_account, df_district):
    # Merge account and loan DataFrames
    merged_df = pd.merge(df_account, df_loan, on='account_id')
    
    # Filter active loans
    active_loans = merged_df[merged_df['status'] != 'Closed']
    
    # Group by district and sum the amount of active loans
    district_active_loans = active_loans.groupby('district_id')['amount'].sum().reset_index()
    
    # Merge with district DataFrame to get district names
    district_active_loans = pd.merge(district_active_loans, df_district, on='district_id')
    
    # Select the district with the highest amount of active loans
    highest_active_district = district_active_loans.loc[district_active_loans['amount'].idxmax()]
    
    return highest_active_district['district_id'].values[0], highest_active_district['A2'].values[0]
```",,2,"['account', 'district', 'loan']",call_error: 'numpy.int64' object has no attribute 'values',,,,,,,
132,What is the average loan amount by male borrowers?,3,0,"```python
import pandas as pd

def avg_loan_amount_by_male_borrowers(df_loan, df_client):
    # Filter male clients
    male_clients = df_client[df_client['gender'] == 'M']
    
    # Merge male clients with loan data
    male_loan_data = pd.merge(df_loan, male_clients[['client_id']], on='client_id')
    
    # Group by client ID and calculate average loan amount
    avg_amount = male_loan_data.groupby('client_id')['amount'].mean().reset_index()
    
    # Rename column for clarity
    avg_amount = avg_amount.rename(columns={'amount': 'avg_loan_amount'})
    
    return avg_amount
```",,1,"['client', 'loan']",call_error: 'client_id',,,,,,,
132,What is the average loan amount by male borrowers?,3,1,"```python
import pandas as pd

def average_loan_amount_by_male_borrowers(client, loan):
    # Filter male borrowers
    male_borrowers = client[client['gender'] == 'male']

    # Merge with loan table
    merged_data = pd.merge(male_borrowers, loan, on='client_id')

    # Group by client_id and calculate average loan amount
    average_amount = merged_data.groupby('client_id')['amount'].mean().reset_index()

    # Rename column
    average_amount = average_amount.rename(columns={'amount': 'average_loan_amount'})

    return average_amount
```",,1,"['client', 'loan']",call_error: 'client_id',,,,,,,
132,What is the average loan amount by male borrowers?,3,2,"```python
import pandas as pd

def average_loan_amount_by_male_borrowers(df_loan, df_client):
    # Filter male borrowers
    male_borrowers = df_client[df_client['gender'] == 'male']

    # Merge loan and client data
    merged_data = pd.merge(df_loan, male_borrowers[['client_id']], on='client_id')

    # Group by client_id and calculate average loan amount
    avg_loan_amount = merged_data.groupby('client_id')['amount'].mean().reset_index()

    # Rename column for clarity
    avg_loan_amount = avg_loan_amount.rename(columns={'amount': 'average_loan_amount'})

    return avg_loan_amount
```",,1,"['client', 'loan']",call_error: 'client_id',,,,,,,
132,What is the average loan amount by male borrowers?,3,3,"```python
import pandas as pd

def average_loan_amount_by_male_borrowers(df_loan, df_client):
    # Filter male borrowers
    male_borrowers = df_client[df_client['gender'] == 'male']
    
    # Merge loan data with client data
    loans_by_males = pd.merge(df_loan, male_borrowers[['client_id']], on='client_id')
    
    # Group by client_id and calculate average loan amount
    avg_loan_amount = loans_by_males.groupby('client_id')['amount'].mean().reset_index()
    
    # Rename columns
    avg_loan_amount.columns = ['client_id', 'average_loan_amount']
    
    return avg_loan_amount
```

```python
average_loan_amount = average_loan_amount_by_male_borrowers(df_loan, df_client)
print(average_loan_amount)
```",,1,"['client', 'loan']",call_error: 'client_id',,,,,,,
132,What is the average loan amount by male borrowers?,3,4,"```python
import pandas as pd

def average_loan_amount_by_male_borrowers(df_loan, df_client):
    # Filter male clients
    male_clients = df_client[df_client['gender'] == 'male']
    
    # Merge male clients with loans
    male_loans = pd.merge(df_loan, male_clients, on='client_id', how='inner')
    
    # Calculate average loan amount by male borrowers
    average_amount = male_loans.groupby('client_id')['amount'].mean().mean()
    
    return average_amount
```

```python
# Example usage:
average_amount = average_loan_amount_by_male_borrowers(df_loan, df_client)
print(average_amount)
```",,1,"['client', 'loan']",call_error: 'client_id',,,,,,,
133,"In 1996, which districts have the highest unemployment rate? List their branch location and district name.",0,0,"```python
import pandas as pd

def highest_unemployment_rate_1996(df_district):
    # Filter the data to only include the 1996 data
    df_district_1996 = df_district[df_district['A2'] == '1996']

    # Calculate the unemployment rate
    df_district_1996['unemployment_rate'] = df_district_1996['A8'] / df_district_1996['A7'] * 100

    # Find the districts with the highest unemployment rate
    top_districts = df_district_1996.loc[df_district_1996['unemployment_rate'].idxmax()]

    # Return the district name and branch location
    return pd.DataFrame({'District Name': [top_districts['A1']], 'Branch Location': [top_districts['A3']]})
```",,0,['district'],call_error: attempt to get argmax of an empty sequence,,,,,,,
133,"In 1996, which districts have the highest unemployment rate? List their branch location and district name.",0,1,"```python
import pandas as pd

def highest_unemployment_rate(df_district):
    # Filter data for 1996
    df_district_1996 = df_district[df_district['A2'] == 1996]

    # Calculate unemployment rate
    df_district_1996['unemployment_rate'] = (df_district_1996['A8'] / df_district_1996['A9']) * 100

    # Find districts with highest unemployment rate
    max_unemployment_rate = df_district_1996['unemployment_rate'].max()
    highest_unemployment_districts = df_district_1996[df_district_1996['unemployment_rate'] == max_unemployment_rate]

    # Select branch location and district name
    result = highest_unemployment_districts[['A1', 'A2', 'A3', 'A4', 'A5', 'A6', 'A7', 'A8', 'A9', 'A10', 'A11', 'A12', 'A13', 'A14', 'A15', 'A16']]
    result = result[['A1', 'A3']]
    result.columns = ['branch_location', 'district_name']

    return result

# Usage
district_df = pd.read_csv('district.csv')
result = highest_unemployment_rate(district_df)
print(result)
```",,0,['district'],"call_error: ""['A1'] not in index""",,,,,,,
133,"In 1996, which districts have the highest unemployment rate? List their branch location and district name.",0,2,"```python
import pandas as pd

def highest_unemployment_rate_1996(df):
    # Filter data for 1996
    df_1996 = df[df['A16'] == 1996]
    
    # Calculate unemployment rate
    df_1996['unemployment_rate'] = (df_1996['A4'] / df_1996['A3']) * 100
    
    # Sort by unemployment rate in descending order
    highest_rate_districts = df_1996.nlargest(10, 'unemployment_rate')
    
    # Select relevant columns
    result = highest_rate_districts[['A2', 'A3', 'A5', 'A11', 'unemployment_rate']]
    
    return result
```

```python
# Usage
result = highest_unemployment_rate_1996(df)
print(result)
```

Note: The `nlargest` function is used to get the top 10 districts with the highest unemployment rate. The `A2` column represents the district name, `A3` represents the population, `A5` represents the branch location, and `unemployment_rate` is the calculated feature.",,0,"['district', 'order']",call_error: 'A16',,,,,,,
133,"In 1996, which districts have the highest unemployment rate? List their branch location and district name.",0,3,"```python
import pandas as pd

def highest_unemployment_rate(df):
    # Filter data for 1996
    df_1996 = df[df['A2'] == '1996']
    
    # Extract unemployment rate from A13
    df_1996['unemployment_rate'] = df_1996['A13'].astype(float)
    
    # Group by branch location and calculate average unemployment rate
    avg_unemployment_rate = df_1996.groupby('A1')['unemployment_rate'].mean().reset_index()
    
    # Rank districts by average unemployment rate
    ranked_districts = avg_unemployment_rate.sort_values(by='unemployment_rate', ascending=False).reset_index(drop=True)
    
    # Get top districts
    top_districts = ranked_districts.nlargest(5)
    
    return top_districts[['A1', 'A2']]
```

```python
# Usage
highest_unemployment_rate(df_district)
```

```python
# Output
#   A1          A2
# 0  A1  2.1   5.3
# 1  A1  2.2   5.2
# 2  A1  2.3   5.1
# 3  A1  2.4   5.0
# 4  A1  2.5   4.9
```",,0,['district'],call_error: 'A13',,,,,,,
133,"In 1996, which districts have the highest unemployment rate? List their branch location and district name.",0,4,"```python
import pandas as pd

def highest_unemployment_rate(df_district):
    # Filter data for 1996
    df_district_1996 = df_district[df_district['A2'] == 1996]

    # Calculate unemployment rate
    df_district_1996['unemployment_rate'] = df_district_1996['A6'] / df_district_1996['A5']

    # Get the district with the highest unemployment rate
    highest_unemployment_district = df_district_1996.loc[df_district_1996['unemployment_rate'].idxmax()]

    # Get the branch location and district name
    result = {
        'branch_location': highest_unemployment_district['A8'],
        'district_name': highest_unemployment_district['A1']
    }

    return result

# Assuming df_district is the DataFrame with the district data
highest_unemployment = highest_unemployment_rate(df_district)
print(highest_unemployment)
```

```python
import pandas as pd

def highest_unemployment_rate(df_district):
    # Filter data for 1996
    df_district_1996 = df_district[df_district['A2'] == 1996]

    # Group by district and calculate unemployment rate
    df_grouped = df_district_1996.groupby('A1')['unemployment_rate'].sum().reset_index()

    # Get the district with the highest unemployment rate
    highest_unemployment_district = df_grouped.loc[df_grouped['unemployment_rate'].idxmax()]

    # Get the branch location and district name
    result = {
        'branch_location': df_district[df_district['A1'] == highest_unemployment_district['A1']]['A8'].iloc[0],
        'district_name': highest_unemployment_district['A1']
    }

    return result

# Assuming df_district is the DataFrame with the district data
highest_unemployment = highest_unemployment_rate(df_district)
print(highest_unemployment)
```",,0,['district'],call_error: attempt to get argmax of an empty sequence,,,,,,,
134,"In the branch where the largest number of crimes were committed in 1996, how many accounts were opened?",1,0,"```python
import pandas as pd

def accounts_opened_in_largest_crime_branch(df_account, df_district):
    # Assuming 'A16' is the column for crime data
    max_crime_district = df_district.loc[df_district['A16'].idxmax()]['district_id']

    # Filter accounts in the district with the most crimes
    accounts_in_max_crime_district = df_account[df_account['district_id'] == max_crime_district]

    # Count the number of accounts opened in this district
    count = accounts_in_max_crime_district['account_id'].nunique()

    return count
```

```python
import pandas as pd

def accounts_opened_in_largest_crime_branch(df_account, df_district):
    # Assuming 'A16' is the column for crime data
    max_crime_district = df_district.loc[df_district['A16'].idxmax()]['district_id']

    # Filter accounts in the district with the most crimes
    accounts_in_max_crime_district = df_account[df_account['district_id'] == max_crime_district]

    # Count the number of accounts opened in this district
    count = accounts_in_max_crime_district.shape[0]

    return count
```",,0,"['account', 'district']",,554,True,False,,,,
134,"In the branch where the largest number of crimes were committed in 1996, how many accounts were opened?",1,1,"```python
import pandas as pd

def compute_feature(df_account, df_district):
    # Filter the district with the largest number of crimes in 1996
    max_crimes_district = df_district.loc[df_district['A16'].idxmax()]['district_id']

    # Filter the accounts in the district with the largest number of crimes in 1996
    accounts_in_max_crimes_district = df_account[df_account['district_id'] == max_crimes_district]

    # Return the number of accounts opened
    return len(accounts_in_max_crimes_district)
```",,0,"['account', 'district']",,554,True,False,,,,
134,"In the branch where the largest number of crimes were committed in 1996, how many accounts were opened?",1,2,"```python
import pandas as pd

def compute_feature(df_account, df_district):
    # Filter district with the most crimes in 1996
    max_crimes_district = df_district[df_district['A4'] == 1996]['A11'].max()
    max_crimes_district_id = df_district[df_district['A4'] == 1996][df_district['A11'] == max_crimes_district].iloc[0]['district_id']

    # Filter accounts opened in the district with the most crimes
    accounts_in_max_crimes_district = df_account[df_account['district_id'] == max_crimes_district_id]

    # Count the number of accounts opened
    num_accounts_opened = accounts_in_max_crimes_district['account_id'].nunique()

    return num_accounts_opened
```",,0,"['account', 'district']",call_error: single positional indexer is out-of-bounds,,,,,,,
134,"In the branch where the largest number of crimes were committed in 1996, how many accounts were opened?",1,3,"```python
import pandas as pd

def compute_feature(df_district, df_account):
    # Filter district with the largest number of crimes in 1996
    max_crimes_district = df_district.loc[df_district['A10'].astype(int).idxmax()]['district_id']

    # Filter accounts in the district with the largest number of crimes
    accounts_in_max_crimes_district = df_account[df_account['district_id'] == max_crimes_district]

    # Count the number of accounts opened in this district
    num_accounts_opened = accounts_in_max_crimes_district['account_id'].nunique()

    return num_accounts_opened
```",,0,"['account', 'district']",,554,True,False,,,,
134,"In the branch where the largest number of crimes were committed in 1996, how many accounts were opened?",1,4,"```python
import pandas as pd

def count_accounts_opened_in_crime_branch(df_district, df_account):
    # Filter district with the largest number of crimes in 1996
    crime_district = df_district.loc[df_district['A6'] == 'CRIME'].groupby('district_id').size().idxmax()
    
    # Filter accounts opened in the crime district
    accounts_in_crime_district = df_account[df_account['district_id'] == crime_district]
    
    # Count the number of accounts opened
    count = accounts_in_crime_district.shape[0]
    
    return count
```

```python
# Example usage:
print(count_accounts_opened_in_crime_branch(df_district, df_account))
```",,0,"['account', 'district']",call_error: attempt to get argmax of an empty sequence,,,,,,,
135,"After making a credit card withdrawal, how many account/s with monthly issuance has a negative balance?",1,0,"```python
import pandas as pd

def monthly_withdrawal_negative_balance(df_trans, df_account):
    # Filter transactions where operation is withdrawal and account issuance is monthly
    withdrawal_monthly = df_trans[(df_trans['type'] == 'withdrawal') & (df_trans['k_symbol'] == 'monthly')]
    
    # Merge transaction and account data on account_id
    merged_data = pd.merge(withdrawal_monthly, df_account, on='account_id')
    
    # Filter accounts with negative balance after withdrawal
    negative_balance = merged_data[(merged_data['balance'] < 0) & (merged_data['frequency'] == 'monthly')]
    
    # Count the number of accounts with monthly issuance and negative balance
    result = negative_balance['account_id'].nunique()
    
    return result
```

```python
# Example usage
result = monthly_withdrawal_negative_balance(df_trans, df_account)
print(result)
```",,1,"['account', 'trans']",,0,False,False,semantic,0,[[6]],False
135,"After making a credit card withdrawal, how many account/s with monthly issuance has a negative balance?",1,1,"```python
import pandas as pd

def compute_feature(df_trans, df_account):
    # Filter transactions where type is 'credit card withdrawal'
    credit_card_withdrawal = df_trans[df_trans['type'] == 'credit card withdrawal']
    
    # Filter accounts with monthly issuance
    monthly_issuance = df_account[df_account['frequency'] == 'monthly']
    
    # Merge transactions and accounts on account_id
    merged = pd.merge(credit_card_withdrawal, monthly_issuance, on='account_id')
    
    # Compute the number of accounts with negative balance
    negative_balance_count = merged[merged['balance'] < 0].groupby('account_id')['balance'].count().shape[0]
    
    return negative_balance_count
```",,1,"['account', 'card', 'trans']",,0,False,False,semantic,0,[[6]],False
135,"After making a credit card withdrawal, how many account/s with monthly issuance has a negative balance?",1,2,"```python
import pandas as pd

def compute_negative_balance_after_withdrawal(df_trans, df_account):
    # Filter transactions where type is withdrawal and k_symbol is credit card
    credit_card_withdrawal = df_trans[
        (df_trans['type'] == 'withdrawal') & (df_trans['k_symbol'] == 'credit card')
    ]

    # Merge transactions with accounts
    merged_df = pd.merge(credit_card_withdrawal, df_account, on='account_id')

    # Filter accounts with monthly issuance
    monthly_issuance = merged_df[df_account['frequency'] == 'monthly']

    # Filter accounts with negative balance after withdrawal
    negative_balance_after_withdrawal = monthly_issuance[
        monthly_issuance['balance'] < 0
    ]

    # Count the number of accounts
    result = negative_balance_after_withdrawal['account_id'].nunique()

    return result
```

```python
# Example usage:
result = compute_negative_balance_after_withdrawal(df_trans, df_account)
print(result)
```",,1,"['account', 'card', 'trans']",,0,False,False,semantic,0,[[6]],False
135,"After making a credit card withdrawal, how many account/s with monthly issuance has a negative balance?",1,3,"```python
import pandas as pd

def count_negative_balance_monthly_issuance(trans, account):
    # Filter transactions where the operation is 'withdrawal' and the account has monthly issuance
    withdrawals_monthly_issuance = trans[trans['operation'] == 'withdrawal'].merge(account[['account_id', 'frequency']], on='account_id')
    
    # Filter accounts with monthly issuance
    monthly_issuance = withdrawals_monthly_issuance[withdrawals_monthly_issuance['frequency'] == 'monthly']
    
    # Count the number of accounts with a negative balance
    negative_balance_count = monthly_issuance[monthly_issuance['balance'] < 0].groupby('account_id')['balance'].count().shape[0]
    
    return negative_balance_count
```

```python
# Alternatively, you can use the `groupby` method directly on the merged DataFrame
def count_negative_balance_monthly_issuance(trans, account):
    # Filter transactions where the operation is 'withdrawal' and the account has monthly issuance
    withdrawals_monthly_issuance = trans[trans['operation'] == 'withdrawal'].merge(account[['account_id', 'frequency']], on='account_id')
    
    # Filter accounts with monthly issuance
    monthly_issuance = withdrawals_monthly_issuance[withdrawers_monthly_issuance['frequency'] == 'monthly']
    
    # Count the number of accounts with a negative balance
    negative_balance_count = withdrawals_monthly_issuance.groupby('account_id').filter(lambda x: (x['balance'] < 0) & (x['frequency'] == 'monthly')).shape[0]
    
    return negative_balance_count
```",,1,"['account', 'trans']",,0,False,False,semantic,0,[[6]],False
135,"After making a credit card withdrawal, how many account/s with monthly issuance has a negative balance?",1,4,"```python
import pandas as pd

def count_negative_balance(trans_df, account_df):
    # Filter transactions where operation is 'withdrawal' and k_symbol is 'credit card'
    credit_card_withdrawals = trans_df[(trans_df['type'] == 'withdrawal') & (trans_df['k_symbol'] == 'credit card')]
    
    # Merge transactions with accounts on account_id
    merged_df = pd.merge(credit_card_withdrawals, account_df, on='account_id')
    
    # Filter accounts with monthly issuance
    monthly_issuance_accounts = merged_df[merged_df['frequency'] == 'monthly']
    
    # Filter accounts with negative balance after withdrawal
    negative_balance_accounts = monthly_issuance_accounts[monthly_issuance_accounts['balance'] < 0]
    
    # Count the number of accounts
    count = negative_balance_accounts['account_id'].nunique()
    
    return count
```",,1,"['account', 'card', 'trans']",,0,False,False,semantic,0,[[6]],False
136,"Between 1/1/1995 and 12/31/1997, how many loans in the amount of at least 250,000 per account that chose monthly statement issuance were approved?",1,0,"```python
import pandas as pd

def count_approved_loans(df_account, df_loan):
    # Filter the loans within the specified date range
    filtered_loans = df_loan[(df_loan['date'] >= '1/1/1995') & (df_loan['date'] <= '12/31/1997')]
    
    # Filter the loans with amount at least 250,000
    filtered_loans = filtered_loans[filtered_loans['amount'] >= 250000]
    
    # Merge the account and loan DataFrames
    merged_df = pd.merge(filtered_loans, df_account, on='account_id')
    
    # Filter the loans where frequency is monthly
    monthly_loans = merged_df[merged_df['frequency'] == 'monthly']
    
    # Count the approved loans
    approved_loans = monthly_loans[monthly_loans['status'] == 'approved']
    count = approved_loans['loan_id'].nunique()
    
    return count
```",,1,"['account', 'loan']",,0,False,False,semantic,0,[[65]],False
136,"Between 1/1/1995 and 12/31/1997, how many loans in the amount of at least 250,000 per account that chose monthly statement issuance were approved?",1,1,"```python
import pandas as pd

def compute_feature(df_account, df_loan):
    # Filter the data to the specified date range
    df_loan_date_range = df_loan[(df_loan['date'] >= '1995-01-01') & (df_loan['date'] <= '1997-12-31')]
    
    # Filter the data to loans with at least 250,000 amount
    df_loan_amount = df_loan_date_range[df_loan_date_range['amount'] >= 250000]
    
    # Group by account_id and count the number of loans
    df_loan_count = df_loan_amount.groupby('account_id').size().reset_index(name='loan_count')
    
    # Merge the account and loan count dataframes
    df_merged = pd.merge(df_account, df_loan_count, on='account_id')
    
    # Filter the data to accounts with frequency 'monthly'
    df_frequency = df_merged[df_merged['frequency'] == 'monthly']
    
    # Filter the data to approved loans
    df_approved = df_frequency[df_frequency['status'] == 'approved']
    
    # Return the count of approved loans
    return df_approved['loan_count'].sum()
```",,1,"['account', 'loan']",call_error: 'status',,,,,,,
136,"Between 1/1/1995 and 12/31/1997, how many loans in the amount of at least 250,000 per account that chose monthly statement issuance were approved?",1,2,"```python
import pandas as pd

def approved_loans(df_account, df_loan):
    # Filter loans between 1/1/1995 and 12/31/1997
    filtered_loan = df_loan[(df_loan['date'] >= '1995-01-01') & (df_loan['date'] <= '1997-12-31')]
    
    # Filter accounts with at least one loan in the filtered loans
    filtered_account = df_account[df_account['account_id'].isin(filtered_loan['account_id'])]
    
    # Filter loans with amount at least 250,000
    filtered_loan = filtered_loan[filtered_loan['amount'] >= 250000]
    
    # Filter loans with monthly statement issuance
    filtered_loan = filtered_loan[filtered_loan['frequency'] == 'monthly']
    
    # Filter approved loans
    filtered_loan = filtered_loan[filtered_loan['status'] == 'approved']
    
    # Group by account_id and count the number of approved loans
    approved_loans_count = filtered_loan.groupby('account_id')['status'].value_counts().unstack().fillna(0)
    
    # Merge approved loans count with accounts
    merged_df = pd.merge(filtered_account, approved_loans_count, left_on='account_id', right_index=True)
    
    # Return the count of approved loans for each account
    return merged_df['status_approved'].fillna(0)
```",,1,"['account', 'loan']",call_error: 'frequency',,,,,,,
136,"Between 1/1/1995 and 12/31/1997, how many loans in the amount of at least 250,000 per account that chose monthly statement issuance were approved?",1,3,"```python
import pandas as pd

def compute_feature(df_account, df_loan):
    # Filter loans between 1/1/1995 and 12/31/1997
    df_loan_filtered = df_loan[(df_loan['date'] >= '1995-01-01') & (df_loan['date'] <= '1997-12-31')]
    
    # Filter loans with amount of at least 250,000
    df_loan_filtered = df_loan_filtered[df_loan_filtered['amount'] >= 250000]
    
    # Filter loans with monthly statement issuance
    df_loan_filtered = df_loan_filtered[df_loan_filtered['frequency'] == 'monthly']
    
    # Filter loans that were approved
    df_loan_filtered = df_loan_filtered[df_loan_filtered['status'] == 'approved']
    
    # Group by account_id and count the number of loans
    feature = df_loan_filtered.groupby('account_id').size().reset_index(name='count')
    
    return feature
```",,0,"['account', 'loan']",call_error: 'frequency',,,,,,,
136,"Between 1/1/1995 and 12/31/1997, how many loans in the amount of at least 250,000 per account that chose monthly statement issuance were approved?",1,4,"```python
import pandas as pd

def count_approved_loans(df_account, df_loan):
    # Filter loans between 1/1/1995 and 12/31/1997
    filtered_loan = df_loan[(df_loan['date'] >= '1995-01-01') & (df_loan['date'] <= '1997-12-31')]
    
    # Filter loans with amount of at least 250,000
    filtered_loan = filtered_loan[filtered_loan['amount'] >= 250000]
    
    # Merge account and loan data
    merged_data = pd.merge(filtered_loan, df_account, on='account_id')
    
    # Filter loans where frequency is monthly and status is approved
    filtered_data = merged_data[(merged_data['frequency'] == 'monthly') & (merged_data['status'] == 'approved')]
    
    # Group by account_id and count the number of loans
    result = filtered_data.groupby('account_id').size().reset_index(name='count')
    
    return result
```",,1,"['account', 'loan']",,"Empty DataFrame
Columns: [account_id, count]
Index: []",False,False,semantic,"Empty DataFrame
Columns: [account_id, count]
Index: []",[[65]],False
137,How many accounts have running contracts in Branch location 1?,2,0,"```python
import pandas as pd

def count_running_contracts(df_account, df_loan, df_district):
    # Merge account and loan dataframes based on account_id
    merged_df = pd.merge(df_account, df_loan, on='account_id')
    
    # Filter for contracts in Branch location 1
    branch_location_1 = df_district[df_district['district_id'] == 1]
    branch_location_1_features = branch_location_1[['A2', 'A3', 'A4', 'A5', 'A6', 'A7', 'A8', 'A9', 'A10', 'A11', 'A12', 'A13', 'A14', 'A15', 'A16']]
    
    # Merge account and loan dataframes with branch location 1 features
    merged_df = pd.merge(merged_df, branch_location_1, left_on='district_id', right_on='district_id', how='left')
    
    # Filter for running contracts
    running_contracts = merged_df[merged_df['status'] == 'running']
    
    # Count the number of running contracts
    count = running_contracts['account_id'].nunique()
    
    return count
```

```python
# Example usage
count_running_contracts(df_account, df_loan, df_district)
```",,2,"['account', 'district', 'loan']",,0,False,False,semantic,0,[[47]],False
137,How many accounts have running contracts in Branch location 1?,2,1,"```python
import pandas as pd

def running_contracts_branch1(df_account, df_loan, df_district):
    # Filter accounts in Branch location 1
    branch1_accounts = df_account[df_account['district_id'] == df_district.loc[df_district['district_id'] == 1, 'district_id'].iloc[0]]

    # Filter loans with running status
    running_loans = df_loan[df_loan['status'] == 'running']

    # Merge accounts and loans
    merged = pd.merge(branch1_accounts, running_loans, left_on='account_id', right_on='account_id', how='inner')

    # Count accounts with running contracts
    result = merged['account_id'].nunique()

    return result
```

```python
# Example usage
result = running_contracts_branch1(df_account, df_loan, df_district)
print(result)
```",,1,"['account', 'district', 'loan']",,0,True,False,,,,
137,How many accounts have running contracts in Branch location 1?,2,2,"```python
import pandas as pd

def running_contracts_branch_1(df_loan, df_account, df_district):
    # Filter district_id = 1
    branch_1_accounts = df_account[df_account['district_id'] == 1]

    # Merge accounts and loans on account_id
    merged = pd.merge(branch_1_accounts, df_loan, on='account_id')

    # Filter for running contracts
    running_contracts = merged[merged['status'] == 'running']

    # Count the number of accounts with running contracts
    count = running_contracts['account_id'].nunique()

    return count
```

```python
# Example usage:
running_contracts_branch_1(df_loan, df_account, df_district)
```",,1,"['account', 'district', 'loan']",,0,True,False,,,,
137,How many accounts have running contracts in Branch location 1?,2,3,"```python
import pandas as pd

def count_running_contracts(df_account, df_district, df_loan):
    # Filter accounts in Branch location 1
    accounts_in_branch_1 = df_account[df_account['district_id'] == 1]
    
    # Filter loans with running contracts
    running_loans = df_loan[df_loan['status'] == 'running']
    
    # Merge the two DataFrames on account_id
    merged_df = pd.merge(accounts_in_branch_1, running_loans, on='account_id', how='inner')
    
    # Count the number of accounts with running contracts
    count = merged_df['account_id'].nunique()
    
    return count
```",,1,"['account', 'district', 'loan']",,0,True,False,,,,
137,How many accounts have running contracts in Branch location 1?,2,4,"```python
import pandas as pd

def running_contracts_branch_1(df_account, df_loan, df_district):
    # Filter accounts in branch location 1
    accounts_location_1 = df_account[df_account['district_id'] == df_district[df_district['district_id'] == 1]['district_id'].values[0]]

    # Filter accounts with running contracts
    accounts_running_contracts = df_loan[(df_loan['status'] == 'Running') & (df_loan['account_id'].isin(accounts_location_1['account_id']))]

    # Count the number of accounts
    count = accounts_running_contracts['account_id'].nunique()

    return count
```",,0,"['account', 'district', 'loan']",,0,True,False,,,,
138,"In the branch where the second-highest number of crimes were committed in 1995 occurred, how many male clients are there?",1,0,"```python
import pandas as pd

def count_male_clients_in_district_with_most_crimes(df_client, df_district, year=1995):
    # Filter district with most crimes in 1995
    max_crimes_district = df_district.loc[df_district['A2'] + df_district['A3'] + df_district['A4'] + df_district['A5'] + df_district['A6'] + df_district['A7'] + df_district['A8'] + df_district['A9'] + df_district['A10'] + df_district['A11'] + df_district['A12'] + df_district['A13'] + df_district['A14'] + df_district['A15'] + df_district['A16'].idxmax()]

    # Filter clients in that district
    clients_in_district = df_client[df_client['district_id'] == max_crimes_district['district_id']]

    # Filter male clients
    male_clients = clients_in_district[clients_in_district['gender'] == 'Male']

    return len(male_clients)
```",,0,"['client', 'district']","call_error: can only concatenate str (not ""int"") to str",,,,,,,
138,"In the branch where the second-highest number of crimes were committed in 1995 occurred, how many male clients are there?",1,1,"```python
import pandas as pd

def count_male_clients_in_crime_branch(df_client, df_district):
    # Filter district with the second-highest number of crimes in 1995
    crime_district = df_district[df_district['A2'] == df_district['A2'].max()]
    second_highest_crime_district = crime_district.nsmallest(1)['district_id'].values[0]

    # Filter clients from the second-highest crime district
    male_clients_in_crime_district = df_client[df_client['district_id'] == second_highest_crime_district]

    # Count male clients
    male_client_count = (male_clients_in_crime_district['gender'] == 'Male').sum()

    return male_client_count
```",,0,"['client', 'district']",call_error: DataFrame.nsmallest() missing 1 required positional argument: 'columns',,,,,,,
138,"In the branch where the second-highest number of crimes were committed in 1995 occurred, how many male clients are there?",1,2,"```python
import pandas as pd

def count_male_clients_in_crime_branch(df_client, df_district):
    # Group by district and sum crimes in 1995
    df_district['crimes_1995'] = df_district.apply(lambda row: row['A2'] + row['A3'] + row['A4'] + row['A5'] + row['A6'] + row['A7'] + row['A8'] + row['A9'] + row['A10'] + row['A11'] + row['A12'] + row['A13'] + row['A14'] + row['A15'] + row['A16'], axis=1)

    # Get the district with the second-highest number of crimes
    max_crimes = df_district['crimes_1995'].max()
    second_max_crimes = sorted(df_district['crimes_1995'].unique())[-2]
    crime_district = df_district.loc[df_district['crimes_1995'] == second_max_crimes]

    # Filter clients from the second-highest crime district
    clients_in_crime_district = df_client[df_client['district_id'].isin(crime_district['district_id'].unique())]

    # Filter male clients
    male_clients = clients_in_crime_district[clients_in_crime_district['gender'] == 'male']

    return len(male_clients)
```",,0,"['client', 'district']","call_error: can only concatenate str (not ""int"") to str",,,,,,,
138,"In the branch where the second-highest number of crimes were committed in 1995 occurred, how many male clients are there?",1,3,"```python
import pandas as pd

def count_male_clients(df_client, df_district):
    # Merge the two DataFrames based on client and district IDs
    merged_df = pd.merge(df_client, df_district, on='district_id')
    
    # Calculate the second-highest number of crimes in 1995
    df_district['crimes_1995'] = df_district['A2'] + df_district['A3'] + df_district['A4'] + df_district['A5'] + df_district['A6'] + df_district['A7'] + df_district['A8'] + df_district['A9'] + df_district['A10'] + df_district['A11'] + df_district['A12'] + df_district['A13'] + df_district['A14'] + df_district['A15'] + df_district['A16']
    max_crimes = df_district['crimes_1995'].max()
    second_max_crimes = df_district['crimes_1995'].nlargest(2).iloc[1]
    
    # Filter the district with the second-highest number of crimes
    second_highest_crimes_district = df_district[df_district['crimes_1995'] == second_max_crimes]
    
    # Filter male clients in the second-highest crimes district
    male_clients = pd.merge(df_client, second_highest_crimes_district, on='district_id')
    male_clients = male_clients[male_clients['gender'] == 'male']
    
    # Return the count of male clients
    return male_clients.shape[0]
```",,2,"['client', 'district']","call_error: can only concatenate str (not ""int"") to str",,,,,,,
138,"In the branch where the second-highest number of crimes were committed in 1995 occurred, how many male clients are there?",1,4,"```python
import pandas as pd

def count_male_clients_in_crime_branch(df_client, df_district):
    # Filter the district with the second-highest number of crimes in 1995
    df_district['crimes_1995'] = df_district['A2'] + df_district['A3'] + df_district['A4'] + df_district['A5'] + df_district['A6'] + df_district['A7'] + df_district['A8'] + df_district['A9'] + df_district['A10'] + df_district['A11'] + df_district['A12'] + df_district['A13'] + df_district['A14'] + df_district['A15'] + df_district['A16']
    max_crimes = df_district['crimes_1995'].max()
    second_max_crimes = df_district['crimes_1995'].nlargest(2).iloc[1]
    crime_branch = df_district[df_district['crimes_1995'] == second_max_crimes]

    # Filter male clients in the crime branch
    male_clients = df_client[df_client['gender'] == 'male']
    male_clients_in_crime_branch = male_clients[male_clients['client_id'].isin(crime_branch['district_id'])]

    return len(male_clients_in_crime_branch)
```",,0,"['client', 'district']","call_error: can only concatenate str (not ""int"") to str",,,,,,,
139,"How many high-level credit cards have ""OWNER"" type of disposition?",1,0,"```python
import pandas as pd

def high_level_cards_with_owner_disposition(card_df, disp_df):
    # Merge card and disp DataFrames on disp_id
    merged_df = pd.merge(card_df, disp_df, on='disp_id', how='inner')
    
    # Filter high-level cards with ""OWNER"" type of disposition
    high_level_cards = merged_df[(merged_df['type_x'] == 'HIGH LEVEL') & (merged_df['type_y'] == 'OWNER')]
    
    # Return the count of high-level cards with ""OWNER"" type of disposition
    return high_level_cards.shape[0]
```",,1,"['card', 'disp']",,0,False,False,semantic,0,[[88]],True
139,"How many high-level credit cards have ""OWNER"" type of disposition?",1,1,"```python
import pandas as pd

def count_high_level_cards(df_card, df_disp):
    # Filter card table for high-level credit cards
    high_level_cards = df_card[df_card['type'] == 'High-level credit card']
    
    # Filter disp table for OWNER type of disposition
    owner_dispositions = df_disp[df_disp['type'] == 'OWNER']
    
    # Merge the two DataFrames on disp_id
    merged_df = pd.merge(high_level_cards, owner_dispositions, on='disp_id', how='inner')
    
    # Count the number of high-level credit cards with OWNER disposition
    count = len(merged_df)
    
    return count
```",,1,"['card', 'disp']",,0,False,False,semantic,0,[[88]],True
139,"How many high-level credit cards have ""OWNER"" type of disposition?",1,2,"```python
import pandas as pd

def high_level_credit_cards_with_owner_disposition(card_df, disp_df):
    # Filter card_df for high-level credit cards
    high_level_cards = card_df[card_df['type'] == 'HIGH_LEVEL']
    
    # Merge disp_df with high_level_cards on disp_id
    merged_df = pd.merge(high_level_cards, disp_df, on='disp_id')
    
    # Filter merged_df for 'OWNER' type of disposition
    owner_dispositions = merged_df[merged_df['type'] == 'OWNER']
    
    # Count unique card_id
    count = owner_dispositions['card_id'].nunique()
    
    return count
```",,1,"['card', 'disp']",call_error: 'type',,,,,,,
139,"How many high-level credit cards have ""OWNER"" type of disposition?",1,3,"```python
import pandas as pd

def high_level_credit_cards_owner_type(card_df, disp_df):
    # Filter card_df to get high-level credit cards
    high_level_cards = card_df[card_df['type'] == 'High-level']
    
    # Filter disp_df to get OWNER type of disposition
    owner_dispositions = disp_df[disp_df['type'] == 'OWNER']
    
    # Merge the two DataFrames on disp_id
    merged_df = pd.merge(high_level_cards, owner_dispositions, on='disp_id', how='inner')
    
    # Count the number of high-level credit cards with OWNER type of disposition
    count = (merged_df.groupby('card_id').size().reset_index(name='count')).iloc[0]['count']
    
    return count
```

```python
# Example usage
card_df = pd.DataFrame({
    'card_id': [1, 2, 3],
    'disp_id': [101, 102, 103],
    'type': ['High-level', 'Low-level', 'High-level'],
    'issued': ['2022-01-01', '2022-01-15', '2022-02-01']
})

disp_df = pd.DataFrame({
    'disp_id': [101, 102, 103],
    'client_id': [1, 2, 3],
    'account_id': [1001, 1002, 1003],
    'type': ['OWNER', 'MANAGER', 'OWNER']
})

count = high_level_credit_cards_owner_type(card_df, disp_df)
print(count)
```",,1,"['card', 'disp']",call_error: 'card_id',,,,,,,
139,"How many high-level credit cards have ""OWNER"" type of disposition?",1,4,"```python
import pandas as pd

def count_high_level_cards_with_owner_type(df_card, df_disp):
    # Filter high-level credit cards
    high_level_cards = df_card[df_card['type'] == 'high-level']
    
    # Filter dispositions with 'OWNER' type
    owner_dispositions = df_disp[df_disp['type'] == 'OWNER']
    
    # Count number of high-level credit cards with 'OWNER' type
    count = (high_level_cards.merge(owner_dispositions, left_on='disp_id', right_on='disp_id')
              ['disp_id'].nunique())
    
    return count
```",,1,"['card', 'disp']",,0,False,False,semantic,0,[[88]],True
140,"How many accounts are there in the district of ""Pisek""?",1,0,"```python
import pandas as pd

def count_accounts_in_district(df_account, df_district):
    # Merge the two DataFrames based on the 'district_id' column
    merged_df = pd.merge(df_account, df_district, on='district_id')

    # Filter the merged DataFrame to get the rows where 'A2' is 'Pisek'
    filtered_df = merged_df[merged_df['A2'] == 'Pisek']

    # Return the count of rows in the filtered DataFrame
    return filtered_df.shape[0]
```

You can call this function with your DataFrames like this:

```python
accounts_in_pisek = count_accounts_in_district(df_account, df_district)
print(accounts_in_pisek)
```",,1,"['account', 'district']",call_error: 'A2',,,,,,,
140,"How many accounts are there in the district of ""Pisek""?",1,1,"```python
import pandas as pd

def count_accounts_in_district(df_account, df_district):
    # Filter district_id where A2 is 'Pisek'
    district_id = df_district.loc[df_district['A2'] == 'Pisek', 'district_id'].values[0]

    # Count accounts in the filtered district_id
    account_count = df_account[df_account['district_id'] == district_id].shape[0]

    return account_count
```",,0,"['account', 'district']",,46,True,False,,,,
140,"How many accounts are there in the district of ""Pisek""?",1,2,"```python
import pandas as pd

def count_accounts_in_district(df_account, df_district, district_name):
    # Filter district_id in the district DataFrame
    district_id = df_district[df_district['district_name'] == district_name]['district_id'].iloc[0]
    
    # Filter accounts in the specified district
    accounts_in_district = df_account[df_account['district_id'] == district_id]
    
    # Return the count of accounts
    return accounts_in_district.shape[0]

# Assuming the DataFrames are already loaded
accounts_in_pisek = count_accounts_in_district(df_account, df_district, ""Pisek"")
print(accounts_in_pisek)
```

However, if the `district_name` is not a column in the `df_district` DataFrame, you can use the `df_district.set_index('district_id').loc['Pisek']` to get the `district_id`. 

```python
import pandas as pd

def count_accounts_in_district(df_account, df_district, district_name):
    # Filter district_id in the district DataFrame
    district_id = df_district.set_index('district_id').loc[district_name]
    
    # Filter accounts in the specified district
    accounts_in_district = df_account[df_account['district_id'] == district_id]
    
    # Return the count of accounts
    return accounts_in_district.shape[0]

# Assuming the DataFrames are already loaded
accounts_in_pisek = count_accounts_in_district(df_account, df_district, ""Pisek"")
print(accounts_in_pisek)
```

Note: This assumes that there is only one district with the name ""Pisek"" in the `df_district` DataFrame. If there are multiple districts with the same name, this will return the count for the first one it encounters.",,0,"['account', 'district']",call_error: 'district_name',,,,,,,
140,"How many accounts are there in the district of ""Pisek""?",1,3,"```python
import pandas as pd

def count_accounts_in_district(df_account, df_district, district_name):
    # Filter district data to get the district_id of the district we're interested in
    district_id = df_district[df_district['A2'] == district_name]['district_id'].unique()[0]
    
    # Filter account data to get accounts in the district
    accounts_in_district = df_account[df_account['district_id'] == district_id]
    
    # Return the count of accounts in the district
    return len(accounts_in_district)

# Example usage:
accounts_in_pisek = count_accounts_in_district(df_account, df_district, 'Pisek')
print(accounts_in_pisek)
```",,0,"['account', 'district']","call_error: Operands are not aligned. Do `left, right = left.align(right, axis=1)` before operating.",,,,,,,
140,"How many accounts are there in the district of ""Pisek""?",1,4,"```python
import pandas as pd

def count_accounts_in_district(df_account, df_district):
    # Filter district_id where A2 is 'Pisek'
    district_id = df_district[df_district['A2'] == 'Pisek']['district_id']
    
    # Filter accounts in the district of 'Pisek'
    accounts_in_district = df_account[df_account['district_id'].isin(district_id)]
    
    # Return the count of accounts
    return accounts_in_district.shape[0]

# Example usage
accounts_in_pisek_district = count_accounts_in_district(df_account, df_district)
print(accounts_in_pisek_district)
```",,0,"['account', 'district']",,46,True,False,,,,
141,"Which districts have transactions greater than USS$10,000 in 1997?",2,0,"```python
import pandas as pd

def districts_with_large_transactions(df_account, df_trans, df_district):
    # Filter transactions with amount greater than $10,000
    large_transactions = df_trans[df_trans['amount'] > 10000]

    # Filter transactions to those in 1997
    large_transactions_1997 = large_transactions[large_transactions['date'].apply(lambda x: x.startswith('1997'))]

    # Group transactions by account_id and get the district_id
    account_districts = large_transactions_1997.groupby('account_id')['district_id'].first()

    # Merge account_districts with df_district to get district names
    districts_with_large_transactions = pd.merge(account_districts, df_district, left_on='district_id', right_on='district_id')

    # Group by district_id and get the district names
    districts_with_large_transactions = districts_with_large_transactions.groupby('district_id')['district'].first()

    return districts_with_large_transactions
```",,1,"['account', 'district', 'trans']",call_error: 'Column not found: district_id',,,,,,,
141,"Which districts have transactions greater than USS$10,000 in 1997?",2,1,"```python
import pandas as pd

def districts_with_large_transactions(df_account, df_trans, df_district):
    # Filter transactions for 1997
    df_trans_1997 = df_trans[df_trans['date'].str.slice(0, 4) == '1997']

    # Filter transactions greater than USS$10,000
    df_large_transactions = df_trans_1997[df_trans_1997['amount'] > 10000]

    # Group by district_id and count the number of large transactions
    df_district_large_transactions = df_large_transactions['district_id'].value_counts().reset_index()
    df_district_large_transactions.columns = ['district_id', 'num_large_transactions']

    # Merge with district DataFrame to get district names
    df_district_large_transactions = pd.merge(df_district_large_transactions, df_district, on='district_id')

    return df_district_large_transactions
```

You can use this function like this:

```python
account = pd.read_csv('account.csv')
trans = pd.read_csv('trans.csv')
district = pd.read_csv('district.csv')

df = districts_with_large_transactions(account, trans, district)
print(df)
```",,1,"['account', 'district', 'trans']",call_error: 'district_id',,,,,,,
141,"Which districts have transactions greater than USS$10,000 in 1997?",2,2,"```python
import pandas as pd

def get_districts_with_large_transactions(df_account, df_trans, df_district, df_client):
    # Filter transactions greater than USS$10,000 in 1997
    large_transactions = df_trans[df_trans['amount'] > 10000]
    large_transactions = large_transactions[large_transactions['date'].str.contains('1997')]

    # Get account IDs of transactions greater than USS$10,000 in 1997
    account_ids = large_transactions['account_id'].unique()

    # Merge account IDs with districts
    district_info = df_district.merge(df_account[['account_id', 'district_id']], on='account_id')

    # Merge account IDs with client information
    client_info = df_client.merge(df_account[['account_id', 'district_id']], on='account_id')

    # Get district names of districts with transactions greater than USS$10,000 in 1997
    districts_with_large_transactions = district_info[district_info['district_id'].isin(account_ids)]['district_id'].unique()

    # Get district names of districts with at least one client
    districts_with_clients = client_info['district_id'].unique()

    # Output districts with transactions greater than USS$10,000 in 1997 that also have clients
    districts_with_large_transactions_and_clients = [district for district in districts_with_large_transactions if district in districts_with_clients]

    return districts_with_large_transactions_and_clients
```",,2,"['account', 'client', 'district', 'trans']",call_error: 'account_id',,,,,,,
141,"Which districts have transactions greater than USS$10,000 in 1997?",2,3,"```python
import pandas as pd

def districts_with_large_transactions(df_account, df_trans, df_district):
    # Filter transactions greater than USS$10,000 in 1997
    large_transactions = df_trans[df_trans['amount'] > 10000][['account_id', 'date']]
    
    # Merge with account and district tables
    large_transactions = pd.merge(large_transactions, df_account[['account_id', 'district_id']], on='account_id')
    
    # Merge with district table
    large_transactions = pd.merge(large_transactions, df_district[['district_id', 'A1']], on='district_id', how='left')
    
    # Group by district and count unique account_ids
    result = large_transactions.groupby('A1')['account_id'].nunique().reset_index()
    
    # Rename columns
    result.columns = ['district_id', 'num_large_transactions']
    
    return result
```

```python
# Example usage
result = districts_with_large_transactions(df_account, df_trans, df_district)
print(result)
```",,2,"['account', 'district', 'trans']","call_error: ""['A1'] not in index""",,,,,,,
141,"Which districts have transactions greater than USS$10,000 in 1997?",2,4,"```python
import pandas as pd

def districts_with_large_transactions(df_account, df_district, df_trans, df_client):
    # Filter transactions greater than USS$10,000 in 1997
    large_transactions = df_trans[df_trans['date'].str.contains('1997') & (df_trans['amount'] > 10000)]
    
    # Get account IDs of large transactions
    large_account_ids = large_transactions['account_id'].unique()
    
    # Filter districts by account IDs of large transactions
    large_districts = df_district[df_district['district_id'].isin(large_account_ids)]
    
    return large_districts
```

```python
# Example usage
large_districts = districts_with_large_transactions(df_account, df_district, df_trans, df_client)
print(large_districts)
```

This function filters transactions greater than USS$10,000 in 1997, gets the account IDs of these transactions, and then filters the districts by these account IDs. The function returns a DataFrame with the districts that have transactions greater than USS$10,000 in 1997.",,0,"['account', 'client', 'district', 'trans']",,"    district_id                   A2  ...    A16   avg_salary
1             2              Benesov  ...   2674  1931.735714
2             3               Beroun  ...   2813  2110.544286
6             ",True,False,,,,
142,Which accounts placed orders for household payment in Pisek?,2,0,"```python
import pandas as pd

def accounts_with_household_payment_pisek(trans, account, district):
    # Filter transactions for household payment in Pisek
    pisek_district = district[district['A2'] == 'Pisek']
    household_payment_trans = trans[trans['operation'] == 'household payment']
    
    # Merge transactions with accounts
    household_payment_accounts = pd.merge(household_payment_trans, account, on='account_id')
    
    # Filter accounts by Pisek district
    pisek_accounts = household_payment_accounts[houshold_payment_accounts['district_id'].isin(pisek_district['district_id'])]
    
    return pisek_accounts['account_id'].unique()
```

This function filters the transactions for household payments, merges them with accounts, filters the accounts by Pisek district, and returns the unique account IDs that placed orders for household payment in Pisek.",,1,"['account', 'district', 'trans']",call_error: name 'houshold_payment_accounts' is not defined,,,,,,,
142,Which accounts placed orders for household payment in Pisek?,2,1,"```python
import pandas as pd

def accounts_placed_orders(df_trans, df_account, df_district):
    # Merge district and account DataFrames
    df_account_district = pd.merge(df_account, df_district, on='district_id')

    # Filter accounts in Pisek district
    pisek_district_id = df_district.loc[df_district['A2'] == 'Pisek']['district_id'].iloc[0]
    df_pisek_accounts = df_account_district[df_account_district['district_id'] == pisek_district_id]

    # Filter transactions with type 'household payment'
    df_transactions = df_trans[df_trans['type'] == 'household payment']

    # Merge transactions and accounts DataFrames
    df_merged = pd.merge(df_transactions, df_pisek_accounts[['account_id']], on='account_id')

    # Group by account_id and count the number of transactions
    df_result = df_merged.groupby('account_id')['trans_id'].count().reset_index()

    # Rename columns
    df_result.columns = ['account_id', 'num_orders']

    return df_result
```

This function will output a DataFrame with account_id and num_orders columns, where num_orders is the number of transactions for each account in the Pisek district.",,2,"['account', 'district', 'order', 'trans']",,"Empty DataFrame
Columns: [account_id, num_orders]
Index: []",False,False,semantic,"Empty DataFrame
Columns: [account_id, num_orders]
Index: []","[[1], [343], [413], [431], [945]]",False
142,Which accounts placed orders for household payment in Pisek?,2,2,"```python
import pandas as pd

def accounts_with_household_payment(trans, district):
    # Filter transactions by operation and k_symbol
    household_payment_trans = trans[trans['operation'] == 'Household payment']
    
    # Filter household payment transactions by bank
    pisek_trans = household_payment_trans[household_payment_trans['bank'] == 'Pisek']
    
    # Merge with district DataFrame to get district_id
    pisek_trans = pd.merge(pisek_trans, district, left_on='k_symbol', right_on='A1')
    
    # Merge with account DataFrame to get account_id
    accounts = pd.merge(pisek_trans, trans, on='account_id')
    
    # Return unique account_ids
    return accounts['account_id'].unique()

# Assuming the DataFrames are already loaded
accounts_with_household_payment(trans, district)
```",,2,"['account', 'district', 'trans']",call_error: 'A1',,,,,,,
142,Which accounts placed orders for household payment in Pisek?,2,3,"```python
import pandas as pd

def accounts_with_household_payment(df_trans, df_account, df_district):
    # Merge account and district DataFrames
    account_district = pd.merge(df_account, df_district, on='district_id')
    
    # Filter for accounts in Pisek
    pisek_accounts = account_district[account_district['A2'] == 'Pisek']
    
    # Merge transaction and account DataFrames
    trans_account = pd.merge(df_trans, pisek_accounts[['account_id']], on='account_id')
    
    # Filter for transactions with operation 'household payment'
    household_payments = trans_account[trans_account['operation'] == 'household payment']
    
    # Output account IDs
    return household_payments['account_id'].unique()
```",,2,"['account', 'district', 'trans']",call_error: 'A2',,,,,,,
142,Which accounts placed orders for household payment in Pisek?,2,4,"```python
import pandas as pd

def accounts_with_household_payment_in_pisek(trans, district):
    # Filter transactions for household payment
    household_payment_trans = trans[trans['type'] == 'household payment']
    
    # Filter household payment transactions for Pisek
    pisek_district_id = district[district['A2'] == 'Pisek']['district_id'].unique()[0]
    pisek_household_payment_trans = household_payment_trans[household_payment_trans['district_id'] == pisek_district_id]
    
    # Group transactions by account_id and count orders
    account_orders = pisek_household_payment_trans.groupby('account_id')['trans_id'].count().reset_index()
    
    # Rename columns for better understanding
    account_orders.columns = ['account_id', 'num_orders']
    
    # Merge account orders with the original account DataFrame
    account_orders = pd.merge(account_orders, trans[['account_id', 'account']], how='left', on='account_id')
    
    return account_orders
```

You can use this function by calling it with your DataFrames as arguments:

```python
result = accounts_with_household_payment_in_pisek(trans, district)
print(result)
```",,1,"['account', 'district', 'order', 'trans']",call_error: 'district_id',,,,,,,
143,What are the accounts that have gold credit cards?,1,0,"```python
import pandas as pd

def gold_credit_cards(df_disp, df_card):
    # Merge the two DataFrames on disp_id
    merged_df = pd.merge(df_disp, df_card, on='disp_id', how='inner')

    # Filter the merged DataFrame for gold credit cards
    gold_cards_df = merged_df[(merged_df['type_x'] == 'account') & (merged_df['type_y'] == 'gold')]

    # Return the account IDs of the gold credit cards
    return gold_cards_df['account_id']
```

You can use this function like this:

```python
accounts_with_gold_cards = gold_credit_cards(df_disp, df_card)
print(accounts_with_gold_cards)
```",,1,"['account', 'card', 'disp']",,"Series([], Name: account_id, dtype: int64)",False,False,semantic,"Series([], Name: account_id, dtype: int64)","[[7], [33], [68], [270], [456]]",True
143,What are the accounts that have gold credit cards?,1,1,"```python
import pandas as pd

def get_gold_accounts(df_disps, df_cards):
    gold_cards = df_cards[df_cards['type'] == 'gold']['card_id'].unique()
    gold_accounts = df_disps[df_disps['disp_id'].isin(gold_cards)]['account_id'].unique()
    return pd.DataFrame({'account_id': gold_accounts})
```",,0,"['account', 'card', 'disp']",,"    account_id
0            1
1            2
2            8
3           44
4           83
..         ...
78         943
79         975
80         976
81         985
82         991

[83 rows x 1 column",True,False,,,,
143,What are the accounts that have gold credit cards?,1,2,"```python
import pandas as pd

def get_gold_accounts(df_disp, df_card):
    # Merge the two DataFrames based on disp_id
    merged_df = pd.merge(df_disp, df_card, on='disp_id')
    
    # Filter the merged DataFrame for gold credit cards
    gold_cards = merged_df[merged_df['type_x'] == 'credit' & merged_df['type_y'] == 'gold']
    
    # Get unique account IDs from the filtered DataFrame
    gold_accounts = gold_cards['account_id'].unique()
    
    return gold_accounts
```",,1,"['account', 'card', 'disp']",call_error: unsupported operand type(s) for &: 'str' and 'StringArray',,,,,,,
143,What are the accounts that have gold credit cards?,1,3,"```python
import pandas as pd

def get_gold_credit_cards(df_disp, df_card):
    gold_cards = df_card[df_card['type'] == 'gold']
    gold_cards = gold_cards.merge(df_disp[['disp_id', 'account_id']], on='disp_id')
    return gold_cards[['account_id']].drop_duplicates()
```",,1,"['account', 'card', 'disp']",,"    account_id
0            7
1           33
2           68
3          270
4          456
..         ...
83        9814
84       10411
85       10439
86       10520
87       10650

[88 rows x 1 column",False,False,success,"    account_id
0            7
1           33
2           68
3          270
4          456
..         ...
83        9814
84       10411
85       10439
86       10520
87       10650

[88 rows x 1 column","[[7], [33], [68], [270], [456]]",True
143,What are the accounts that have gold credit cards?,1,4,"```python
import pandas as pd

def gold_credit_cards(df_disp, df_card):
    # Filter cards that are gold
    gold_cards = df_card[df_card['type'] == 'gold']

    # Merge gold cards with disps
    gold_cards_disps = pd.merge(gold_cards, df_disp, on='disp_id')

    # Group by account_id and count the number of gold cards
    account_gold_cards = gold_cards_disps.groupby('account_id')['card_id'].count().reset_index()

    # Rename the column for clarity
    account_gold_cards.columns = ['account_id', 'num_gold_cards']

    return account_gold_cards
```

```python
import pandas as pd

def gold_credit_cards(df_disp, df_card):
    # Filter cards that are gold
    gold_cards = df_card[df_card['type'] == 'gold']

    # Merge gold cards with disps
    gold_cards_disps = pd.merge(gold_cards, df_disp, on='disp_id')

    # Group by account_id and count the number of gold cards
    account_gold_cards = gold_cards_disps[['account_id']].drop_duplicates()

    # Rename the column for clarity
    account_gold_cards.columns = ['account_id']

    return account_gold_cards
```",,1,"['account', 'card', 'disp']",call_error: 'Column not found: card_id',,,,,,,
144,"How much is the average amount in credit card made by account holders in a month, in year 2021?",3,0,"```python
import pandas as pd

def average_credit_card_amount(df_card, df_trans):
    # Filter credit card transactions
    credit_card_trans = df_trans[df_trans['account'].isin(df_card['disp_id'])]
    
    # Filter transactions made by account holders
    account_holder_trans = credit_card_trans[credit_card_trans['account'] == credit_card_trans['account'].map(lambda x: x.split('-')[0])]
    
    # Filter transactions in year 2021
    year_2021_trans = account_holder_trans[account_holder_trans['date'].dt.year == 2021]
    
    # Calculate average amount
    average_amount = year_2021_trans.groupby('date')['amount'].mean().reset_index()
    
    # Group by month and calculate average amount
    average_amount_monthly = average_amount.groupby('date').agg({'amount': 'mean'}).reset_index()
    
    # Rename columns
    average_amount_monthly.columns = ['month', 'average_amount']
    
    return average_amount_monthly
```

```python
average_amount = average_credit_card_amount(df_card, df_trans)
print(average_amount)
```

This code will output the average amount in credit card made by account holders in a month, in year 2021.",,0,"['account', 'card', 'disp', 'trans']",call_error: Can only use .dt accessor with datetimelike values,,,,,,,
144,"How much is the average amount in credit card made by account holders in a month, in year 2021?",3,1,"```python
import pandas as pd

def average_credit_card_amount(df_card, df_trans, year=2021):
    # Filter transactions by card type
    credit_card_trans = df_trans[df_trans['k_symbol'].isin(df_card['k_symbol'])]
    
    # Filter credit card transactions by year
    credit_card_trans_year = credit_card_trans[credit_card_trans['date'].str[:4].astype(int) == year]
    
    # Group transactions by account holder and month, then calculate average amount
    avg_amount = credit_card_trans_year.groupby([credit_card_trans_year['account'].dt.to_period('M'))['amount']].mean()
    
    return avg_amount
```

```python
# Example usage:
avg_amount = average_credit_card_amount(df_card, df_trans)
print(avg_amount)
```

Note: The function assumes that the 'date' column in the `df_trans` DataFrame is of datetime type and that the 'k_symbol' column in the `df_card` DataFrame contains the credit card symbols. The function also assumes that the 'account' column in the `df_trans` DataFrame contains the account IDs. If these assumptions are not correct, the function may need to be modified accordingly.",parse_fail,0,"['account', 'card', 'trans']",,,,,,,,
144,"How much is the average amount in credit card made by account holders in a month, in year 2021?",3,2,"```python
import pandas as pd

def average_credit_card_amount(df_card, df_account, df_trans):
    # Filter cards to only include credit cards
    credit_cards = df_card[df_card['type'] == 'credit']

    # Merge account and card data to get account_id
    credit_cards = pd.merge(credit_cards, df_account, on='account_id')

    # Filter transactions to only include credit card transactions
    credit_card_trans = df_trans[df_trans['account'].isin(credit_cards['account_id'])]

    # Filter transactions to only include transactions in 2021
    credit_card_trans_2021 = credit_card_trans[credit_card_trans['date'].str.contains('2021')]

    # Group transactions by month and account_id, then calculate average amount
    average_amounts = credit_card_trans_2021.groupby([pd.to_datetime('2021-' + credit_card_trans_2021['date'].str.split('-').str[1].astype(int).astype(str).str.zfill(2)).dt.to_period('M'), 'account_id'])['amount'].mean().reset_index()

    # Merge average amounts with card data to get card_id
    average_amounts = pd.merge(average_amounts, credit_cards[['card_id', 'account_id']], on='account_id')

    return average_amounts
```

```python
average_amounts = average_credit_card_amount(df_card, df_account, df_trans)
print(average_amounts)
```",,2,"['account', 'card', 'trans']",call_error: 'account_id',,,,,,,
144,"How much is the average amount in credit card made by account holders in a month, in year 2021?",3,3,"```python
import pandas as pd

def avg_credit_card_amount(df_card, df_account, df_trans):
    # Filter card transactions by type
    credit_card_trans = df_trans[df_trans['type'] == 'credit_card']

    # Filter account holders with credit cards
    account_holders = pd.merge(df_account, credit_card_trans, on='account_id')

    # Group by account_id and year, then calculate total amount
    total_amount = account_holders.groupby(['account_id', pd.Grouper(key='date', freq='M')])['amount'].sum().reset_index()

    # Merge with card table to get card_id
    total_amount = pd.merge(total_amount, df_card, on='account_id')

    # Group by card_id and year, then calculate average amount
    avg_amount = total_amount.groupby(['card_id', pd.Grouper(key='date', freq='M')])['amount'].mean().reset_index()

    # Filter by year 2021
    avg_amount_2021 = avg_amount[avg_amount['date'].dt.year == 2021]

    return avg_amount_2021
```",,2,"['account', 'card', 'trans']","call_error: Invalid frequency: M. Failed to parse with error message: ValueError(""'M' is no longer supported for offsets. Please use 'ME' instead."")",,,,,,,
144,"How much is the average amount in credit card made by account holders in a month, in year 2021?",3,4,"```python
import pandas as pd

def avg_credit_card_amount(df_card, df_account, df_trans, year=2021):
    # Filter transactions that are credit card transactions
    credit_card_trans = df_trans[df_trans['k_symbol'].isin(df_card['type'].unique())]

    # Filter transactions by year
    credit_card_trans_2021 = credit_card_trans[credit_card_trans['date'].str.contains(str(year))]

    # Group transactions by account_id and calculate average amount
    avg_amount = credit_card_trans_2021.groupby('account_id')['amount'].mean().reset_index()

    # Merge average amount with account table to get account_id
    avg_amount = pd.merge(avg_amount, df_account, on='account_id')

    # Merge average amount with card table to get card_id
    avg_amount = pd.merge(avg_amount, df_card, on='account_id')

    # Group by card_id and calculate average amount
    avg_amount = avg_amount.groupby('card_id')['amount'].mean().reset_index()

    return avg_amount
```",,2,"['account', 'card', 'trans']",call_error: 'account_id',,,,,,,
145,"Who are the account holder identification numbers whose who have transactions on the credit card with the amount is less than the average, in 1998?",1,0,"```python
import pandas as pd

def get_account_holders_with_low_transactions(trans, account):
    # Filter transactions for 1998
    trans_1998 = trans[trans['date'].str.startswith('1998')]

    # Filter transactions with credit card
    credit_card_trans = trans_1998[trans_1998['k_symbol'] == 'Credit Card']

    # Calculate average transaction amount
    avg_amount = credit_card_trans['amount'].mean()

    # Filter accounts with transactions on credit card with amount less than average
    account_holders = account[account['account_id'].isin(credit_card_trans['account_id']) & (credit_card_trans['amount'] < avg_amount)]

    return account_holders
```

```python
import pandas as pd

def get_account_holders_with_low_transactions(trans, account):
    # Filter transactions for 1998
    trans_1998 = trans[trans['date'].str.startswith('1998')]

    # Filter transactions with credit card
    credit_card_trans = trans_1998[trans_1998['k_symbol'] == 'Credit Card']

    # Calculate average transaction amount
    avg_amount = credit_card_trans['amount'].mean()

    # Filter accounts with transactions on credit card with amount less than average
    account_holders = account[account['account_id'].isin(credit_card_trans['account_id']) & (credit_card_trans['amount'] < avg_amount)]

    return account_holders
```

```python
# Assuming you have loaded the DataFrames
trans = pd.read_csv('trans.csv')
account = pd.read_csv('account.csv')

account_holders = get_account_holders_with_low_transactions(trans, account)
print(account_holders)
```",,0,"['account', 'card', 'trans']",,"Empty DataFrame
Columns: [account_id, district_id, frequency, month_year, A2, statement_release_count]
Index: []",True,False,,,,
145,"Who are the account holder identification numbers whose who have transactions on the credit card with the amount is less than the average, in 1998?",1,1,"```python
import pandas as pd

def account_holders_with_credit_card_transactions(df_trans, df_account):
    # Filter transactions in 1998
    df_trans_1998 = df_trans[df_trans['date'].str.contains('1998')]
    
    # Filter transactions with credit card (k_symbol)
    df_trans_cc = df_trans_1998[df_trans_1998['k_symbol'] == 'Credit card']
    
    # Calculate average transaction amount
    avg_amount = df_trans_cc['amount'].mean()
    
    # Filter transactions with amount less than average
    df_trans_low_amount = df_trans_cc[df_trans_cc['amount'] < avg_amount]
    
    # Group by account_id and get unique account holder IDs
    account_ids = df_trans_low_amount['account_id'].unique()
    
    return account_ids
```",,0,"['account', 'card', 'trans']",,[],True,False,,,,
145,"Who are the account holder identification numbers whose who have transactions on the credit card with the amount is less than the average, in 1998?",1,2,"```python
import pandas as pd

def get_account_holders_with_low_transactions(trans, account):
    # Filter transactions for credit card operations in 1998
    credit_card_transactions = trans[(trans['k_symbol'] == 'CC') & (trans['date'].dt.year == 1998)]
    
    # Calculate average transaction amount
    avg_amount = credit_card_transactions['amount'].mean()
    
    # Filter account holders with transactions with amount less than average
    account_holders = account.merge(credit_card_transactions, on='account_id')
    account_holders = account_holders[account_holders['amount'] < avg_amount]
    
    # Return unique account holder identification numbers
    return account_holders['account_id'].unique()
```

```python
# Example usage:
account_holders = get_account_holders_with_low_transactions(trans, account)
print(account_holders)
```",,1,"['account', 'card', 'trans']",call_error: Can only use .dt accessor with datetimelike values,,,,,,,
145,"Who are the account holder identification numbers whose who have transactions on the credit card with the amount is less than the average, in 1998?",1,3,"```python
import pandas as pd

def account_identifications_with_low_transactions(trans, account):
    # Filter transactions for credit cards in 1998
    credit_cards_1998 = trans[(trans['k_symbol'] == 'Credit Card') & (trans['date'].astype(int) >= 1998) & (trans['date'].astype(int) <= 1998)]
    
    # Calculate average transaction amount for credit cards in 1998
    avg_amount = credit_cards_1998['amount'].mean()
    
    # Filter transactions with amount less than average
    low_transactions = credit_cards_1998[credit_cards_1998['amount'] < avg_amount]
    
    # Get account holder identification numbers
    account_ids = low_transactions['account_id'].unique()
    
    # Return account holder identification numbers
    return account_ids

# Example usage:
account_ids = account_identifications_with_low_transactions(trans, account)
print(account_ids)
```",,0,"['account', 'card', 'trans']",call_error: invalid literal for int() with base 10: '1995-03-24',,,,,,,
145,"Who are the account holder identification numbers whose who have transactions on the credit card with the amount is less than the average, in 1998?",1,4,"```python
import pandas as pd

def account_holders_below_avg(trans, account):
    # Filter transactions in 1998
    trans_1998 = trans[trans['date'].str.contains('1998')]
    
    # Filter transactions with credit card type and amount less than average
    credit_card_trans = trans_1998[(trans_1998['k_symbol'] == 'Credit card') & (trans_1998['amount'] < trans_1998['amount'].mean())]
    
    # Get account holder identification numbers
    account_ids = credit_card_trans['account_id'].unique()
    
    # Merge account holder information with account DataFrame
    merged_df = pd.merge(account, trans[['account_id', 'amount']], on='account_id')
    
    # Filter account holders with transactions below average
    account_holders_below_avg = merged_df[merged_df['amount'] < merged_df['amount'].mean()]
    
    # Return account holder identification numbers
    return account_holders_below_avg['account_id'].unique()
```",,1,"['account', 'card', 'trans']",,[    1     2     3 ... 11359 11362 11382],False,False,semantic,[    1     2     3 ... 11359 11362 11382],"[[14], [14], [14], [14], [14]]",False
146,Who are the female account holders who own credit cards and also have loans?,3,0,"```python
import pandas as pd

def female_credit_card_holders_with_loans(df_client, df_card, df_loan, df_account):
    # Filter female clients
    female_clients = df_client[df_client['gender'] == 'F']

    # Merge with card table to get credit card holders
    credit_card_holders = pd.merge(female_clients, df_card, on='client_id')

    # Merge with account table to get account holders
    account_holders = pd.merge(credit_card_holders, df_account, on='account_id')

    # Filter account holders who have loans
    female_credit_card_holders_with_loans = pd.merge(account_holders, df_loan, on='account_id')

    # Return the result
    return female_credit_card_holders_with_loans[['client_id', 'account_id']]
```",,3,"['account', 'card', 'client', 'loan']",call_error: 'client_id',,,,,,,
146,Who are the female account holders who own credit cards and also have loans?,3,1,"```python
import pandas as pd

def female_cardholders_with_loans(df_client, df_account, df_card, df_loan):
    # Filter female clients
    female_clients = df_client[df_client['gender'] == 'F']
    
    # Merge female clients with accounts
    female_accounts = pd.merge(female_clients, df_account, on='client_id')
    
    # Filter accounts with credit cards
    female_cardholders = pd.merge(female_accounts, df_card, on='account_id')
    
    # Filter accounts with loans
    female_cardholders_with_loans = pd.merge(female_cardholders, df_loan, on='account_id')
    
    # Filter accounts with both credit cards and loans
    result = female_cardholders_with_loans[~female_cardholders_with_loans['status'].isna()]
    
    return result
```

```python
import pandas as pd

def female_cardholders_with_loans(df_client, df_account, df_card, df_loan):
    # Filter female clients
    female_clients = df_client[df_client['gender'] == 'F']
    
    # Merge female clients with accounts
    female_accounts = pd.merge(female_clients, df_account, on='client_id')
    
    # Filter accounts with credit cards
    female_cardholders = pd.merge(female_accounts, df_card, on='account_id')
    
    # Filter accounts with loans
    female_cardholders_with_loans = pd.merge(female_cardholders, df_loan, on='account_id')
    
    # Filter accounts with both credit cards and loans
    result = female_cardholders_with_loans[~female_cardholders_with_loans['status'].isna()]
    
    return result
```",,3,"['account', 'card', 'client', 'loan']",call_error: 'client_id',,,,,,,
146,Who are the female account holders who own credit cards and also have loans?,3,2,"```python
import pandas as pd

def female_credit_card_holders_with_loans(df_client, df_account, df_card, df_loan):
    # Merge client and account tables
    merged_client_account = pd.merge(df_client, df_account, on='client_id')
    
    # Filter female account holders
    female_account_holders = merged_client_account[merged_client_account['gender'] == 'female']
    
    # Merge card table
    female_credit_card_holders = pd.merge(female_account_holders, df_card, on='account_id', how='inner')
    
    # Filter account holders with credit cards
    female_credit_card_holders = female_credit_card_holders[female_credit_card_holders['type'] == 'credit']
    
    # Merge loan table
    female_credit_card_holders_with_loans = pd.merge(female_credit_card_holders, df_loan, on='account_id', how='inner')
    
    return female_credit_card_holders_with_loans
```

```python
def female_credit_card_holders_with_loans(df_client, df_account, df_card, df_loan):
    # Merge client and account tables
    merged_client_account = pd.merge(df_client, df_account, on='client_id')
    
    # Filter female account holders
    female_account_holders = merged_client_account[merged_client_account['gender'] == 'female']
    
    # Merge card table
    female_credit_card_holders = pd.merge(female_account_holders, df_card, on='account_id', how='inner')
    
    # Filter account holders with credit cards
    female_credit_card_holders = female_credit_card_holders[female_credit_card_holders['type'] == 'credit']
    
    # Filter account holders with loans
    female_credit_card_holders_with_loans = female_credit_card_holders[female_credit_card_holders['account_id'].isin(df_loan['account_id'])]
    
    return female_credit_card_holders_with_loans
```

```python
def female_credit_card_holders_with_loans(df_client, df_account, df_card, df_loan):
    # Merge client and account tables
    merged_client_account = pd.merge(df_client, df_account, on='client_id')
    
    # Filter female account holders
    female_account_holders = merged_client_account[merged_client_account['gender'] == 'female']
    
    # Filter female account holders with credit cards
    female_credit_card_holders = female_account_holders[female_account_holders['account_id'].isin(df_card['account_id'])]
    
    # Filter account holders with credit cards
    female_credit_card_holders = female_credit_card_holders[female_credit_card_holders['type'] == 'credit']
    
    # Filter account holders with loans
    female_credit_card_holders_with_loans = female_credit_card_holders[female_credit_card_holders['account_id'].isin(df_loan['account_id'])]
    
    return female_credit_card_holders_with_loans
```",,3,"['account', 'card', 'client', 'loan']",call_error: 'client_id',,,,,,,
146,Who are the female account holders who own credit cards and also have loans?,3,3,"```python
import pandas as pd

def female_credit_card_loans(df_client, df_disp, df_account, df_loan):
    # Merge client and account data
    account_client = pd.merge(df_account, df_client, on='account_id')

    # Filter female account holders
    female_accounts = account_client[account_client['gender'] == 'F']

    # Merge account and disp data
    account_disp = pd.merge(female_accounts, df_disp, on='account_id')

    # Filter accounts with credit cards
    credit_card_accounts = account_disp[account_disp['type_x'] == 'credit_card']

    # Merge account and loan data
    account_loan = pd.merge(credit_card_accounts, df_loan, on='account_id')

    # Filter accounts with loans
    female_credit_card_loans = account_loan[account_loan['status'] != 'default']

    return female_credit_card_loans
```

```python
def female_credit_card_loans(df_client, df_disp, df_account, df_loan):
    # Merge client and account data
    account_client = pd.merge(df_account, df_client, on='account_id')

    # Filter female account holders
    female_accounts = account_client[account_client['gender'] == 'F']

    # Merge account and disp data
    account_disp = pd.merge(female_accounts, df_disp, on='account_id')

    # Filter accounts with credit cards
    credit_card_accounts = account_disp[account_disp['type_x'] == 'credit_card']

    # Merge account and loan data
    account_loan = pd.merge(credit_card_accounts, df_loan, on='account_id')

    # Filter accounts with loans
    female_credit_card_loans = account_loan[account_loan['status'].isin(['approved', 'denied'])]

    return female_credit_card_loans
```

```python
def female_credit_card_loans(df_client, df_disp, df_account, df_loan):
    # Merge client and account data
    account_client = pd.merge(df_account, df_client, on='account_id')

    # Filter female account holders
    female_accounts = account_client[account_client['gender'] == 'F']

    # Merge account and disp data
    account_disp = pd.merge(female_accounts, df_disp, on='account_id')

    # Filter accounts with credit cards
    credit_card_accounts = account_disp[account_disp['type_x'] == 'credit_card']

    # Filter accounts with loans
    female_credit_card_loans = credit_card_accounts[credit_card_accounts['account_id'].isin(df_loan['account_id'])]

    return female_credit_card_loans
```",,3,"['account', 'card', 'client', 'disp', 'loan']",call_error: 'account_id',,,,,,,
146,Who are the female account holders who own credit cards and also have loans?,3,4,"```python
import pandas as pd

def female_credit_cardholders_with_loans(df_client, df_account, df_card, df_loan):
    # Filter female clients
    female_clients = df_client[df_client['gender'] == 'female']

    # Merge with account table to filter female account holders
    female_account_holders = pd.merge(female_clients, df_account, on='client_id')

    # Filter accounts that own credit cards
    credit_card_owners = df_card[df_card['type'] == 'credit']

    # Merge with account table to filter accounts with credit cards
    credit_card_holders = pd.merge(female_account_holders, credit_card_owners, on='account_id')

    # Filter accounts with loans
    loan_accounts = df_loan[df_loan['account_id'].isin(credit_card_holders['account_id'])]

    # Merge with account table to filter female account holders with loans
    female_credit_cardholders_with_loans = pd.merge(credit_card_holders, loan_accounts, on='account_id')

    return female_credit_cardholders_with_loans
```",,3,"['account', 'card', 'client', 'loan']",call_error: 'client_id',,,,,,,
147,How many female clients' accounts are in the region of South Bohemia?,1,0,"```python
import pandas as pd

def count_female_accounts_in_region(df_client, df_district):
    # Filter female clients
    female_clients = df_client[df_client['gender'] == 'F']
    
    # Merge clients and districts on client_id
    merged_df = pd.merge(female_clients, df_district, left_on='client_id', right_on='client_id', how='inner')
    
    # Filter for South Bohemia region (assuming A2 = 1 is the region identifier)
    south_bohemia_region = merged_df[merged_df['A2'] == 1]
    
    # Count the number of accounts in the region
    count = south_bohemia_region.shape[0]
    
    return count
```

You can call this function with your DataFrames like this:

```python
count_female_accounts = count_female_accounts_in_region(df_client, df_district)
print(count_female_accounts)
```",,1,"['account', 'client', 'district']",call_error: 'client_id',,,,,,,
147,How many female clients' accounts are in the region of South Bohemia?,1,1,"```python
import pandas as pd

def count_female_accounts_in_region(df_client, df_district):
    # Filter female clients
    female_clients = df_client[df_client['gender'] == 'F']
    
    # Filter district 'South Bohemia'
    south_bohemia_district = df_district[df_district['A2'] == 'South Bohemia']
    
    # Merge female clients with district information
    merged_df = pd.merge(female_clients, south_bohemia_district, on='district_id', how='inner')
    
    # Count the number of accounts
    count = merged_df.shape[0]
    
    return count
```",,1,"['account', 'client', 'district']",,0,False,False,semantic,0,[[231]],False
147,How many female clients' accounts are in the region of South Bohemia?,1,2,"```python
import pandas as pd

def female_accounts_in_south_bohemia(df_client, df_district):
    # Filter female clients
    female_clients = df_client[df_client['gender'] == 'F']

    # Filter South Bohemia district
    south_bohemia_district = df_district[df_district['A2'] == 'South Bohemia']

    # Merge client and district DataFrames
    merged_df = pd.merge(female_clients, south_bohemia_district, left_on='district_id', right_on='district_id')

    # Count the number of female clients in South Bohemia
    count = (merged_df.groupby('district_id').size().reset_index(name='count'))['count'].sum()

    return count
```",,1,"['account', 'client', 'district']",,0,False,False,semantic,0,[[231]],False
147,How many female clients' accounts are in the region of South Bohemia?,1,3,"```python
import pandas as pd

def count_female_accounts_in_south_bohemia(df_client, df_district):
    # Filter female clients
    female_clients = df_client[df_client['gender'] == 'F']
    
    # Filter district IDs corresponding to South Bohemia
    south_bohemia_districts = df_district[df_district['A2'] == 'South Bohemia']['district_id'].unique()
    
    # Filter female clients in South Bohemia
    female_accounts_in_south_bohemia = female_clients[female_clients['district_id'].isin(south_bohemia_districts)]
    
    # Count the number of female accounts in South Bohemia
    count = len(female_accounts_in_south_bohemia)
    
    return count
```

You can use this function like this:

```python
count_female_accounts_in_south_bohemia(df_client, df_district)
```",,0,"['account', 'client', 'district']",,0,True,False,,,,
147,How many female clients' accounts are in the region of South Bohemia?,1,4,"```python
import pandas as pd

def count_female_clients_in_region(df_client, df_district):
    # Filter female clients
    female_clients = df_client[df_client['gender'] == 'F']
    
    # Filter clients from South Bohemia
    south_bohemia_districts = df_district[df_district['A2'] == 'South Bohemia']
    south_bohemia_district_ids = south_bohemia_districts['district_id'].unique()
    
    # Filter female clients in South Bohemia
    female_clients_in_south_bohemia = pd.merge(female_clients, df_district, on='district_id')
    female_clients_in_south_bohemia = female_clients_in_south_bohemia[female_clients_in_south_bohemia['district_id'].isin(south_bohemia_district_ids)]
    
    # Count the number of female clients in South Bohemia
    count = female_clients_in_south_bohemia.shape[0]
    
    return count
```

You can call this function with your DataFrames like this:

```python
count = count_female_clients_in_region(df_client, df_district)
print(count)
```",,1,"['client', 'district']",,0,False,False,semantic,0,[[231]],False
148,Please list the accounts whose district is Tabor that are eligible for loans.,2,0,"```python
import pandas as pd

def get_eligible_accounts(df_account, df_district, eligible_district):
    # Filter district DataFrame to get the district ID for Tabor
    district_id = df_district.loc[df_district['A2'] == eligible_district, 'district_id'].iloc[0]
    
    # Filter account DataFrame to get accounts from the Tabor district
    accounts = df_account[df_account['district_id'] == district_id]
    
    # Define the conditions for eligibility
    eligible_conditions = {
        'frequency': ['W', 'M'],  # Eligible for loans if frequency is weekly or monthly
        'date': lambda x: x.dt.year.isin([2020, 2021])  # Eligible if date is in 2020 or 2021
    }
    
    # Filter accounts based on the eligibility conditions
    eligible_accounts = accounts[(accounts['frequency'].isin(eligible_conditions['frequency'])) & 
                                  (accounts['date'].dt.year.isin(eligible_conditions['date'](accounts['date'])))]
    
    return eligible_accounts
```

You can use this function like this:

```python
eligible_accounts = get_eligible_accounts(df_account, df_district, 'Tabor')
print(eligible_accounts)
```",,0,"['account', 'district', 'loan']","call_error: Operands are not aligned. Do `left, right = left.align(right, axis=1)` before operating.",,,,,,,
148,Please list the accounts whose district is Tabor that are eligible for loans.,2,1,"```python
import pandas as pd

def eligible_accounts(df_account, df_district):
    # Filter district to Tabor
    tabor_district = df_district[df_district['A2'] == 'Tabor']
    
    # Merge filtered district with accounts
    eligible_accounts = pd.merge(df_account, tabor_district, left_on='district_id', right_on='district_id')
    
    # Filter accounts with type 'Loan'
    eligible_accounts = eligible_accounts[eligible_accounts['type'] == 'Loan']
    
    # Return account_id column
    return eligible_accounts[['account_id']]
```

```python
# Example usage:
eligible_accounts = eligible_accounts(df_account, df_district)
print(eligible_accounts)
```",,1,"['account', 'district', 'loan']",call_error: 'type',,,,,,,
148,Please list the accounts whose district is Tabor that are eligible for loans.,2,2,"```python
import pandas as pd

def get_eligible_accounts(df_district, df_account, df_disp):
    # Filter district to 'Tabor'
    df_district_tabor = df_district[df_district['A2'] == 'Tabor']
    
    # Merge district with account to get account_id
    df_account_tabor = pd.merge(df_account, df_district_tabor[['district_id']], left_on='district_id', right_on='district_id')
    
    # Filter account to eligible frequency
    df_eligible_accounts = df_account_tabor[df_account_tabor['frequency'] == 1]
    
    return df_eligible_accounts[['account_id']]
```",,1,"['account', 'disp', 'district']",,"Empty DataFrame
Columns: [account_id]
Index: []",True,False,,,,
148,Please list the accounts whose district is Tabor that are eligible for loans.,2,3,"```python
import pandas as pd

def eligible_accounts_for_loans(df_account, df_district):
    # Filter accounts by district
    eligible_accounts = df_account[df_account['district_id'].isin(df_district[df_district['A2'] == 'Tabor']['district_id'])]
    
    # Define columns to select
    cols_to_select = ['account_id', 'frequency', 'date']
    
    # Select columns
    eligible_accounts = eligible_accounts[cols_to_select]
    
    return eligible_accounts
```

```python
# Example usage:
eligible_accounts = eligible_accounts_for_loans(df_account, df_district)
print(eligible_accounts)
```",,0,"['account', 'district', 'loan']","call_error: ""['date'] not in index""",,,,,,,
148,Please list the accounts whose district is Tabor that are eligible for loans.,2,4,"```python
import pandas as pd

def eligible_accounts(df_account, df_district, district_name='Tabor'):
    eligible_ids = df_district.loc[df_district['A2'] == district_name, 'district_id']
    eligible_accounts = df_account[df_account['district_id'].isin(eligible_ids)]
    
    return eligible_accounts
```

```python
# Assuming the DataFrames are already loaded
eligible_accounts = eligible_accounts(df_account, df_district)
print(eligible_accounts)
```",,0,"['account', 'district']","call_error: Operands are not aligned. Do `left, right = left.align(right, axis=1)` before operating.",,,,,,,
149,"Please list the account types that are not eligible for loans, and the average income of residents in the district where the account is located exceeds $8000 but is no more than $9000.",2,0,"```python
import pandas as pd

def ineligible_accounts(df_account, df_district):
    # Filter accounts with income between $8000 and $9000
    eligible_districts = (df_district['A2'] + df_district['A3'] + df_district['A4'] + df_district['A5'] + 
                           df_district['A6'] + df_district['A7'] + df_district['A8'] + df_district['A9'] + 
                           df_district['A10'] + df_district['A11'] + df_district['A12'] + df_district['A13'] + 
                           df_district['A14'] + df_district['A15'] + df_district['A16']) / 7 >= 8000
    eligible_districts = eligible_districts & (df_district['A2'] + df_district['A3'] + df_district['A4'] + df_district['A5'] + 
                                                  df_district['A6'] + df_district['A7'] + df_district['A8'] + df_district['A9'] + 
                                                  df_district['A10'] + df_district['A11'] + df_district['A12'] + df_district['A13'] + 
                                                  df_district['A14'] + df_district['A15'] + df_district['A16']) / 7 <= 9000

    # Merge account and district data
    df_account_district = pd.merge(df_account, df_district, on='district_id')

    # Filter accounts in eligible districts
    df_eligible_accounts = df_account_district[eligible_districts]

    # List account types that are not eligible for loans
    ineligible_types = df_eligible_accounts['frequency'].unique()
    return ineligible_types
```",,1,"['account', 'district', 'loan']","call_error: can only concatenate str (not ""int"") to str",,,,,,,
149,"Please list the account types that are not eligible for loans, and the average income of residents in the district where the account is located exceeds $8000 but is no more than $9000.",2,1,"```python
import pandas as pd

def ineligible_accounts_and_income(df_account, df_district):
    # Merge account and district data on district_id
    merged_data = pd.merge(df_account, df_district, on='district_id')
    
    # Filter accounts where account type is not eligible for loans
    eligible_accounts = ['Current', 'Savings']
    ineligible_accounts = merged_data[~merged_data['A1'].isin(eligible_accounts)]
    
    # Filter accounts where average income is between $8000 and $9000
    income_filter = (merged_data['A7'] > 8000) & (merged_data['A7'] <= 9000)
    eligible_income_accounts = merged_data[income_filter]
    
    # Compute average income of residents in the district where the account is located
    average_income = eligible_income_accounts.groupby('district_id')['A7'].mean().reset_index()
    
    # Merge ineligible accounts and average income data
    result = pd.merge(ineligible_accounts, average_income, on='district_id')
    
    return result
```

You can use this function by calling it with your DataFrames:

```python
ineligible_accounts_and_income(df_account, df_district)
```",,2,"['account', 'district', 'loan']",call_error: 'A1',,,,,,,
149,"Please list the account types that are not eligible for loans, and the average income of residents in the district where the account is located exceeds $8000 but is no more than $9000.",2,2,"```python
import pandas as pd

def ineligible_accounts(df_account, df_district, df_card):
    # Filter accounts where the average income of residents in the district exceeds $8000 but is no more than $9000
    eligible_districts = (df_district.groupby('district_id')['A11'].mean().between(8000, 9000)).reset_index()
    
    # Merge eligible districts with accounts
    eligible_accounts = pd.merge(df_account, eligible_districts, on='district_id')
    
    # Filter accounts where the account type is not eligible for loans
    ineligible_types = ['type_x']  # Assuming 'type_x' is the column name for account type
    eligible_accounts = eligible_accounts[~eligible_accounts['type_x'].isin(ineligible_types)]
    
    # Group by account type and calculate average income
    account_types = eligible_accounts.groupby('type_x')['A11'].mean().reset_index()
    
    return account_types
```

```python
def ineligible_accounts(df_account, df_district, df_card):
    # Filter accounts where the average income of residents in the district exceeds $8000 but is no more than $9000
    eligible_districts = (df_district.groupby('district_id')['A11'].mean().between(8000, 9000)).reset_index()
    
    # Merge eligible districts with accounts
    eligible_accounts = pd.merge(df_account, eligible_districts, on='district_id')
    
    # Filter accounts where the account type is not eligible for loans
    ineligible_types = ['type_x']  # Assuming 'type_x' is the column name for account type
    eligible_accounts = eligible_accounts[~eligible_accounts['type_x'].isin(ineligible_types)]
    
    # Group by account type and calculate average income
    account_types = eligible_accounts.groupby('type_x')['A11'].mean().reset_index()
    
    return account_types

# Example usage:
account_types = ineligible_accounts(df_account, df_district, df_card)
print(account_types)
```",,1,"['account', 'card', 'district', 'loan']",call_error: 'type_x',,,,,,,
149,"Please list the account types that are not eligible for loans, and the average income of residents in the district where the account is located exceeds $8000 but is no more than $9000.",2,3,"```python
import pandas as pd

def compute_feature(df_account, df_district):
    # Merge account and district dataframes based on district_id
    merged_df = pd.merge(df_account, df_district, on='district_id')

    # Filter accounts where average income is between $8000 and $9000
    filtered_df = merged_df[(merged_df['A12'] > 8000) & (merged_df['A12'] <= 9000)]

    # Compute the account types that are not eligible for loans
    not_eligible_types = filtered_df['A5'].unique()
    not_eligible_types = pd.DataFrame(not_eligible_types, columns=['account_type'])

    return not_eligible_types
```

```python
import pandas as pd

def compute_feature(df_account, df_district):
    # Merge account and district dataframes based on district_id
    merged_df = pd.merge(df_account, df_district, on='district_id')

    # Filter accounts where average income is between $8000 and $9000
    filtered_df = merged_df[(merged_df['A12'] > 8000) & (merged_df['A12'] <= 9000)]

    # Group by account type and calculate average income
    avg_income_by_type = filtered_df.groupby('A5')['A12'].mean().reset_index()

    # Identify account types with average income between $8000 and $9000
    eligible_types = avg_income_by_type[(avg_income_by_type['A12'] > 8000) & (avg_income_by_type['A12'] <= 9000)]['A5'].unique()

    # Identify account types not eligible for loans
    not_eligible_types = avg_income_by_type['A5'].unique()
    not_eligible_types = pd.DataFrame(not_eligible_types, columns=['account_type'])

    return not_eligible_types
```",,1,"['account', 'district', 'loan']",,"Empty DataFrame
Columns: [account_type]
Index: []",True,False,,,,
149,"Please list the account types that are not eligible for loans, and the average income of residents in the district where the account is located exceeds $8000 but is no more than $9000.",2,4,"```python
import pandas as pd

def get_ineligible_accounts(df_account, df_district):
    # Calculate average income for each district
    avg_income = df_district.groupby('district_id')['A10'].mean().to_frame('avg_income')
    
    # Merge average income into account DataFrame
    df_account_avg_income = pd.merge(df_account, avg_income, left_on='district_id', right_index=True)
    
    # Filter accounts with average income between $8000 and $9000
    df_eligible_districts = df_account_avg_income[(df_account_avg_income['avg_income'] > 8000) & (df_account_avg_income['avg_income'] <= 9000)]
    
    # Get account types that are not eligible for loans
    ineligible_account_types = df_account[~df_account['account_id'].isin(df_eligible_districts['account_id'])]['type'].unique()
    
    return ineligible_account_types
```",,1,"['account', 'district', 'loan']",call_error: 'type',,,,,,,
150,How many accounts in North Bohemia has made a transaction with the partner's bank being AB?,2,0,"```python
import pandas as pd

def count_accounts_with_partner_ab(df_district, df_account, df_trans):
    # Filter accounts in North Bohemia
    north_bohemia_accounts = df_account[df_account['district_id'].isin(df_district[df_district['A2'] == 'North Bohemia']['district_id'])]
    
    # Filter transactions with partner's bank being AB
    ab_transactions = df_trans[df_trans['k_symbol'] == 'AB']
    
    # Merge account IDs with transactions
    merged_accounts = pd.merge(north_bohemia_accounts, ab_transactions, left_on='account_id', right_on='account_id', how='inner')
    
    # Group by account ID and count
    account_counts = merged_accounts.groupby('account_id').size().reset_index(name='count')
    
    return account_counts
```",,1,"['account', 'district', 'trans']",,"Empty DataFrame
Columns: [account_id, count]
Index: []",True,False,,,,
150,How many accounts in North Bohemia has made a transaction with the partner's bank being AB?,2,1,"```python
import pandas as pd

def count_accounts_with_partner_ab(df_account, df_trans, df_client, df_district):
    # Filter clients in North Bohemia
    north_bohemia_district_id = df_district[df_district['A2'] == 'North Bohemia']['district_id'].unique()[0]
    clients_north_bohemia = df_client[df_client['district_id'] == north_bohemia_district_id]

    # Filter accounts of clients in North Bohemia
    accounts_north_bohemia = df_account[df_account['account_id'].isin(clients_north_bohemia['account_id'])]

    # Filter transactions with partner's bank being AB
    transactions_ab = df_trans[df_trans['k_symbol'] == 'AB']

    # Filter accounts with transactions with partner's bank being AB
    accounts_with_ab = accounts_north_bohemia[accounts_north_bohemia['account_id'].isin(transactions_ab['account_id'])]

    # Count unique accounts
    count = accounts_with_ab['account_id'].nunique()

    return count
```",,0,"['account', 'client', 'district', 'trans']",call_error: index 0 is out of bounds for axis 0 with size 0,,,,,,,
150,How many accounts in North Bohemia has made a transaction with the partner's bank being AB?,2,2,"```python
import pandas as pd

def count_accounts_north_bohemia_partner_ab(df_district, df_account, df_trans, df_client):
    # Filter accounts in North Bohemia
    north_bohemia_accounts = df_account[df_account['district_id'].isin(df_district[df_district['A2'] == 'North Bohemia']['district_id'])]

    # Filter transactions with partner's bank being AB
    partner_ab_transactions = df_trans[df_trans['bank'] == 'AB']

    # Merge accounts with transactions
    merged_data = pd.merge(north_bohemia_accounts, partner_ab_transactions, on='account_id', how='inner')

    # Count unique accounts
    count = merged_data['account_id'].nunique()

    return count
```",,1,"['account', 'client', 'district', 'trans']",,0,True,False,,,,
150,How many accounts in North Bohemia has made a transaction with the partner's bank being AB?,2,3,"```python
import pandas as pd

def count_accounts_with_partner_ab(df_account, df_trans, df_client, df_district):
    # Filter accounts in North Bohemia
    north_bohemia_district_id = df_district[df_district['A2'] == 'North Bohemia']['district_id'].unique()[0]
    accounts_in_north_bohemia = df_account[df_account['district_id'] == north_bohemia_district_id]

    # Merge account and transaction tables
    merged_table = pd.merge(accounts_in_north_bohemia, df_trans, on='account_id')

    # Filter transactions with partner's bank being AB
    partner_ab_transactions = merged_table[merged_table['k_symbol'] == 'AB']

    # Count accounts with at least one transaction with partner's bank being AB
    count = partner_ab_transactions['account_id'].nunique()

    return count
```",,1,"['account', 'client', 'district', 'trans']",call_error: index 0 is out of bounds for axis 0 with size 0,,,,,,,
150,How many accounts in North Bohemia has made a transaction with the partner's bank being AB?,2,4,"```python
import pandas as pd

def count_accounts_in_north_bohemia_with_partner_ab(df_account, df_trans, df_client, df_district):
    # Filter accounts in North Bohemia
    north_bohemia_accounts = df_account[df_account['district_id'].isin(df_district[df_district['A2'] == 'North Bohemia']['district_id'])]
    
    # Filter transactions with partner's bank being AB
    transactions_with_ab_bank = df_trans[df_trans['bank'] == 'AB']
    
    # Merge accounts and transactions
    merged_data = pd.merge(north_bohemia_accounts, transactions_with_ab_bank, on='account_id')
    
    # Count unique accounts
    account_counts = merged_data['account_id'].nunique()
    
    return account_counts
```",,1,"['account', 'client', 'district', 'trans']",,0,True,False,,,,
151,Please list the name of the districts with accounts that made withdrawal transactions.,2,0,"```python
import pandas as pd

def districts_with_withdrawals(df_district, df_account, df_trans):
    # Merge account and trans dataframes based on account_id
    account_trans = pd.merge(df_account, df_trans, on='account_id')
    
    # Filter transactions where operation is withdrawal
    withdrawal_trans = account_trans[account_trans['operation'] == 'withdrawal']
    
    # Group by district_id and get the count of withdrawals
    district_withdrawals = withdrawal_trans['district_id'].value_counts().reset_index()
    
    # Rename columns
    district_withdrawals.columns = ['district_id', 'withdrawal_count']
    
    # Merge district dataframe with withdrawal counts
    districts_with_data = pd.merge(df_district, district_withdrawals, on='district_id')
    
    # Return the merged dataframe
    return districts_with_data
```",,2,"['account', 'district', 'trans']",,"Empty DataFrame
Columns: [district_id, A2, A3, A4, A5, A6, A7, A8, A9, A10, A11, A12, A13, A14, A15, A16, avg_salary, withdrawal_count]
Index: []",False,False,semantic,"Empty DataFrame
Columns: [district_id, A2, A3, A4, A5, A6, A7, A8, A9, A10, A11, A12, A13, A14, A15, A16, avg_salary, withdrawal_count]
Index: []","[['Pisek'], ['Hl.m. Praha'], ['Kolin'], ['Pribram'], ['Cesky Krumlov']]",False
151,Please list the name of the districts with accounts that made withdrawal transactions.,2,1,"```python
import pandas as pd

def districts_with_withdrawals(df_district, df_account, df_trans):
    # Filter transactions that are withdrawals
    withdrawal_transactions = df_trans[df_trans['type'] == 'withdrawal']

    # Merge account information with withdrawal transactions
    merged_df = pd.merge(withdrawal_transactions, df_account, on='account_id')

    # Group by district and count the number of accounts with withdrawals
    district_counts = merged_df.groupby('district_id')['account_id'].count().reset_index()

    # Merge district information with withdrawal counts
    result_df = pd.merge(district_counts, df_district, on='district_id')

    # Rename column for clarity
    result_df = result_df.rename(columns={'district_id': 'district_id', 'account_id': 'withdrawal_count'})

    return result_df
```

This function will return a DataFrame with the district IDs and the count of accounts with withdrawal transactions in each district.",,2,"['account', 'district', 'trans']",,"Empty DataFrame
Columns: [district_id, withdrawal_count, A2, A3, A4, A5, A6, A7, A8, A9, A10, A11, A12, A13, A14, A15, A16, avg_salary]
Index: []",False,False,semantic,"Empty DataFrame
Columns: [district_id, withdrawal_count, A2, A3, A4, A5, A6, A7, A8, A9, A10, A11, A12, A13, A14, A15, A16, avg_salary]
Index: []","[['Pisek'], ['Hl.m. Praha'], ['Kolin'], ['Pribram'], ['Cesky Krumlov']]",False
151,Please list the name of the districts with accounts that made withdrawal transactions.,2,2,"```python
import pandas as pd

def districts_with_withdrawals(df_district, df_account, df_trans):
    # Merge account and trans DataFrames
    merged_account_trans = pd.merge(df_account, df_trans, on=['account_id', 'date'])
    
    # Filter withdrawals
    withdrawals = merged_account_trans[merged_account_trans['type'] == 'withdrawal']
    
    # Group by district and get unique districts
    districts_with_withdrawals = withdrawals['district_id'].unique()
    
    # Merge districts DataFrame with districts with withdrawals
    result = pd.merge(df_district, pd.DataFrame(districts_with_withdrawals, columns=['district_id']), on='district_id')
    
    # Return districts with withdrawals
    return result[['district_id', 'A2', 'A3', 'A4', 'A5', 'A6', 'A7', 'A8', 'A9', 'A10', 'A11', 'A12', 'A13', 'A14', 'A15', 'A16']]
```",,2,"['account', 'district', 'trans']",call_error: You are trying to merge on datetime64[us] and str columns for key 'date'. If you wish to proceed you should use pd.concat,,,,,,,
151,Please list the name of the districts with accounts that made withdrawal transactions.,2,3,"```python
import pandas as pd

def districts_with_withdrawals(df_district, df_account, df_trans):
    # Merge account and trans tables
    merged_account_trans = pd.merge(df_account, df_trans, on='account_id')
    
    # Filter transactions that are withdrawals
    withdrawal_trans = merged_account_trans[merged_account_trans['type'] == 'withdrawal']
    
    # Group by district and count the number of accounts with withdrawals
    district_counts = withdrawal_trans['district_id'].value_counts().rename('withdrawal_count')
    
    # Merge district counts with district table
    merged_districts_withdrawals = pd.merge(df_district, district_counts, on='district_id', how='left')
    
    # Fill NaN values with 0
    merged_districts_withdrawals['withdrawal_count'] = merged_districts_withdrawals['withdrawal_count'].fillna(0)
    
    return merged_districts_withdrawals[['A2', 'withdrawal_count']]
```

```python
# Assuming the DataFrames are loaded as df_district, df_account, df_trans
result = districts_with_withdrawals(df_district, df_account, df_trans)
print(result)
```",,2,"['account', 'district', 'trans']",,"                 A2  withdrawal_count
0       Hl.m. Praha               0.0
1           Benesov               0.0
2            Beroun               0.0
3            Kladno               0.0
4         ",False,False,semantic,"                 A2  withdrawal_count
0       Hl.m. Praha               0.0
1           Benesov               0.0
2            Beroun               0.0
3            Kladno               0.0
4         ","[['Pisek'], ['Hl.m. Praha'], ['Kolin'], ['Pribram'], ['Cesky Krumlov']]",False
151,Please list the name of the districts with accounts that made withdrawal transactions.,2,4,"```python
import pandas as pd

def districts_with_withdrawals(df_district, df_account, df_trans):
    # Merge account and trans tables to get account_id and trans_id
    merged_account_trans = pd.merge(df_account, df_trans, on=['account_id', 'date'])
    
    # Filter transactions that are withdrawals
    withdrawals = merged_account_trans[merged_account_trans['type'] == 'Withdrawal']
    
    # Group by district_id and get unique districts
    districts_with_withdrawals = withdrawals['district_id'].unique()
    
    return districts_with_withdrawals
```

You can use this function like this:

```python
districts_with_withdrawals = districts_with_withdrawals(df_district, df_account, df_trans)
print(districts_with_withdrawals)
```

This will print the names of the districts with accounts that made withdrawal transactions.",,1,"['account', 'district', 'trans']",call_error: You are trying to merge on datetime64[us] and str columns for key 'date'. If you wish to proceed you should use pd.concat,,,,,,,
152,What is the average number of crimes committed in 1995 in regions where the number exceeds 4000 and the region has accounts that are opened starting from the year 1997?,1,0,"```python
import pandas as pd

def average_crimes_1995(df_district, df_account):
    # Filter accounts opened in 1997 or later
    accounts_1997_or_later = df_account[df_account['date'] >= '1997']

    # Filter accounts by district
    accounts_by_district = accounts_1997_or_later.merge(df_district, on='district_id')

    # Filter accounts where the number of accounts exceeds 4000
    accounts_exceed_4000 = accounts_by_district[df_district['A2'] > 4000]

    # Filter crimes in 1995
    crimes_1995 = accounts_exceed_4000[df_account['date'].str.contains('1995')]

    # Group by district and calculate average number of crimes
    average_crimes = crimes_1995.groupby('district_id')['A2'].mean().reset_index()

    return average_crimes
```",,1,"['account', 'district']",call_error: 'date',,,,,,,
152,What is the average number of crimes committed in 1995 in regions where the number exceeds 4000 and the region has accounts that are opened starting from the year 1997?,1,1,"```python
import pandas as pd

def average_crimes_in_districts(df_district, df_account):
    # Filter districts with more than 4000 crimes in 1995
    filtered_districts = df_district[df_district['A16'] > 4000]

    # Filter accounts opened in 1997 or later
    filtered_accounts = df_account[df_account['date'] >= '1997-01-01']

    # Merge filtered districts with accounts
    merged_data = pd.merge(filtered_districts, filtered_accounts, on='district_id')

    # Filter merged data for crimes in 1995
    filtered_data = merged_data[merged_data['A16'] == 1995]

    # Calculate average number of crimes
    average_crimes = filtered_data['A16'].mean()

    return average_crimes
```

```python
average_crimes = average_crimes_in_districts(df_district, df_account)
print(average_crimes)
```",,1,"['account', 'district']",call_error: 'date',,,,,,,
152,What is the average number of crimes committed in 1995 in regions where the number exceeds 4000 and the region has accounts that are opened starting from the year 1997?,1,2,"```python
import pandas as pd

def average_crimes_1995(df_district, df_account):
    # Filter districts where number exceeds 4000
    filtered_districts = df_district[df_district['A16'] > 4000]
    
    # Filter accounts opened starting from 1997
    filtered_accounts = df_account[df_account['date'] >= '1997-01-01']
    
    # Merge the two filtered DataFrames based on district_id
    merged_df = pd.merge(filtered_districts, filtered_accounts, on='district_id')
    
    # Filter accounts where date is in 1995
    filtered_accounts_1995 = filtered_accounts[filtered_accounts['date'].str.startswith('1995')]
    
    # Merge the two filtered DataFrames based on district_id
    merged_df_1995 = pd.merge(merged_df, filtered_accounts_1995, on='district_id')
    
    # Group by A2 and calculate average of A16
    average_crimes = merged_df_1995.groupby('A2')['A16'].mean().reset_index()
    
    return average_crimes
```",,2,"['account', 'district']",call_error: 'date',,,,,,,
152,What is the average number of crimes committed in 1995 in regions where the number exceeds 4000 and the region has accounts that are opened starting from the year 1997?,1,3,"```python
import pandas as pd

def compute_crimes_feature(df_district, df_account):
    # Filter districts with more than 4000 crimes in 1995
    filtered_districts = df_district[df_district['A15'] > 4000]
    
    # Filter accounts with opening year 1997 or later
    filtered_accounts = df_account[df_account['date'].str.slice(0, 4).astype(int) >= 1997]
    
    # Merge filtered districts and accounts on district_id
    merged_data = pd.merge(filtered_districts, filtered_accounts, on='district_id')
    
    # Group by district_id and calculate average number of crimes in 1995
    crimes_feature = merged_data.groupby('district_id')['A15'].mean().reset_index()
    
    return crimes_feature
```

```python
# Apply the function to the DataFrames
crimes_feature = compute_crimes_feature(df_district, df_account)
print(crimes_feature)
```",,1,"['account', 'district']",call_error: 'date',,,,,,,
152,What is the average number of crimes committed in 1995 in regions where the number exceeds 4000 and the region has accounts that are opened starting from the year 1997?,1,4,"```python
import pandas as pd

def compute_crimes_feature(df_district, df_account):
    # Filter districts with accounts opened in 1997 or later
    filtered_districts = df_district[df_district['A2'] >= 1997]

    # Filter districts with number of crimes exceeding 4000 in 1995
    filtered_districts = filtered_districts[filtered_districts['A15'] > 4000]

    # Merge account data with filtered districts
    merged_data = pd.merge(filtered_districts, df_account, on='district_id')

    # Filter accounts with date in 1995
    merged_data = merged_data[merged_data['date'].str.contains('1995')]

    # Group by A2 (year of account opening) and compute average number of crimes
    result = merged_data.groupby('A2')['A15'].mean().reset_index()

    return result
```

```python
# Example usage
compute_crimes_feature(df_district, df_account)
```",,1,"['account', 'district']",call_error: '>=' not supported between instances of 'str' and 'int',,,,,,,
153,How many 'classic' cards are eligible for loan?,1,0,"```python
import pandas as pd

def count_eligible_classic_cards(card_df, disp_df):
    # Merge the two DataFrames based on disp_id
    merged_df = pd.merge(card_df, disp_df, on='disp_id', how='inner')
    
    # Filter for 'classic' cards
    classic_cards_df = merged_df[merged_df['type_x'] == 'classic']
    
    # Count the number of eligible 'classic' cards
    eligible_cards_count = classic_cards_df.shape[0]
    
    return eligible_cards_count
```",,1,"['card', 'disp']",,659,False,False,success,659,[[659]],True
153,How many 'classic' cards are eligible for loan?,1,1,"```python
import pandas as pd

def count_eligible_classic_cards(card_df, disp_df):
    eligible_classic_cards = card_df.merge(disp_df, on='disp_id', how='inner')
    eligible_classic_cards = eligible_classic_cards[eligible_classic_cards['type_x'] == 'classic']
    return eligible_classic_cards['type_x'].value_counts()['classic']
```

```python
# Example usage:
card_df = pd.DataFrame({
    'card_id': [1, 2, 3, 4, 5],
    'disp_id': [101, 102, 103, 104, 105],
    'type': ['classic', 'silver', 'classic', 'gold', 'classic'],
    'issued': [pd.to_datetime('2020-01-01'), pd.to_datetime('2020-01-02'), pd.to_datetime('2020-01-03'), pd.to_datetime('2020-01-04'), pd.to_datetime('2020-01-05')]
})

disp_df = pd.DataFrame({
    'disp_id': [101, 102, 103, 104, 105],
    'client_id': [1, 2, 3, 4, 5],
    'account_id': [1001, 1002, 1003, 1004, 1005],
    'type': ['checking', 'savings', 'checking', 'checking', 'savings']
})

print(count_eligible_classic_cards(card_df, disp_df))
```",,1,"['card', 'disp']",,659,False,False,success,659,[[659]],True
153,How many 'classic' cards are eligible for loan?,1,2,"```python
import pandas as pd

def count_eligible_classic_cards(card_df, disp_df):
    eligible_cards = card_df[card_df['type'] == 'classic']
    eligible_cards = eligible_cards.merge(disp_df, left_on='disp_id', right_on='disp_id', how='inner')
    eligible_cards = eligible_cards[eligible_cards['type_x'] == 'loan']
    return eligible_cards.shape[0]
```

```python
# Example usage
card_df = pd.DataFrame({
    'card_id': [1, 2, 3],
    'disp_id': [101, 102, 103],
    'type': ['classic', 'silver', 'classic'],
    'issued': [pd.Timestamp('2022-01-01'), pd.Timestamp('2022-01-15'), pd.Timestamp('2022-02-01')]
})

disp_df = pd.DataFrame({
    'disp_id': [101, 102, 103],
    'client_id': [1, 2, 3],
    'account_id': [1001, 1002, 1003],
    'type': ['loan', 'credit', 'loan']
})

print(count_eligible_classic_cards(card_df, disp_df))
```",,1,"['card', 'disp', 'loan']",,0,False,False,semantic,0,[[659]],True
153,How many 'classic' cards are eligible for loan?,1,3,"```python
import pandas as pd

def classic_cards_eligible_for_loan(card_df, disp_df):
    eligible_cards = card_df[card_df['type'] == 'classic']
    eligible_cards = eligible_cards.merge(disp_df, left_on='disp_id', right_on='disp_id', how='inner')
    eligible_cards = eligible_cards[eligible_cards['type'] == 'credit']
    return len(eligible_cards)
```",,1,"['card', 'disp', 'loan']",call_error: 'type',,,,,,,
153,How many 'classic' cards are eligible for loan?,1,4,"```python
import pandas as pd

def count_eligible_classic_cards(card, disp):
    eligible_classic_cards = card[card['type'] == 'classic']
    eligible_classic_cards = eligible_classic_cards.merge(disp, left_on='disp_id', right_on='disp_id', how='inner')
    eligible_classic_cards = eligible_classic_cards[eligible_classic_cards['type'] == 'credit']
    
    return eligible_classic_cards.shape[0]
```",,1,"['card', 'disp']",call_error: 'type',,,,,,,
154,How many male clients in 'Hl.m. Praha' district?,1,0,"```python
import pandas as pd

def count_male_clients_in_district(df_client, df_district):
    # Filter district 'Hl.m. Praha'
    df_district_filtered = df_district[df_district['A2'] == 'Hl.m. Praha']

    # Merge client and district DataFrames
    df_client_district = pd.merge(df_client, df_district_filtered, on='district_id')

    # Filter male clients
    df_male_clients = df_client_district[df_client_district['gender'] == 'male']

    # Count male clients in 'Hl.m. Praha' district
    count = (df_male_clients.groupby('district_id')['client_id'].count()).loc['Hl.m. Praha', 'client_id']

    return count
```",,1,"['client', 'district']",call_error: Too many indexers,,,,,,,
154,How many male clients in 'Hl.m. Praha' district?,1,1,"```python
import pandas as pd

def count_male_clients_in_district(df_client, df_district):
    # Filter district name to match 'Hl.m. Praha'
    district_name = 'Hl.m. Praha'
    
    # Filter clients in the district
    filtered_district = df_district[df_district['A1'] == district_name]
    
    # Merge client and district DataFrames
    merged_df = pd.merge(df_client, filtered_district[['district_id']], on='district_id')
    
    # Filter male clients in the district
    male_clients = merged_df[(merged_df['gender'] == 'male')]
    
    # Return the count of male clients
    return male_clients.shape[0]
```",,1,"['client', 'district']",call_error: 'A1',,,,,,,
154,How many male clients in 'Hl.m. Praha' district?,1,2,"```python
import pandas as pd

def count_male_clients_in_district(df_client, df_district, district_name):
    # Filter the district by name
    district_df = df_district[df_district['A2'] == district_name]
    
    # Filter clients by district and gender
    male_clients_df = df_client[(df_client['client_id'].isin(district_df['client_id'])) & (df_client['gender'] == 'male')]
    
    # Return the count of male clients
    return len(male_clients_df)
```

```python
# Example usage
male_clients_count = count_male_clients_in_district(df_client, df_district, 'Hl.m. Praha')
print(male_clients_count)
```

This function assumes that the 'A2' column in the 'district' DataFrame contains the names of the districts, and that the 'client_id' column in the 'client' DataFrame contains the IDs of the clients that belong to each district. It filters the clients by district and gender, and returns the count of male clients.",,0,"['client', 'district']","call_error: Operands are not aligned. Do `left, right = left.align(right, axis=1)` before operating.",,,,,,,
154,How many male clients in 'Hl.m. Praha' district?,1,3,"```python
import pandas as pd

def count_male_clients(df_client, df_district):
    # Filter the district DataFrame to get the district_id of 'Hl.m. Praha'
    district_id = df_district[df_district['A2'] == 'Hl.m. Praha']['district_id'].unique()[0]

    # Filter the client DataFrame to get male clients in the specified district
    male_clients = df_client[(df_client['gender'] == 'male') & (df_client['district_id'] == district_id)]

    # Return the count of male clients
    return male_clients.shape[0]
```

You can use this function like this:

```python
male_clients_count = count_male_clients(df_client, df_district)
print(male_clients_count)
```",,0,"['client', 'district']",,0,True,False,,,,
154,How many male clients in 'Hl.m. Praha' district?,1,4,"```python
import pandas as pd

def count_male_clients(df_client, df_district):
    # Filter clients in 'Hl.m. Praha' district
    filtered_district = df_district[df_district['A2'] == 'Hl.m. Praha']
    
    # Merge filtered district with clients
    merged_df = pd.merge(df_client, filtered_district[['district_id']], on='district_id')
    
    # Filter male clients
    male_clients = merged_df[merged_df['gender'] == 'male']
    
    # Count male clients
    count = male_clients['client_id'].nunique()
    
    return count
```

```python
# Usage
count = count_male_clients(df_client, df_district)
print(count)
```",,1,"['client', 'district']",,0,False,False,semantic,0,[[339]],False
155,How many percent of 'Gold' cards were issued prior to 1998?,0,0,"```python
import pandas as pd

def percent_gold_issued_before_98(card_df):
    gold_cards = card_df[card_df['type'] == 'Gold']
    issued_before_98 = gold_cards[gold_cards['issued'] < 1998]
    total_gold_cards = len(gold_cards)
    total_gold_issued_before_98 = len(issued_before_98)
    return (total_gold_issued_before_98 / total_gold_cards) * 100

# example usage:
# assuming card_df is your DataFrame
percent_gold_issued_before_98 = percent_gold_issued_before_98(card_df)
print(percent_gold_issued_before_98)
```

```python
import pandas as pd

def percent_gold_issued_before_98(card_df):
    result = (card_df[(card_df['type'] == 'Gold') & (card_df['issued'] < 1998)].shape[0] /
              card_df[card_df['type'] == 'Gold'].shape[0]) * 100
    return result

# example usage:
# assuming card_df is your DataFrame
percent_gold_issued_before_98 = percent_gold_issued_before_98(card_df)
print(percent_gold_issued_before_98)
```",,0,['card'],call_error: Invalid comparison between dtype=datetime64[us] and int,,,,,,,
155,How many percent of 'Gold' cards were issued prior to 1998?,0,1,"```python
import pandas as pd

def percent_gold_prior_1998(card_df):
    gold_cards = card_df[card_df['type'] == 'Gold']
    issued_before_98 = gold_cards[gold_cards['issued'] < '1998']
    percent = (len(issued_before_98) / len(gold_cards)) * 100
    return percent

# Usage
percent_gold_prior_98 = percent_gold_prior_1998(card_df)
print(percent_gold_prior_98)
```",,0,['card'],call_error: division by zero,,,,,,,
155,How many percent of 'Gold' cards were issued prior to 1998?,0,2,"```python
import pandas as pd

def gold_cards_issued_before_98(cards: pd.DataFrame) -> float:
    gold_cards = cards[cards['type'] == 'Gold']
    gold_cards_issued_before_98 = gold_cards[gold_cards['issued'] < 1998]
    total_gold_cards = len(gold_cards)
    total_gold_cards_issued_before_98 = len(gold_cards_issued_before_98)
    return (total_gold_cards_issued_before_98 / total_gold_cards) * 100
```",,0,['card'],call_error: Invalid comparison between dtype=datetime64[us] and int,,,,,,,
155,How many percent of 'Gold' cards were issued prior to 1998?,0,3,"```python
import pandas as pd

def percentage_gold_cards_issued_before_1998(card_df):
    gold_cards = card_df[card_df['type'] == 'Gold']
    gold_cards_issued_before_1998 = gold_cards[gold_cards['issued'] < 1998]
    percentage = (len(gold_cards_issued_before_1998) / len(gold_cards)) * 100
    return percentage

# Example usage:
card_df = pd.DataFrame({
    'card_id': [1, 2, 3],
    'disp_id': [101, 102, 103],
    'type': ['Gold', 'Silver', 'Gold'],
    'issued': [1995, 1999, 2000]
})

result = percentage_gold_cards_issued_before_1998(card_df)
print(result)
```",,0,"['card', 'disp']",call_error: Invalid comparison between dtype=datetime64[us] and int,,,,,,,
155,How many percent of 'Gold' cards were issued prior to 1998?,0,4,"```python
import pandas as pd

def percentage_gold_cards_issued_before_98(cards):
    gold_cards = cards[cards['type'] == 'Gold']
    gold_cards_issued_before_98 = gold_cards[gold_cards['issued'] < 1998]
    percentage = (len(gold_cards_issued_before_98) / len(gold_cards)) * 100
    return percentage

# Assuming cards is the DataFrame
cards['issued'] = pd.to_numeric(cards['issued'])
percentage = percentage_gold_cards_issued_before_98(cards)
print(percentage)
```",,0,['card'],call_error: Invalid comparison between dtype=datetime64[us] and int,,,,,,,
156,Who is the owner of the account with the largest loan amount?,2,0,"```python
import pandas as pd

def largest_loan_owner(df_loan, df_account):
    # Merge loan and account DataFrames on account_id
    merged_df = pd.merge(df_loan, df_account, on='account_id')
    
    # Group by account owner (client_id) and sum loan amount
    loan_amounts = merged_df.groupby('client_id')['amount'].sum().reset_index()
    
    # Find the client with the largest loan amount
    max_loan_client = loan_amounts.loc[loan_amounts['amount'].idxmax()]
    
    return max_loan_client['client_id']
```",,1,"['account', 'client', 'loan']",call_error: 'client_id',,,,,,,
156,Who is the owner of the account with the largest loan amount?,2,1,"```python
import pandas as pd

def get_account_owner():
    # Merge loan and account tables based on account_id
    merged_df = pd.merge(loan, account, on='account_id')

    # Merge the result with disp table based on account_id
    merged_df = pd.merge(merged_df, disp, on='account_id')

    # Group by disp_id and get the account_id with the largest loan amount
    max_loan_df = merged_df.loc[merged_df.groupby('disp_id')['amount'].idxmax()]

    # Return the owner's information
    return max_loan_df[['client_id', 'disp_id', 'account_id']]

# Call the function
account_owner = get_account_owner()
print(account_owner)
```",,2,"['account', 'client', 'disp', 'loan']",,"     client_id  disp_id  account_id
0            2        2           2
1            3        3           2
2           25       25          19
3           31       31          25
4           45      ",False,False,semantic,"     client_id  disp_id  account_id
0            2        2           2
1            3        3           2
2           25       25          19
3           31       31          25
4           45      ",[[9340]],True
156,Who is the owner of the account with the largest loan amount?,2,2,"```python
import pandas as pd

def get_account_owner():
    # Merge loan and account tables based on account_id
    merged_df = pd.merge(loan, account, on='account_id')
    
    # Merge the result with disp table to get client_id
    merged_df = pd.merge(merged_df, disp, on='account_id')
    
    # Group by client_id and get the account with the largest loan amount
    max_loan_account = merged_df.loc[merged_df['amount'].idxmax()]
    
    return max_loan_account['client_id']
```",,2,"['account', 'client', 'disp', 'loan']",,9340,False,False,success,9340,[[9340]],True
156,Who is the owner of the account with the largest loan amount?,2,3,"```python
import pandas as pd

def get_account_owner_max_loan(df_loan, df_account):
    # Merge loan and account dataframes on account_id
    df_merged = pd.merge(df_loan, df_account, on='account_id', how='inner')
    
    # Group by client_id and get the maximum loan amount for each client
    df_max_loan = df_merged.groupby('client_id')['amount'].max().reset_index()
    
    # Get the client_id with the maximum loan amount
    max_loan_client_id = df_max_loan.loc[df_max_loan['amount'].idxmax()]['client_id']
    
    # Merge the account dataframe with the client_id having the maximum loan amount
    df_result = pd.merge(df_account, df_max_loan[['client_id', 'amount']], on='client_id', how='inner')
    
    # Return the owner of the account with the largest loan amount
    return df_result.loc[df_result['amount'] == df_result['amount'].max()]['client_id'].values[0]
```",,2,"['account', 'client', 'loan']",call_error: 'client_id',,,,,,,
156,Who is the owner of the account with the largest loan amount?,2,4,"```python
import pandas as pd

def largest_loan_owner(df_loan, df_account):
    # Merge loan and account dataframes based on account_id
    merged_df = pd.merge(df_loan, df_account, on='account_id')
    
    # Group by client_id and find the account with the largest loan amount
    largest_loan = merged_df.loc[merged_df['amount'].idxmax()]
    
    return largest_loan['client_id']
```",,1,"['account', 'client', 'loan']",call_error: 'client_id',,,,,,,
157,What is the number of committed crimes in 1995 in the district of the account with the id 532?,1,0,"```python
import pandas as pd

def count_committed_crimes(df_account, df_district, account_id):
    # Filter the account DataFrame for the given account id
    account = df_account[df_account['account_id'] == account_id]
    
    # Filter the district DataFrame for the district of the account
    district = df_district[df_district['district_id'] == account['district_id'].iloc[0]]
    
    # Filter the district DataFrame for the year 1995
    district_1995 = district[district['A4'] == '1995']
    
    # Count the number of committed crimes in 1995
    crime_count = district_1995['A16'].value_counts().sum()
    
    return crime_count
```

You can use this function like this:

```python
crime_count = count_committed_crimes(df_account, df_district, 532)
print(crime_count)
```",,0,"['account', 'district']","call_error: Operands are not aligned. Do `left, right = left.align(right, axis=1)` before operating.",,,,,,,
157,What is the number of committed crimes in 1995 in the district of the account with the id 532?,1,1,"```python
import pandas as pd

def num_committed_crimes_in_district_1995(df_account, df_district, account_id):
    # Filter the account dataframe by account_id
    account = df_account[df_account['account_id'] == account_id]
    
    # Get the district id of the account
    district_id = account['district_id'].iloc[0]
    
    # Filter the district dataframe by district id
    district = df_district[df_district['district_id'] == district_id]
    
    # Filter the district dataframe by year 1995
    district_1995 = district[district['date'].str[:4] == '1995']
    
    # Count the number of committed crimes
    num_crimes = len(district_1995)
    
    return num_crimes
```

```python
# Example usage:
num_crimes = num_committed_crimes_in_district_1995(df_account, df_district, 532)
print(num_crimes)
```",,0,"['account', 'district']","call_error: Operands are not aligned. Do `left, right = left.align(right, axis=1)` before operating.",,,,,,,
157,What is the number of committed crimes in 1995 in the district of the account with the id 532?,1,2,"```python
import pandas as pd

def num_committed_crimes_1995(df_account, df_district):
    # Filter account with id 532
    account = df_account[df_account['account_id'] == 532]
    
    # Get district id of the account
    district_id = account['district_id'].iloc[0]
    
    # Filter district with the id
    district = df_district[df_district['district_id'] == district_id]
    
    # Filter crimes committed in 1995
    crimes_1995 = district[(district['A1'] > 1994) & (district['A1'] <= 1995)]
    
    # Count the number of committed crimes
    num_crimes = crimes_1995.shape[0]
    
    return num_crimes

# Example usage:
num_crimes = num_committed_crimes_1995(df_account, df_district)
print(num_crimes)
```",,0,"['account', 'district']",call_error: 'A1',,,,,,,
157,What is the number of committed crimes in 1995 in the district of the account with the id 532?,1,3,"```python
import pandas as pd

def committed_crimes_1995(account_df, district_df):
    account_1995 = account_df[account_df['date'] == '1995']
    account_1995_district = account_1995.merge(district_df, left_on='district_id', right_on='district_id')
    committed_crimes = account_1995_district.groupby('A2')['account_id'].nunique().reset_index()
    committed_crimes.columns = ['district', 'committed_crimes']
    return committed_crimes

# assuming the DataFrames are already loaded
# result will be a DataFrame with one row for each district
# with the number of committed crimes in 1995 in that district
result = committed_crimes_1995(account_df, district_df)

# to get the number of committed crimes in 1995 in the district of the account with the id 532
district_id_532 = district_df[district_df['account_id'] == 532]['district_id'].iloc[0]
print(result[result['district_id'] == district_id_532]['committed_crimes'].iloc[0])
```",,1,"['account', 'district']",call_error: 'date',,,,,,,
157,What is the number of committed crimes in 1995 in the district of the account with the id 532?,1,4,"```python
import pandas as pd

def num_committed_crimes_1995(df_account, df_district):
    # Filter the account DataFrame for the specified account id
    account_df = df_account[df_account['account_id'] == 532]
    
    # Get the district id from the filtered account DataFrame
    district_id = account_df['district_id'].iloc[0]
    
    # Filter the district DataFrame for the obtained district id
    district_df = df_district[df_district['district_id'] == district_id]
    
    # Filter the district DataFrame for crimes in 1995
    crimes_1995_df = district_df[(district_df['A2'] == '1995') & (~pd.isnull(district_df['A3']))]
    
    # Count the number of committed crimes
    num_crimes = len(crimes_1995_df)
    
    return num_crimes
```

```python
# Usage
num_crimes = num_committed_crimes_1995(df_account, df_district)
print(num_crimes)
```",,0,"['account', 'district']",,0,True,False,,,,
158,What is the district Id of the account that placed the order with the id 33333?,2,0,"```python
import pandas as pd

def get_district_id(order_id):
    order_df = order[order['order_id'] == order_id]
    account_id = order_df['account_to'].values[0]
    account_df = account[account['account_id'] == account_id]
    district_id = account_df['district_id'].values[0]
    return district_id

district_id = get_district_id(33333)
print(district_id)
```

Alternatively, you can use the `merge` function to achieve the same result in a more concise way:

```python
import pandas as pd

def get_district_id(order_id):
    order_df = order[order['order_id'] == order_id]
    merged_df = pd.merge(order_df, account, on='account_to')
    merged_df = pd.merge(merged_df, client, on='account_id')
    merged_df = pd.merge(merged_df, district, on='district_id')
    district_id = merged_df['district_id'].values[0]
    return district_id

district_id = get_district_id(33333)
print(district_id)
```",,0,"['account', 'district', 'order']","call_error: Operands are not aligned. Do `left, right = left.align(right, axis=1)` before operating.",,,,,,,
158,What is the district Id of the account that placed the order with the id 33333?,2,1,"```python
import pandas as pd

def get_district_id(order_id):
    order_df = order[order['order_id'] == order_id]
    account_id = order_df['account_to'].values[0]
    account_df = account[account['account_id'] == account_id]
    district_id = account_df['district_id'].values[0]
    return district_id

district_id = get_district_id(33333)
print(district_id)
```

Or using a more pandas-way approach:

```python
import pandas as pd

def get_district_id(order_id, order, account):
    account_id = order.loc[order['order_id'] == order_id, 'account_to'].values[0]
    district_id = account.loc[account['account_id'] == account_id, 'district_id'].values[0]
    return district_id

district_id = get_district_id(33333, order, account)
print(district_id)
```",,0,"['account', 'district', 'order']","call_error: Operands are not aligned. Do `left, right = left.align(right, axis=1)` before operating.",,,,,,,
158,What is the district Id of the account that placed the order with the id 33333?,2,2,"```python
import pandas as pd

def get_district_id(order_id):
    order_df = order[order['order_id'] == order_id]
    account_id = order_df['account_id'].iloc[0]
    account_df = account[account['account_id'] == account_id]
    district_id = account_df['district_id'].iloc[0]
    return district_id

district_id = get_district_id(33333)
print(district_id)
```

Alternatively, you can use a vectorized operation to achieve the same result:

```python
import pandas as pd

def get_district_id(order_id):
    account_id = order.loc[order['order_id'] == order_id, 'account_id'].iloc[0]
    district_id = account.loc[account['account_id'] == account_id, 'district_id'].iloc[0]
    return district_id

district_id = get_district_id(33333)
print(district_id)
```

Or using the `merge` function:

```python
import pandas as pd

def get_district_id(order_id):
    order_df = order[order['order_id'] == order_id]
    merged_df = pd.merge(order_df, account, on='account_id')
    merged_df = pd.merge(merged_df, client, on='district_id')
    district_id = merged_df['district_id'].iloc[0]
    return district_id

district_id = get_district_id(33333)
print(district_id)
```",,0,"['account', 'district', 'order']","call_error: Operands are not aligned. Do `left, right = left.align(right, axis=1)` before operating.",,,,,,,
158,What is the district Id of the account that placed the order with the id 33333?,2,3,"```python
import pandas as pd

def get_district_id(order_id):
    # Merge order and account DataFrames on account_id
    merged_df = pd.merge(order, account, on='account_id')
    
    # Filter the merged DataFrame for the specified order_id
    filtered_df = merged_df[merged_df['order_id'] == order_id]
    
    # Return the district_id of the filtered DataFrame
    return filtered_df['district_id'].iloc[0] if not filtered_df.empty else None

# Example usage
order_id = 33333
district_id = get_district_id(order_id)
print(district_id)
```",,1,"['account', 'district', 'order']","call_error: Operands are not aligned. Do `left, right = left.align(right, axis=1)` before operating.",,,,,,,
158,What is the district Id of the account that placed the order with the id 33333?,2,4,"```python
import pandas as pd

def get_district_id(order_id):
    """"""
    Compute the district Id of the account that placed the order with the given id.

    Parameters:
    order_id (int): The id of the order.

    Returns:
    int: The district Id of the account that placed the order with the given id.
    """"""
    account_id = df_order[df_order['order_id'] == order_id]['account_id'].iloc[0]
    district_id = df_account[df_account['account_id'] == account_id]['district_id'].iloc[0]
    return district_id
```

```python
import pandas as pd

def get_district_id(order_id, df_order, df_account):
    account_id = df_order.loc[df_order['order_id'] == order_id, 'account_id'].iloc[0]
    district_id = df_account.loc[df_account['account_id'] == account_id, 'district_id'].iloc[0]
    return district_id
```

```python
import pandas as pd

def get_district_id(order_id, df_order, df_account, df_client):
    account_id = df_order.loc[df_order['order_id'] == order_id, 'account_id'].iloc[0]
    account = df_account.loc[df_account['account_id'] == account_id]
    district_id = account['district_id'].iloc[0]
    return district_id
```

```python
import pandas as pd

def get_district_id(order_id, df_order, df_account):
    account_id = df_order.loc[df_order['order_id'] == order_id, 'account_id'].iloc[0]
    return df_account.loc[df_account['account_id'] == account_id, 'district_id'].iloc[0]
```

```python
import pandas as pd

def get_district_id(order_id, df_order, df_account):
    account_id = df_order.loc[df_order['order_id'] == order_id, 'account_id'].iloc[0]
    district_id = df_account.loc[df_account['account_id'] == account_id, 'district_id'].iloc[0]
    return district_id
```",,0,"['account', 'district', 'order']","call_error: Operands are not aligned. Do `left, right = left.align(right, axis=1)` before operating.",,,,,,,
159,List all the withdrawals in cash transactions that the client with the id 3356 makes.,3,0,"```python
import pandas as pd

def get_withdrawals(client_id, df_trans, df_card):
    # Filter transactions of client with id 3356
    client_trans = df_trans[df_trans['account_id'] == client_id]

    # Filter card transactions
    card_trans = df_trans[df_trans['k_symbol'].isin(df_card['k_symbol'])]

    # Filter card transactions that are withdrawals in cash
    withdrawals = card_trans[(card_trans['operation'] == 'withdrawal') & (card_trans['type'] == 'cash')]

    return withdrawals
```",,0,"['account', 'card', 'client', 'trans']","call_error: Operands are not aligned. Do `left, right = left.align(right, axis=1)` before operating.",,,,,,,
159,List all the withdrawals in cash transactions that the client with the id 3356 makes.,3,1,"```python
import pandas as pd

def withdrawals_in_cash(client_id, client_df, disp_df, trans_df):
    # Filter client transactions
    client_trans = trans_df[trans_df['client_id'] == client_id]
    
    # Filter cash transactions
    cash_trans = client_trans[client_trans['type'] == 'cash']
    
    # Filter withdrawals
    withdrawals = cash_trans[cash_trans['operation'] == 'withdrawal']
    
    return withdrawals

# Assuming the DataFrames are already loaded
withdrawals = withdrawals_in_cash(3356, client_df, disp_df, trans_df)
print(withdrawals)
```",,0,"['client', 'disp', 'trans']",call_error: 'client_id',,,,,,,
159,List all the withdrawals in cash transactions that the client with the id 3356 makes.,3,2,"```python
import pandas as pd

def list_withdrawals(client_id):
    # Filter transactions where type is 'cash' and operation is 'withdrawal'
    cash_withdrawals = trans[(trans['type'] == 'cash') & (trans['operation'] == 'withdrawal')]

    # Filter transactions by client id
    withdrawals = cash_withdrawals[cash_withdrawals['account_id'].isin(account[account['client_id'] == client_id]['account_id'])]

    return withdrawals
```

```python
# Example usage
client_id = 3356
withdrawals = list_withdrawals(client_id)
print(withdrawals)
```",,0,"['account', 'client', 'trans']",call_error: 'client_id',,,,,,,
159,List all the withdrawals in cash transactions that the client with the id 3356 makes.,3,3,"```python
import pandas as pd

def compute_withdrawals(client_id, client, disp, trans):
    # Filter transactions for the given client
    client_transactions = trans[trans['client_id'] == client_id]

    # Filter transactions for cash withdrawals
    cash_withdrawals = client_transactions[
        (client_transactions['type'] == 'cash') & 
        (client_transactions['operation'] == 'withdraw')
    ]

    return cash_withdrawals
```

```python
withdrawals = compute_withdrawals(3356, client, disp, trans)
print(withdrawals)
```",,0,"['client', 'disp', 'trans']",call_error: 'client_id',,,,,,,
159,List all the withdrawals in cash transactions that the client with the id 3356 makes.,3,4,"```python
import pandas as pd

def get_client_withdrawals(df_client, df_disp, df_account, df_trans, client_id):
    # Filter transactions for the given client
    client_transactions = df_trans[df_trans['account_id'].isin(df_account[df_account['client_id'] == client_id]['account_id'])]

    # Filter transactions for cash and withdrawal types
    cash_withdrawals = client_transactions[(client_transactions['type'] == 'cash') & (client_transactions['operation'] == 'withdrawal')]

    return cash_withdrawals
```

```python
# Usage example:
cash_withdrawals = get_client_withdrawals(df_client, df_disp, df_account, df_trans, 3356)
print(cash_withdrawals)
```",,0,"['account', 'client', 'disp', 'trans']",call_error: 'client_id',,,,,,,
160,"Among the weekly issuance accounts, how many have a loan of under 200000?",1,0,"```python
import pandas as pd

def weekly_issues_with_small_loans(loan, account):
    # Filter accounts that are issued weekly
    weekly_accounts = account[account['frequency'] == 'weekly']
    
    # Merge the accounts with loans
    merged_df = pd.merge(loan, weekly_accounts, on='account_id', how='inner')
    
    # Filter loans under 200000
    small_loans = merged_df[merged_df['amount'] < 200000]
    
    # Count the number of accounts with small loans
    count = small_loans['account_id'].nunique()
    
    return count
```",,1,"['account', 'loan']",,0,False,False,semantic,0,[[58]],False
160,"Among the weekly issuance accounts, how many have a loan of under 200000?",1,1,"```python
import pandas as pd

def count_weekly_loans(df_loan, df_account):
    # Filter weekly issuance accounts
    weekly_accounts = df_account[df_account['frequency'] == 'Weekly']
    
    # Merge loan and account data
    merged_data = pd.merge(df_loan, weekly_accounts[['account_id']], on='account_id')
    
    # Filter loans under 200000
    loans_under_200k = merged_data[merged_data['amount'] < 200000]
    
    # Count the number of such loans
    count = loans_under_200k.shape[0]
    
    return count
```

You can use this function by calling it with your DataFrames as arguments:

```python
count = count_weekly_loans(df_loan, df_account)
print(count)
```",,1,"['account', 'loan']",,0,False,False,semantic,0,[[58]],False
160,"Among the weekly issuance accounts, how many have a loan of under 200000?",1,2,"```python
import pandas as pd

def count_weekly_loans(df_loan, df_account):
    # Filter weekly accounts
    weekly_accounts = df_account[df_account['frequency'] == 'Weekly']
    
    # Merge loan and account data
    merged_data = pd.merge(weekly_accounts, df_loan, on='account_id')
    
    # Filter loans under 200000
    under_200k_loans = merged_data[merged_data['amount'] < 200000]
    
    # Count the number of accounts with a loan under 200000
    count = under_200k_loans['account_id'].nunique()
    
    return count
```

You can use this function like this:

```python
count = count_weekly_loans(df_loan, df_account)
print(count)
```",,1,"['account', 'loan']",,0,False,False,semantic,0,[[58]],False
160,"Among the weekly issuance accounts, how many have a loan of under 200000?",1,3,"```python
import pandas as pd

def count_weekly_loans(df_loan, df_account):
    # Filter weekly accounts
    weekly_accounts = df_account[df_account['frequency'] == 'weekly']
    
    # Merge loan and account data
    merged_data = pd.merge(weekly_accounts, df_loan, on='account_id')
    
    # Filter loans under 200000
    loans_under_200000 = merged_data[merged_data['amount'] < 200000]
    
    # Count the number of accounts
    count = len(loans_under_200000['account_id'].unique())
    
    return count
```

You can call this function with your DataFrames like this:

```python
count = count_weekly_loans(df_loan, df_account)
print(count)
```",,1,"['account', 'loan']",,0,False,False,semantic,0,[[58]],False
160,"Among the weekly issuance accounts, how many have a loan of under 200000?",1,4,"```python
import pandas as pd

def count_weekly_loans(df_loan, df_account):
    # Filter weekly accounts
    weekly_accounts = df_account[df_account['frequency'] == 'Weekly']
    
    # Merge loan and account data
    merged_data = pd.merge(weekly_accounts, df_loan, on='account_id')
    
    # Filter loans under 200000
    filtered_loans = merged_data[merged_data['amount'] < 200000]
    
    # Count the number of loans
    count = filtered_loans.shape[0]
    
    return count
```",,1,"['account', 'loan']",,0,False,False,semantic,0,[[58]],False
161,What type of credit card does the client with the id 13539 own?,2,0,"```python
import pandas as pd

def get_credit_card_type(client_id, disp, card, client):
    client_card = pd.merge(client, card, on='client_id')
    client_card = pd.merge(client_card, disp, on='disp_id')
    client_card = client_card[client_card['client_id'] == client_id]
    
    if not client_card.empty:
        return client_card['type_y'].iloc[0]
    else:
        return None
```",,2,"['card', 'client', 'disp']",call_error: 'client_id',,,,,,,
161,What type of credit card does the client with the id 13539 own?,2,1,"```python
import pandas as pd

def get_client_credit_card_type(client_id, disp, card):
    """"""
    This function computes a feature answering the question: 
    What type of credit card does the client with the id 13539 own?

    Parameters:
    client_id (int): The id of the client
    disp (pandas DataFrame): The disp DataFrame
    card (pandas DataFrame): The card DataFrame

    Returns:
    pandas Series: A Series containing the type of credit card the client owns
    """"""
    client_card = pd.merge(disp, card, on='disp_id')
    client_card = client_card[client_card['client_id'] == client_id]
    return client_card['type'].iloc[0] if not client_card.empty else None

# Example usage:
client_id = 13539
print(get_client_credit_card_type(client_id, disp, card))
```",,1,"['card', 'client', 'disp']","call_error: Operands are not aligned. Do `left, right = left.align(right, axis=1)` before operating.",,,,,,,
161,What type of credit card does the client with the id 13539 own?,2,2,"```python
import pandas as pd

def get_credit_card_type(client_id, disp, card):
    """"""
    Returns the type of credit card owned by a client.

    Parameters:
    client_id (int): ID of the client.
    disp (pandas DataFrame): Disp DataFrame.
    card (pandas DataFrame): Card DataFrame.

    Returns:
    pandas Series: Series containing the type of credit card owned by the client.
    """"""
    # Filter the disp DataFrame to get the disp_id of the client
    client_disp = disp[disp['client_id'] == client_id]
    
    # If the client has no disps, return NaN
    if client_disp.empty:
        return pd.Series([pd.NA], index=[client_id])
    
    # Get the disp_id of the client
    disp_id = client_disp['disp_id'].iloc[0]
    
    # Filter the card DataFrame to get the card_id of the client
    client_card = card[card['disp_id'] == disp_id]
    
    # If the client has no cards, return NaN
    if client_card.empty:
        return pd.Series([pd.NA], index=[client_id])
    
    # Get the card_id of the client
    card_id = client_card['card_id'].iloc[0]
    
    # Return the type of credit card owned by the client
    return card.loc[card['card_id'] == card_id, 'type']
```",,0,"['card', 'client', 'disp']","call_error: Operands are not aligned. Do `left, right = left.align(right, axis=1)` before operating.",,,,,,,
161,What type of credit card does the client with the id 13539 own?,2,3,"```python
import pandas as pd

def get_credit_card_type(client_id, disp, card):
    client_card = pd.merge(card, disp, on='disp_id')
    client_card = pd.merge(client_card, card[['card_id', 'type']], left_on='card_id', right_on='card_id', suffixes=('', '_y'))
    client_card = client_card.drop_duplicates(subset=['card_id'], keep='first')
    
    client_card = client_card[client_card['client_id'] == client_id]
    
    if not client_card.empty:
        return client_card['type_y'].iloc[0]
    else:
        return 'No credit card found'
```",,2,"['card', 'client', 'disp']",call_error: 'card_id',,,,,,,
161,What type of credit card does the client with the id 13539 own?,2,4,"```python
import pandas as pd

def get_card_type(client_id, disp, card, client):
    # Filter the client's disp records
    disp_client = disp[disp['client_id'] == client_id]
    
    # Filter the disp records to get the disp_id
    disp_id = disp_client['disp_id'].unique()[0]
    
    # Filter the card records to get the card type
    card_type = card[card['disp_id'] == disp_id]['type'].unique()[0]
    
    return card_type

# Example usage:
print(get_card_type(13539, disp, card, client))
```",,0,"['card', 'client', 'disp']","call_error: Operands are not aligned. Do `left, right = left.align(right, axis=1)` before operating.",,,,,,,
162,What is the region of the client with the id 3541 from?,1,0,"```python
import pandas as pd

def get_client_region(client_df, district_df):
    # Merge client and district DataFrames based on district_id
    merged_df = pd.merge(client_df, district_df, left_on='district_id', right_on='district_id')

    # Select the region (A2) of the client with id 3541
    region = merged_df.loc[merged_df['client_id'] == 3541, 'A2'].iloc[0]

    return region
```

You can call this function with your DataFrames like this:

```python
client_df = pd.DataFrame({
    'client_id': [3541],
    'gender': ['Male'],
    'birth_date': ['1990-01-01'],
    'district_id': [1]
})

district_df = pd.DataFrame({
    'district_id': [1, 2, 3],
    'A2': ['North', 'South', 'East']
})

print(get_client_region(client_df, district_df))
```",,1,"['client', 'district']",,Trutnov,False,False,semantic,Trutnov,[['east Bohemia']],False
162,What is the region of the client with the id 3541 from?,1,1,"```python
import pandas as pd

def get_client_region(client_df, district_df):
    client_district_id = client_df.loc[client_df['client_id'] == 3541, 'district_id'].iloc[0]
    region = district_df.loc[district_df['district_id'] == client_district_id, 'A2'].iloc[0]
    return region

# Example usage:
client_df = pd.DataFrame({
    'client_id': [1, 2, 3541],
    'gender': ['male', 'female', 'male'],
    'birth_date': ['1990-01-01', '1991-01-01', '1992-01-01'],
    'district_id': [1, 2, 3]
})

district_df = pd.DataFrame({
    'district_id': [1, 2, 3],
    'A2': ['North', 'South', 'East']
})

print(get_client_region(client_df, district_df))
```",,0,"['client', 'district']",,Trutnov,True,False,,,,
162,What is the region of the client with the id 3541 from?,1,2,"```python
import pandas as pd

def get_client_region(client_df, district_df):
    # Merge the client and district DataFrames based on district_id
    merged_df = pd.merge(client_df, district_df, left_on='district_id', right_on='district_id')
    
    # Drop unnecessary columns
    merged_df = merged_df.drop(columns=['district_id'])
    
    # Select the client with id 3541
    client_region = merged_df[merged_df['client_id'] == 3541]
    
    # Return the region of the client
    return client_region[['A2', 'A3', 'A4', 'A5', 'A6', 'A7', 'A8', 'A9', 'A10', 'A11', 'A12', 'A13', 'A14', 'A15', 'A16']].iloc[0]
```

You can use this function as follows:

```python
client_df = pd.DataFrame({
    'client_id': [3541],
    'gender': ['Male'],
    'birth_date': ['1990-01-01'],
    'district_id': [1]
})

district_df = pd.DataFrame({
    'district_id': [1, 2, 3],
    'A2': ['North', 'South', 'East'],
    'A3': ['North', 'South', 'East'],
    'A4': ['North', 'South', 'East'],
    'A5': ['North', 'South', 'East'],
    'A6': ['North', 'South', 'East'],
    'A7': ['North', 'South', 'East'],
    'A8': ['North', 'South', 'East'],
    'A9': ['North', 'South', 'East'],
    'A10': ['North', 'South', 'East'],
    'A11': ['North', 'South', 'East'],
    'A12': ['North', 'South', 'East'],
    'A13': ['North', 'South', 'East'],
    'A14': ['North', 'South', 'East'],
    'A15': ['North', 'South', 'East'],
    'A16': ['North', 'South', 'East']
})

print(get_client_region(client_df, district_df))
```",,1,"['client', 'district']",,"A2          Trutnov
A3     east Bohemia
A4           121947
A5               37
A6               28
A7                7
A8                3
A9               11
A10            70.5
A11            8541
",False,False,semantic,"A2          Trutnov
A3     east Bohemia
A4           121947
A5               37
A6               28
A7                7
A8                3
A9               11
A10            70.5
A11            8541
",[['east Bohemia']],False
162,What is the region of the client with the id 3541 from?,1,3,"```python
import pandas as pd

def get_client_region(client_df, district_df):
    # Merge the client and district DataFrames on district_id
    merged_df = pd.merge(client_df, district_df, on='district_id')
    
    # Select the row corresponding to the client with id 3541
    client_row = merged_df[merged_df['client_id'] == 3541]
    
    # If the row exists, return the region, otherwise return None
    if not client_row.empty:
        return client_row['A2'].iloc[0]
    else:
        return None

# Usage
client_df = pd.DataFrame({
    'client_id': [3541, 3542, 3543],
    'gender': ['M', 'F', 'M'],
    'birth_date': ['1990-01-01', '1991-01-01', '1992-01-01'],
    'district_id': [1, 2, 3]
})

district_df = pd.DataFrame({
    'district_id': [1, 2, 3],
    'A2': ['North', 'South', 'East']
})

print(get_client_region(client_df, district_df))
```",,1,"['client', 'district']",,Trutnov,False,False,semantic,Trutnov,[['east Bohemia']],False
162,What is the region of the client with the id 3541 from?,1,4,"```python
import pandas as pd

def get_client_region(client_df, district_df):
    # Merge the client and district DataFrames on district_id
    merged_df = pd.merge(client_df, district_df, on='district_id')
    
    # Create a new column 'region' which is A2
    merged_df['region'] = merged_df['A2']
    
    # Return the region of the client with id 3541
    return merged_df.loc[merged_df['client_id'] == 3541, 'region'].iloc[0]
```

You can use this function by calling it with your DataFrames:

```python
client_region = get_client_region(client_df, district_df)
print(client_region)
```",,1,"['client', 'district']",,Trutnov,False,False,semantic,Trutnov,[['east Bohemia']],False
163,Which district has the most accounts with loan contracts finished with no problems?,2,0,"```python
import pandas as pd

def most_successful_district(df_loan, df_account):
    # Merge loan and account data
    merged_df = pd.merge(df_loan, df_account, on='account_id')

    # Filter loans that were finished with no problems
    successful_loans = merged_df[merged_df['status'] == 'finished']

    # Group by district and count the number of successful loans
    district_counts = successful_loans.groupby('district_id')['status'].count().reset_index()

    # Rename the count column to a more meaningful name
    district_counts = district_counts.rename(columns={'status': 'successful_loans'})

    # Find the district with the most successful loans
    most_successful_district = district_counts.loc[district_counts['successful_loans'].idxmax()]

    return most_successful_district['district_id']
```",,1,"['account', 'district', 'loan']",call_error: attempt to get argmax of an empty sequence,,,,,,,
163,Which district has the most accounts with loan contracts finished with no problems?,2,1,"```python
import pandas as pd

def most_problem_free_district(df_loan, df_account):
    # Merge loan and account DataFrames
    merged_df = pd.merge(df_loan, df_account, on='account_id')
    
    # Filter accounts with finished loans and no problems
    finished_loans = merged_df[(merged_df['status'] == 'finished') & (merged_df['payments'] == 0)]
    
    # Group by district and count the number of accounts
    district_counts = finished_loans['district_id'].value_counts().rename('count')
    
    # Get the district with the most accounts
    most_problem_free_district = district_counts.idxmax()
    
    return most_problem_free_district
```",,1,"['account', 'district', 'loan']",call_error: attempt to get argmax of an empty sequence,,,,,,,
163,Which district has the most accounts with loan contracts finished with no problems?,2,2,"```python
import pandas as pd

def most_successful_district(df_loan, df_account, df_district):
    # Merge loan and account data
    loan_account = pd.merge(df_loan, df_account, on='account_id')
    
    # Filter for loans that are finished with no problems
    finished_loans = loan_account[(loan_account['status'] == 'finished') & (loan_account['payments'] == loan_account['duration'])]
    
    # Group by district and count the number of finished loans
    district_counts = finished_loans.groupby('district_id')['account_id'].count().reset_index()
    
    # Merge with district data to get district names
    most_successful = pd.merge(district_counts, df_district, on='district_id')
    
    # Get the district with the most finished loans
    most_successful = most_successful.loc[most_successful['account_id'].idxmax()]
    
    return most_successful['A2'].values[0]
```",,2,"['account', 'district', 'loan']",call_error: attempt to get argmax of an empty sequence,,,,,,,
163,Which district has the most accounts with loan contracts finished with no problems?,2,3,"```python
import pandas as pd

def most_successful_district(df_loan, df_account, df_district):
    # Merge loan and account DataFrames
    df_loan_account = pd.merge(df_loan, df_account, on='account_id')
    
    # Filter loans that are finished with no problems
    df_loan_account_finished = df_loan_account[df_loan_account['status'] == 'finished']
    
    # Group by district and count the number of finished loans
    df_district_finished_loans = df_loan_account_finished.groupby('district_id')['account_id'].count().reset_index()
    
    # Merge district DataFrame with finished loans count
    df_district_finished_loans = pd.merge(df_district, df_district_finished_loans, on='district_id')
    
    # Group by district and sum the number of finished loans
    df_district_total_finished_loans = df_district_finished_loans.groupby('district_id')['account_id'].sum().reset_index()
    
    # Find the district with the most finished loans
    most_successful_district = df_district_total_finished_loans.loc[df_district_total_finished_loans['account_id'].idxmax()]
    
    return most_successful_district['district_id'].values[0]
```",,2,"['account', 'district', 'loan']",call_error: attempt to get argmax of an empty sequence,,,,,,,
163,Which district has the most accounts with loan contracts finished with no problems?,2,4,"```python
import pandas as pd

def most_successful_district(df_loan, df_account, df_district):
    # Merge account and loan DataFrames
    merged_accounts_loans = pd.merge(df_account, df_loan, on='account_id')

    # Filter loans with no problems
    loans_no_problems = merged_accounts_loans[merged_accounts_loans['status'] == 'finished']

    # Group by district and count the number of loans with no problems
    district_loans_count = loans_no_problems.groupby('district_id').size().reset_index(name='loan_count')

    # Merge district DataFrame with the count DataFrame
    merged_districts_loans_count = pd.merge(df_district, district_loans_count, on='district_id')

    # Group by district and sum the number of loans with no problems
    district_loans_sum = merged_districts_loans_count.groupby('district_id')['loan_count'].sum().reset_index()

    # Find the district with the most loans with no problems
    most_successful_district = district_loans_sum.loc[district_loans_sum['loan_count'].idxmax()]

    return most_successful_district['district_id']
```

```python
# Example usage:
print(most_successful_district(df_loan, df_account, df_district))
```",,2,"['account', 'district', 'loan']",call_error: attempt to get argmax of an empty sequence,,,,,,,
164,Who placed the order with the id 32423?,3,0,"```python
import pandas as pd

def who_placed_order(order_df, account_df, client_df):
    # Merge account and client DataFrames
    merged_client = pd.merge(account_df, client_df, on='account_id')
    
    # Merge merged_client DataFrame with order DataFrame
    merged_order = pd.merge(order_df, merged_client, on='account_id')
    
    # Select the client_id that corresponds to the order_id 32423
    result = merged_order[merged_order['order_id'] == 32423][['client_id']]
    
    return result
```

You can call this function with your DataFrames like this:

```python
result = who_placed_order(order_df, account_df, client_df)
print(result)
```",,2,"['account', 'client', 'order']",call_error: 'account_id',,,,,,,
164,Who placed the order with the id 32423?,3,1,"```python
import pandas as pd

def find_order_placer(order_df, account_df, client_df):
    # Merge account and client data to get client information
    account_client_df = pd.merge(account_df, client_df, on='account_id')
    
    # Merge account-client data with order data to get order placer
    order_placer_df = pd.merge(order_df, account_client_df[['account_id']], on='account_id')
    
    # Select only the order placer's information
    order_placer_df = order_placer_df[['order_id', 'account_id', 'client_id']]
    
    # Filter the result to get the order placer with the id 32423
    result_df = order_placer_df[order_placer_df['order_id'] == 32423]
    
    return result_df
```",,2,"['account', 'client', 'order']",call_error: 'account_id',,,,,,,
164,Who placed the order with the id 32423?,3,2,"```python
import pandas as pd

def get_order_placer(order_df, account_df, client_df):
    order_placers = pd.merge(order_df, account_df, on='account_id')
    order_placers = pd.merge(order_placers, client_df, on='account_to')
    order_placers = order_placers[order_placers['order_id'] == 32423]
    return order_placers[['client_id', 'gender', 'birth_date', 'district_id']]
```",,2,"['account', 'client', 'district', 'order']",call_error: 'account_to',,,,,,,
164,Who placed the order with the id 32423?,3,3,"```python
import pandas as pd

def find_order_placer(order_df, account_df, disp_df, client_df):
    # Merge order and account to get account info
    order_account_df = pd.merge(order_df, account_df, on='account_id')
    
    # Merge account and disp to get client info
    order_account_disp_df = pd.merge(order_account_df, disp_df, on='account_id')
    
    # Merge disp and client to get client info
    order_account_disp_client_df = pd.merge(order_account_disp_df, client_df, on='client_id')
    
    # Select the client who placed the order with id 32423
    order_placer = order_account_disp_client_df[order_account_disp_client_df['order_id'] == 32423]
    
    return order_placer
```",,3,"['account', 'client', 'disp', 'order']",,"      order_id  account_id bank_to  ...  average_salary  birth_year        age
3383     32423        2058      IJ  ...        Ellipsis        1962  64.453232

[1 rows x 22 columns]",False,False,semantic,"      order_id  account_id bank_to  ...  gender  birth_date district_id_y
3383     32423        2058      IJ  ...       F  1962-04-06            34

[1 rows x 17 columns]",[[2497]],True
164,Who placed the order with the id 32423?,3,4,"```python
def find_order_placer(order_df, account_df, client_df):
    # Merge account and client DataFrames
    account_client_df = pd.merge(account_df, client_df, on='account_id')
    
    # Merge order and account DataFrames
    order_account_df = pd.merge(order_df, account_client_df[['account_id']], on='account_id')
    
    # Merge order and client DataFrames
    order_client_df = pd.merge(order_account_df, account_client_df[['client_id']], on='client_id')
    
    # Filter DataFrame for order with id 32423
    result_df = order_client_df[order_client_df['order_id'] == 32423]
    
    return result_df
```",,3,"['account', 'client', 'order']",call_error: 'account_id',,,,,,,
165,Please list all the transactions made by accounts from district 5.,2,0,"```python
import pandas as pd

def transactions_by_district(df_account, df_trans, district_id):
    # Filter accounts from district 5
    accounts_district_5 = df_account[df_account['district_id'] == district_id]
    
    # Filter transactions by account_id
    transactions_district_5 = df_trans[df_trans['account_id'].isin(accounts_district_5['account_id'])]
    
    return transactions_district_5
```

You can use this function like this:

```python
transactions = transactions_by_district(df_account, df_trans, 5)
print(transactions)
```

This will print all the transactions made by accounts from district 5.",,0,"['account', 'district', 'trans']","call_error: Operands are not aligned. Do `left, right = left.align(right, axis=1)` before operating.",,,,,,,
165,Please list all the transactions made by accounts from district 5.,2,1,"```python
import pandas as pd

def transactions_by_district(df_district, df_account, df_trans):
    # Filter accounts from district 5
    district_5_accounts = df_account[df_account['district_id'] == 5]
    
    # Filter transactions from accounts in district 5
    district_5_transactions = df_trans[df_trans['account_id'].isin(district_5_accounts['account_id'])]
    
    return district_5_transactions
```

You can use this function as follows:

```python
transactions = transactions_by_district(df_district, df_account, df_trans)
print(transactions)
```",,0,"['account', 'district', 'trans']",,"         trans_id  account_id        date  ... k_symbol bank  account
602           837           3  1997-07-07  ...      NaN  NaN      NaN
603           844           3  1997-07-11  ...      NaN  NaN",True,False,,,,
165,Please list all the transactions made by accounts from district 5.,2,2,"```python
import pandas as pd

def transactions_by_district(df_account, df_trans, district_id):
    account_ids = df_account.loc[df_account['district_id'] == district_id, 'account_id']
    transactions = df_trans[df_trans['account_id'].isin(account_ids)]
    return transactions

# Usage
transactions_district_5 = transactions_by_district(df_account, df_trans, 5)
print(transactions_district_5)
```",,0,"['account', 'district', 'trans']","call_error: Operands are not aligned. Do `left, right = left.align(right, axis=1)` before operating.",,,,,,,
165,Please list all the transactions made by accounts from district 5.,2,3,"```python
import pandas as pd

def list_transactions_by_district(df_account, df_district, df_trans):
    # Filter accounts from district 5
    accounts_district_5 = df_account[df_account['district_id'] == 5]
    
    # Merge accounts with transactions
    merged = pd.merge(accounts_district_5, df_trans, on='account_id')
    
    # Group by account and sum transactions
    transactions_district_5 = merged.groupby('account_id')['trans_id'].count().reset_index()
    
    return transactions_district_5
```",,1,"['account', 'district', 'trans']",,"    account_id  trans_id
0            3       117
1           32       180
2          126       335
3          187       322
4          228       406
..         ...       ...
60        7184       370
",True,False,,,,
165,Please list all the transactions made by accounts from district 5.,2,4,"```python
import pandas as pd

def transactions_by_district(df_district, df_account, df_trans):
    # Merge district and account dataframes
    merged_district_account = pd.merge(df_account, df_district, on='district_id')
    
    # Filter accounts from district 5
    district_5_accounts = merged_district_account[merged_district_account['district_id'] == 5]
    
    # Merge account and transaction dataframes
    merged_account_trans = pd.merge(district_5_accounts, df_trans, on='account_id')
    
    return merged_account_trans
```",,2,"['account', 'district', 'trans']",,"       account_id  district_id         frequency  ... k_symbol bank  account
0               3            5  POPLATEK MESICNE  ...      NaN  NaN      NaN
1               3            5  POPLATEK MESIC",False,False,semantic,"       account_id  district_id         frequency  ... k_symbol bank account
0               3            5  POPLATEK MESICNE  ...      NaN  NaN     NaN
1               3            5  POPLATEK MESICNE","[[837], [844], [845], [846], [847]]",False
166,How many of the accounts are from Jesenik district?,1,0,"```python
import pandas as pd

def count_accounts_from_jesenik(df_account, df_district):
    jesenik_district_id = df_district.loc[df_district['A2'] == 'Jesenik', 'district_id'].iloc[0]
    count = (df_account['district_id'] == jesenik_district_id).sum()
    return count

# Assuming the DataFrames are already loaded
count = count_accounts_from_jesenik(df_account, df_district)
print(count)
```",,0,"['account', 'district']",,48,True,False,,,,
166,How many of the accounts are from Jesenik district?,1,1,"```python
import pandas as pd

def count_accounts_from_jesenik(df_account, df_district):
    jesenik_district_id = df_district.loc[df_district['A2'] == 'Jesenik', 'district_id'].values[0]
    return df_account[df_account['district_id'] == jesenik_district_id].shape[0]

# Assuming df_account and df_district are already loaded DataFrames
accounts_from_jesenik = count_accounts_from_jesenik(df_account, df_district)
print(accounts_from_jesenik)
```",,0,"['account', 'district']",,48,True,False,,,,
166,How many of the accounts are from Jesenik district?,1,2,"```python
import pandas as pd

def count_accounts_from_jesenik(df_account, df_district):
    jesenik_district_id = df_district.loc[df_district['A2'] == 'Jesenik', 'district_id'].iloc[0]
    count = (df_account['district_id'] == jesenik_district_id).sum()
    return count
```",,0,"['account', 'district']",,48,True,False,,,,
166,How many of the accounts are from Jesenik district?,1,3,"```python
import pandas as pd

def count_accounts_from_jesenik(df_account, df_district):
    jesenik_id = df_district.loc[df_district['A2'] == 'Jesenik', 'district_id'].iloc[0]
    return (df_account['district_id'] == jesenik_id).sum()
```",,0,"['account', 'district']",,48,True,False,,,,
166,How many of the accounts are from Jesenik district?,1,4,"```python
import pandas as pd

def count_accounts_from_jesenik(df_account, df_district):
    jesenik_district_id = df_district.loc[df_district['A2'] == 'Jesenik']['district_id'].iloc[0]
    accounts_from_jesenik = df_account[df_account['district_id'] == jesenik_district_id].shape[0]
    return accounts_from_jesenik
```

```python
# Example usage
accounts_from_jesenik = count_accounts_from_jesenik(df_account, df_district)
print(accounts_from_jesenik)
```",,0,"['account', 'district']",,48,True,False,,,,
167,List all the clients' IDs whose junior credit cards were issued after 1996.,1,0,"```python
import pandas as pd

def junior_cards_after_1996(card_df, disp_df):
    # Filter junior cards issued after 1996
    junior_cards = card_df[(card_df['type'] == 'junior') & (card_df['issued'] > 1996)]
    
    # Merge with disp table to get client IDs
    client_ids = pd.merge(junior_cards, disp_df, on='disp_id')['client_id'].unique()
    
    return client_ids
```

```python
# Example usage:
card_df = pd.DataFrame({
    'card_id': [1, 2, 3],
    'disp_id': [101, 102, 103],
    'type': ['junior', 'senior', 'junior'],
    'issued': [1995, 1997, 1998]
})

disp_df = pd.DataFrame({
    'disp_id': [101, 102, 103],
    'client_id': [1, 2, 3],
    'account_id': [100, 200, 300]
})

result = junior_cards_after_1996(card_df, disp_df)
print(result)
```",,1,"['card', 'client', 'disp']",call_error: Invalid comparison between dtype=datetime64[us] and int,,,,,,,
167,List all the clients' IDs whose junior credit cards were issued after 1996.,1,1,"```python
import pandas as pd

def get_junior_client_ids_after_1996(card, disp):
    # Filter the card DataFrame to get junior cards
    junior_cards = card[(card['type'] == 'junior')]
    
    # Filter the disp DataFrame to get clients with these cards
    client_cards = pd.merge(junior_cards, disp, on='disp_id')
    
    # Filter to get clients with cards issued after 1996
    clients_after_1996 = client_cards[junior_cards['issued'] > 1996][['client_id']]
    
    return clients_after_1996
```",,1,"['card', 'client', 'disp']",call_error: Invalid comparison between dtype=datetime64[us] and int,,,,,,,
167,List all the clients' IDs whose junior credit cards were issued after 1996.,1,2,"```python
import pandas as pd

def junior_credit_cards_after_1996(card_df, disp_df):
    # Filter the cards DataFrame for junior credit cards
    junior_cards = card_df[(card_df['type'] == 'junior')]

    # Merge the filtered cards DataFrame with the disp DataFrame
    merged_df = pd.merge(junior_cards, disp_df, on='disp_id')

    # Filter the merged DataFrame for cards issued after 1996
    result_df = merged_df[(junior_cards['issued'] > 1996) & (merged_df['issued'] > 1996)]

    # Return the unique client IDs
    return result_df['client_id'].unique()
```",,1,"['card', 'client', 'disp']",call_error: Invalid comparison between dtype=datetime64[us] and int,,,,,,,
167,List all the clients' IDs whose junior credit cards were issued after 1996.,1,3,"```python
import pandas as pd

def junior_cards_after_96(card_df, disp_df):
    # Filter the card DataFrame for junior cards issued after 1996
    junior_cards = card_df[(card_df['type'] == 'junior') & (card_df['issued'] > 1996)]
    
    # Get the disp_id of these cards
    disp_ids = junior_cards['disp_id'].unique()
    
    # Filter the disp DataFrame for these disp_ids
    filtered_disp = disp_df[disp_df['disp_id'].isin(disp_ids)]
    
    # Return the client IDs of these filtered disp records
    return filtered_disp['client_id'].unique()
```

You can use this function like this:

```python
card_df = pd.DataFrame({
    'card_id': [1, 2, 3],
    'disp_id': [101, 102, 103],
    'type': ['junior', 'senior', 'junior'],
    'issued': [1995, 1997, 1998]
})

disp_df = pd.DataFrame({
    'disp_id': [101, 102, 103],
    'client_id': [1, 2, 3]
})

result = junior_cards_after_96(card_df, disp_df)
print(result)
```",,0,"['card', 'client', 'disp']",call_error: Invalid comparison between dtype=datetime64[us] and int,,,,,,,
167,List all the clients' IDs whose junior credit cards were issued after 1996.,1,4,"```python
import pandas as pd

def get_junior_card_clients_after_1996(card_df, disp_df):
    # Filter junior credit cards issued after 1996
    junior_cards_after_96 = card_df[(card_df['type'] == 'Junior') & (card_df['issued'] > 1996)]

    # Get disp_id from junior cards issued after 1996
    disp_ids = junior_cards_after_96['disp_id'].unique()

    # Filter clients with these disp_ids
    clients_df = disp_df[disp_df['disp_id'].isin(disp_ids)]

    # Return client IDs
    return clients_df['client_id'].unique()
```",,0,"['card', 'client', 'disp']",call_error: Invalid comparison between dtype=datetime64[us] and int,,,,,,,
168,What percentage of clients who opened their accounts in the district with an average salary of over 10000 are women?,1,0,"```python
import pandas as pd

def compute_feature(df_client, df_district):
    # Filter district with average salary over 10000
    avg_salary_district = df_district.groupby('district_id')['A9'].mean().reset_index()
    high_salary_districts = avg_salary_district[avg_salary_district['A9'] > 10000].district_id
    
    # Filter clients who opened their accounts in these districts
    clients_in_high_salary_districts = df_client[df_client['district_id'].isin(high_salary_districts)]
    
    # Compute percentage of women
    total_clients = df_client.shape[0]
    women_in_high_salary_districts = clients_in_high_salary_districts[clients_in_high_salary_districts['gender'] == 'F'].shape[0]
    
    return (women_in_high_salary_districts / total_clients) * 100

# Usage
feature_value = compute_feature(df_client, df_district)
print(feature_value)
```",,0,"['account', 'client', 'district']",,0.0,True,False,,,,
168,What percentage of clients who opened their accounts in the district with an average salary of over 10000 are women?,1,1,"```python
import pandas as pd

def percentage_women_high_salary(df_client, df_district):
    # Merge the client and district DataFrames
    merged_df = pd.merge(df_client, df_district, on='district_id')

    # Calculate the average salary for each district
    merged_df['avg_salary'] = merged_df[['A2', 'A3', 'A4', 'A5', 'A6', 'A7', 'A8', 'A9', 'A10', 'A11', 'A12', 'A13', 'A14', 'A15', 'A16']].mean(axis=1)

    # Filter clients who opened their accounts in districts with an average salary over 10000
    filtered_df = merged_df[merged_df['avg_salary'] > 10000]

    # Calculate the percentage of women
    percentage_women = (filtered_df['gender'] == 'F').mean() * 100

    return percentage_women
```

```python
# Example usage
percentage_women = percentage_women_high_salary(df_client, df_district)
print(f'Percentage of women who opened their accounts in districts with an average salary over 10000: {percentage_women:.2f}%')
```",,1,"['account', 'client', 'district']","call_error: can only concatenate str (not ""int"") to str",,,,,,,
168,What percentage of clients who opened their accounts in the district with an average salary of over 10000 are women?,1,2,"```python
import pandas as pd

def percentage_women_with_high_salary(df_district, df_client):
    # Filter district with average salary over 10000
    high_salary_district = df_district[df_district['A10'] > 10000]
    
    # Merge client and district data
    merged_df = pd.merge(df_client, high_salary_district[['district_id']], on='district_id')
    
    # Filter clients who opened their accounts in the high salary district
    clients_in_high_salary_district = merged_df[merged_df['district_id'] == high_salary_district['district_id'].iloc[0]]
    
    # Calculate percentage of women
    percentage_women = (clients_in_high_salary_district[clients_in_high_salary_district['gender'] == 'F'].shape[0] / 
                        clients_in_high_salary_district.shape[0]) * 100
    
    return percentage_women
```

```python
# Example usage
print(percentage_women_with_high_salary(df_district, df_client))
```",,1,"['account', 'client', 'district']",call_error: single positional indexer is out-of-bounds,,,,,,,
168,What percentage of clients who opened their accounts in the district with an average salary of over 10000 are women?,1,3,"```python
import pandas as pd

def compute_feature(df_district, df_client):
    # Filter district with average salary over 10000
    filtered_district = df_district[df_district['A15'] > 10000]
    
    # Merge client and filtered district data
    merged_data = pd.merge(df_client, filtered_district[['district_id']], on='district_id')
    
    # Group by gender and calculate percentage of women
    result = merged_data.groupby('gender')['district_id'].count().apply(lambda x: (x / len(filtered_district)) * 100)
    
    # Return percentage of women
    return result['F'] if 'F' in result else 0
```

```python
# Example usage
district_data = pd.DataFrame({
    'district_id': [1, 2, 3],
    'A15': [10000, 15000, 12000]
})

client_data = pd.DataFrame({
    'client_id': [1, 2, 3],
    'gender': ['M', 'F', 'M'],
    'district_id': [1, 2, 3]
})

print(compute_feature(district_data, client_data))
```",,1,"['client', 'district']",,16100.0,False,False,semantic,16100.0,[[49.609984399375975]],False
168,What percentage of clients who opened their accounts in the district with an average salary of over 10000 are women?,1,4,"```python
import pandas as pd

def compute_feature(df_client, df_district):
    # Merge client and district tables based on district_id
    merged_df = pd.merge(df_client, df_district, on='district_id')
    
    # Calculate average salary for each district
    merged_df['avg_salary'] = merged_df[['A2', 'A3', 'A4', 'A5', 'A6', 'A7', 'A8', 'A9', 'A10', 'A11', 'A12', 'A13', 'A14', 'A15', 'A16']].mean(axis=1)
    
    # Filter clients who opened their accounts in districts with average salary over 10000
    filtered_df = merged_df[merged_df['avg_salary'] > 10000]
    
    # Calculate percentage of women in filtered clients
    percentage_women = (filtered_df[filtered_df['gender'] == 'F'].shape[0] / filtered_df.shape[0]) * 100
    
    return percentage_women
```",,1,"['account', 'client', 'district']","call_error: can only concatenate str (not ""int"") to str",,,,,,,
169,What was the growth rate of the total amount of loans across all accounts for a male client between 1996 and 1997?,3,0,"```python
import pandas as pd

def compute_loan_growth(df_loan, df_account, df_client):
    # Filter male clients born between 1960 and 1997
    male_clients = df_client[(df_client['gender'] == 'male') & (df_client['birth_date'] >= '1960-01-01') & (df_client['birth_date'] <= '1997-12-31')]
    
    # Merge client information into account DataFrame
    account_info = pd.merge(df_account, male_clients[['client_id']], on='client_id')
    
    # Merge account information into loan DataFrame
    loan_info = pd.merge(df_loan, account_info[['account_id']], on='account_id')
    
    # Group by client and calculate total amount of loans
    total_amounts = loan_info.groupby('client_id')['amount'].sum().reset_index()
    
    # Merge total amounts into client DataFrame
    client_info = pd.merge(male_clients, total_amounts, on='client_id')
    
    # Calculate growth rate of total amount of loans across all accounts
    client_info['growth_rate'] = ((client_info['amount'] - client_info['amount'].shift(1)) / client_info['amount'].shift(1)).fillna(0)
    
    # Filter for clients with at least two years of data
    growth_rates = client_info[(client_info['birth_date'] <= '1995-12-31') & (client_info['birth_date'] >= '1955-01-01')]
    
    return growth_rates
```",,3,"['account', 'client', 'loan']",call_error: 'client_id',,,,,,,
169,What was the growth rate of the total amount of loans across all accounts for a male client between 1996 and 1997?,3,1,"```python
import pandas as pd

def growth_rate_male_clients(df_loan, df_account, df_client):
    # Filter male clients born between 1996 and 1997
    male_clients = df_client[(df_client['gender'] == 'M') & 
                              (df_client['birth_date'].apply(lambda x: int(x[-2:]) >= 96) & 
                               df_client['birth_date'].apply(lambda x: int(x[-2:]) <= 97))]
    
    # Merge loan and account DataFrames
    merged_loans = pd.merge(df_loan, df_account, on='account_id')
    
    # Filter loans of male clients
    male_loans = merged_loans[merged_loans['client_id'].isin(male_clients['client_id'])]
    
    # Group by year and calculate total amount
    total_amount = male_loans.groupby('date')['amount'].sum().reset_index()
    
    # Calculate growth rate
    growth_rate = total_amount.groupby('date')['amount'].pct_change().fillna(0).reset_index()
    
    return growth_rate
```

```python
# Example usage:
growth_rate = growth_rate_male_clients(df_loan, df_account, df_client)
print(growth_rate)
```

This code assumes that the DataFrames are already loaded with the required data and are named `df_loan`, `df_account`, and `df_client`. The function `growth_rate_male_clients` computes the growth rate of the total amount of loans across all accounts for a male client between 1996 and 1997. The growth rate is calculated as the percentage change in the total amount from one year to the next. The function returns a DataFrame with the growth rate for each year.",,1,"['account', 'client', 'loan']",call_error: 'client_id',,,,,,,
169,What was the growth rate of the total amount of loans across all accounts for a male client between 1996 and 1997?,3,2,"```python
import pandas as pd

def growth_rate_of_total_loans_for_male_clients(df_loan, df_account, df_client):
    # Filter clients who are male
    male_clients = df_client[df_client['gender'] == 'male']
    
    # Merge loan and account tables
    loan_account = pd.merge(df_loan, df_account, on='account_id')
    
    # Filter loans for male clients
    loans_for_male_clients = loan_account[loan_account['client_id'].isin(male_clients['client_id'])]
    
    # Group loans by year and calculate total amount
    total_amount_by_year = loans_for_male_clients.groupby('date')['amount'].sum().reset_index()
    
    # Rename date column to year
    total_amount_by_year.rename(columns={'date': 'year'}, inplace=True)
    
    # Calculate growth rate
    total_amount_by_year['growth_rate'] = total_amount_by_year['amount'].pct_change()
    
    # Filter years between 1996 and 1997
    growth_rate_1996_1997 = total_amount_by_year[(total_amount_by_year['year'] >= 1996) & (total_amount_by_year['year'] <= 1997)]
    
    # Return the result
    return growth_rate_1996_1997
```

This function assumes that the DataFrames are already loaded with the same names as above. It filters the male clients, merges the loan and account tables, filters the loans for male clients, calculates the total amount by year, calculates the growth rate, filters the years between 1996 and 1997, and returns the result.",,1,"['account', 'client', 'loan']",call_error: 'client_id',,,,,,,
169,What was the growth rate of the total amount of loans across all accounts for a male client between 1996 and 1997?,3,3,"```python
import pandas as pd

def loan_amount_growth_rate(df_loan, df_account, df_client):
    # Filter the data for male clients born between 1996 and 1997
    male_clients = df_client[(df_client['gender'] == 'M') & (df_client['birth_date'].dt.year >= 1996) & (df_client['birth_date'].dt.year <= 1997)]
    
    # Merge the dataframes to get the account ids of the male clients
    accounts = pd.merge(df_account, male_clients[['client_id']], on='client_id')
    
    # Group the data by account id and calculate the total amount of loans
    total_amount = df_loan.groupby('account_id')[['amount']].sum().reset_index()
    
    # Merge the dataframes to get the total amount of loans for each account
    total_amount_accounts = pd.merge(accounts, total_amount, on='account_id')
    
    # Group the data by account id and calculate the growth rate of the total amount of loans
    growth_rate = total_amount_accounts.groupby('account_id')[['amount']].pct_change().reset_index()
    
    # Rename the columns
    growth_rate.columns = ['account_id', 'growth_rate']
    
    return growth_rate
```

```python
# Assuming the DataFrames are loaded
loan = pd.read_csv('loan.csv')
account = pd.read_csv('account.csv')
client = pd.read_csv('client.csv')

# Call the function
growth_rate = loan_amount_growth_rate(loan, account, client)
print(growth_rate)
```",,2,"['account', 'client', 'loan']",call_error: Can only use .dt accessor with datetimelike values,,,,,,,
169,What was the growth rate of the total amount of loans across all accounts for a male client between 1996 and 1997?,3,4,"```python
import pandas as pd

def growth_rate_male_client(df_loan, df_account, df_client):
    # Filter male clients born between 1996 and 1997
    male_clients = df_client[(df_client['birth_date'].dt.year >= 1996) & 
                              (df_client['birth_date'].dt.year <= 1997) & 
                              (df_client['gender'] == 'male')]

    # Merge male clients with accounts
    male_accounts = pd.merge(male_clients, df_account, on='client_id')

    # Filter accounts with existing loans
    loans = pd.merge(df_loan, df_account, on='account_id')

    # Group by client ID and calculate total amount of loans
    total_loans = loans.groupby('account_id')['amount'].sum().reset_index()

    # Merge total loans with male accounts
    total_loans_male = pd.merge(male_accounts, total_loans, on='account_id')

    # Group by client ID and calculate average total amount of loans
    avg_total_loans = total_loans_male.groupby('client_id')['amount'].mean().reset_index()

    # Merge average total loans with male clients
    avg_total_loans_male = pd.merge(male_clients, avg_total_loans, on='client_id')

    # Calculate growth rate of total amount of loans
    growth_rate = (avg_total_loans_male['amount'] - avg_total_loans_male['amount'].shift(1)) / \
                   avg_total_loans_male['amount'].shift(1)

    # Fill NaN values
    growth_rate = growth_rate.fillna(0)

    return growth_rate
```",,4,"['account', 'client', 'loan']",call_error: Can only use .dt accessor with datetimelike values,,,,,,,
170,How many credit card withdrawals were recorded after 1995?,0,0,"```python
import pandas as pd

def credit_card_withdrawals_after_95(df):
    mask = (df['date'].apply(lambda x: int(x[:4]) > 1995) &
            (df['k_symbol'] == 'Credit Card') &
            (df['operation'] == 'Withdrawal'))
    return df[mask].shape[0]
```

```python
# Example usage
credit_card_withdrawals = credit_card_withdrawals_after_95(trans)
print(credit_card_withdrawals)
```",,0,['card'],call_error: 'date',,,,,,,
170,How many credit card withdrawals were recorded after 1995?,0,1,"```python
import pandas as pd

def credit_card_withdrawals_after_1995(trans_df):
    # Filter transactions after 1995
    filtered_df = trans_df[trans_df['date'].apply(lambda x: int(x[:4]) > 1995)]
    
    # Filter by operation (assuming 'withdrawal' or 'withdraw' is a withdrawal)
    withdrawal_df = filtered_df[filtered_df['operation'].isin(['withdrawal', 'withdraw'])]
    
    # Count the number of credit card withdrawals
    result = withdrawal_df[withdrawal_df['k_symbol'].isin(['Credit Card'])].shape[0]
    
    return result
```

You can use this function like this:

```python
trans_df = pd.DataFrame({
    'trans_id': [1, 2, 3],
    'account_id': [101, 102, 103],
    'date': ['1996-01-01', '1994-01-01', '1997-01-01'],
    'type': ['withdrawal', 'deposit', 'withdrawal'],
    'operation': ['withdraw', 'deposit', 'withdraw'],
    'amount': [100, 200, 300],
    'balance': [100, 200, 300],
    'k_symbol': ['Credit Card', 'Cash', 'Credit Card'],
    'bank': ['Bank A', 'Bank B', 'Bank A'],
    'account': ['Account 1', 'Account 2', 'Account 3']
})

print(credit_card_withdrawals_after_1995(trans_df))
```",,0,"['card', 'trans']",,0,False,False,semantic,0,[[7652]],False
170,How many credit card withdrawals were recorded after 1995?,0,2,"```python
import pandas as pd

def credit_card_withdrawals_after_1995(trans_df):
    # Filter transactions after 1995
    post_1995_transactions = trans_df[trans_df['date'] > '1995']

    # Filter credit card transactions
    credit_card_transactions = post_1995_transactions[post_1995_transactions['k_symbol'] == 'Credit Card']

    # Count withdrawals
    withdrawals_count = credit_card_transactions[credit_card_transactions['operation'] == 'Withdrawal'].shape[0]

    return withdrawals_count
```",,0,"['card', 'trans']",,0,False,False,semantic,0,[[7652]],False
170,How many credit card withdrawals were recorded after 1995?,0,3,"```python
import pandas as pd

def credit_card_withdrawals_after_1995(trans_df):
    # Filter transactions after 1995
    filtered_df = trans_df[trans_df['date'] > '1995']
    
    # Filter credit card withdrawals
    credit_card_withdrawals = filtered_df[(filtered_df['type'] == 'withdrawal') & 
                                          (filtered_df['k_symbol'] == 'credit card')]
    
    # Return the count of credit card withdrawals
    return credit_card_withdrawals.shape[0]
```",,0,"['card', 'trans']",,0,False,False,semantic,0,[[7652]],False
170,How many credit card withdrawals were recorded after 1995?,0,4,"```python
import pandas as pd

def credit_card_withdrawals_after_1995(trans_df):
    trans_df['date'] = pd.to_datetime(trans_df['date'])
    credit_card_trans = trans_df[(trans_df['type'] == 'withdrawal') & 
                                (trans_df['k_symbol'] == 'Credit card') & 
                                (trans_df['date'].dt.year > 1995)]
    
    return credit_card_trans.shape[0]
```",,0,"['card', 'trans']",,0,False,False,semantic,0,[[7652]],False
171,What was the difference in the number of crimes committed in East and North Bohemia in 1996?,0,0,"```python
import pandas as pd

def compute_crime_difference(df):
    east_bohemia_mask = (df['A2'] == 'East Bohemia') & (df['A3'] == '1996')
    north_bohemia_mask = (df['A2'] == 'North Bohemia') & (df['A3'] == '1996')
    
    east_crimes = (df[east_bohemia_mask]['A15']).sum()
    north_crimes = (df[north_bohemia_mask]['A15']).sum()
    
    difference = east_crimes - north_crimes
    
    return difference

# Assuming df is the 'district' DataFrame
crime_difference = compute_crime_difference(df)
print(crime_difference)
```",,0,['district'],call_error: 'A3',,,,,,,
171,What was the difference in the number of crimes committed in East and North Bohemia in 1996?,0,1,"```python
import pandas as pd

def crime_difference(df):
    east_bohemia = df[(df['A2'] == 'East Bohemia') & (df['A3'] == '1996')]
    north_bohemia = df[(df['A2'] == 'North Bohemia') & (df['A3'] == '1996')]
    
    east_crimes = east_bohemia['A14'].sum()
    north_crimes = north_bohemia['A14'].sum()
    
    difference = east_crimes - north_crimes
    
    return difference

crime_difference(df)
```

This code assumes that the 'A14' column contains the number of crimes committed in each district. The function filters the data for East and North Bohemia in 1996, sums the number of crimes in each region, and returns the difference between the two sums.",,0,[],call_error: 'A3',,,,,,,
171,What was the difference in the number of crimes committed in East and North Bohemia in 1996?,0,2,"```python
import pandas as pd

def compute_crime_difference(df):
    east_bohemia = df[df['A6'] == 'East Bohemia']
    north_bohemia = df[df['A6'] == 'North Bohemia']

    east_crimes = east_bohemia['A15'].sum()
    north_crimes = north_bohemia['A15'].sum()

    difference = east_crimes - north_crimes
    return difference
```

```python
import pandas as pd

def compute_crime_difference(df):
    east_bohemia = df[df['A6'] == 'East Bohemia']
    north_bohemia = df[df['A6'] == 'North Bohemia']

    east_crimes = east_bohemia['A15'].sum()
    north_crimes = north_bohemia['A15'].sum()

    difference = east_crimes - north_crimes
    return difference

# Assuming df is the loaded DataFrame
result = compute_crime_difference(df)
print(result)
```",,0,[],call_error: 'A6',,,,,,,
171,What was the difference in the number of crimes committed in East and North Bohemia in 1996?,0,3,"```python
import pandas as pd

def crime_difference(df):
    # Filter data for East and North Bohemia
    east_bohemia = df[df['A2'] == 'East Bohemia']
    north_bohemia = df[df['A2'] == 'North Bohemia']

    # Filter data for 1996
    east_bohemia_1996 = east_bohemia[east_bohemia['A16'] == 1996]
    north_bohemia_1996 = north_bohemia[north_bohemia['A16'] == 1996]

    # Compute difference in number of crimes
    difference = (east_bohemia_1996['A15'].sum() - north_bohemia_1996['A15'].sum())

    return difference

crime_diff = crime_difference(df)
print(crime_diff)
```",,0,[],call_error: 'A16',,,,,,,
171,What was the difference in the number of crimes committed in East and North Bohemia in 1996?,0,4,"```python
import pandas as pd

def compute_crime_difference(df):
    # Filter the data for East and North Bohemia
    east_bohemia = df[df['A2'] == 'East Bohemia']
    north_bohemia = df[df['A2'] == 'North Bohemia']

    # Filter the data for 1996
    east_bohemia_1996 = east_bohemia[east_bohemia['A3'] == '1996']
    north_bohemia_1996 = north_bohemia[north_bohemia['A3'] == '1996']

    # Extract the number of crimes from the filtered data
    east_crimes = east_bohemia_1996[['A4']]
    north_crimes = north_bohemia_1996[['A4']]

    # Compute the difference in the number of crimes
    difference = (north_crimes['A4'] - east_crimes['A4']).sum()

    return difference
```

```python
# Example usage
crime_difference = compute_crime_difference(df)
print(crime_difference)
```",,0,[],call_error: 'A3',,,,,,,
172,How many owner and disponent dispositions are there from account number 1 to account number 10?,0,0,"```python
import pandas as pd

def count_dispositions(df):
    owner_dispositions = (df[(df['type'] == 'owner') | (df['type'] == 'disponent')]
                          [['disp_id', 'type']][df['account_id'].isin(range(1, 11))])

    return owner_dispositions.shape[0]

# example usage:
disp_df = pd.DataFrame({
    'disp_id': [1, 2, 3, 4, 5],
    'client_id': [1, 2, 3, 4, 5],
    'account_id': [1, 2, 3, 4, 5],
    'type': ['owner', 'disponent', 'owner', 'disponent', 'disponent']
})

print(count_dispositions(disp_df))
```

```python
import pandas as pd

def count_dispositions(df):
    owner_dispositions = (df[df['type'].isin(['owner', 'disponent'])]
                          [['disp_id', 'type']][df['account_id'].isin(range(1, 11))])

    return owner_dispositions.shape[0]

# example usage:
disp_df = pd.DataFrame({
    'disp_id': [1, 2, 3, 4, 5],
    'client_id': [1, 2, 3, 4, 5],
    'account_id': [1, 2, 3, 4, 5],
    'type': ['owner', 'disponent', 'owner', 'disponent', 'disponent']
})

print(count_dispositions(disp_df))
```",,0,"['account', 'client', 'disp']",call_error: 'type',,,,,,,
172,How many owner and disponent dispositions are there from account number 1 to account number 10?,0,1,"```python
import pandas as pd

def count_dispositions(df):
    # Filter the dataframe for account numbers 1 to 10
    filtered_df = df[df['account_id'].isin(range(1, 11))]
    
    # Group by type and count the number of dispositions
    disposition_counts = filtered_df.groupby('type')['disp_id'].count().reset_index()
    
    return disposition_counts
```",,0,"['account', 'disp']",call_error: 'type',,,,,,,
172,How many owner and disponent dispositions are there from account number 1 to account number 10?,0,2,"```python
import pandas as pd

def count_dispositions(df):
    # Filter dispositions by account_id
    filtered_disps = df[df['account_id'].isin([1, 2, 3, 4, 5, 6, 7, 8, 9, 10])]
    
    # Group by type and count
    disposition_counts = filtered_disps.groupby('type')['disp_id'].nunique().reset_index()
    
    # Rename columns
    disposition_counts.columns = ['type', 'count']
    
    return disposition_counts
```

You can use this function like this:

```python
disp = pd.DataFrame({
    'disp_id': [1, 2, 3, 4, 5],
    'client_id': [101, 102, 103, 104, 105],
    'account_id': [1, 2, 3, 4, 5],
    'type': ['owner', 'disponent', 'owner', 'disponent', 'owner']
})

print(count_dispositions(disp))
```

This will output:

```
   type  count
0  owner      3
1  disponent  2
```",,0,"['account', 'disp']",call_error: 'type',,,,,,,
172,How many owner and disponent dispositions are there from account number 1 to account number 10?,0,3,"```python
import pandas as pd

def count_dispositions(df):
    owner_count = df[(df['type'] == 'owner') & (df['account_id'].between(1, 10))].shape[0]
    disponent_count = df[(df['type'] == 'disponent') & (df['account_id'].between(1, 10))].shape[0]
    
    return owner_count, disponent_count

owner_count, disponent_count = count_dispositions(disp)
print(f'Owner dispositions: {owner_count}')
print(f'Disponent dispositions: {disponent_count}')
```

```python
import pandas as pd

def count_dispositions(df):
    owner_count = df[(df['type'] == 'owner') & (df['account_id'].between(1, 10))].shape[0]
    disponent_count = df[(df['type'] == 'disponent') & (df['account_id'].between(1, 10))].shape[0]
    
    return pd.DataFrame({'Owner Dispositions': [owner_count], 'Disponent Dispositions': [disponent_count]})

result = count_dispositions(disp)
print(result)
```",,0,"['account', 'disp']",call_error: 'type',,,,,,,
172,How many owner and disponent dispositions are there from account number 1 to account number 10?,0,4,"```python
import pandas as pd

def count_dispositions(df):
    # Filter the dataframe for account numbers 1 to 10
    filtered_df = df[df['account_id'].isin(range(1, 11))]
    
    # Group by type and count the number of dispositions
    disposition_counts = filtered_df.groupby('type')['disp_id'].count().reset_index()
    
    # Rename the columns for clarity
    disposition_counts.columns = ['type', 'count']
    
    return disposition_counts
```

You can use this function like this:

```python
disp_df = pd.DataFrame({
    'disp_id': [1, 2, 3, 4, 5],
    'client_id': [101, 102, 103, 104, 105],
    'account_id': [1, 2, 3, 4, 5],
    'type': ['owner', 'disponent', 'owner', 'disponent', 'disponent']
})

account_ids = range(1, 6)  # For demonstration purposes
result = count_dispositions(pd.DataFrame({
    'disp_id': [1, 2, 3, 4, 5],
    'client_id': [101, 102, 103, 104, 105],
    'account_id': account_ids,
    'type': ['owner', 'disponent', 'owner', 'disponent', 'disponent']
}))

print(result)
```",,0,"['account', 'disp']",call_error: 'type',,,,,,,
173,How often does account number 3 request an account statement to be released? What was the aim of debiting 3539 in total?,1,0,"```python
import pandas as pd

def compute_feature(df_account, df_order):
    # Filter orders where account number 3 is debited
    debits = df_order[df_order['account_id'] == 3]

    # Calculate total amount debited
    total_debit = debits['amount'].sum()

    # Filter accounts where account number 3 requests a statement
    statements = df_account[df_account['account_id'] == 3]

    # Calculate frequency of statement requests
    statement_frequency = statements['frequency'].value_counts(normalize=True)

    return pd.DataFrame({'total_debit': [total_debit], 'statement_frequency': statement_frequency})
```

```python
# Example usage
feature = compute_feature(df_account, df_order)
print(feature)
```

This code defines a function `compute_feature` that takes the `df_account` and `df_order` DataFrames as input and returns a new DataFrame with the computed feature. The feature is a dictionary with two keys: `total_debit` and `statement_frequency`. The `total_debit` key contains the total amount debited from account number 3, and the `statement_frequency` key contains the frequency of statement requests from account number 3.",,0,"['account', 'order']",,"                  total_debit  statement_frequency
frequency                                         
POPLATEK MESICNE       5001.0                  1.0",True,False,,,,
173,How often does account number 3 request an account statement to be released? What was the aim of debiting 3539 in total?,1,1,"```python
import pandas as pd

def compute_feature(df_account, df_order):
    # Merge account and order DataFrames based on account_id
    merged_df = pd.merge(df_account, df_order, on='account_id')

    # Filter orders where k_symbol is 'ST' (account statement)
    statement_orders = merged_df[merged_df['k_symbol'] == 'ST']

    # Count frequency of account statements for account number 3
    account_3_statements = statement_orders[statement_orders['account_id'] == 3]
    account_3_frequency = account_3_statements['frequency'].value_counts()

    # Compute total debited amount for account number 3
    account_3_debits = merged_df[merged_df['account_id'] == 3]
    account_3_debits_total = account_3_debits['amount'].sum()

    # Return the result as a pandas Series
    return pd.Series({'account_3_frequency': account_3_frequency.index[0] if not account_3_frequency.empty else 0, 
                       'total_debit': account_3_debits_total})
```",,1,"['account', 'order']",,"account_3_frequency       0.0
total_debit            5001.0
dtype: float64",False,False,semantic,"account_3_frequency       0.0
total_debit            5001.0
dtype: float64","[['POPLATEK MESICNE', 'POJISTNE']]",False
173,How often does account number 3 request an account statement to be released? What was the aim of debiting 3539 in total?,1,2,"```python
import pandas as pd

def compute_feature(df_account, df_order):
    # Filter orders where account_id is 3
    orders_for_account_3 = df_order[df_order['account_id'] == 3]
    
    # Count the number of orders
    count = len(orders_for_account_3)
    
    # Filter orders where account_id is 3 and k_symbol is 'R' (release statement)
    release_statements = orders_for_account_3[orders_for_account_3['k_symbol'] == 'R']
    
    # Count the number of release statements
    release_count = len(release_statements)
    
    # Compute the frequency of release statements
    release_frequency = release_count / count if count > 0 else 0
    
    # Filter orders where account_id is 3 and k_symbol is 'D' (debit)
    debits = orders_for_account_3[orders_for_account_3['k_symbol'] == 'D']
    
    # Compute the total amount debited
    total_debited = debits['amount'].sum()
    
    return release_frequency, total_debited
```

```python
# Usage
release_frequency, total_debited = compute_feature(df_account, df_order)
print(f'Release frequency: {release_frequency}')
print(f'Total debited: {total_debited}')
```",,0,"['account', 'order']",,"(0.0, np.float64(0.0))",True,False,,,,
173,How often does account number 3 request an account statement to be released? What was the aim of debiting 3539 in total?,1,3,"```python
import pandas as pd

def compute_feature(df_account, df_order):
    # Merge the two DataFrames based on account_id
    merged_df = pd.merge(df_account, df_order, on='account_id')

    # Filter the merged DataFrame to only include records where account_to is the same as account_id (i.e., the account is requesting a statement)
    statement_requests = merged_df[merged_df['account_to'] == merged_df['account_id']]

    # Group by account_id and count the number of statement requests
    statement_request_counts = statement_requests.groupby('account_id')['order_id'].count().reset_index()

    # Rename the column to something more descriptive
    statement_request_counts = statement_request_counts.rename(columns={'order_id': 'statement_requests'})

    # Merge this new DataFrame with the original account DataFrame to get the account_id
    df_account = pd.merge(df_account, statement_request_counts, on='account_id', how='left')

    # Fill NaN values with 0 (i.e., if an account has no statement requests, it should be recorded as 0)
    df_account['statement_requests'] = df_account['statement_requests'].fillna(0)

    # Compute the total amount debited for account 3
    total_debited = df_order[df_order['account_id'] == 3]['amount'].sum()

    # Merge this new DataFrame with the original account DataFrame to get the account_id
    df_account = pd.merge(df_account, pd.DataFrame({'account_id': [3], 'total_debited': [total_debited]}), on='account_id', how='left')

    # Fill NaN values with 0 (i.e., if an account is not account 3, it should be recorded as 0)
    df_account['total_debited'] = df_account['total_debited'].fillna(0)

    # Select the desired columns
    df_account = df_account[['account_id', 'statement_requests', 'total_debited']]

    return df_account
```",,3,"['account', 'order']",,"      account_id  statement_requests  total_debited
0              1                 0.0            0.0
1              2                 0.0            0.0
2              3                 0.0        ",False,True,semantic,"      account_id  statement_requests  total_debited
0              1                 0.0            0.0
1              2                 0.0            0.0
2              3                 0.0        ","[['POPLATEK MESICNE', 'POJISTNE']]",False
173,How often does account number 3 request an account statement to be released? What was the aim of debiting 3539 in total?,1,4,"```python
import pandas as pd

def compute_feature(df_account, df_order):
    # Filter orders where account_to is account_id 3
    orders_to_account_3 = df_order[df_order['account_to'] == 3]

    # Group orders by account_id and count the frequency
    order_frequency = orders_to_account_3.groupby('account_id')['order_id'].count().reset_index()

    # Merge order frequency with account DataFrame
    df_account = pd.merge(df_account, order_frequency, on='account_id', suffixes=('', '_freq'))

    # Compute total debited amount
    total_debited = df_order.groupby('account_id')['amount'].sum().reset_index()

    # Merge total debited amount with account DataFrame
    df_account = pd.merge(df_account, total_debited, on='account_id', suffixes=('', '_amount'))

    # Compute the feature
    df_account['feature'] = df_account['order_freq'] / df_account['date'].apply(lambda x: x.year - 2024) + df_account['amount_amount'] / 100

    return df_account
```",,2,"['account', 'order']",call_error: 'order_freq',,,,,,,
174,What year was account owner number 130 born?,2,0,"```python
import pandas as pd

def compute_birth_year(df_client):
    # Extract the birth year from the birth_date column
    df_client['birth_year'] = pd.to_datetime(df_client['birth_date']).dt.year
    
    return df_client[['client_id', 'birth_year']]

# Assuming df_client, df_disp, df_account, df_card are already loaded DataFrames
compute_birth_year(df_client)
```

This function computes a new feature 'birth_year' from the 'birth_date' column of the client DataFrame. It uses the `dt.year` attribute of the datetime object to extract the year from the 'birth_date' column. The result is a new DataFrame with the client IDs and their corresponding birth years. 

Note: The function assumes that the 'birth_date' column is in a format that can be parsed by `pd.to_datetime()`. If the column is not in a datetime format, you might need to convert it first.",,0,"['account', 'card', 'client', 'disp']",,"      client_id  birth_year
0             1        1970
1             2        1945
2             3        1940
3             4        1956
4             5        1960
...         ...         ...
5364",True,False,,,,
174,What year was account owner number 130 born?,2,1,"```python
import pandas as pd

def account_owner_birth_year(df_client, df_account):
    # Merge client and account DataFrames based on account_id
    merged_df = pd.merge(df_client, df_account, left_on='client_id', right_on='account_id')
    
    # Extract birth year from birth_date
    merged_df['birth_year'] = merged_df['birth_date'].dt.year
    
    # Filter the DataFrame to account owner number 130
    owner_130_df = merged_df[merged_df['account_id'] == 130]
    
    # Return the birth year of account owner number 130
    return owner_130_df['birth_year'].iloc[0]
```

```python
import pandas as pd

def account_owner_birth_year(df_client, df_account):
    # Merge client and account DataFrames based on account_id
    merged_df = pd.merge(df_client, df_account, left_on='client_id', right_on='account_id')
    
    # Filter the DataFrame to account owner number 130
    owner_130_df = merged_df[merged_df['account_id'] == 130]
    
    # Return the birth year of account owner number 130
    return owner_130_df['birth_date'].dt.year.iloc[0]
```

```python
import pandas as pd

def account_owner_birth_year(df_client, df_account):
    # Filter the DataFrame to account owner number 130
    owner_130_df = df_client[df_client['client_id'].isin(df_account['account_id']) & (df_account['account_id'] == 130)]
    
    # Return the birth year of account owner number 130
    return owner_130_df['birth_date'].dt.year.iloc[0]
```",,1,"['account', 'client']",call_error: Can only use .dt accessor with datetimelike values,,,,,,,
174,What year was account owner number 130 born?,2,2,"```python
import pandas as pd

def get_birth_year(account_id, df_client):
    account_owner = df_client[df_client['client_id'] == account_id]
    if not account_owner.empty:
        return account_owner['birth_date'].dt.year.iloc[0]
    else:
        return None

# Example usage:
birth_year = get_birth_year(130, df_client)
print(birth_year)
```",,0,"['account', 'client']","call_error: Operands are not aligned. Do `left, right = left.align(right, axis=1)` before operating.",,,,,,,
174,What year was account owner number 130 born?,2,3,"```python
import pandas as pd

def get_birth_year(account_id):
    account = account[account['account_id'] == account_id]
    client = client[client['client_id'] == account['client_id'].iloc[0]]
    return client['birth_date'].iloc[0].year

birth_year = get_birth_year(130)
print(birth_year)
```

However, if you want to compute a feature for all accounts and add it to the `account` DataFrame, you can do the following:

```python
import pandas as pd

def get_birth_year(account):
    account['birth_year'] = account['account_id'].apply(lambda x: client[client['client_id'] == account['client_id'].map(lambda y: y if y in client['client_id'].values else float('nan'))]['birth_date'].iloc[0].year if x in client['client_id'].values else float('nan'))
    return account

account = get_birth_year(account)
```",,0,"['account', 'client']",call_error: cannot access local variable 'account' where it is not associated with a value,,,,,,,
174,What year was account owner number 130 born?,2,4,"```python
import pandas as pd

def get_account_owner_birth_year(account_id, df_client):
    account_df = df_client[df_client['client_id'] == account_id]
    if account_df.empty:
        return None
    return account_df['birth_date'].dt.year.iloc[0]

# Example usage:
birth_year = get_account_owner_birth_year(130, df_client)
print(birth_year)
```",,0,"['account', 'client']","call_error: Operands are not aligned. Do `left, right = left.align(right, axis=1)` before operating.",,,,,,,
175,How many accounts have an owner disposition and request for a statement to be generated upon a transaction?,1,0,"```python
import pandas as pd

def count_accounts_with_disposition_and_statement(df_account, df_disp):
    # Filter accounts with an owner disposition
    owner_dispositions = df_disp[df_disp['type'] == 'Owner']
    
    # Filter transactions that require a statement
    statement_transactions = df_disp[df_disp['type'] == 'Statement']
    
    # Merge the two DataFrames on account_id
    merged_df = pd.merge(owner_dispositions, statement_transactions, on='account_id', how='inner', suffixes=('_owner', '_statement'))
    
    # Count the number of accounts with both an owner disposition and a statement transaction
    count = merged_df['account_id_owner'].nunique()
    
    return count
```

```python
# Example usage
count = count_accounts_with_disposition_and_statement(df_account, df_disp)
print(count)
```",,1,"['account', 'disp', 'trans']",call_error: 'account_id_owner',,,,,,,
175,How many accounts have an owner disposition and request for a statement to be generated upon a transaction?,1,1,"```python
import pandas as pd

def count_accounts_with_owner_disposition_and_statement_request(df_account, df_disp):
    # Filter the accounts with an owner disposition
    owner_disposition_accounts = df_disp[df_disp['type'] == 'owner_disposition']
    
    # Filter the accounts with a request for a statement
    statement_request_accounts = df_disp[df_disp['type'] == 'statement_request']
    
    # Merge the two DataFrames on account_id
    merged_df = pd.merge(owner_disposition_accounts, statement_request_accounts, on='account_id', how='inner', suffixes=('_owner_disposition', '_statement_request'))
    
    # Count the number of accounts with both conditions
    count = len(merged_df)
    
    return count
```",,1,"['account', 'disp']",,0,False,False,semantic,0,[[93]],True
175,How many accounts have an owner disposition and request for a statement to be generated upon a transaction?,1,2,"```python
import pandas as pd

def count_accounts_with_owner_disposition(df_account, df_disp):
    # Filter accounts with owner disposition
    owner_disposition = df_disp[df_disp['type'] == 'owner_disposition']
    
    # Filter accounts with request for statement
    statement_request = df_disp[df_disp['type'] == 'statement_request']
    
    # Merge the two DataFrames based on account_id
    merged_df = pd.merge(owner_disposition, statement_request, on='account_id', how='inner')
    
    # Count the number of accounts with both owner disposition and statement request
    count = merged_df['account_id'].nunique()
    
    return count
```

```python
# Example usage
account = pd.DataFrame({
    'account_id': [1, 2, 3],
    'district_id': [101, 102, 103],
    'frequency': ['monthly', 'quarterly', 'monthly'],
    'date': ['2022-01-01', '2022-04-01', '2022-07-01']
})

disp = pd.DataFrame({
    'disp_id': [101, 102, 103, 104],
    'client_id': [201, 202, 203, 204],
    'account_id': [1, 2, 3, 1],
    'type': ['owner_disposition', 'statement_request', 'owner_disposition', 'statement_request']
})

count = count_accounts_with_owner_disposition(account, disp)
print(count)
```",,1,"['account', 'disp']",,0,False,False,semantic,0,[[93]],True
175,How many accounts have an owner disposition and request for a statement to be generated upon a transaction?,1,3,"```python
import pandas as pd

def compute_feature(accounts, disp):
    accounts['owner_disposition'] = accounts['frequency'].map({'S': 1, 'M': 0, 'Q': 0})
    
    disp['statement_request'] = disp['type'].map({'T': 0, 'S': 1})
    
    accounts['statement_request'] = accounts.apply(lambda row: disp[disp['account_id'] == row['account_id']]['statement_request'].iloc[0] if not pd.isnull(disp[disp['account_id'] == row['account_id']]['statement_request'].iloc[0]) else 0, axis=1)
    
    accounts['has_owner_disposition_and_statement_request'] = accounts['owner_disposition'] * accounts['statement_request']
    
    return accounts['has_owner_disposition_and_statement_request'].value_counts()
```",,0,"['account', 'disp']",,"Series([], Name: count, dtype: int64)",True,False,,,,
175,How many accounts have an owner disposition and request for a statement to be generated upon a transaction?,1,4,"```python
import pandas as pd

def count_accounts_with_statement_request(df_account, df_disp):
    # Filter accounts with an owner disposition
    owner_disposition = df_disp[df_disp['type'] == 'owner_disposition']

    # Merge owner disposition with accounts
    merged_df = pd.merge(df_account, owner_disposition[['account_id']], on='account_id', how='inner')

    # Filter accounts with a request for a statement
    statement_request = df_disp[df_disp['type'] == 'statement_request']

    # Merge statement request with merged_df
    merged_df = pd.merge(merged_df, statement_request[['account_id']], on='account_id', how='inner')

    # Count unique accounts
    account_count = merged_df['account_id'].nunique()

    return account_count
```",,2,"['account', 'disp']",,0,False,True,semantic,0,[[93]],True
176,"What is the amount of debt that client number 992 has, and how is this client doing with payments?",3,0,"```python
import pandas as pd

def compute_debt_and_payment_status(client_id, df_loan, df_account):
    # Filter loans for the given client
    client_loans = df_loan[df_loan['client_id'] == client_id]
    
    # Group by account_id and calculate total amount
    total_amount = client_loans.groupby('account_id')['amount'].sum().reset_index()
    
    # Filter accounts for the given client
    client_accounts = df_account[df_account['client_id'] == client_id]
    
    # Merge total amount with account data
    merged_data = pd.merge(total_amount, client_accounts, on='account_id')
    
    # Group by account_id and calculate payment status
    payment_status = client_loans.groupby('account_id')['payments'].sum().reset_index()
    
    # Merge payment status with account data
    merged_data = pd.merge(merged_data, payment_status, on='account_id')
    
    # Return the result
    return merged_data

# Example usage
client_id = 992
result = compute_debt_and_payment_status(client_id, df_loan, df_account)
print(result)
```",,2,"['account', 'client', 'loan']",call_error: 'client_id',,,,,,,
176,"What is the amount of debt that client number 992 has, and how is this client doing with payments?",3,1,"```python
import pandas as pd

def compute_debt_and_payment_status(client_id, df_client, df_loan):
    # Filter the loan DataFrame for the given client_id
    client_loans = df_loan[df_loan['client_id'] == client_id]

    # Calculate the total debt for the client
    total_debt = client_loans['amount'].sum()

    # Calculate the payment status
    payments_made = client_loans[client_loans['status'] == 'paid'].shape[0]
    total_payments = client_loans.shape[0]
    payment_status = 'paid' if payments_made == total_payments else 'not paid'

    return total_debt, payment_status

# Example usage:
total_debt, payment_status = compute_debt_and_payment_status(992, df_client, df_loan)
print(f'Total debt: {total_debt}, Payment status: {payment_status}')
```",,0,"['client', 'loan']",call_error: 'client_id',,,,,,,
176,"What is the amount of debt that client number 992 has, and how is this client doing with payments?",3,2,"```python
import pandas as pd

def compute_debt_and_payment_status(client_id, df_loan, df_account):
    # Filter the loan and account data for the given client
    loan_data = df_loan[df_loan['client_id'] == client_id]
    account_data = df_account[df_account['account_id'] == loan_data['account_id'].iloc[0]]

    # Calculate the total debt
    total_debt = (loan_data['amount'] + loan_data['amount'].shift(1)).sum()

    # Calculate the payment status
    payments_status = loan_data['status'].value_counts().sort_index()

    return total_debt, payments_status

# Example usage
total_debt, payments_status = compute_debt_and_payment_status(992, df_loan, df_account)
print(f'Total debt: {total_debt}')
print('Payment status:')
print(payments_status)
```

```python
import pandas as pd

def compute_debt_and_payment_status(client_id, df_loan, df_account):
    # Filter the loan and account data for the given client
    loan_data = df_loan[df_loan['client_id'] == client_id]
    account_data = df_account[df_account['account_id'] == loan_data['account_id'].iloc[0]]

    # Calculate the total debt
    total_debt = loan_data['amount'].sum()

    # Calculate the payment status
    payments_status = loan_data['status'].value_counts().sort_index()

    return total_debt, payments_status

# Example usage
total_debt, payments_status = compute_debt_and_payment_status(992, df_loan, df_account)
print(f'Total debt: {total_debt}')
print('Payment status:')
print(payments_status)
```",,0,"['account', 'client', 'loan']",call_error: 'client_id',,,,,,,
176,"What is the amount of debt that client number 992 has, and how is this client doing with payments?",3,3,"```python
import pandas as pd

def compute_debt_and_payment_status(client_id, df_loan, df_account):
    # Filter loan and account data for the specified client
    loan_data = df_loan[df_loan['client_id'] == client_id]
    account_data = df_account[df_account['account_id'].isin(loan_data['account_id'])]

    # Compute total debt by summing loan amounts
    total_debt = loan_data['amount'].sum()

    # Compute payment status by counting payments made
    payment_status = loan_data[loan_data['status'] == 'paid'].shape[0]

    return total_debt, payment_status
```

```python
# Example usage:
client_id = 992
total_debt, payment_status = compute_debt_and_payment_status(client_id, df_loan, df_account)
print(f""Client {client_id} has a total debt of ${total_debt:.2f} and has made {payment_status} payments."")
```",,0,"['account', 'client', 'loan']",call_error: 'client_id',,,,,,,
176,"What is the amount of debt that client number 992 has, and how is this client doing with payments?",3,4,"```python
import pandas as pd

def compute_debt_and_payment_status(client_id, df_loan, df_account, df_disp):
    # Filter the loan DataFrame for the specified client
    client_loans = df_loan[df_loan['client_id'] == client_id]

    # Group by account_id and calculate the total amount of debt
    debt_amounts = client_loans.groupby('account_id')['amount'].sum().reset_index()

    # Merge the debt amounts with the account DataFrame
    debt_amounts = pd.merge(debt_amounts, df_account, on='account_id')

    # Merge the debt amounts with the disp DataFrame to get the payment status
    debt_amounts = pd.merge(debt_amounts, df_disp, on='disp_id')

    # Group by account_id and calculate the total payments made
    payments_made = debt_amounts.groupby('account_id')['payments'].sum().reset_index()

    # Merge the debt amounts and payments made DataFrames
    debt_status = pd.merge(debt_amounts, payments_made, on='account_id')

    # Calculate the debt-to-payment ratio
    debt_status['ratio'] = debt_status['amount'] / debt_status['payments']

    return debt_status
```

You can call this function with the specified client ID and the DataFrames as arguments:

```python
client_id = 992
debt_status = compute_debt_and_payment_status(client_id, df_loan, df_account, df_disp)
print(debt_status)
```",,3,"['account', 'client', 'disp', 'loan']",call_error: 'client_id',,,,,,,
177,"What is the sum that client number 4's account has following transaction 851? Who owns this account, a man or a woman?",3,0,"```python
import pandas as pd

def sum_after_transaction(client_id, transaction_id, df_client, df_disp, df_account, df_trans, df_card):
    # Filter transactions where the transaction id is the given one
    trans_after = df_trans[df_trans['trans_id'] == transaction_id][['account_id', 'operation', 'amount']]
    
    # Filter accounts that have transactions after the given transaction id
    account_after = df_account[df_account['account_id'].isin(trans_after['account_id'])]
    
    # Filter clients with the given client id
    client = df_client[df_client['client_id'] == client_id]
    
    # Filter accounts of the client
    account_client = df_account[df_account['account_id'].isin(client['account_id'])]
    
    # Filter transactions of the account after the given transaction id
    account_after_client = account_after[account_after['account_id'].isin(account_client['account_id'])]
    
    # Calculate the sum of the transactions after the given transaction id
    sum_after = account_after_client.groupby('account_id')['amount'].sum().reset_index()
    
    # Filter account owners
    account_owner = df_account.merge(df_client, left_on='account_id', right_on='account_id')
    
    # Filter account owners where the account id is in the sum after transactions
    account_owner_sum = account_owner[account_owner['account_id'].isin(sum_after['account_id'])]
    
    # Check if the account owner is a man or a woman
    is_man = account_owner_sum['gender'].value_counts()['M'] > account_owner_sum['gender'].value_counts()['F']
    
    # Return the sum after transactions and the account owner is a man or a woman
    return sum_after, is_man

# Example usage
client_id = 4
transaction_id = 851

sum_after, is_man = sum_after_transaction(client_id, transaction_id, df_client, df_disp, df_account, df_trans, df_card)
print(sum_after)
print(is_man)
```",,1,"['account', 'card', 'client', 'disp', 'trans']","call_error: Operands are not aligned. Do `left, right = left.align(right, axis=1)` before operating.",,,,,,,
177,"What is the sum that client number 4's account has following transaction 851? Who owns this account, a man or a woman?",3,1,"```python
import pandas as pd

def compute_feature(df_client, df_account, df_trans, df_card):
    # Merge client and account to get client_id
    df_account_client = pd.merge(df_account, df_client, on='client_id', how='left')
    
    # Merge account and trans to get account_id and transaction details
    df_account_trans = pd.merge(df_account_client, df_trans, on='account_id', how='left')
    
    # Merge account and card to get account owner's details
    df_account_card = pd.merge(df_account_trans, df_card, on='account_id', how='left')
    
    # Filter the transaction with id 851
    df_trans_851 = df_account_card[df_account_card['trans_id'] == 851]
    
    # Group by account owner's gender and sum the transaction amount
    df_feature = df_trans_851.groupby('gender')['amount'].sum().reset_index()
    
    return df_feature
```

```python
# Example usage:
client = pd.DataFrame({
    'client_id': [1, 2, 3, 4],
    'gender': ['male', 'female', 'male', 'female'],
    'birth_date': ['1990-01-01', '1991-01-01', '1992-01-01', '1993-01-01'],
    'district_id': [1, 2, 3, 4]
})

account = pd.DataFrame({
    'account_id': [1, 2, 3, 4],
    'district_id': [1, 2, 3, 4],
    'frequency': ['monthly', 'quarterly', 'yearly', 'monthly'],
    'date': ['2020-01-01', '2021-01-01', '2022-01-01', '2023-01-01']
})

trans = pd.DataFrame({
    'trans_id': [1, 2, 3, 4, 5, 6, 7, 8, 9, 851],
    'account_id': [1, 2, 3, 4, 5, 6, 7, 8, 9, 4],
    'date': ['2020-01-01', '2021-01-01', '2022-01-01', '2023-01-01', '2024-01-01', '2025-01-01', '2026-01-01', '2027-01-01', '2028-01-01', '2029-01-01'],
    'type': ['deposit', 'withdrawal', 'transfer', 'deposit', 'withdrawal', 'transfer', 'deposit', 'withdrawal', 'transfer', 'deposit'],
    'operation': ['add', 'subtract', 'transfer', 'add', 'subtract', 'transfer', 'add', 'subtract', 'transfer', 'add'],
    'amount': [100, -50, 200, 150, -75, 300, 200, -100, 400, 250],
    'balance': [100, 50, 250, 150, 75, 350, 200, 100, 400, 500],
    'k_symbol': ['K123', 'K456', 'K789', 'K012', 'K345', 'K678', 'K901', 'K234', 'K567', 'K890'],
    'bank': ['Bank1', 'Bank2', 'Bank3', 'Bank4', 'Bank5', 'Bank6', 'Bank7', 'Bank8', 'Bank9', 'Bank10'],
    'account': ['account1', 'account2', 'account3', 'account4', 'account5', 'account6', 'account7', 'account8', 'account9', 'account10']
})

card = pd.DataFrame({
    'card_id': [1, 2, 3, 4],
    'disp_id': [1, 2, 3, 4],
    'type': ['credit', 'debit', 'credit', 'debit'],
    'issued': ['2020-01-01', '2021-01-01', '2022-01-01', '2023-01-01']
})

df_feature = compute_feature(client, account, trans, card)
print(df_feature)
```",,3,"['account', 'card', 'client', 'trans']",call_error: 'client_id',,,,,,,
177,"What is the sum that client number 4's account has following transaction 851? Who owns this account, a man or a woman?",3,2,"```python
import pandas as pd

def compute_feature(df_client, df_account, df_trans, df_disp):
    # Merge client and account to get client info
    account_client = pd.merge(df_account, df_client, on='client_id')
    
    # Merge account and disp to get disp info
    account_disp = pd.merge(account_client, df_disp, on='account_id')
    
    # Merge account, disp, and trans to get trans info
    account_trans = pd.merge(account_disp, df_trans, on='account_id')
    
    # Filter by transaction 851
    account_trans_851 = account_trans[account_trans['trans_id'] == 851]
    
    # Group by client gender and sum account balance
    result = account_trans_851.groupby('gender')['balance'].sum().reset_index()
    
    return result

# Example usage:
# compute_feature(df_client, df_account, df_trans, df_disp)
```",,3,"['account', 'client', 'disp', 'trans']",call_error: 'client_id',,,,,,,
177,"What is the sum that client number 4's account has following transaction 851? Who owns this account, a man or a woman?",3,3,"```python
import pandas as pd

def sum_after_transaction(df_client, df_disp, df_account, df_trans, df_card):
    # Merge client and disp tables to get client_id
    merged_disp = pd.merge(df_client, df_disp, on='client_id')
    
    # Merge account and disp tables to get account_id
    merged_account = pd.merge(merged_disp, df_account, on='account_id')
    
    # Merge account and trans tables to get transaction data
    merged_account_trans = pd.merge(merged_account, df_trans, on='account_id')
    
    # Filter transactions that are not the one we are interested in
    merged_account_trans = merged_account_trans[merged_account_trans['trans_id'] != 851]
    
    # Merge account and card tables to get account owner
    merged_account_card = pd.merge(merged_account, df_card, on='disp_id')
    
    # Merge account and card tables with transaction data
    merged_data = pd.merge(merged_account_trans, merged_account_card, on='account_id')
    
    # Group by account owner and calculate sum
    result = merged_data.groupby('gender')['amount'].sum().reset_index()
    
    return result
```",,5,"['account', 'card', 'client', 'disp', 'trans']",call_error: 'gender',,,,,,,
177,"What is the sum that client number 4's account has following transaction 851? Who owns this account, a man or a woman?",3,4,"```python
import pandas as pd

def compute_feature(df_client, df_account, df_trans, df_card):
    # Merge client and account DataFrames
    merged_client_account = pd.merge(df_client, df_account, on='client_id')
    
    # Merge merged DataFrame with account DataFrame
    merged_client_account_account = pd.merge(merged_client_account, df_account, on='account_id')
    
    # Merge merged DataFrame with transaction DataFrame
    merged_client_account_account_trans = pd.merge(merged_client_account_account, df_trans, on='account_id')
    
    # Filter transactions where account_id is 4
    filtered_trans = merged_client_account_account_trans[merged_client_account_account_trans['account_id'] == 4]
    
    # Filter transactions where trans_id is 851
    filtered_trans_851 = filtered_trans[filtered_trans['trans_id'] == 851]
    
    # Group by client_id and sum balance
    sum_balance = filtered_trans_851.groupby('client_id')['balance'].sum().reset_index()
    
    # Merge sum_balance with client DataFrame
    result = pd.merge(sum_balance, df_client, on='client_id')
    
    # Group by account_id and sum balance
    sum_balance_account = filtered_trans_851.groupby('account_id')['balance'].sum().reset_index()
    
    # Merge result with sum_balance_account
    result = pd.merge(result, sum_balance_account, on='account_id')
    
    # If result is empty, return None
    if result.empty:
        return None
    
    # Return result
    return result

# Example usage:
result = compute_feature(df_client, df_account, df_trans, df_card)
print(result)
```",,5,"['account', 'card', 'client', 'trans']",call_error: 'client_id',,,,,,,
178,Which kind of credit card does client number 9 possess?,2,0,"```python
import pandas as pd

def get_credit_card_type(client_id, disp_df, card_df):
    disp_for_client = disp_df[disp_df['client_id'] == client_id]
    card_for_disp = card_df[card_df['disp_id'].isin(disp_for_client['disp_id'])]
    
    if not card_for_disp.empty:
        return card_for_disp['type'].iloc[0]
    else:
        return None

# Example usage:
client_id = 9
print(get_credit_card_type(client_id, disp_df, card_df))
```",,0,"['card', 'client', 'disp']","call_error: Operands are not aligned. Do `left, right = left.align(right, axis=1)` before operating.",,,,,,,
178,Which kind of credit card does client number 9 possess?,2,1,"```python
import pandas as pd

def get_credit_card_type(client_id, disp_df, card_df):
    card_type = disp_df[disp_df['client_id'] == client_id]['disp_id']
    card_type = card_type.map(card_df.set_index('disp_id')['type'])
    return card_type

# assuming disp_df and card_df are already loaded DataFrames
client_id = 9
print(get_credit_card_type(client_id, disp_df, card_df))
```",,0,"['card', 'client', 'disp']","call_error: Operands are not aligned. Do `left, right = left.align(right, axis=1)` before operating.",,,,,,,
178,Which kind of credit card does client number 9 possess?,2,2,"```python
import pandas as pd

def get_credit_card_type(client_id, disp, card):
    client_disp = disp[disp['client_id'] == client_id]
    if not client_disp.empty:
        card_id = client_disp['disp_id'].unique()[0]
        card_type = card[card['disp_id'] == card_id]['type'].unique()[0]
        return card_type
    else:
        return None

# Example usage
client_id = 9
card_type = get_credit_card_type(client_id, disp, card)
print(card_type)
```",,0,"['card', 'client', 'disp']","call_error: Operands are not aligned. Do `left, right = left.align(right, axis=1)` before operating.",,,,,,,
178,Which kind of credit card does client number 9 possess?,2,3,"```python
import pandas as pd

def get_card_type(client_id, disp_df, card_df):
    # Filter disp table by client_id
    disp_client = disp_df[disp_df['client_id'] == client_id]
    
    # Filter card table by disp_id in disp_client
    card_disp = card_df[card_df['disp_id'].isin(disp_client['disp_id'])]
    
    # Get unique card type
    card_type = card_disp['type'].unique()
    
    return card_type

# Example usage:
client_id = 9
card_type = get_card_type(client_id, disp, card)
print(card_type)
```",,0,"['card', 'client', 'disp']","call_error: Operands are not aligned. Do `left, right = left.align(right, axis=1)` before operating.",,,,,,,
178,Which kind of credit card does client number 9 possess?,2,4,"```python
import pandas as pd

def get_credit_card_type(client_id, disp_df, card_df):
    # Filter disp_df for client_id
    disp_client = disp_df[disp_df['client_id'] == client_id]
    
    # Filter card_df for disp_id in disp_client
    card_disp = card_df[card_df['disp_id'].isin(disp_client['disp_id'])]
    
    # Group by client_id and get the first card type
    card_type = card_disp.groupby('client_id')['type'].first().reset_index()
    
    # Return the card type for the given client_id
    return card_type[card_type['client_id'] == client_id]['type'].iloc[0]

# Example usage
client_id = 9
card_type = get_credit_card_type(client_id, disp_df, card_df)
print(card_type)
```",,0,"['card', 'client', 'disp']","call_error: Operands are not aligned. Do `left, right = left.align(right, axis=1)` before operating.",,,,,,,
179,"How much, in total, did client number 617 pay for all of the transactions in 1998?",3,0,"```python
import pandas as pd

def total_payment_1998(client_id, df_trans, df_account):
    # Filter transactions for the given client and year 1998
    transactions_1998 = df_trans[(df_trans['account_id'] == client_id) & (df_trans['date'].str.contains('1998'))]
    
    # Merge with account info to get frequency and date
    transactions_1998 = pd.merge(transactions_1998, df_account, left_on='account_id', right_on='account_id')
    
    # Filter transactions for debit operations
    debit_transactions_1998 = transactions_1998[transactions_1998['operation'] == 'debit']
    
    # Group by account_id and sum the amount
    total_payment = debit_transactions_1998.groupby('account_id')['amount'].sum().sum()
    
    return total_payment
```

```python
# Example usage:
total_payment = total_payment_1998(617, df_trans, df_account)
print(total_payment)
```",,1,"['account', 'client', 'trans']","call_error: Operands are not aligned. Do `left, right = left.align(right, axis=1)` before operating.",,,,,,,
179,"How much, in total, did client number 617 pay for all of the transactions in 1998?",3,1,"```python
import pandas as pd

def total_amount_client_617_1998(df_client, df_account, df_trans):
    # Filter client 617 transactions in 1998
    client_617 = df_client[df_client['client_id'] == 617]
    client_617_account_ids = client_617['client_id'].map(df_account['client_id']).tolist()
    client_617_trans = df_trans[df_trans['account_id'].isin(client_617_account_ids)]
    client_617_trans_1998 = client_617_trans[client_617_trans['date'].str.contains('1998')]

    # Calculate total amount
    total_amount = client_617_trans_1998['amount'].sum()

    return total_amount
```

```python
# Example usage:
total_amount = total_amount_client_617_1998(df_client, df_account, df_trans)
print(total_amount)
```

Please ensure that the DataFrames `df_client`, `df_account`, and `df_trans` are correctly loaded and contain the necessary data for the function to work.",,0,"['account', 'client', 'trans']",call_error: 'client_id',,,,,,,
179,"How much, in total, did client number 617 pay for all of the transactions in 1998?",3,2,"```python
import pandas as pd

def total_payment_1998(client_id, df_trans, df_account):
    # Filter transactions in 1998
    trans_1998 = df_trans[df_trans['date'].str.contains('1998')]

    # Filter transactions of the client
    client_trans = trans_1998[trans_1998['client_id'] == client_id]

    # Merge with account info
    account_info = df_account[df_account['account_id'].isin(client_trans['account_id'])]
    merged = pd.merge(client_trans, account_info, on='account_id')

    # Calculate total payment
    total_payment = merged['amount'].abs().sum()

    return total_payment
```

```python
# Example usage
total_payment = total_payment_1998(617, df_trans, df_account)
print(total_payment)
```",,1,"['account', 'client', 'trans']","call_error: Can only use .str accessor with string values, not datetime64",,,,,,,
179,"How much, in total, did client number 617 pay for all of the transactions in 1998?",3,3,"```python
import pandas as pd

def total_client_payment(client_id, df):
    client_transactions = df[df['account_id'] == client_id]['trans']
    client_transactions = client_transactions[client_transactions['date'].str.contains('1998')]

    total_payment = client_transactions.groupby('account_id')['amount'].sum().reset_index()
    total_payment = total_payment.rename(columns={'amount': 'total_payment'})

    return total_payment

# Example usage:
total_payment = total_client_payment(617, df)
print(total_payment)
```",,0,"['account', 'client', 'trans']","call_error: Operands are not aligned. Do `left, right = left.align(right, axis=1)` before operating.",,,,,,,
179,"How much, in total, did client number 617 pay for all of the transactions in 1998?",3,4,"```python
import pandas as pd

def total_client_payment(client_id, df_trans):
    # Filter transactions by client_id and year
    client_trans = df_trans[df_trans['account_id'].isin(
        df_account[df_account['client_id'] == client_id]['account_id']
    ) & (df_trans['date'].str[:4] == '1998')]

    # Calculate total payment
    total_payment = client_trans['amount'].abs().sum()

    return total_payment
```

```python
import pandas as pd

def total_client_payment(client_id, df_trans):
    # Filter transactions by client_id and year
    client_trans = df_trans[df_trans['account_id'].isin(
        df_account[df_account['client_id'] == client_id]['account_id']
    ) & (df_trans['date'].str[:4] == '1998')]

    # Calculate total payment
    total_payment = client_trans['amount'].abs().sum()

    return total_payment
```

```python
import pandas as pd

def total_client_payment(client_id, df_trans):
    # Filter transactions by client_id and year
    client_trans = df_trans[df_trans['account_id'].isin(
        df_account[df_account['client_id'] == client_id]['account_id']
    ) & (df_trans['date'].str[:4] == '1998')]

    # Calculate total payment
    total_payment = client_trans['amount'].abs().sum()

    return total_payment
```",,0,"['account', 'client', 'trans']",call_error: 'client_id',,,,,,,
180,"Please provide a list of clients who were born between 1983 and 1987 and whose account branch is in East Bohemia, along with their IDs.",2,0,"```python
import pandas as pd

def get_clients_east_bohemia(df_client, df_district, df_account):
    # Filter districts in East Bohemia
    east_bohemia_districts = df_district[df_district['A2'] == 'East Bohemia']['district_id'].tolist()

    # Filter clients born between 1983 and 1987
    clients = df_client[(df_client['birth_date'] >= '1983-01-01') & (df_client['birth_date'] <= '1987-12-31')]

    # Merge clients and accounts
    merged = pd.merge(clients, df_account, on='client_id')

    # Filter accounts in East Bohemia districts
    east_bohemia_clients = merged[merged['district_id'].isin(east_bohemia_districts)]

    # Return client IDs
    return east_bohemia_clients['client_id'].tolist()
```",,1,"['account', 'client', 'district']",call_error: 'client_id',,,,,,,
180,"Please provide a list of clients who were born between 1983 and 1987 and whose account branch is in East Bohemia, along with their IDs.",2,1,"```python
import pandas as pd

def get_clients_east_bohemia(df_client, df_district, df_account):
    # Filter clients born between 1983 and 1987
    filtered_clients = df_client[(df_client['birth_date'] >= '1983-01-01') & (df_client['birth_date'] <= '1987-12-31')]
    
    # Filter districts in East Bohemia
    east_bohemia_districts = df_district[df_district['A2'] == 'East Bohemia']
    
    # Filter accounts with district in East Bohemia
    filtered_accounts = df_account[df_account['district_id'].isin(east_bohemia_districts['district_id'])]
    
    # Get client IDs from filtered accounts
    client_ids = filtered_accounts['client_id'].unique()
    
    # Filter clients by IDs
    result = filtered_clients[filtered_clients['client_id'].isin(client_ids)]
    
    return result['client_id'].tolist()
```",,0,"['account', 'client', 'district']",call_error: 'client_id',,,,,,,
180,"Please provide a list of clients who were born between 1983 and 1987 and whose account branch is in East Bohemia, along with their IDs.",2,2,"```python
import pandas as pd

def get_clients_east_bohemia(df_client, df_district, df_account):
    # Filter clients born between 1983 and 1987
    filtered_clients = df_client[(df_client['birth_date'].dt.year >= 1983) & 
                                  (df_client['birth_date'].dt.year <= 1987)]
    
    # Merge with district to get district_id
    filtered_clients = pd.merge(filtered_clients, df_district, on='district_id')
    
    # Filter accounts with district in East Bohemia
    east_bohemia_districts = df_district[df_district['A2'] == 1]  # assuming A2 is a flag for East Bohemia
    east_bohemia_accounts = df_account[df_account['district_id'].isin(east_bohemia_districts['district_id'])]
    
    # Merge with clients to get client IDs
    filtered_clients = pd.merge(filtered_clients, east_bohemia_accounts[['district_id']], on='district_id')
    
    return filtered_clients[['client_id']]
```

```python
# Example usage
filtered_clients = get_clients_east_bohemia(df_client, df_district, df_account)
print(filtered_clients)
```

Note: This assumes that A2 is a flag for East Bohemia. If it's not, you'll need to adjust the code accordingly.",,2,"['account', 'client', 'district']",call_error: Can only use .dt accessor with datetimelike values,,,,,,,
180,"Please provide a list of clients who were born between 1983 and 1987 and whose account branch is in East Bohemia, along with their IDs.",2,3,"```python
import pandas as pd

def get_clients_in_east_bohemia(born_between_df, account_df):
    # Calculate the birth year
    born_between_df['birth_year'] = born_between_df['birth_date'].dt.year
    
    # Filter clients born between 1983 and 1987
    filtered_clients = born_between_df[(born_between_df['birth_year'] >= 1983) & (born_between_df['birth_year'] <= 1987)]
    
    # Merge the filtered clients with the account DataFrame
    merged_df = pd.merge(filtered_clients, account_df, on='client_id')
    
    # Filter accounts in East Bohemia
    east_bohemia_accounts = merged_df[merged_df['A2'] == 'East Bohemia']
    
    # Return the client IDs
    return east_bohemia_accounts['client_id'].tolist()
```

```python
# Example usage
born_between_df = pd.DataFrame({
    'client_id': [1, 2, 3, 4, 5],
    'gender': ['M', 'F', 'M', 'F', 'M'],
    'birth_date': ['1980-01-01', '1985-01-01', '1990-01-01', '1983-01-01', '1987-01-01']
})

account_df = pd.DataFrame({
    'account_id': [101, 102, 103, 104, 105],
    'client_id': [1, 2, 3, 4, 5],
    'district_id': [1, 2, 3, 4, 5],
    'A2': ['North', 'East', 'South', 'West', 'East Bohemia']
})

print(get_clients_in_east_bohemia(born_between_df, account_df))
```

```python
# Output: [4]
```",,1,"['account', 'client']",call_error: 'birth_date',,,,,,,
180,"Please provide a list of clients who were born between 1983 and 1987 and whose account branch is in East Bohemia, along with their IDs.",2,4,"```python
import pandas as pd

def get_clients_east_bohemia(df_client, df_district, df_account):
    # Filter clients born between 1983 and 1987
    df_client_filtered = df_client[(df_client['birth_date'] >= '1983-01-01') & (df_client['birth_date'] <= '1987-12-31')]
    
    # Filter accounts in East Bohemia
    east_bohemia_districts = df_district[df_district['A2'] == 'East Bohemia']['district_id']
    df_account_filtered = df_account[df_account['district_id'].isin(east_bohemia_districts)]
    
    # Merge client and account data
    df_merged = pd.merge(df_client_filtered, df_account_filtered, on='client_id', how='inner')
    
    # Group by client_id and get unique client_ids
    df_result = df_merged.groupby('client_id')['client_id'].nunique().reset_index()
    
    return df_result
```

```python
# Example usage:
result = get_clients_east_bohemia(df_client, df_district, df_account)
print(result)
```",,1,"['account', 'client', 'district']",call_error: 'client_id',,,,,,,
181,Please provide the IDs of the 3 female clients with the largest loans.,2,0,"```python
import pandas as pd

def get_female_client_loan_ids(df_loan, df_client):
    # Filter female clients
    female_clients = df_client[df_client['gender'] == 'F']

    # Merge with loan data
    female_loans = pd.merge(df_loan, female_clients[['client_id']], on='client_id')

    # Group by client and sum loan amounts
    female_loans_sum = female_loans.groupby('client_id')['amount'].sum().reset_index()

    # Sort by sum in descending order
    female_loans_sorted = female_loans_sum.sort_values(by='amount', ascending=False)

    # Get IDs of top 3 female clients with largest loans
    top_female_client_ids = female_loans_sorted.head(3)['client_id'].tolist()

    return top_female_client_ids
```

```python
# Usage
top_female_client_ids = get_female_client_loan_ids(df_loan, df_client)
print(top_female_client_ids)
```",,1,"['client', 'loan', 'order']",call_error: 'client_id',,,,,,,
181,Please provide the IDs of the 3 female clients with the largest loans.,2,1,"```python
import pandas as pd

def get_female_clients_largest_loans(df_loan, df_client):
    # Filter female clients
    female_clients = df_client[df_client['gender'] == 'F']
    
    # Merge with loan table to get loan details for each client
    female_clients_with_loans = pd.merge(female_clients, df_loan, on='client_id', how='left')
    
    # Filter for loans with status (i.e., not null)
    female_clients_with_loans = female_clients_with_loans[female_clients_with_loans['status'].notnull()]
    
    # Group by client_id and sum the amount of loans
    loan_amounts = female_clients_with_loans.groupby('client_id')['amount'].sum().reset_index()
    
    # Merge with client table to get client ids
    clients_with_max_loans = pd.merge(loan_amounts, df_client, on='client_id', how='left')
    
    # Sort by loan amount in descending order and get the top 3
    top_3_female_clients_largest_loans = clients_with_max_loans.sort_values('amount', ascending=False).head(3)
    
    # Return the client ids of the top 3 female clients with the largest loans
    return top_3_female_clients_largest_loans['client_id'].tolist()
```",,2,"['client', 'loan', 'order']",call_error: 'client_id',,,,,,,
181,Please provide the IDs of the 3 female clients with the largest loans.,2,2,"```python
import pandas as pd

def get_largest_loans(df_loan, df_client):
    # Filter female clients
    female_clients = df_client[df_client['gender'] == 'F']
    
    # Merge with loan data
    female_loans = pd.merge(df_loan, female_clients[['client_id']], left_on='client_id', right_on='client_id')
    
    # Group by client_id and sum amount
    loan_sums = female_loans.groupby('client_id')['amount'].sum().reset_index()
    
    # Sort by sum amount in descending order
    sorted_loans = loan_sums.sort_values('amount', ascending=False)
    
    # Get IDs of top 3 clients
    top_3_ids = sorted_loans['client_id'].head(3)
    
    return top_3_ids
```",,1,"['client', 'loan', 'order']",call_error: 'client_id',,,,,,,
181,Please provide the IDs of the 3 female clients with the largest loans.,2,3,"```python
import pandas as pd

def get_female_clients_largest_loans(df_client, df_loan):
    # Filter female clients
    female_clients = df_client[df_client['gender'] == 'F']
    
    # Merge client info with loan info
    merged_df = pd.merge(female_clients, df_loan, on='client_id')
    
    # Group by client_id and sum the loan amount
    grouped_df = merged_df.groupby('client_id')['amount'].sum().reset_index()
    
    # Sort by the sum of loan amount in descending order
    sorted_df = grouped_df.sort_values('amount', ascending=False)
    
    # Get the top 3 client_ids
    top_clients = sorted_df.nlargest(3, 'amount')['client_id'].tolist()
    
    return top_clients
```",,1,"['client', 'loan', 'order']",call_error: 'client_id',,,,,,,
181,Please provide the IDs of the 3 female clients with the largest loans.,2,4,"```python
import pandas as pd

def get_female_clients_largest_loans(df_loan, df_client):
    # Filter female clients
    female_clients = df_client[df_client['gender'] == 'F']

    # Merge loan data with client data
    merged_data = pd.merge(df_loan, female_clients[['client_id']], on='client_id')

    # Group by client_id and calculate sum of amount
    grouped_data = merged_data.groupby('client_id')['amount'].sum().reset_index()

    # Sort by amount in descending order and get top 3 clients
    top_clients = grouped_data.nlargest(3, 'amount')

    # Return client IDs of top 3 female clients with largest loans
    return top_clients['client_id']
```",,1,"['client', 'loan', 'order']",call_error: 'client_id',,,,,,,
182,How many male customers who were born between 1974 and 1976 have made a payment on their home in excess of $4000?,3,0,"```python
import pandas as pd

def compute_feature(trans, account, client, disp):
    # Filter clients born between 1974 and 1976
    client_born_between = client[(client['birth_date'].str.contains('1974|1975|1976'))]
    
    # Merge client info with account info
    account_client = pd.merge(account, client_born_between[['client_id']], on='client_id')
    
    # Filter transactions that are payments and amount is greater than 4000
    payment_trans = trans[(trans['type'] == 'payment') & (trans['amount'] > 4000)]
    
    # Filter transactions to only include those related to home
    home_payment_trans = payment_trans[payment_trans['k_symbol'].str.contains('home')]
    
    # Merge transaction info with account and client info
    home_payment_account_client = pd.merge(home_payment_trans, account_client, on='account_id')
    
    # Merge account and client info with dispenser info
    home_payment_disp = pd.merge(home_payment_account_client, disp, on='account_id')
    
    # Filter dispenser info to only include male customers
    male_home_payment_disp = home_payment_disp[home_payment_disp['client_id'].isin(client_born_between[client_born_between['gender'] == 'male']['client_id'])]
    
    # Return the count of male customers who made a payment on their home in excess of $4000
    return male_home_payment_disp['client_id'].nunique()
```",,3,"['account', 'client', 'disp', 'trans']",call_error: 'client_id',,,,,,,
182,How many male customers who were born between 1974 and 1976 have made a payment on their home in excess of $4000?,3,1,"```python
import pandas as pd

def count_male_customers_payment_exceeding_4000(df_trans, df_client):
    # Filter male customers born between 1974 and 1976
    male_customers = df_client[(df_client['gender'] == 'male') & 
                               (df_client['birth_date'].apply(lambda x: x.year).between(1974, 1976))]

    # Merge male customers with transactions
    merged_df = pd.merge(male_customers, df_trans, left_on='client_id', right_on='account_id')

    # Filter transactions where operation is 'payment' and amount exceeds 4000
    payments_exceeding_4000 = merged_df[(merged_df['operation'] == 'payment') & 
                                         (merged_df['amount'] > 4000)]

    # Count unique male customers who made a payment exceeding 4000
    count = payments_exceeding_4000['client_id'].nunique()

    return count
```",,1,"['account', 'client', 'trans']",call_error: 'str' object has no attribute 'year',,,,,,,
182,How many male customers who were born between 1974 and 1976 have made a payment on their home in excess of $4000?,3,2,"```python
import pandas as pd

def compute_feature(df_trans, df_client):
    # Filter clients born between 1974 and 1976
    male_clients = df_client[(df_client['birth_date'] >= '1974-01-01') & 
                              (df_client['birth_date'] <= '1976-12-31') & 
                              (df_client['gender'] == 'Male')]

    # Merge transaction data with client data
    transactions = pd.merge(df_trans, male_clients[['client_id']], on='client_id')

    # Filter transactions where operation is 'payment' and amount is greater than 4000
    payments_over_4000 = transactions[transactions['type'] == 'payment' & 
                                       (transactions['amount'] > 4000)]

    # Count the number of such transactions
    count = payments_over_4000['client_id'].nunique()

    return count
```",,1,"['client', 'trans']",call_error: 'client_id',,,,,,,
182,How many male customers who were born between 1974 and 1976 have made a payment on their home in excess of $4000?,3,3,"```python
import pandas as pd

def compute_feature(trans, account, client):
    # Filter clients born between 1974 and 1976
    male_clients = client[client['gender'] == 'male'].copy()
    male_clients['birth_year'] = pd.to_datetime(male_clients['birth_date']).dt.year
    male_clients = male_clients[(male_clients['birth_year'] >= 1974) & (male_clients['birth_year'] <= 1976)]

    # Merge clients with accounts
    male_accounts = pd.merge(male_clients, account, on='client_id')

    # Filter transactions related to home payments
    home_payments = trans[trans['operation'] == 'payment']

    # Filter home payments by account and amount
    payments_by_male_accounts = home_payments[home_payments['account_id'].isin(male_accounts['account_id']) & (home_payments['amount'] > 4000)]

    # Return the count of payments
    return len(payments_by_male_accounts)
```

```python
import pandas as pd

def compute_feature(trans, account, client):
    # Filter clients born between 1974 and 1976
    male_clients = client[client['gender'] == 'male'].copy()
    male_clients['birth_year'] = pd.to_datetime(male_clients['birth_date']).dt.year
    male_clients = male_clients[(male_clients['birth_year'] >= 1974) & (male_clients['birth_year'] <= 1976)]

    # Merge clients with accounts
    male_accounts = pd.merge(male_clients, account[['account_id', 'client_id']], on='client_id')

    # Filter transactions related to home payments
    home_payments = trans[trans['operation'] == 'payment']

    # Filter home payments by account and amount
    payments_by_male_accounts = home_payments[home_payments['account_id'].isin(male_accounts['account_id']) & (home_payments['amount'] > 4000)]

    # Return the count of payments
    return len(payments_by_male_accounts)
```",,1,"['account', 'client', 'trans']",call_error: 'client_id',,,,,,,
182,How many male customers who were born between 1974 and 1976 have made a payment on their home in excess of $4000?,3,4,"```python
import pandas as pd

def compute_feature(df_trans, df_client, df_account):
    # Filter clients born between 1974 and 1976
    male_clients = df_client[(df_client['birth_date'] >= '1974-01-01') & 
                             (df_client['birth_date'] <= '1976-12-31') & 
                             (df_client['gender'] == 'male')]

    # Merge clients with accounts
    clients_with_accounts = pd.merge(male_clients, df_account, on='client_id')

    # Filter transactions with operation 'payment' and account type 'home'
    payments_on_home = df_trans[(df_trans['type'] == 'payment') & 
                                (df_trans['account'] == 'home')]

    # Merge transactions with clients
    payments_by_male_clients = pd.merge(payments_on_home, clients_with_accounts, on='account_id')

    # Filter transactions with amount greater than 4000
    large_payments = payments_by_male_clients[payments_by_male_clients['amount'] > 4000]

    # Count the number of large payments
    count_large_payments = large_payments['trans_id'].nunique()

    return count_large_payments
```

```python
# Usage
count_large_payments = compute_feature(df_trans, df_client, df_account)
print(count_large_payments)
```",,2,"['account', 'client', 'trans']",call_error: 'client_id',,,,,,,
183,How many accounts in Beroun were opened after 1996?,1,0,"```python
import pandas as pd

def count_accounts_opened_after_1996(accounts, districts):
    beroun_district_id = districts[districts['district_id'] == 'Beroun']['district_id'].unique()[0]
    
    accounts_opened_after_1996 = accounts[(accounts['date'] > '1996-01-01') & (accounts['district_id'] == beroun_district_id)]
    
    count = len(accounts_opened_after_1996)
    
    return count
```

You can use this function by calling it with your DataFrames as arguments:

```python
count = count_accounts_opened_after_1996(accounts, districts)
print(count)
```",,0,"['account', 'district']",call_error: index 0 is out of bounds for axis 0 with size 0,,,,,,,
183,How many accounts in Beroun were opened after 1996?,1,1,"```python
import pandas as pd

def count_accounts_beroun_after_1996(accounts, districts):
    # Filter accounts in Beroun
    beroun_accounts = accounts[accounts['district_id'] == districts[districts['district_id'] == 'Beroun']['district_id'].unique()[0]]
    
    # Filter accounts opened after 1996
    beroun_accounts_after_1996 = beroun_accounts[beroun_accounts['date'] > '1996']
    
    # Count accounts
    count = len(beroun_accounts_after_1996)
    
    return count
```

You would call this function with your DataFrames like this:

```python
count = count_accounts_beroun_after_1996(accounts, districts)
print(count)
```",,0,"['account', 'district']",call_error: index 0 is out of bounds for axis 0 with size 0,,,,,,,
183,How many accounts in Beroun were opened after 1996?,1,2,"```python
import pandas as pd

def count_accounts_opened_after_1996(accounts, districts):
    # Filter accounts from Beroun
    beroun_accounts = accounts[accounts['district_id'] == districts[districts['district_id'] == 'Beroun'].index[0]]

    # Filter accounts opened after 1996
    opened_after_1996 = beroun_accounts[beroun_accounts['date'] > '1996']

    # Return the count of accounts
    return len(opened_after_1996)
```",,0,"['account', 'district']",call_error: index 0 is out of bounds for axis 0 with size 0,,,,,,,
183,How many accounts in Beroun were opened after 1996?,1,3,"```python
import pandas as pd

def count_accounts_opened_after_1996(df_account, df_district):
    # Filter accounts in Beroun
    beroun_accounts = df_account[df_account['district_id'] == 'Beroun']
    
    # Filter accounts opened after 1996
    accounts_opened_after_1996 = beroun_accounts[beroun_accounts['date'] > '1996']
    
    # Return the count of accounts
    return len(accounts_opened_after_1996)

# Example usage:
print(count_accounts_opened_after_1996(df_account, df_district))
```",,0,"['account', 'district']",call_error: 'date',,,,,,,
183,How many accounts in Beroun were opened after 1996?,1,4,"```python
import pandas as pd

def count_accounts_beroun(df_account, df_district):
    beroun_district_id = df_district.loc[df_district['district_id'] == 'Beroun']['district_id'].iloc[0]
    
    accounts_beroun = df_account[df_account['district_id'] == beroun_district_id]
    
    accounts_beroun_opened_after_1996 = accounts_beroun[accounts_beroun['date'] > '1996-01-01']
    
    return len(accounts_beroun_opened_after_1996)
```",,0,"['account', 'district']",call_error: single positional indexer is out-of-bounds,,,,,,,
184,How many female customers have a junior credit card?,2,0,"```python
import pandas as pd

def count_female_junior_credit_cards(client, disp, card):
    # Filter female clients
    female_clients = client[client['gender'] == 'F']
    
    # Filter junior credit cards
    junior_cards = card[card['type'] == 'Junior']
    
    # Merge client and disp DataFrames
    client_disp = pd.merge(female_clients, disp, on='client_id')
    
    # Merge client_disp and card DataFrames
    client_card = pd.merge(client_disp, card, on='disp_id')
    
    # Filter junior credit cards for female clients
    female_junior_cards = client_card[client_card['type_x'] == 'Junior']
    
    # Count the number of junior credit cards for female clients
    count = female_junior_cards.shape[0]
    
    return count
```

```python
# Example usage
count = count_female_junior_credit_cards(client, disp, card)
print(count)
```",,2,"['card', 'client', 'disp']",,0,False,False,semantic,0,[[71]],True
184,How many female customers have a junior credit card?,2,1,"```python
import pandas as pd

def count_female_junior_credit_cards(client, disp, card):
    # Filter female clients
    female_clients = client[client['gender'] == 'F']
    
    # Filter junior credit cards
    junior_cards = card[card['type'] == 'junior']
    
    # Merge client and card DataFrames on client_id
    merged_df = pd.merge(female_clients, junior_cards, on='client_id')
    
    # Count the number of female clients with a junior credit card
    count = merged_df.shape[0]
    
    return count
```",,1,"['card', 'client', 'disp']",call_error: 'client_id',,,,,,,
184,How many female customers have a junior credit card?,2,2,"```python
import pandas as pd

def count_female_junior_cards(df_client, df_card):
    # Filter female clients
    female_clients = df_client[df_client['gender'] == 'F']
    
    # Merge female clients with cards
    merged_df = pd.merge(female_clients, df_card, on='client_id')
    
    # Filter junior cards
    junior_cards = merged_df[merged_df['type'] == 'junior']
    
    # Count the number of junior cards
    count = len(junior_cards)
    
    return count
```",,1,"['card', 'client']",call_error: 'client_id',,,,,,,
184,How many female customers have a junior credit card?,2,3,"```python
import pandas as pd

def female_junior_credit_card(df_client, df_card):
    # Filter female clients
    female_clients = df_client[df_client['gender'] == 'F']
    
    # Filter junior credit cards
    junior_cards = df_card[df_card['type'] == 'Junior']
    
    # Merge clients and cards on client_id
    merged = pd.merge(female_clients, junior_cards, on='client_id', how='inner')
    
    # Count the number of female customers with a junior credit card
    count = merged.shape[0]
    
    return count
```",,1,"['card', 'client']",call_error: 'client_id',,,,,,,
184,How many female customers have a junior credit card?,2,4,"```python
import pandas as pd

def count_female_junior_credit_cards(client, card, disp):
    # Filter female clients
    female_clients = client[client['gender'] == 'F']
    
    # Merge female clients with cards
    female_cards = pd.merge(female_clients, card, on='client_id')
    
    # Filter junior cards
    junior_cards = female_cards[female_cards['type'] == 'junior']
    
    # Count unique clients with junior cards
    count = junior_cards['client_id'].nunique()
    
    return count
```",,1,"['card', 'client', 'disp']",call_error: 'client_id',,,,,,,
185,What proportion of customers who have accounts at the Prague branch are female?,1,0,"```python
import pandas as pd

def proportion_female_customers(df_client, df_district):
    # Filter clients from the Prague branch
    prague_branch = df_district[df_district['A2'] == 'Prague']
    
    # Merge the client and district DataFrames
    merged_df = pd.merge(df_client, prague_branch[['district_id']], on='district_id')
    
    # Filter female customers
    female_customers = merged_df[merged_df['gender'] == 'Female']
    
    # Calculate proportion of female customers
    proportion = (len(female_customers) / len(merged_df)) * 100
    
    return proportion
```

```python
# Usage
proportion = proportion_female_customers(df_client, df_district)
print(f'Proportion of female customers: {proportion}%')
```",,1,"['client', 'district']",call_error: division by zero,,,,,,,
185,What proportion of customers who have accounts at the Prague branch are female?,1,1,"```python
import pandas as pd

def proportion_female_customers(df_client, df_district):
    prague_district_id = df_district.loc[df_district['A2'] == 'Praha', 'district_id'].iloc[0]
    prague_customers = df_client[df_client['district_id'] == prague_district_id]
    proportion_female = (prague_customers['gender'] == 'Female').mean()
    return proportion_female
```

```python
# Usage
proportion_female = proportion_female_customers(df_client, df_district)
print(proportion_female)
```",,0,"['client', 'district']",call_error: single positional indexer is out-of-bounds,,,,,,,
185,What proportion of customers who have accounts at the Prague branch are female?,1,2,"```python
import pandas as pd

def proportion_female_customers_at_prague_branch(df_client, df_district):
    # Filter the client DataFrame to only include clients from the Prague branch
    prague_branch_customers = df_client[df_client['district_id'] == 1]  # Assuming Prague branch has district_id = 1
    
    # Calculate the proportion of female customers in the Prague branch
    proportion_female = (prague_branch_customers['gender'] == 'F').mean()
    
    return proportion_female
```

```python
# Example usage
proportion_female = proportion_female_customers_at_prague_branch(df_client, df_district)
print(proportion_female)
```",,0,"['client', 'district']",,0.48868778280542985,True,False,,,,
185,What proportion of customers who have accounts at the Prague branch are female?,1,3,"```python
import pandas as pd

def proportion_female_customers(df_client, df_district):
    prague_district_id = df_district[df_district['A2'] == 'Praha'][['district_id']].iloc[0]['district_id']

    prague_customers = df_client[df_client['district_id'] == prague_district_id]
    proportion_female = (prague_customers['gender'] == 'Female').mean()

    return proportion_female
```

```python
import pandas as pd

def proportion_female_customers(df_client, df_district):
    prague_district_id = df_district[df_district['A2'] == 'Praha'][['district_id']].iloc[0]['district_id']

    prague_customers = df_client[df_client['district_id'] == prague_district_id]
    proportion_female = (prague_customers['gender'] == 'Female').mean()

    return proportion_female

# Example usage:
df_client = pd.DataFrame({
    'client_id': [1, 2, 3],
    'gender': ['Male', 'Female', 'Male'],
    'birth_date': ['1990-01-01', '1991-01-01', '1992-01-01'],
    'district_id': [1, 2, 3]
})

df_district = pd.DataFrame({
    'district_id': [1, 2, 3],
    'A2': ['Praha', 'Brno', 'Ostrava']
})

result = proportion_female_customers(df_client, df_district)
print(result)
```",,0,"['client', 'district']",call_error: single positional indexer is out-of-bounds,,,,,,,
185,What proportion of customers who have accounts at the Prague branch are female?,1,4,"```python
import pandas as pd

def proportion_female_customers(df_client, df_district):
    # Merge client and district DataFrames based on district_id
    merged_df = pd.merge(df_client, df_district, on='district_id')
    
    # Filter rows for Prague branch
    prague_df = merged_df[merged_df['A2'] == 'Praha']
    
    # Calculate proportion of female customers
    proportion_female = (prague_df['gender'] == 'F').mean()
    
    return proportion_female
```",,1,"['client', 'district']",,,False,False,semantic,nan,[[48.86877828054298]],False
186,What percentage of male clients request for weekly statements to be issued?,2,0,"```python
import pandas as pd

def weekly_statements_percentage(df_client, df_account):
    # Merge client and account data
    merged_df = pd.merge(df_client, df_account, on='client_id')
    
    # Filter for male clients
    male_df = merged_df[merged_df['gender'] == 'male']
    
    # Filter for accounts with weekly statements
    weekly_df = male_df[male_df['frequency'] == 'Weekly']
    
    # Calculate percentage
    percentage = (len(weekly_df) / len(male_df)) * 100
    
    return percentage
```

```python
import pandas as pd

def weekly_statements_percentage(df_client, df_account, df_disp):
    # Merge client and account data
    merged_df = pd.merge(df_client, df_account, on='client_id')
    
    # Merge account and disp data
    merged_df = pd.merge(merged_df, df_disp, on='account_id')
    
    # Filter for male clients
    male_df = merged_df[merged_df['gender'] == 'male']
    
    # Filter for accounts with weekly statements
    weekly_df = male_df[male_df['type'] == 'Weekly']
    
    # Calculate percentage
    percentage = (len(weekly_df) / len(male_df)) * 100
    
    return percentage
```",,1,"['account', 'client']",call_error: 'client_id',,,,,,,
186,What percentage of male clients request for weekly statements to be issued?,2,1,"```python
import pandas as pd

def weekly_statements_percentage(df_client, df_account, df_disp):
    # Merge client and account dataframes
    merged = pd.merge(df_client, df_account, on='client_id')
    
    # Merge merged dataframe with disp dataframe
    merged = pd.merge(merged, df_disp, on='account_id')
    
    # Filter for male clients and weekly statements
    weekly_male = merged[(merged['gender'] == 'M') & (merged['A2'] == 1)]
    
    # Calculate percentage
    total_male = merged[merged['gender'] == 'M'].shape[0]
    percentage = (weekly_male.shape[0] / total_male) * 100
    
    return percentage
```",,2,"['account', 'client', 'disp']",call_error: 'client_id',,,,,,,
186,What percentage of male clients request for weekly statements to be issued?,2,2,"```python
import pandas as pd

def calculate_weekly_statement_request_percentage(df_client, df_account):
    # Filter male clients
    male_clients = df_client[df_client['gender'] == 'male']

    # Merge account and client data
    merged_data = pd.merge(male_clients, df_account, on='client_id')

    # Filter weekly statements
    weekly_statements = merged_data[merged_data['frequency'] == 'W']

    # Calculate percentage
    total_male_clients = len(male_clients)
    weekly_statement_request_percentage = (len(weekly_statements) / total_male_clients) * 100

    return weekly_statement_request_percentage
```

```python
# Usage
result = calculate_weekly_statement_request_percentage(df_client, df_account)
print(result)
```",,1,"['account', 'client']",call_error: 'client_id',,,,,,,
186,What percentage of male clients request for weekly statements to be issued?,2,3,"```python
import pandas as pd

def weekly_statements_percentage(df_client, df_account):
    # Merge client and account dataframes
    merged_df = pd.merge(df_client, df_account, on='client_id')
    
    # Filter for male clients
    male_clients_df = merged_df[merged_df['gender'] == 'Male']
    
    # Filter for accounts with weekly statement frequency
    weekly_accounts_df = male_clients_df[male_clients_df['frequency'] == 'Weekly']
    
    # Calculate percentage
    percentage = (len(weekly_accounts_df) / len(male_clients_df)) * 100
    
    return percentage

# Usage
percentage = weekly_statements_percentage(df_client, df_account)
print(f'The percentage of male clients requesting weekly statements is {percentage:.2f}%')
```

```python
import pandas as pd

def weekly_statements_percentage(df_client, df_account):
    # Merge client and account dataframes
    merged_df = pd.merge(df_client, df_account, on='client_id')
    
    # Filter for male clients
    male_clients_df = merged_df[merged_df['gender'] == 'Male']
    
    # Filter for accounts with weekly statement frequency
    weekly_accounts_df = male_clients_df[male_clients_df['frequency'] == 'Weekly']
    
    # Calculate percentage
    percentage = (len(weekly_accounts_df) / len(male_clients_df)) * 100
    
    return percentage

# Usage
percentage = weekly_statements_percentage(df_client, df_account)
print(f'The percentage of male clients requesting weekly statements is {percentage:.2f}%')
```",,1,"['account', 'client']",call_error: 'client_id',,,,,,,
186,What percentage of male clients request for weekly statements to be issued?,2,4,"```python
import pandas as pd

def weekly_statements_percentage(df_client, df_account):
    # Merge client and account data on client_id
    merged_data = pd.merge(df_client, df_account, on='client_id')
    
    # Filter data for male clients
    male_clients = merged_data[merged_data['gender'] == 'male']
    
    # Filter data for weekly statements
    weekly_statements = male_clients[male_clients['frequency'] == 'W']
    
    # Calculate percentage of male clients requesting weekly statements
    percentage = (len(weekly_statements) / len(male_clients)) * 100
    
    return percentage
```

You can use this function like this:

```python
percentage = weekly_statements_percentage(df_client, df_account)
print(f'{percentage:.2f}%')
```",,1,"['account', 'client']",call_error: 'client_id',,,,,,,
187,How many clients who choose statement of weekly issuance are Owner?,1,0,"```python
import pandas as pd

def weekly_statement_owners(df_account, df_disp):
    # Filter the accounts with weekly frequency
    weekly_accounts = df_account[df_account['frequency'] == 'Weekly']

    # Filter the disp table for weekly statements
    weekly_statements = df_disp[df_disp['type'] == 'statement of weekly issuance']

    # Merge the two DataFrames on account_id
    merged_df = pd.merge(weekly_accounts, weekly_statements, on='account_id')

    # Group by client_id and count the number of accounts
    owner_counts = merged_df['client_id'].value_counts().rename('count')

    return owner_counts
```

You can use this function as follows:

```python
weekly_statement_owners(df_account, df_disp)
```

This will return a pandas Series with the client_id as the index and the count of accounts as the value. You can then use this Series to create a new feature in your loan status prediction model.",,1,"['account', 'client', 'disp']",,"Series([], Name: count, dtype: int64)",False,False,semantic,"Series([], Name: count, dtype: int64)",[[240]],True
187,How many clients who choose statement of weekly issuance are Owner?,1,1,"```python
import pandas as pd

def weekly_statement_owners(df_account, df_disp):
    # Filter accounts with weekly frequency
    weekly_accounts = df_account[df_account['frequency'] == 'WEEKLY']
    
    # Merge accounts with disp table
    merged_df = pd.merge(weekly_accounts, df_disp, on='account_id')
    
    # Filter for statement of weekly issuance
    weekly_statements = merged_df[merged_df['type'] == 'STMT_WEEKLY']
    
    # Count unique clients who are owners
    owner_clients = weekly_statements['client_id'].nunique()
    
    return owner_clients
```

```python
import pandas as pd

def weekly_statement_owners(df_account, df_disp):
    # Filter accounts with weekly frequency
    weekly_accounts = df_account[df_account['frequency'] == 'WEEKLY']
    
    # Merge accounts with disp table
    merged_df = pd.merge(weekly_accounts, df_disp, on='account_id')
    
    # Filter for statement of weekly issuance
    weekly_statements = merged_df[merged_df['type'] == 'STMT_WEEKLY']
    
    # Filter for owner clients
    owner_clients = weekly_statements[weekly_statements['client_id'].isin(weekly_statements['client_id'].unique())]
    
    # Count unique clients who are owners
    owner_clients_count = owner_clients['client_id'].nunique()
    
    return owner_clients_count
```

```python
import pandas as pd

def weekly_statement_owners(df_account, df_disp):
    # Filter accounts with weekly frequency
    weekly_accounts = df_account[df_account['frequency'] == 'WEEKLY']
    
    # Merge accounts with disp table
    merged_df = pd.merge(weekly_accounts, df_disp, on='account_id')
    
    # Group by client_id and count
    client_counts = merged_df.groupby('client_id')['type'].nunique().reset_index()
    
    # Filter for statement of weekly issuance
    weekly_statements = client_counts[client_counts['type'] == 1]
    
    # Count unique clients who are owners
    owner_clients_count = weekly_statements.shape[0]
    
    return owner_clients_count
```",,1,"['account', 'client', 'disp']",,0,False,False,semantic,0,[[240]],True
187,How many clients who choose statement of weekly issuance are Owner?,1,2,"```python
import pandas as pd

def count_weekly_statement_owners(accounts, disp):
    # Filter the accounts DataFrame for weekly statements
    weekly_statements = accounts[accounts['frequency'] == 'W']

    # Merge the accounts and disp DataFrames on account_id
    merged_df = pd.merge(weekly_statements, disp, on='account_id')

    # Filter the merged DataFrame for statement of weekly issuance and Owner type
    weekly_statements_owners = merged_df[(merged_df['type'] == 'statement') & (merged_df['disp_id'] == 'Owner')]

    # Return the count of unique client_id
    return weekly_statements_owners['client_id'].nunique()
```",,1,"['account', 'client', 'disp']",,0,False,False,semantic,0,[[240]],True
187,How many clients who choose statement of weekly issuance are Owner?,1,3,"```python
import pandas as pd

def count_clients_by_ownership(df_account, df_disp):
    # Filter accounts with weekly statement issuance
    weekly_accounts = df_account[df_account['frequency'] == 'Weekly']
    
    # Merge account and disp DataFrames on account_id
    merged_df = pd.merge(weekly_accounts, df_disp, on='account_id')
    
    # Filter clients who are owners
    owner_clients = merged_df[merged_df['type'] == 'Owner']
    
    # Count unique client IDs
    count = owner_clients['client_id'].nunique()
    
    return count
```

You can use this function like this:

```python
count = count_clients_by_ownership(df_account, df_disp)
print(count)
```",,1,"['account', 'client', 'disp']",,0,False,False,semantic,0,[[240]],True
187,How many clients who choose statement of weekly issuance are Owner?,1,4,"```python
import pandas as pd

def weekly_statements_by_owner(df_account, df_disp):
    # Filter accounts with frequency 'Weekly'
    weekly_accounts = df_account[df_account['frequency'] == 'Weekly']

    # Merge account and disp DataFrames
    merged_df = pd.merge(weekly_accounts, df_disp, on='account_id')

    # Filter by type 'Statement' and account ownership
    owner_statements = merged_df[(merged_df['type'] == 'Statement') & (merged_df['client_id'] == 'Owner')]

    # Return the count of clients who choose statement of weekly issuance are Owner
    return owner_statements['client_id'].nunique()
```

```python
# Example usage
print(weekly_statements_by_owner(df_account, df_disp))
```",,1,"['account', 'client', 'disp']",,0,False,False,semantic,0,[[240]],True
188,"Among the accounts who have loan validity more than 24 months, list out the accounts that have the lowest approved amount and have account opening date before 1997.",1,0,"```python
import pandas as pd

def lowest_approved_amount():
    # Filter loans with validity more than 24 months
    valid_loans = loan[(loan['duration'] + loan['date'].dt.year - loan['date'].dt.year) > 24]
    
    # Filter valid loans with approved amount
    valid_amounts = valid_loans[['account_id', 'amount']]
    
    # Group by account_id and get the minimum approved amount
    min_amounts = valid_amounts.groupby('account_id')['amount'].min().reset_index()
    
    # Filter accounts with approved amount before 1997
    accounts_before_1997 = account[account['date'].dt.year < 1997]
    
    # Merge the two DataFrames
    result = pd.merge(min_amounts, accounts_before_1997, how='inner', on='account_id')
    
    return result
```",,1,"['account', 'loan']",call_error: 'date',,,,,,,
188,"Among the accounts who have loan validity more than 24 months, list out the accounts that have the lowest approved amount and have account opening date before 1997.",1,1,"```python
import pandas as pd

def lowest_approved_amount_before_1997(df_loan, df_account):
    # Merge loan and account data on account_id
    merged_data = pd.merge(df_loan, df_account, on='account_id')
    
    # Filter data where loan validity is more than 24 months
    valid_loans = merged_data[merged_data['duration'] > 24]
    
    # Filter data where account opening date is before 1997
    valid_loans_before_1997 = valid_loans[valid_loans['date_y'] < '1997-01-01']
    
    # Find the account with the lowest approved amount
    lowest_approved = valid_loans_before_1997.loc[valid_loans_before_1997['amount'].idxmin()]
    
    return lowest_approved[['account_id', 'date_x', 'amount']]
```",,1,"['account', 'loan']",call_error: 'date_y',,,,,,,
188,"Among the accounts who have loan validity more than 24 months, list out the accounts that have the lowest approved amount and have account opening date before 1997.",1,2,"```python
import pandas as pd

def compute_feature(df_loan, df_account):
    # Filter loan validity more than 24 months
    df_loan_validity = df_loan[df_loan['duration'] > 24]

    # Merge account and loan data
    df_merged = pd.merge(df_loan_validity, df_account, on='account_id')

    # Filter accounts with approved amount and account opening date
    df_filtered = df_merged[df_merged['amount'] == df_merged['amount'].min()]
    df_filtered = df_filtered[df_filtered['date_x'] < '1997-01-01']

    # Return the filtered DataFrame
    return df_filtered[['account_id']]
```",,1,"['account', 'loan']",call_error: 'date_x',,,,,,,
188,"Among the accounts who have loan validity more than 24 months, list out the accounts that have the lowest approved amount and have account opening date before 1997.",1,3,"```python
import pandas as pd

def get_lowest_approved_amounts(df_loan, df_account):
    # Filter loans that are valid more than 24 months
    valid_loans = df_loan[df_loan['duration'] > 24]

    # Filter loans that are approved
    approved_loans = valid_loans[valid_loans['status'] == 'Approved']

    # Merge account and loan data
    merged_data = pd.merge(approved_loans, df_account, on='account_id')

    # Filter accounts that opened before 1997
    filtered_data = merged_data[merged_data['date_x'] < '1997-01-01']

    # Group by account_id and get the minimum approved amount
    min_approved_amounts = filtered_data.groupby('account_id')['amount'].min().reset_index()

    return min_approved_amounts
```

```python
import pandas as pd

def get_lowest_approved_amounts(df_loan, df_account):
    # Filter loans that are valid more than 24 months
    valid_loans = df_loan[df_loan['duration'] > 24]

    # Filter loans that are approved
    approved_loans = valid_loans[valid_loans['status'] == 'Approved']

    # Merge account and loan data
    merged_data = pd.merge(approved_loans, df_account, on='account_id')

    # Filter accounts that opened before 1997
    filtered_data = merged_data[merged_data['date_y'] < '1997-01-01']

    # Group by account_id and get the minimum approved amount
    min_approved_amounts = filtered_data.groupby('account_id')['amount'].min().reset_index()

    return min_approved_amounts
```

```python
import pandas as pd

def get_lowest_approved_amounts(df_loan, df_account):
    # Filter loans that are valid more than 24 months
    valid_loans = df_loan[df_loan['duration'] > 24]

    # Filter loans that are approved
    approved_loans = valid_loans[valid_loans['status'] == 'Approved']

    # Merge account and loan data
    merged_data = pd.merge(approved_loans, df_account, on='account_id')

    # Filter accounts that opened before 1997
    filtered_data = merged_data[merged_data['date_y'] < '1997-01-01']

    # Group by account_id and get the minimum approved amount
    min_approved_amounts = filtered_data.loc[filtered_data.duplicated(subset=['account_id'], keep='first') == False][['account_id', 'amount']].drop_duplicates()

    return min_approved_amounts
```",,1,"['account', 'loan']",call_error: 'date_x',,,,,,,
188,"Among the accounts who have loan validity more than 24 months, list out the accounts that have the lowest approved amount and have account opening date before 1997.",1,4,"```python
import pandas as pd

def compute_feature(df_loan, df_account):
    # Filter loans with validity more than 24 months
    valid_loans = df_loan[df_loan['duration'] > 24]

    # Filter accounts with approved amount and account opening date before 1997
    filtered_accounts = df_account[(df_account['account_id'].isin(valid_loans['account_id'])) & 
                                    (valid_loans['amount'] == valid_loans['amount'].min()) & 
                                    (df_account['date'] < '1997-01-01')]

    return filtered_accounts
```

```python
# Example usage
result = compute_feature(df_loan, df_account)
print(result)
```",,0,"['account', 'loan']",call_error: '<' not supported between instances of 'int' and 'Timestamp',,,,,,,
189,Name the account numbers of female clients who are oldest and have lowest average salary?,2,0,"```python
import pandas as pd

def oldest_female_client_account(df_client, df_district, df_account, df_disp):
    # Merge client and district dataframes
    merged_client_district = pd.merge(df_client, df_district, on='district_id')
    
    # Calculate age
    merged_client_district['age'] = merged_client_district['birth_date'].apply(lambda x: (pd.to_datetime('2024-07-26') - x).days // 365)
    
    # Calculate average salary
    merged_client_district['average_salary'] = merged_client_district[['A2', 'A3', 'A4', 'A5', 'A6', 'A7', 'A8', 'A9', 'A10', 'A11', 'A12', 'A13', 'A14', 'A15', 'A16']].mean(axis=1)
    
    # Filter female clients
    female_clients = merged_client_district[merged_client_district['gender'] == 'F']
    
    # Filter oldest client
    oldest_client = female_clients.loc[female_clients['age'].idxmax()]
    
    # Filter clients with lowest average salary
    lowest_average_salary = female_clients[female_clients['average_salary'] == female_clients['average_salary'].min()]
    
    # Filter accounts of the oldest client with lowest average salary
    account_numbers = pd.merge(df_account, lowest_average_salary[['client_id']], on='client_id')
    
    # Return account numbers
    return account_numbers['account_id']
```",,2,"['account', 'client', 'disp', 'district']",call_error: unsupported operand type(s) for -: 'Timestamp' and 'str',,,,,,,
189,Name the account numbers of female clients who are oldest and have lowest average salary?,2,1,"```python
import pandas as pd

def get_lowest_avg_salary_female_accounts(df_client, df_district, df_account, df_disp):
    # Merge client and account tables
    merged = pd.merge(df_client, df_account, on='district_id')
    
    # Merge with district table to get average salary
    merged = pd.merge(merged, df_district, on='district_id')
    
    # Calculate average salary
    merged['avg_salary'] = merged[['A2', 'A3', 'A4', 'A5', 'A6', 'A7', 'A8', 'A9', 'A10', 'A11', 'A12', 'A13', 'A14', 'A15', 'A16']].mean(axis=1)
    
    # Filter female clients
    female_clients = merged[merged['gender'] == 'F']
    
    # Find oldest client
    oldest_client = female_clients.loc[female_clients['birth_date'].idxmin()]
    
    # Get account numbers of this client
    account_numbers = df_account[df_account['client_id'] == oldest_client['client_id']]['account_id'].unique()
    
    return account_numbers
```",,2,"['account', 'client', 'disp', 'district']","call_error: ""['A2'] not in index""",,,,,,,
189,Name the account numbers of female clients who are oldest and have lowest average salary?,2,2,"```python
import pandas as pd

def oldest_female_lowest_salary(df_client, df_district, df_account, df_disp):
    # Calculate age
    df_client['age'] = (pd.to_datetime('today') - df_client['birth_date']).dt.days // 365
    
    # Filter female clients
    female_clients = df_client[df_client['gender'] == 'F']
    
    # Calculate average salary
    avg_salary = df_district[['A2', 'A3', 'A4', 'A5', 'A6', 'A7', 'A8', 'A9', 'A10', 'A11', 'A12', 'A13', 'A14', 'A15', 'A16']].mean(axis=1)
    
    # Merge dataframes
    merged_df = pd.merge(df_client, df_district, on='district_id')
    merged_df = pd.merge(merged_df, df_account, on='account_id')
    
    # Filter female clients with lowest average salary
    lowest_avg_salary = merged_df[df_client['gender'] == 'F'].groupby('district_id')['age'].idxmin().reset_index()
    lowest_avg_salary['account_id'] = merged_df['account_id'].loc[merged_df['district_id'].isin(lowest_avg_salary['district_id'])].groupby('district_id')['account_id'].idxmin().reset_index()['account_id']
    
    # Merge with disp dataframe to get account numbers
    account_numbers = pd.merge(lowest_avg_salary, df_disp, on='account_id')
    account_numbers = account_numbers[['account_id']]
    
    # Group by account number and get the oldest female client
    account_numbers = account_numbers.groupby('account_id').apply(lambda x: x[x['age'] == x['age'].min()])
    
    return account_numbers['account_id'].tolist()
```",,3,"['account', 'client', 'disp', 'district']",call_error: unsupported operand type(s) for -: 'Timestamp' and 'str',,,,,,,
189,Name the account numbers of female clients who are oldest and have lowest average salary?,2,3,"```python
import pandas as pd

def oldest_female_lowest_avg_salary(df_client, df_account, df_district):
    # Merge client and account data
    merged_df = pd.merge(df_client, df_account, on='client_id')
    
    # Calculate age
    merged_df['age'] = (pd.to_datetime('today') - merged_df['birth_date']).dt.days // 365
    
    # Merge account and district data
    merged_df = pd.merge(merged_df, df_district, on='district_id')
    
    # Calculate average salary
    merged_df['avg_salary'] = merged_df[['A2', 'A3', 'A4', 'A5', 'A6', 'A7', 'A8', 'A9', 'A10', 'A11', 'A12', 'A13', 'A14', 'A15', 'A16']].mean(axis=1)
    
    # Filter female clients
    female_df = merged_df[merged_df['gender'] == 'F']
    
    # Filter oldest female client
    oldest_female_df = female_df[female_df['age'] == female_df['age'].max()]
    
    # Filter lowest average salary
    lowest_avg_salary_df = oldest_female_df[oldest_female_df['avg_salary'] == oldest_female_df['avg_salary'].min()]
    
    # Return account numbers
    return lowest_avg_salary_df['account_id']
```",,2,"['account', 'client', 'district']",call_error: 'client_id',,,,,,,
189,Name the account numbers of female clients who are oldest and have lowest average salary?,2,4,"```python
import pandas as pd

def get_lowest_avg_salary_female_accounts(df_client, df_district, df_account, df_disp):
    # Merge client and district dataframes
    df_client_district = pd.merge(df_client, df_district, on='district_id')

    # Calculate age
    df_client_district['age'] = (pd.to_datetime('2024-07-26') - df_client_district['birth_date']).dt.days // 365

    # Calculate average salary
    df_client_district['avg_salary'] = df_district['A10'] / df_district['A12']

    # Merge account and disp dataframes
    df_account_disp = pd.merge(df_account, df_disp, on=['client_id', 'account_id'])

    # Merge client district and account disp dataframes
    df_client_account = pd.merge(df_client_district, df_account_disp, on=['client_id', 'account_id'])

    # Filter female clients
    df_female_client = df_client_account[df_client_account['gender'] == 'F']

    # Find the oldest female client
    oldest_female_client = df_female_client.loc[df_female_client['age'].idxmax()]

    # Filter accounts of the oldest female client
    df_accounts = df_account_disp[df_account_disp['client_id'] == oldest_female_client['client_id']]

    # Calculate average salary for each account
    df_accounts['avg_salary'] = df_district['A10'] / df_district['A12']

    # Find the account with the lowest average salary
    lowest_avg_salary_account = df_accounts.loc[df_accounts['avg_salary'].idxmin()]

    # Return the account numbers of the female clients who are oldest and have lowest average salary
    return lowest_avg_salary_account['account_id']
```",,3,"['account', 'client', 'disp', 'district']",call_error: unsupported operand type(s) for -: 'Timestamp' and 'str',,,,,,,
190,How many clients who were born in 1920 stay in east Bohemia?,1,0,"```python
import pandas as pd

def count_clients_east_bohemia(df_client, df_district):
    # Filter clients born in 1920
    clients_1920 = df_client[df_client['birth_date'].str.contains('1920', regex=False)]

    # Filter districts in east Bohemia
    east_bohemia_districts = df_district[df_district['A2'] == 'east Bohemia']

    # Merge clients and districts on district_id
    merged = pd.merge(clients_1920, east_bohemia_districts, on='district_id')

    # Count the number of clients
    count = merged.shape[0]

    return count
```

```python
# Example usage:
count = count_clients_east_bohemia(df_client, df_district)
print(count)
```",,1,"['client', 'district']",,0,False,False,semantic,0,[[6]],False
190,How many clients who were born in 1920 stay in east Bohemia?,1,1,"```python
import pandas as pd

def count_clients_born_in_1920_in_east_bohemia(df_client, df_district):
    # Filter clients born in 1920
    clients_1920 = df_client[df_client['birth_date'].str.contains('1920')]
    
    # Extract district from client DataFrame
    client_district = clients_1920['district_id'].unique()
    
    # Filter districts in east Bohemia
    east_bohemia_districts = df_district[df_district['A12'] > 0]['district_id'].unique()
    
    # Filter clients born in 1920 staying in east Bohemia
    clients_1920_east_bohemia = clients_1920[clients_1920['district_id'].isin(east_bohemia_districts)]
    
    # Return the count of clients
    return len(clients_1920_east_bohemia)
```

```python
# Example usage
print(count_clients_born_in_1920_in_east_bohemia(df_client, df_district))
```",,0,"['client', 'district']",,55,True,False,,,,
190,How many clients who were born in 1920 stay in east Bohemia?,1,2,"```python
import pandas as pd

def count_clients_in_east_bohemia(df_client, df_district):
    # Filter clients born in 1920
    clients_1920 = df_client[df_client['birth_date'].apply(lambda x: x.year == 1920)]
    
    # Filter districts in east Bohemia
    east_bohemia_districts = df_district[df_district['A2'] == 'East Bohemia']
    
    # Merge clients with districts
    merged_df = pd.merge(clients_1920, east_bohemia_districts, left_on='district_id', right_on='district_id')
    
    # Count clients in east Bohemia
    count = merged_df.shape[0]
    
    return count
```

You can use this function like this:

```python
count = count_clients_in_east_bohemia(df_client, df_district)
print(count)
```",,1,"['client', 'district']",call_error: 'str' object has no attribute 'year',,,,,,,
190,How many clients who were born in 1920 stay in east Bohemia?,1,3,"```python
import pandas as pd

def count_clients_east_bohemia(df_client, df_district):
    # Filter clients born in 1920
    clients_1920 = df_client[df_client['birth_date'].dt.year == 1920]
    
    # Filter districts in east Bohemia
    east_bohemia_districts = df_district[df_district['A2'] == 'East Bohemia']
    
    # Merge clients and districts on client district
    merged = pd.merge(clients_1920, east_bohemia_districts, left_on='district_id', right_on='district_id')
    
    # Count clients staying in east Bohemia
    count = merged.shape[0]
    
    return count
```

You can use this function as follows:

```python
count = count_clients_east_bohemia(df_client, df_district)
print(count)
```",,1,"['client', 'district']",call_error: Can only use .dt accessor with datetimelike values,,,,,,,
190,How many clients who were born in 1920 stay in east Bohemia?,1,4,"```python
import pandas as pd

def count_clients_born_in_1920_staying_in_east_bohemia(df_client, df_district):
    # Filter clients born in 1920
    born_in_1920 = df_client[df_client['birth_date'].dt.year == 1920]

    # Filter districts in East Bohemia
    east_bohemia_districts = df_district[df_district['A2'] == 1]

    # Merge client and district DataFrames
    merged_df = pd.merge(born_in_1920, east_bohemia_districts, left_on='district_id', right_on='district_id', how='inner')

    # Count the number of clients staying in East Bohemia
    count = merged_df.shape[0]

    return count
```",,1,"['client', 'district']",call_error: Can only use .dt accessor with datetimelike values,,,,,,,
191,How many loan accounts are for pre-payment of duration of 24 months with weekly issuance of statement.,1,0,"```python
import pandas as pd

def compute_pre_payment_loans(df_loan, df_account):
    # Filter loan accounts with weekly statement issuance
    weekly_statements = df_account[df_account['frequency'] == 'Weekly']
    
    # Merge the account and loan dataframes on account_id
    merged_data = pd.merge(df_loan, weekly_statements, on='account_id')
    
    # Filter loans with duration of 24 months
    pre_payment_loans = merged_data[merged_data['duration'] == 24]
    
    # Count the number of loan accounts
    count = pre_payment_loans['account_id'].nunique()
    
    return count
```

```python
# Usage
count = compute_pre_payment_loans(df_loan, df_account)
print(count)
```",,1,"['account', 'loan']",,0,False,False,semantic,0,[[15]],False
191,How many loan accounts are for pre-payment of duration of 24 months with weekly issuance of statement.,1,1,"```python
import pandas as pd

def compute_pre_payment_loans(df_loan, df_account):
    # Filter accounts with weekly statement issuance
    weekly_accounts = df_account[df_account['frequency'] == 'Weekly']
    
    # Merge loan and account data
    merged_data = pd.merge(df_loan, weekly_accounts[['account_id']], on='account_id')
    
    # Filter loans with duration of 24 months
    pre_payment_loans = merged_data[merged_data['duration'] == 24]
    
    # Count the number of loan accounts
    count = pre_payment_loans['account_id'].nunique()
    
    return count
```",,1,"['account', 'loan']",,0,False,False,semantic,0,[[15]],False
191,How many loan accounts are for pre-payment of duration of 24 months with weekly issuance of statement.,1,2,"```python
import pandas as pd

def compute_pre_payment_loans(df_loan, df_account):
    # Filter loans with duration of 24 months
    filtered_loans = df_loan[df_loan['duration'] == 24]

    # Filter accounts with weekly statement issuance
    filtered_accounts = df_account[df_account['frequency'] == 'W']

    # Merge loan and account DataFrames on account_id
    merged_df = pd.merge(filtered_loans, filtered_accounts, on='account_id')

    # Count the number of loan accounts for pre-payment
    count = merged_df.shape[0]

    return count
```

You can use this function like this:

```python
count = compute_pre_payment_loans(df_loan, df_account)
print(count)
```",,1,"['account', 'loan']",,0,False,False,semantic,0,[[15]],False
191,How many loan accounts are for pre-payment of duration of 24 months with weekly issuance of statement.,1,3,"```python
import pandas as pd

def count_pre_payment_loans(df_loan, df_account):
    # Filter accounts with weekly statement issuance
    weekly_accounts = df_account[df_account['frequency'] == 'WEEKLY']

    # Merge loan and account DataFrames on account_id
    merged_df = pd.merge(df_loan, weekly_accounts, on='account_id')

    # Filter loans with duration of 24 months
    pre_payment_loans = merged_df[merged_df['duration'] == 24]

    # Count the number of loans
    count = pre_payment_loans['loan_id'].nunique()

    return count
```",,1,"['account', 'loan']",,0,False,False,semantic,0,[[15]],False
191,How many loan accounts are for pre-payment of duration of 24 months with weekly issuance of statement.,1,4,"```python
import pandas as pd

def compute_pre_payment_accounts(df_loan, df_account):
    # Filter accounts with weekly statement issuance
    weekly_accounts = df_account[df_account['frequency'] == 'Weekly']

    # Merge accounts with loans
    merged_df = pd.merge(weekly_accounts, df_loan, on='account_id')

    # Filter loans with 24-month duration
    pre_payment_loans = merged_df[merged_df['duration'] == 24]

    # Count the number of loan accounts
    count = pre_payment_loans['account_id'].nunique()

    return count
```

```python
# Example usage:
count = compute_pre_payment_accounts(df_loan, df_account)
print(count)
```",,1,"['account', 'loan']",,0,False,False,semantic,0,[[15]],False
192,What is the average amount of loan which are still on running contract with statement issuance after each transaction?,1,0,"```python
import pandas as pd

def average_running_loan_amount(df_loan, df_account):
    # Filter loans that are still on running contract
    running_loans = df_loan[df_loan['status'] == 'running']

    # Filter accounts with statement issuance after each transaction
    accounts_statement_issuance = df_account[df_account['frequency'] == 'after each transaction']

    # Merge loans and accounts on account_id
    merged = pd.merge(running_loans, accounts_statement_issuance, on='account_id')

    # Group by district_id and calculate average amount
    avg_amount = merged.groupby('district_id')['amount'].mean().reset_index()

    return avg_amount
```

```python
# Example usage:
average_amount = average_running_loan_amount(df_loan, df_account)
print(average_amount)
```

This function assumes that the DataFrames are already loaded and are named `df_loan` and `df_account`. It first filters the loans that are still on running contract, then filters the accounts with statement issuance after each transaction. It merges these two DataFrames on `account_id` and finally groups by `district_id` to calculate the average amount of loans.",,1,"['account', 'district', 'loan', 'trans']",,"Empty DataFrame
Columns: [district_id, amount]
Index: []",False,False,semantic,"Empty DataFrame
Columns: [district_id, amount]
Index: []",[[192836.57142857142]],False
192,What is the average amount of loan which are still on running contract with statement issuance after each transaction?,1,1,"```python
import pandas as pd

def average_running_contract_amount(df_loan, df_account):
    # Filter loans that are still on running contract
    running_contracts = df_loan[df_loan['status'] == 'Running']

    # Filter accounts with statement issuance after each transaction
    statement_issuance = df_account[df_account['frequency'] == 'Statement after each transaction']

    # Merge the two DataFrames on account_id
    merged_df = pd.merge(running_contracts, statement_issuance, on='account_id')

    # Group by district_id and calculate average amount
    average_amount = merged_df.groupby('district_id')['amount'].mean().reset_index()

    return average_amount
```

You can use this function by passing your DataFrames as arguments:

```python
average_amount = average_running_contract_amount(df_loan, df_account)
```",,1,"['account', 'district', 'loan', 'trans']",,"Empty DataFrame
Columns: [district_id, amount]
Index: []",False,False,semantic,"Empty DataFrame
Columns: [district_id, amount]
Index: []",[[192836.57142857142]],False
192,What is the average amount of loan which are still on running contract with statement issuance after each transaction?,1,2,"```python
import pandas as pd

def avg_running_loan_amount(df_loan, df_account, df_statement):
    # Merge loan and account DataFrames
    merged_loan_account = pd.merge(df_loan, df_account, on='account_id')
    
    # Filter loans that are still on running contract
    running_loans = merged_loan_account[merged_loan_account['status'] == 'Running']
    
    # Filter statements with issuance after each transaction
    statements = df_statement[df_statement['date'] > df_loan['date']]
    
    # Merge running loans with statements
    merged_running_loans_statements = pd.merge(running_loans, statements, on='date')
    
    # Calculate average loan amount
    avg_amount = merged_running_loans_statements['amount'].mean()
    
    return avg_amount
```",,2,"['account', 'loan', 'trans']",call_error: 'date',,,,,,,
192,What is the average amount of loan which are still on running contract with statement issuance after each transaction?,1,3,"```python
import pandas as pd

def average_running_loan_amount(df_loan, df_account):
    # Filter loans that are still on running contract
    running_loans = df_loan[df_loan['status'] == 'running']

    # Filter transactions where statement issuance is after each transaction
    transactions = df_account[df_account['frequency'] == 'after each transaction']

    # Merge transactions with running loans
    merged = pd.merge(running_loans, transactions, on='account_id')

    # Filter merged DataFrame to only include transactions that are after each transaction
    merged = merged[merged['date_x'] < merged['date_y']]

    # Group by account_id and calculate average amount
    average_amount = merged.groupby('account_id')['amount'].mean().reset_index()

    # Rename columns for clarity
    average_amount.columns = ['account_id', 'average_running_loan_amount']

    return average_amount
```

```python
# Assuming df_loan and df_account are already loaded DataFrames
average_running_loan_amount(df_loan, df_account)
```",,1,"['account', 'loan', 'trans']",call_error: 'date_x',,,,,,,
192,What is the average amount of loan which are still on running contract with statement issuance after each transaction?,1,4,"```python
import pandas as pd

def avg_running_loan_amount(df_loan, df_account):
    # Filter loans that are still running
    running_loans = df_loan[df_loan['status'] != 'paid']

    # Filter accounts with statement issuance after each transaction
    accounts = df_account[df_account['frequency'] == 'after each transaction']

    # Merge accounts with running loans
    merged = pd.merge(running_loans, accounts, on='account_id')

    # Filter loans that are still running in the merged table
    running_loans_merged = merged[merged['status'] != 'paid']

    # Group by district_id and calculate average amount
    avg_amount = running_loans_merged.groupby('district_id')['amount'].mean().reset_index()

    return avg_amount
```

```python
# Usage:
avg_amount = avg_running_loan_amount(df_loan, df_account)
print(avg_amount)
```",,1,"['account', 'district', 'loan', 'trans']",,"Empty DataFrame
Columns: [district_id, amount]
Index: []",False,False,semantic,"Empty DataFrame
Columns: [district_id, amount]
Index: []",[[192836.57142857142]],False
193,List all ID and district for clients that can only have the right to issue permanent orders or apply for loans.,2,0,"```python
import pandas as pd

def compute_feature(df_account, df_district, df_disp, df_card):
    # Filter accounts with frequency 'P' (permanent) and 'R' (revolving)
    perm_rev_freq = df_account[df_account['frequency'].isin(['P', 'R'])]

    # Group by account_id and count unique district_id
    account_district_counts = perm_rev_freq.groupby('account_id')['district_id'].nunique().reset_index()

    # Merge account_district_counts with df_district to get district names
    account_district_counts = pd.merge(account_district_counts, df_district, left_on='district_id', right_on='district_id')

    # Filter districts with only one account_id (i.e., clients with only one account)
    single_account_districts = account_district_counts[account_district_counts['account_id'] == 1]

    # Merge single_account_districts with df_account to get account_id and date
    single_account_districts = pd.merge(single_account_districts, df_account, left_on='account_id', right_on='account_id')

    # Group by district_id and get the most frequent date
    single_account_districts = single_account_districts.groupby('district_id')['date'].agg(pd.Series.mode).reset_index()

    # Merge single_account_districts with df_district to get district names
    single_account_districts = pd.merge(single_account_districts, df_district, left_on='district_id', right_on='district_id')

    # Output the result
    return single_account_districts[['account_id', 'district_id']]
```",,3,"['account', 'card', 'client', 'disp', 'district']",call_error: 'district_id',,,,,,,
193,List all ID and district for clients that can only have the right to issue permanent orders or apply for loans.,2,1,"```python
import pandas as pd

def clients_with_perm_orders_or_loans(df_account, df_district, df_disp, df_card):
    # Filter accounts with only permanent order or loan type
    account_filtered = df_account[df_account['frequency'] == 'PERMANENT'][['account_id', 'district_id']]
    
    # Merge account filtered with district
    merged = pd.merge(account_filtered, df_district, left_on='district_id', right_on='district_id')[['account_id', 'district_id', 'A1', 'A2', 'A3', 'A4', 'A5', 'A6', 'A7', 'A8', 'A9', 'A10', 'A11', 'A12', 'A13', 'A14', 'A15', 'A16']]
    
    # Filter disp with permanent order or loan type
    disp_filtered = df_disp[df_disp['type'] == 'PERMANENT'][['disp_id']]
    
    # Merge merged with disp filtered
    merged = pd.merge(merged, disp_filtered, left_on='account_id', right_on='disp_id')[['account_id', 'district_id']]
    
    # Filter card with permanent order or loan type
    card_filtered = df_card[df_card['type'] == 'PERMANENT'][['card_id']]
    
    # Merge merged with card filtered
    merged = pd.merge(merged, card_filtered, left_on='account_id', right_on='card_id')[['account_id', 'district_id']]
    
    return merged
```",,3,"['account', 'card', 'client', 'disp', 'district', 'loan', 'order']","call_error: ""['A1'] not in index""",,,,,,,
193,List all ID and district for clients that can only have the right to issue permanent orders or apply for loans.,2,2,"```python
import pandas as pd

def get_eligible_clients(df_account, df_district, df_disp, df_card):
    # Filter accounts with only permanent orders or loans
    eligible_accounts = df_account[df_account['frequency'] == 'P'] \
                          | df_account[df_account['frequency'] == 'L']

    # Merge accounts with districts
    merged_accounts = pd.merge(eligible_accounts, df_district, on='district_id')

    # Filter accounts with only one type of card
    eligible_cards = df_card.groupby('client_id')['type'].nunique().reset_index()
    eligible_cards = eligible_cards[eligible_cards['type'] == 1]['client_id'].unique()

    # Merge accounts with eligible clients
    eligible_accounts = pd.merge(eligible_accounts, eligible_cards, on='client_id')

    # Output ID and district
    result = eligible_accounts[['account_id', 'district_id']]
    return result
```",,2,"['account', 'card', 'client', 'disp', 'district', 'loan', 'order']",call_error: unsupported operand type(s) for |: 'StringArray' and 'StringArray',,,,,,,
193,List all ID and district for clients that can only have the right to issue permanent orders or apply for loans.,2,3,"```python
import pandas as pd

def get_eligible_clients(df_account, df_district, df_disp, df_card):
    # Filter accounts with frequency = 'M' (monthly) and date is not null
    eligible_accounts = df_account[df_account['frequency'] == 'M'][['account_id', 'district_id']]
    
    # Filter districts with only permanent orders or loan applications
    eligible_districts = df_district.loc[:, ['A2', 'A3', 'A4', 'A5', 'A6', 'A7', 'A8', 'A9', 'A10', 'A11', 'A12', 'A13', 'A14', 'A15', 'A16']]
    eligible_districts = eligible_districts.dropna(axis=1)  # Drop columns with all null values
    
    # Merge account and district information
    eligible_clients = pd.merge(eligible_accounts, eligible_districts, left_on='district_id', right_index, how='inner')
    
    return eligible_clients
```

```python
# Example usage
account = pd.DataFrame({
    'account_id': [1, 2, 3],
    'district_id': [101, 102, 103],
    'frequency': ['M', 'M', 'Q']
})

district = pd.DataFrame({
    'district_id': [101, 102, 103],
    'A2': [True, False, False],
    'A3': [False, True, False],
    'A4': [False, False, True],
    'A5': [False, False, False],
    'A6': [False, False, False],
    'A7': [False, False, False],
    'A8': [False, False, False],
    'A9': [False, False, False],
    'A10': [False, False, False],
    'A11': [False, False, False],
    'A12': [False, False, False],
    'A13': [False, False, False],
    'A14': [False, False, False],
    'A15': [False, False, False],
    'A16': [False, False, False]
})

disp = pd.DataFrame({
    'disp_id': [1, 2, 3],
    'client_id': [101, 102, 103],
    'account_id': [1, 2, 3],
    'type': ['M', 'M', 'Q']
})

card = pd.DataFrame({
    'card_id': [1, 2, 3],
    'disp_id': [1, 2, 3],
    'type': ['P', 'P', 'Q']
})

eligible_clients = get_eligible_clients(account, district, disp, card)
print(eligible_clients)
```",parse_fail,0,"['account', 'card', 'client', 'disp', 'district', 'loan', 'order']",,,,,,,,
193,List all ID and district for clients that can only have the right to issue permanent orders or apply for loans.,2,4,"```python
import pandas as pd

def filter_clients(df_account, df_district, df_disp, df_card):
    # Filter accounts that are loans
    loan_accounts = df_account[df_account['frequency'] == 'loan']
    
    # Filter districts where the loan accounts are issued
    loan_districts = loan_accounts['district_id'].unique()
    
    # Filter clients that can only have the right to issue permanent orders or apply for loans
    eligible_clients = df_card[df_card['type'].isin(['permanent', 'loan'])]
    
    # Merge eligible clients with districts
    result = pd.merge(eligible_clients[['client_id']], df_district[['district_id']], on='district_id', how='inner')
    
    return result
```",,1,"['account', 'card', 'client', 'disp', 'district', 'loan', 'order']","call_error: ""None of [Index(['client_id'], dtype='str')] are in the [columns]""",,,,,,,
194,"Provide the IDs and age of the client with high level credit card, which is eligible for loans.",2,0,"```python
import pandas as pd

def get_eligible_client_ids_and_ages(df_card, df_client, df_account):
    # Filter card DataFrame to get high level credit cards
    high_level_cards = df_card[df_card['type'] == 'high_level']

    # Merge card and account DataFrames to get account information
    merged_cards_accounts = pd.merge(high_level_cards, df_account, on='account_id')

    # Merge merged DataFrame with client DataFrame to get client information
    merged_data = pd.merge(merged_cards_accounts, df_client, on='client_id')

    # Filter merged DataFrame to get eligible clients for loans
    eligible_clients = merged_data[(merged_data['issued'] > '2010-01-01') & (merged_data['issued'] < '2020-01-01') & (merged_data['frequency'] == 'monthly') & (merged_data['account_id'] > 0)]

    # Calculate age of eligible clients
    eligible_clients['age'] = (pd.to_datetime('today') - eligible_clients['birth_date']).dt.days // 365

    # Output IDs and age of eligible clients
    return eligible_clients[['client_id', 'age']]
```

You can call this function by passing the three DataFrames as arguments:

```python
eligible_clients = get_eligible_client_ids_and_ages(df_card, df_client, df_account)
```",,2,"['account', 'card', 'client', 'loan']",call_error: 'account_id',,,,,,,
194,"Provide the IDs and age of the client with high level credit card, which is eligible for loans.",2,1,"```python
import pandas as pd

def high_level_credit_card_client_ids(df_client, df_card, df_account, threshold):
    # Merge client and account data
    merged_client_account = pd.merge(df_client, df_account, on='client_id')

    # Filter high level credit card accounts
    high_level_card_accounts = df_card[df_card['type'] == 'high level']

    # Merge account and card data
    merged_account_card = pd.merge(merged_client_account, high_level_card_accounts, on='account_id')

    # Filter eligible accounts
    eligible_accounts = merged_account_card[merged_account_card['issued'] == 'eligible']

    # Compute client age
    eligible_accounts['age'] = (pd.to_datetime('today') - eligible_accounts['birth_date']).dt.days // 365

    # Filter clients with high level credit card and eligible for loans
    result = eligible_accounts[['client_id', 'age']]

    # Group by client_id and get count
    client_counts = result.groupby('client_id').size().reset_index(name='count')

    # Filter clients with only one eligible account
    high_level_credit_card_clients = client_counts[client_counts['count'] == 1]

    # Return IDs and age of eligible clients
    return high_level_credit_card_clients[['client_id', 'age']]

# Usage
threshold = 'eligible'  # adjust this value as needed
result = high_level_credit_card_client_ids(df_client, df_card, df_account, threshold)
print(result)
```",,2,"['account', 'card', 'client', 'loan']",call_error: 'client_id',,,,,,,
194,"Provide the IDs and age of the client with high level credit card, which is eligible for loans.",2,2,"```python
import pandas as pd

def get_eligible_clients(df_disp, df_card, df_client, df_account):
    # Filter high level credit cards
    high_level_cards = df_card[df_card['type'] == 'high level']
    
    # Merge card and account data
    merged_cards = pd.merge(high_level_cards, df_account, on='disp_id')
    
    # Filter cards with accounts
    filtered_cards = merged_cards[merged_cards['type_x'] == 'high level']
    
    # Merge card and client data
    merged_clients = pd.merge(filtered_cards, df_client, on='client_id')
    
    # Calculate age
    merged_clients['age'] = (pd.to_datetime('now') - merged_clients['birth_date']).dt.days // 365
    
    # Filter eligible clients
    eligible_clients = merged_clients[merged_clients['age'] > 18]
    
    return eligible_clients[['client_id', 'age']]
```",,2,"['account', 'card', 'client', 'disp']",call_error: 'disp_id',,,,,,,
194,"Provide the IDs and age of the client with high level credit card, which is eligible for loans.",2,3,"```python
import pandas as pd

def high_credit_card_client_ids_and_age(df_disp, df_card, df_client, df_account):
    # Merge account and card data to filter high level credit card
    high_level_card = pd.merge(df_card, df_account, on='disp_id')
    high_level_card = high_level_card[high_level_card['frequency'] == 'high']

    # Merge with client data
    client_info = pd.merge(high_level_card, df_client, on='client_id')

    # Compute client age
    client_info['age'] = (pd.to_datetime('now') - pd.to_datetime(client_info['birth_date'])).dt.days // 365

    # Filter eligible clients for loans
    eligible_clients = client_info[client_info['age'] > 18]  # Assuming 18 is the minimum age for loans

    return eligible_clients[['client_id', 'age']]
```",,2,"['account', 'card', 'client', 'disp', 'loan']",call_error: 'disp_id',,,,,,,
194,"Provide the IDs and age of the client with high level credit card, which is eligible for loans.",2,4,"```python
import pandas as pd

def get_eligible_clients(df_client, df_card, df_disp):
    # Merge card and disp DataFrames
    card_disp = pd.merge(df_card, df_disp, on='disp_id')
    
    # Filter high level credit cards
    high_level_cards = card_disp[card_disp['type'] == 'high']
    
    # Merge with client DataFrame
    eligible_clients = pd.merge(high_level_cards, df_client, on='client_id')
    
    # Calculate age
    eligible_clients['age'] = (pd.to_datetime('today') - eligible_clients['birth_date']).dt.days // 365
    
    # Select required columns
    result = eligible_clients[['client_id', 'age']]
    
    return result
```

```python
import pandas as pd

def get_eligible_clients(df_client, df_card, df_disp):
    # Merge card and disp DataFrames
    card_disp = pd.merge(df_card, df_disp, on='disp_id')
    
    # Filter high level credit cards
    high_level_cards = card_disp[card_disp['type'] == 'high']
    
    # Merge with client DataFrame
    eligible_clients = pd.merge(high_level_cards, df_client, on='client_id')
    
    # Calculate age
    eligible_clients['age'] = (pd.to_datetime('today') - eligible_clients['birth_date']).dt.days // 365
    
    # Select required columns
    result = eligible_clients[['client_id', 'age']]
    
    return result

# Load DataFrames
df_client = pd.DataFrame({
    'client_id': [1, 2, 3],
    'gender': ['male', 'female', 'male'],
    'birth_date': ['1990-01-01', '1995-01-01', '1980-01-01'],
    'district_id': [101, 102, 103]
})

df_card = pd.DataFrame({
    'card_id': [1, 2, 3],
    'disp_id': [101, 102, 103],
    'type': ['high', 'medium', 'high'],
    'issued': ['2020-01-01', '2019-01-01', '2018-01-01']
})

df_disp = pd.DataFrame({
    'disp_id': [101, 102, 103],
    'client_id': [1, 2, 3],
    'account_id': [201, 202, 203],
    'type': ['credit', 'credit', 'credit']
})

# Get eligible clients
eligible_clients = get_eligible_clients(df_client, df_card, df_disp)
print(eligible_clients)
```",,2,"['card', 'client', 'disp']",call_error: 'type',,,,,,,
