question_id,question,hop_diameter,repeat_idx,llama_response,label,error,step1_status,n_merge,step2_status,step2_result,step3_avoidance,step3_overjoin_tag,step4_label,step4_result,step4_gold,gold_has_disp,has_disp,hop_diameter_g,error_type
89,How many accounts who choose issuance after transaction are staying in East Bohemia region?,1,0,"```python
import pandas as pd

def accounts_issuance_after_transaction_in_east_bohemia(df_account, df_card, df_client, df_district, df_loan, df_order, df_trans):
    # Filter accounts who choose issuance after transaction
    issuance_after_transaction = df_trans[df_trans['operation'] == 'ISSUANCE AFTER TRANSACTION']

    # Filter accounts who are staying in East Bohemia region
    east_bohemia_accounts = df_account[df_account['district_id'] == 1]

    # Merge the two dataframes
    accounts_in_east_bohemia = pd.merge(east_bohemia_accounts, issuance_after_transaction, on='account_id', how='inner')

    # Count the number of accounts
    count = accounts_in_east_bohemia.shape[0]

    return count
```

```python
import pandas as pd

def accounts_issuance_after_transaction_in_east_bohemia(df_account, df_card, df_client, df_district, df_loan, df_order, df_trans):
    # Filter accounts who choose issuance after transaction
    issuance_after_transaction = df_trans[df_trans['operation'] == 'ISSUANCE AFTER TRANSACTION']

    # Filter accounts who are staying in East Bohemia region
    east_bohemia_accounts = df_account[df_account['district_id'] == 1]

    # Merge the two dataframes
    accounts_in_east_bohemia = pd.merge(east_bohemia_accounts, issuance_after_transaction, on='account_id', how='inner', suffixes=('_account', '_transaction'))

    # Group by account_id and count the number of accounts
    count = accounts_in_east_bohemia['account_id_account'].nunique()

    return count
```",failed,wrong_value,,1,,0,False,False,semantic,0,[[13]],False,False,1,covert
89,How many accounts who choose issuance after transaction are staying in East Bohemia region?,1,1,"```python
import pandas as pd

def accounts_in_east_bohemia_issued_after_transaction(df_account, df_district, df_card):
    # Filter accounts who choose issuance after transaction
    issued_after_transaction = df_account[df_account['type'] == 'issue'].merge(df_card, on='disp_id')
    
    # Filter accounts staying in East Bohemia region
    east_bohemia = df_district[df_district['A2'] == 1]  # Assuming A2 is the column for East Bohemia region
    accounts_in_east_bohemia = df_account[df_account['district_id'].isin(east_bohemia['district_id'])]
    
    # Compute the feature
    feature = issued_after_transaction.merge(accounts_in_east_bohemia, on='account_id', how='inner', suffixes=('_issued', '_east_bohemia'))
    feature = feature[feature['account_id'] == feature['account_id_issued']]
    
    # Count the number of accounts
    count = feature['account_id'].nunique()
    
    return count
```

```python
# Load DataFrames
account = pd.read_csv('account.csv')
district = pd.read_csv('district.csv')
card = pd.read_csv('card.csv')

# Compute the feature
count = accounts_in_east_bohemia_issued_after_transaction(account, district, card)
print(count)
```",failed,call_error: 'type',,2,call_error: 'type',,,,,,,,False,1,overt
89,How many accounts who choose issuance after transaction are staying in East Bohemia region?,1,2,"```python
import pandas as pd

def count_accounts_staying_in_east_bohemia_after_transaction(df_account, df_district, df_loan, df_trans):
    # Filter accounts staying in East Bohemia region
    east_bohemia_accounts = df_account[df_account['district_id'].isin(df_district[df_district['A2'] == 1]['district_id'])]

    # Filter transactions after issuance
    transactions_after_issuance = df_trans[df_trans['date'] > df_account['date']]

    # Merge accounts and transactions after issuance
    merged_data = pd.merge(east_bohemia_accounts, transactions_after_issuance, on='account_id', how='inner')

    # Count accounts who choose issuance after transaction
    count = merged_data['account_id'].nunique()

    return count
```",failed,call_error: Can only compare identically-labeled Series objects,,1,call_error: Can only compare identically-labeled Series objects,,,,,,,,False,1,overt
89,How many accounts who choose issuance after transaction are staying in East Bohemia region?,1,3,"```python
import pandas as pd

def accounts_in_east_bohemia_after_issuance(df_account, df_card, df_loan, df_district):
    # Filter accounts with issuance after transaction
    accounts_issuance_after_transaction = df_account[df_account['frequency'] == 'issuance'].merge(df_card, on='account_id')
    
    # Filter accounts in East Bohemia region
    east_bohemia_district_id = df_district[df_district['A2'] == 'East Bohemia']['district_id'].unique()[0]
    accounts_in_east_bohemia = df_account[df_account['district_id'] == east_bohemia_district_id]
    
    # Merge accounts with issuance after transaction and accounts in East Bohemia
    accounts_in_east_bohemia_after_issuance = accounts_issuance_after_transaction.merge(accounts_in_east_bohemia, on='account_id')
    
    # Count the number of accounts
    count = len(accounts_in_east_bohemia_after_issuance)
    
    return count
```

```python
# Apply the function to the DataFrames
count = accounts_in_east_bohemia_after_issuance(df_account, df_card, df_loan, df_district)
print(count)
```",failed,call_error: 'account_id',,2,call_error: 'account_id',,,,,,,,False,1,overt
89,How many accounts who choose issuance after transaction are staying in East Bohemia region?,1,4,"```python
import pandas as pd

def accounts_in_east_bohemia_issuance_after_transaction(df_account, df_card, df_client, df_district, df_loan, df_order, df_trans):
    # Filter accounts who have issued a card
    issued_accounts = df_card[df_card['type'] == 'ISSUE'].groupby('account_id')['type'].count().reset_index()
    issued_accounts = issued_accounts[issued_accounts['type'] == 1]['account_id'].unique()

    # Filter accounts who have a transaction after issuance
    transactions_after_issuance = df_trans[df_trans['date'] > df_trans[df_trans['account_id'].isin(issued_accounts)]['date'].min()]
    transactions_after_issuance = transactions_after_issuance[transactions_after_issuance['type'] == 'ISSUE'].groupby('account_id')['type'].count().reset_index()
    transactions_after_issuance = transactions_after_issuance[transactions_after_issuance['type'] == 1]['account_id'].unique()

    # Filter accounts who stay in East Bohemia region
    east_bohemia_districts = df_district[df_district['A2'] == 'East Bohemia'].groupby('district_id')['A2'].count().reset_index()
    east_bohemia_districts = east_bohemia_districts[east_bohemia_districts['A2'] == 1]['district_id'].unique()

    # Filter accounts who stay in East Bohemia region and have issued a card and transaction after issuance
    accounts_in_east_bohemia_issuance_after_transaction = df_account[df_account['district_id'].isin(east_bohemia_districts) & df_account['account_id'].isin(transactions_after_issuance) & df_account['account_id'].isin(issued_accounts)]

    return accounts_in_east_bohemia_issuance_after_transaction.shape[0]
```

This function filters the accounts who have issued a card, have a transaction after issuance, and stay in East Bohemia region. It returns the number of such accounts.",failed,call_error: 'account_id',,0,call_error: 'account_id',,,,,,,,False,1,overt
90,How many accounts who have region in Prague are eligible for loans?,2,1,"```python
import pandas as pd

def count_eligible_accounts(df_account, df_district, df_loan):
    # Merge account and district DataFrames
    df_account_district = pd.merge(df_account, df_district, left_on='district_id', right_on='district_id')
    
    # Filter accounts from Prague
    df_prague_accounts = df_account_district[df_account_district['A2'] == 'Praha']
    
    # Merge accounts with loan DataFrame
    df_eligible_accounts = pd.merge(df_prague_accounts, df_loan, left_on='account_id', right_on='account_id', how='inner')
    
    # Count eligible accounts
    eligible_accounts_count = df_eligible_accounts['account_id'].nunique()
    
    return eligible_accounts_count
```

```python
# Example usage
eligible_accounts_count = count_eligible_accounts(df_account, df_district, df_loan)
print(eligible_accounts_count)
```

Note: The function assumes that the `A2` column in the `district` DataFrame contains the region names and 'Praha' is the name of the region that represents Prague. If the region name is different, replace `'Praha'` with the actual region name.",failed,wrong_value,,2,,0,False,False,semantic,0,[[84]],False,False,2,covert
90,How many accounts who have region in Prague are eligible for loans?,2,2,"```python
import pandas as pd

def eligible_accounts_for_loans(df_account, df_district):
    # Merge account and district DataFrames on district_id
    df_account_district = pd.merge(df_account, df_district, on='district_id')
    
    # Extract region from district DataFrame
    df_account_district['region'] = df_account_district['A1']
    
    # Replace '1' with 'Prague' and '2' with 'Prague' in region column
    df_account_district['region'] = df_account_district['region'].replace({1: 'Prague', 2: 'Prague'})
    
    # Create a new column 'eligible_for_loan' which is True if account_id exists in loan DataFrame
    df_account_district['eligible_for_loan'] = df_account_district['account_id'].isin(df_loan['account_id'])
    
    # Group by 'region' and count the number of 'account_id's that are eligible for loans
    eligible_accounts = df_account_district.groupby('region')['eligible_for_loan'].sum().reset_index()
    
    return eligible_accounts
```

```python
import pandas as pd

def eligible_accounts_for_loans(df_account, df_district, df_loan):
    # Merge account and district DataFrames on district_id
    df_account_district = pd.merge(df_account, df_district, on='district_id')
    
    # Extract region from district DataFrame
    df_account_district['region'] = df_account_district['A1']
    
    # Replace '1' with 'Prague' and '2' with 'Prague' in region column
    df_account_district['region'] = df_account_district['region'].replace({1: 'Prague', 2: 'Prague'})
    
    # Create a new column 'eligible_for_loan' which is True if account_id exists in loan DataFrame
    df_account_district['eligible_for_loan'] = df_account_district['account_id'].isin(df_loan['account_id'])
    
    # Count the number of accounts in each region that are eligible for loans
    eligible_accounts = df_account_district.groupby('region')['eligible_for_loan'].sum().reset_index()
    
    return eligible_accounts

# Assuming all DataFrames are loaded
df_account = pd.DataFrame(account)
df_district = pd.DataFrame(district)
df_loan = pd.DataFrame(loan)

eligible_accounts = eligible_accounts_for_loans(df_account, df_district, df_loan)
print(eligible_accounts)
```

```python
import pandas as pd

def eligible_accounts_for_loans(df_account, df_district, df_loan):
    # Merge account and district DataFrames on district_id
    df_account_district = pd.merge(df_account, df_district, on='district_id')
    
    # Extract region from district DataFrame
    df_account_district['region'] = df_account_district['A1']
    
    # Replace '1' with 'Prague' and '2' with 'Prague' in region column
    df_account_district['region'] = df_account_district['region'].replace({1: 'Prague', 2: 'Prague'})
    
    # Count the number of accounts in each region that are eligible for loans
    eligible_accounts = df_account_district.groupby('region').size().reset_index(name='eligible_accounts')
    
    return eligible_accounts

# Assuming all DataFrames are loaded
df_account = pd.DataFrame(account)
df_district = pd.DataFrame(district)
df_loan = pd.DataFrame(loan)

eligible_accounts = eligible_accounts_for_loans(df_account, df_district, df_loan)
print(eligible_accounts)
```",failed,call_error: 'A1',,1,call_error: 'A1',,,,,,,,False,2,overt
90,How many accounts who have region in Prague are eligible for loans?,2,3,"```python
import pandas as pd

def count_eligible_accounts(df_account, df_district, df_loan):
    # Merge account and district DataFrames
    merged_account_district = pd.merge(df_account, df_district, left_on='district_id', right_on='district_id', how='left')
    
    # Filter accounts in Prague
    prague_accounts = merged_account_district[merged_account_district['A2'] == 'Praha']
    
    # Merge accounts with loans
    merged_accounts_loans = pd.merge(prague_accounts, df_loan, left_on='account_id', right_on='account_id', how='left')
    
    # Count eligible accounts
    eligible_accounts = merged_accounts_loans[merged_accounts_loans['status'].notna()]
    count = len(eligible_accounts)
    
    return count
```

```python
# Usage
count = count_eligible_accounts(df_account, df_district, df_loan)
print(count)
```",failed,wrong_value,,2,,0,False,False,semantic,0,[[84]],False,False,2,covert
90,How many accounts who have region in Prague are eligible for loans?,2,4,"```python
import pandas as pd

def count_eligible_accounts(df_account, df_district, df_loan):
    # Filter accounts with region in Prague
    prague_accounts = df_account[df_account['district_id'].isin(df_district[df_district['A2'] == 'Praha']['district_id'])]
    
    # Filter loans
    eligible_loans = df_loan[df_loan['status'] == 'approved']
    
    # Count eligible accounts
    eligible_accounts_count = prague_accounts[prague_accounts['account_id'].isin(eligible_loans['account_id'])].shape[0]
    
    return eligible_accounts_count
```

You can use this function with your DataFrames like this:

```python
eligible_accounts_count = count_eligible_accounts(df_account, df_district, df_loan)
print(eligible_accounts_count)
```",failed,wrong_value,,0,,0,True,False,,,,,False,2,covert
92,List out the no. of districts that have female average salary is more than 6000 but less than 10000?,1,0,"```python
import pandas as pd

def count_districts():
    # Calculate average salary for each district
    district_avg_salary = (
        pd.merge(district, client, on='district_id')
        .merge(card, on='disp_id')
        .merge(account, on='account_id')
        .merge(loan, on='account_id')
        .groupby('district_id')[['A2', 'A3', 'A4', 'A5', 'A6', 'A7', 'A8', 'A9', 'A10', 'A11', 'A12', 'A13', 'A14', 'A15', 'A16']]
        .mean()
    )

    # Merge average salary with district information
    district_info = district.set_index('district_id')

    # Calculate total income for each district
    district_info['total_income'] = district_info[['A2', 'A3', 'A4', 'A5', 'A6', 'A7', 'A8', 'A9', 'A10', 'A11', 'A12', 'A13', 'A14', 'A15', 'A16']].sum(axis=1)

    # Filter for female clients
    female_districts = (
        pd.merge(district_info, client, on='district_id')
        .query('gender == ""Female""')
    )

    # Filter for districts with average salary between 6000 and 10000
    districts = female_districts[
        (female_districts['total_income'] / female_districts['total_population']) > 6000
        & (female_districts['total_income'] / female_districts['total_population']) < 10000
    ]

    # Return the count of districts
    return len(districts)

# Assume the tables are already loaded as pandas DataFrames with the same names as above
# You can call the function like this:
print(count_districts())
```",failed,exec_error: 'disp_id',,5,call_error: 'disp_id',,,,,,,,False,1,overt
92,List out the no. of districts that have female average salary is more than 6000 but less than 10000?,1,1,"```python
import pandas as pd

def compute_districts():
    # Filter clients who are female
    female_clients = client[client['gender'] == 'F']
    
    # Merge client information into district information
    district_info = pd.merge(district, female_clients[['district_id']], on='district_id')
    
    # Merge client information into account information
    account_info = pd.merge(account, female_clients[['client_id']], on='client_id')
    
    # Merge account information into loan information
    loan_info = pd.merge(loan, account_info[['account_id']], on='account_id')
    
    # Filter loans where the status is not 'active' and the client has an account
    valid_loans = loan_info[loan_info['status'] != 'active']
    
    # Calculate the average salary for each district
    avg_salary = valid_loans.groupby('district_id')['amount'].mean().reset_index()
    
    # Filter districts where the average salary is between 6000 and 10000
    filtered_districts = avg_salary[(avg_salary['amount'] > 6000) & (avg_salary['amount'] < 10000)]
    
    # Return the number of districts that meet the condition
    return filtered_districts.shape[0]

print(compute_districts())
```",failed,exec_error: 'client_id',,3,call_error: 'client_id',,,,,,,,False,1,overt
92,List out the no. of districts that have female average salary is more than 6000 but less than 10000?,1,2,"```python
import pandas as pd

def female_average_salary(district):
    # Filter female clients
    female_clients = client[client['gender'] == 'F']
    
    # Merge with district DataFrame to get average salary for each district
    avg_salary = pd.merge(female_clients, district, on='district_id')[['A2', 'A3', 'A4', 'A5', 'A6', 'A7', 'A8', 'A9', 'A10', 'A11', 'A12', 'A13', 'A14', 'A15', 'A16', 'salary']]
    
    # Calculate average salary for each district
    avg_salary['salary'] = (avg_salary['A2'] + avg_salary['A3'] + avg_salary['A4'] + avg_salary['A5'] + avg_salary['A6'] + avg_salary['A7'] + avg_salary['A8'] + avg_salary['A9'] + avg_salary['A10'] + avg_salary['A11'] + avg_salary['A12'] + avg_salary['A13'] + avg_salary['A14'] + avg_salary['A15'] + avg_salary['A16']) / 16
    
    # Group by district and calculate average salary
    avg_salary = avg_salary.groupby('district_id')['salary'].mean().reset_index()
    
    # Merge with district DataFrame to get district names
    avg_salary = pd.merge(avg_salary, district, on='district_id')[['district_id', 'A2', 'A3', 'A4', 'A5', 'A6', 'A7', 'A8', 'A9', 'A10', 'A11', 'A12', 'A13', 'A14', 'A15', 'A16', 'name']]
    
    # Filter districts with female average salary between 6000 and 10000
    filtered_districts = avg_salary[(avg_salary['salary'] > 6000) & (avg_salary['salary'] < 10000)][['name']]
    
    # Return number of districts
    return len(filtered_districts)

# Assuming all DataFrames are loaded as above
print(female_average_salary(district))
```

```python
import pandas as pd

def count_districts():
    # Filter female clients
    female_clients = client[client['gender'] == 'F']
    
    # Merge with district DataFrame to get average salary for each district
    avg_salary = pd.merge(female_clients, district, on='district_id')[['district_id', 'A2', 'A3', 'A4', 'A5', 'A6', 'A7', 'A8', 'A9', 'A10', 'A11', 'A12', 'A13', 'A14', 'A15', 'A16']]
    
    # Calculate average salary for each district
    avg_salary['salary'] = (avg_salary['A2'] + avg_salary['A3'] + avg_salary['A4'] + avg_salary['A5'] + avg_salary['A6'] + avg_salary['A7'] + avg_salary['A8'] + avg_salary['A9'] + avg_salary['A10'] + avg_salary['A11'] + avg_salary['A12'] + avg_salary['A13'] + avg_salary['A14'] + avg_salary['A15'] + avg_salary['A16']) / 16
    
    # Group by district and calculate average salary
    avg_salary = avg_salary.groupby('district_id')['salary'].mean().reset_index()
    
    # Merge with district DataFrame to get district names
    avg_salary = pd.merge(avg_salary, district, on='district_id')[['district_id', 'name', 'salary']]
    
    # Filter districts with female average salary between 6000 and 10000
    filtered_districts = avg_salary[(avg_salary['salary'] > 6000) & (avg_salary['salary'] < 10000)][['name']]
    
    # Return number of districts
    return len(filtered_districts)

# Assuming all DataFrames are loaded as above
print(count_districts())
```",failed,"exec_error: ""['salary'] not in index""",,2,"call_error: ""['salary'] not in index""",,,,,,,,False,1,overt
92,List out the no. of districts that have female average salary is more than 6000 but less than 10000?,1,3,"```python
import pandas as pd

def count_districts_by_female_salary(df_client, df_district, df_loan):
    # Merge client and district data
    df_client_district = pd.merge(df_client, df_district, on='district_id')

    # Calculate average salary for female clients
    df_female_salary = df_client_district[df_client_district['gender'] == 'F']
    df_female_salary = df_female_salary.groupby('district_id')['A2'].mean().reset_index()

    # Merge loan and female salary data
    df_district_loan = pd.merge(df_district, df_loan, on='district_id')

    # Filter districts with female average salary between 6000 and 10000
    df_result = df_female_salary[(df_female_salary['A2'] > 6000) & (df_female_salary['A2'] < 10000)]

    # Count the number of districts
    result = len(df_result)

    return result
```",failed,call_error: dtype 'str' does not support operation 'mean',,2,call_error: dtype 'str' does not support operation 'mean',,,,,,,,False,1,overt
92,List out the no. of districts that have female average salary is more than 6000 but less than 10000?,1,4,"```python
import pandas as pd

def count_districts():
    # Filter clients who are female
    female_clients = client[client['gender'] == 'F']
    
    # Merge female clients with district data
    merged_data = pd.merge(female_clients, district, on='district_id')
    
    # Calculate average salary for each district
    avg_salary = merged_data.groupby('district_id')[['A2', 'A3', 'A4', 'A5', 'A6', 'A7', 'A8', 'A9', 'A10', 'A11', 'A12', 'A13', 'A14', 'A15', 'A16']].mean().reset_index()
    
    # Rename columns for better understanding
    avg_salary.columns = ['district_id', 'average_salary']
    
    # Merge average salary with district data
    merged_data = pd.merge(district, avg_salary, on='district_id')
    
    # Filter districts where average salary is between 6000 and 10000
    filtered_districts = merged_data[(merged_data['average_salary'] > 6000) & (merged_data['average_salary'] < 10000)]
    
    # Return the count of districts
    return filtered_districts['district_id'].nunique()

print(count_districts())
```",failed,exec_error: dtype 'str' does not support operation 'mean',,2,call_error: dtype 'str' does not support operation 'mean',,,,,,,,False,1,overt
93,How many male customers who are living in North Bohemia have average salary greater than 8000?,1,0,"```python
import pandas as pd

def count_customers(df_client, df_district, df_loan):
    # Merge client and district DataFrames
    df_customers = pd.merge(df_client, df_district, left_on='district_id', right_on='district_id')
    
    # Filter North Bohemia district
    north_bohemia_mask = (df_customers['A2'] == 1) | (df_customers['A3'] == 1) | (df_customers['A4'] == 1)
    df_customers_north_bohemia = df_customers[north_bohemia_mask]
    
    # Merge with loan DataFrame
    df_customers_north_bohemia_loan = pd.merge(df_customers_north_bohemia, df_loan, left_on='client_id', right_on='account_id')
    
    # Filter male customers
    male_mask = df_customers_north_bohemia_loan['gender'] == 'male'
    df_males = df_customers_north_bohemia_loan[male_mask]
    
    # Calculate average salary
    # Assuming the average salary is calculated from the 'amount' column in the 'loan' DataFrame
    avg_salary = df_males.groupby('client_id')['amount'].mean().reset_index()
    
    # Filter customers with average salary greater than 8000
    df_customers_avg_salary = pd.merge(df_males, avg_salary, left_on='client_id', right_on='client_id')
    salary_mask = (df_customers_avg_salary['amount'] > 8000)
    df_customers_avg_salary_gt_8000 = df_customers_avg_salary[salary_mask]
    
    # Count customers
    count = df_customers_avg_salary_gt_8000.shape[0]
    
    return count
```

This function assumes that the average salary is calculated from the 'amount' column in the 'loan' DataFrame and that the average salary is calculated for each customer separately. It also assumes that the 'gender' column in the 'client' DataFrame contains either 'male' or 'female' values.",failed,call_error: 'amount',,3,call_error: 'amount',,,,,,,,False,1,overt
93,How many male customers who are living in North Bohemia have average salary greater than 8000?,1,1,"```python
import pandas as pd

def compute_feature(df_client, df_district, df_card):
    # Merge client and district DataFrames
    df_client_district = pd.merge(df_client, df_district, on='district_id')

    # Filter clients from North Bohemia
    north_bohemia_district_ids = df_district[df_district['A2'] == 'North Bohemia']['district_id'].unique()
    df_north_bohemia_clients = df_client_district[df_client_district['district_id'].isin(north_bohemia_district_ids)]

    # Merge with card DataFrame to get salary information
    df_north_bohemia_clients_with_salary = pd.merge(df_north_bohemia_clients, df_card, on='client_id')

    # Calculate average salary
    df_average_salary = df_north_bohemia_clients_with_salary.groupby('client_id')['A10'].mean().reset_index()

    # Filter male clients with average salary greater than 8000
    df_result = df_average_salary[df_average_salary['A10'] > 8000][['client_id']]

    # Get client IDs and then get client information
    df_result = df_client[df_client['client_id'].isin(df_result['client_id'])][['client_id', 'gender', 'birth_date', 'district_id']]

    return df_result
```",failed,call_error: 'client_id',,2,call_error: 'client_id',,,,,,,,False,1,overt
93,How many male customers who are living in North Bohemia have average salary greater than 8000?,1,2,"```python
import pandas as pd

def count_males_in_north_bohemia(df_client, df_district, df_loan, threshold=8000):
    # Merge client and district DataFrames
    merged_client_district = pd.merge(df_client, df_district, left_on='district_id', right_on='district_id', how='inner')
    
    # Filter clients who are male
    males = merged_client_district[merged_client_district['gender'] == 'male']
    
    # Filter districts which are in North Bohemia
    north_bohemia_districts = df_district[df_district['A2'] == 'North Bohemia']
    
    # Merge males and North Bohemia districts DataFrames
    merged_males_districts = pd.merge(males, north_bohemia_districts, left_on='district_id', right_on='district_id', how='inner')
    
    # Merge merged DataFrame with loan DataFrame
    merged_loans = pd.merge(merged_males_districts, df_loan, left_on='client_id', right_on='account_id', how='inner')
    
    # Calculate average salary
    merged_loans['average_salary'] = merged_loans['amount'] / merged_loans['duration']
    
    # Filter clients with average salary greater than threshold
    result = merged_loans[merged_loans['average_salary'] > threshold]
    
    return result.shape[0]
```

This function assumes that the DataFrames are already loaded and available as `df_client`, `df_district`, `df_loan`. It computes the feature answering the question by merging the DataFrames, filtering the data, and counting the number of clients who meet the specified conditions.",failed,"call_error: Operands are not aligned. Do `left, right = left.align(right, axis=1)` before operating.",,3,"call_error: Operands are not aligned. Do `left, right = left.align(right, axis=1)` before operating.",,,,,,,,False,1,overt
93,How many male customers who are living in North Bohemia have average salary greater than 8000?,1,3,"```python
import pandas as pd

def compute_feature(df_client, df_district, df_card):
    # Merge client and district DataFrames
    merged_df = pd.merge(df_client, df_district, left_on='district_id', right_on='district_id')
    
    # Filter for North Bohemia
    north_bohemia_df = merged_df[merged_df['A2'] == 'North Bohemia']
    
    # Merge client and card DataFrames
    merged_df = pd.merge(north_bohemia_df, df_card, left_on='client_id', right_on='disp_id')
    
    # Filter for male clients
    male_df = merged_df[merged_df['gender'] == 'male']
    
    # Calculate average salary
    average_salary_df = male_df.groupby('client_id')['A2'].mean().reset_index()
    
    # Filter for average salary greater than 8000
    result_df = average_salary_df[average_salary_df['A2'] > 8000]
    
    return result_df.shape[0]
```",failed,call_error: dtype 'str' does not support operation 'mean',,2,call_error: dtype 'str' does not support operation 'mean',,,,,,,,False,1,overt
93,How many male customers who are living in North Bohemia have average salary greater than 8000?,1,4,"```python
import pandas as pd

def compute_feature(df_client, df_district, df_loan):
    # Merge client and district DataFrames
    df_client_district = pd.merge(df_client, df_district, on='district_id')
    
    # Filter for North Bohemia
    north_bohemia_mask = (df_client_district['A2'] == 1) | (df_client_district['A3'] == 1)
    df_client_district_north_bohemia = df_client_district[north_bohemia_mask]
    
    # Calculate average salary
    df_client_district_north_bohemia['average_salary'] = 8000  # Assuming average salary is not in the database
    
    # Filter for male customers
    df_client_district_north_bohemia_male = df_client_district_north_bohemia[df_client_district_north_bohemia['gender'] == 'male']
    
    # Count the number of male customers
    count = (df_client_district_north_bohemia_male['average_salary'] > 8000).sum()
    
    return count
```",failed,wrong_value,,1,,0,False,False,semantic,0,[[280]],False,False,1,covert
97,List out the id number of client who choose statement of issuance after transaction are Disponent?,1,0,"```python
import pandas as pd

def compute_feature(df_account, df_card, df_client, df_disp, df_district, df_loan, df_order, df_trans):
    # Merge the tables to get the required information
    merged_df = pd.merge(df_account, df_card, on='disp_id')
    merged_df = pd.merge(merged_df, df_client, on='client_id')
    merged_df = pd.merge(merged_df, df_disp, on='disp_id')
    merged_df = pd.merge(merged_df, df_district, on='district_id')
    merged_df = pd.merge(merged_df, df_loan, on='account_id')
    merged_df = pd.merge(merged_df, df_order, on='account_id')
    merged_df = pd.merge(merged_df, df_trans, on='account_id')

    # Filter the transactions where the status is 'Disponent' and the type is 'Statement of issuance'
    filtered_df = merged_df[(merged_df['type_x'] == 'Statement of issuance') & (merged_df['status_y'] == 'Disponent')]

    # Get the client id
    client_id = filtered_df['client_id'].unique()

    return client_id
```",failed,call_error: 'disp_id',,7,call_error: 'disp_id',,,,,,,,True,1,overt
98,"Among the accounts who have approved loan date in 1997, list out the accounts that have the lowest approved amount and choose weekly issuance statement.",1,0,"```python
import pandas as pd

def compute_feature(df_loan, df_card, df_account, df_order):
    # Filter loans approved in 1997
    approved_loans_1997 = df_loan[df_loan['date'].str.contains('1997')]
    
    # Filter accounts with weekly issuance statement
    weekly_accounts = df_card[df_card['issued'].str.contains('Weekly')]
    
    # Merge approved loans and weekly accounts on account_id
    merged_df = pd.merge(approved_loans_1997, weekly_accounts[['account_id']], on='account_id')
    
    # Group by account_id and get the account with the lowest approved amount
    lowest_amount_accounts = merged_df.groupby('account_id')['amount'].min().reset_index()
    
    # Merge the result with the weekly accounts
    result_df = pd.merge(lowest_amount_accounts, weekly_accounts[['account_id']], on='account_id')
    
    return result_df
```

```python
# Assuming the DataFrames are already loaded
result_df = compute_feature(df_loan, df_card, df_account, df_order)
print(result_df)
```",failed,"call_error: Can only use .str accessor with string values, not datetime64",,2,"call_error: Can only use .str accessor with string values, not datetime64",,,,,,,,False,1,overt
98,"Among the accounts who have approved loan date in 1997, list out the accounts that have the lowest approved amount and choose weekly issuance statement.",1,1,"```python
import pandas as pd

def compute_feature(df_loan, df_account, df_card):
    # Filter loans approved in 1997
    approved_loans = df_loan[df_loan['date'].str.startswith('1997')]

    # Filter accounts with approved loans
    accounts = df_account[df_account['account_id'].isin(approved_loans['account_id'])]

    # Filter cards with weekly issuance statement
    weekly_cards = df_card[df_card['issued'].str.contains('weekly')]

    # Merge accounts and weekly cards
    merged_accounts = pd.merge(accounts, weekly_cards, on='account_id')

    # Filter accounts with lowest approved amount
    min_amount = merged_accounts['amount'].min()
    lowest_accounts = merged_accounts[merged_accounts['amount'] == min_amount]

    return lowest_accounts
```

```python
# Example usage
lowest_accounts = compute_feature(df_loan, df_account, df_card)
print(lowest_accounts)
```

Note: This code assumes that the DataFrames are already loaded and named as `df_loan`, `df_account`, and `df_card`. The function `compute_feature` computes the required feature and returns it as a new DataFrame. The example usage shows how to call the function and print the result.",failed,"call_error: Can only use .str accessor with string values, not datetime64",,1,"call_error: Can only use .str accessor with string values, not datetime64",,,,,,,,False,1,overt
98,"Among the accounts who have approved loan date in 1997, list out the accounts that have the lowest approved amount and choose weekly issuance statement.",1,2,"```python
import pandas as pd

def compute_feature(df_loan, df_account, df_card):
    # Filter approved loans in 1997
    approved_loans = df_loan[df_loan['status'] == 'approved'].merge(df_account, on='account_id')
    approved_loans = approved_loans[approved_loans['date'].dt.year == 1997]

    # Filter accounts with weekly issuance statement
    weekly_accounts = df_card[df_card['type'] == 'weekly']

    # Merge approved loans and weekly accounts
    result = approved_loans.merge(weekly_accounts, on='account_id', how='inner', suffixes=('_loan', '_card'))

    # Group by account_id and get the account with the lowest approved amount
    result = result.groupby('account_id').apply(lambda x: x.nsmallest(1, 'amount_loan'))

    # Return the result
    return result[['account_id', 'amount_loan']]
```

```python
# Assuming the DataFrames are loaded
df_loan = pd.read_csv('loan.csv')
df_account = pd.read_csv('account.csv')
df_card = pd.read_csv('card.csv')

# Compute the feature
result = compute_feature(df_loan, df_account, df_card)

# Print the result
print(result)
```",failed,call_error: 'date',,2,call_error: 'date',,,,,,,,False,1,overt
98,"Among the accounts who have approved loan date in 1997, list out the accounts that have the lowest approved amount and choose weekly issuance statement.",1,3,"```python
import pandas as pd

def lowest_approved_amount_weekly_statements(df_loan, df_account, df_card, df_order, df_trans):
    # Filter approved loans in 1997
    approved_loans_1997 = df_loan[df_loan['status'] == 'Approved'][['account_id', 'date']]
    approved_loans_1997 = approved_loans_1997[approved_loans_1997['date'].str[:4] == '1997']

    # Get the accounts with the lowest approved amount and weekly statement
    lowest_amount_accounts = df_loan[['account_id', 'amount', 'date']]
    lowest_amount_accounts = lowest_amount_accounts.drop_duplicates(keep='first')
    lowest_amount_accounts['date'] = pd.to_datetime(lowest_amount_accounts['date'])
    lowest_amount_accounts['weekly_statement'] = lowest_amount_accounts['date'].dt.weekofyear

    # Group by account_id and get the minimum amount
    lowest_amount_accounts = lowest_amount_accounts.groupby('account_id')['amount'].min().reset_index()
    lowest_amount_accounts = pd.merge(lowest_amount_accounts, df_account, on='account_id')

    # Get the accounts with the lowest approved amount and weekly statement
    lowest_approved_amount_weekly_statements = pd.merge(approved_loans_1997, lowest_amount_accounts, on='account_id')
    lowest_approved_amount_weekly_statements = lowest_approved_amount_weekly_statements[lowest_approved_amount_weekly_statements['amount_x'] == lowest_approved_amount_weekly_statements['amount_y']]

    # Merge with card and order to get the weekly statement
    lowest_approved_amount_weekly_statements = pd.merge(lowest_approved_amount_weekly_statements, df_card, on='account_id')
    lowest_approved_amount_weekly_statements = pd.merge(lowest_approved_amount_weekly_statements, df_order, on='account_id')

    # Filter by weekly statement
    lowest_approved_amount_weekly_statements = lowest_approved_amount_weekly_statements[lowest_approved_amount_weekly_statements['weekly_statement'] == 1]

    return lowest_approved_amount_weekly_statements
```",failed,call_error: 'DatetimeProperties' object has no attribute 'weekofyear',,4,call_error: 'DatetimeProperties' object has no attribute 'weekofyear',,,,,,,,False,1,overt
98,"Among the accounts who have approved loan date in 1997, list out the accounts that have the lowest approved amount and choose weekly issuance statement.",1,4,"```python
import pandas as pd

def compute_feature(df_loan, df_card, df_account):
    # Filter loans with approved date in 1997
    approved_loans = df_loan[df_loan['date'].str.contains('1997')].copy()
    
    # Filter accounts with approved loans
    approved_accounts = df_account[df_account['account_id'].isin(approved_loans['account_id'])].copy()
    
    # Filter accounts with weekly issuance statement
    weekly_accounts = approved_accounts[approved_accounts['frequency'] == 'W'].copy()
    
    # Filter accounts with lowest approved amount
    lowest_amount_accounts = weekly_accounts.loc[weekly_accounts['amount'].idxmin()]
    
    return lowest_amount_accounts[['account_id', 'amount']]
```",failed,call_error: 'amount',,0,call_error: 'amount',,,,,,,,False,1,overt
99,"Among the accounts who have loan validity more than 12 months, list out the accounts that have the highest approved amount and have account opening date in 1993.",1,0,"```python
import pandas as pd

def get_highest_approved_amount_accounts(df_loan, df_account, threshold_date='1993-01-01'):
    # Filter accounts with loan validity more than 12 months
    df_loan_validity = df_loan[df_loan['date'] - df_loan['issued'] > pd.to_timedelta(12, unit='M')]
    
    # Merge account and loan data
    df_merged = pd.merge(df_loan_validity, df_account, on='account_id')
    
    # Filter accounts with account opening date in 1993
    df_merged = df_merged[df_merged['date'] >= threshold_date]
    
    # Group by account_id and get the maximum approved amount
    df_max_amount = df_merged.groupby('account_id')['amount'].max().reset_index()
    
    # Merge the maximum amount with the original account data
    df_max_amount = pd.merge(df_max_amount, df_account, on='account_id')
    
    # Sort the accounts by maximum approved amount in descending order
    df_max_amount = df_max_amount.sort_values('amount', ascending=False)
    
    return df_max_amount
```

```python
# Assuming the DataFrames are already loaded
df_loan = pd.read_csv('loan.csv')
df_account = pd.read_csv('account.csv')

result = get_highest_approved_amount_accounts(df_loan, df_account)
print(result)
```

```python
# To use this function in a more realistic scenario, you would load your DataFrames from a database
from sqlalchemy import create_engine

engine = create_engine('postgresql://user:password@host:port/db_name')
df_loan = pd.read_sql_table('loan', engine)
df_account = pd.read_sql_table('account', engine)

result = get_highest_approved_amount_accounts(df_loan, df_account)
print(result)
```",failed,call_error: 'issued',,2,call_error: 'issued',,,,,,,,False,1,overt
99,"Among the accounts who have loan validity more than 12 months, list out the accounts that have the highest approved amount and have account opening date in 1993.",1,1,"```python
import pandas as pd

def compute_feature(df_loan, df_account, df_order, threshold=12):
    # Filter accounts with loan validity more than 12 months
    valid_accounts = df_loan[df_loan['duration'] > threshold]
    
    # Merge account and order data
    merged_data = pd.merge(valid_accounts, df_account, on='account_id')
    merged_data = pd.merge(merged_data, df_order, on='account_id')
    
    # Filter accounts with approved amount and account opening date in 1993
    result = merged_data[(merged_data['amount'] == merged_data['amount'].max()) & 
                         (merged_data['date_x'].dt.year == 1993)]
    
    return result
```

```python
# Assuming the DataFrames are already loaded
account = pd.DataFrame(account)
card = pd.DataFrame(card)
client = pd.DataFrame(client)
disp = pd.DataFrame(disp)
district = pd.DataFrame(district)
loan = pd.DataFrame(loan)
order = pd.DataFrame(order)
trans = pd.DataFrame(trans)

# Compute the feature
result = compute_feature(loan, account, order)
print(result)
```",failed,"call_error: Operands are not aligned. Do `left, right = left.align(right, axis=1)` before operating.",,2,"call_error: Operands are not aligned. Do `left, right = left.align(right, axis=1)` before operating.",,,,,,,,False,1,overt
99,"Among the accounts who have loan validity more than 12 months, list out the accounts that have the highest approved amount and have account opening date in 1993.",1,2,"```python
import pandas as pd

def get_highest_approved_amount_accounts(df_loan, df_account, df_loan_validity_threshold):
    # Calculate loan validity
    df_loan_validity = df_loan.groupby('account_id')['date'].max().reset_index()
    df_loan_validity['validity'] = df_loan_validity['date'].apply(lambda x: (x - df_loan_validity_threshold).days / 365)

    # Filter accounts with loan validity more than 12 months
    df_filtered_accounts = df_loan_validity[df_loan_validity['validity'] > 12]

    # Merge with account DataFrame
    df_merged = pd.merge(df_filtered_accounts, df_account, on='account_id')

    # Group by account_id and get the maximum approved amount
    df_max_approved_amount = df_merged.groupby('account_id')['amount'].max().reset_index()

    # Filter accounts with account opening date in 1993
    df_filtered_accounts = df_account[df_account['date'].dt.year == 1993]

    # Merge with max approved amount DataFrame
    df_result = pd.merge(df_max_approved_amount, df_filtered_accounts, on='account_id')

    return df_result
```

```python
# Example usage
df_loan = pd.DataFrame({
    'loan_id': [1, 2, 3],
    'account_id': [101, 102, 103],
    'date': ['2020-01-01', '2020-06-01', '2021-01-01'],
    'amount': [1000, 2000, 3000],
    'duration': [12, 12, 12],
    'payments': [10, 10, 10],
    'status': ['approved', 'approved', 'approved']
})

df_account = pd.DataFrame({
    'account_id': [101, 102, 103],
    'date': ['1993-01-01', '1994-01-01', '1995-01-01']
})

df_loan_validity_threshold = pd.to_datetime('1993-01-01')

result = get_highest_approved_amount_accounts(df_loan, df_account, df_loan_validity_threshold)
print(result)
```",failed,call_error: unsupported operand type(s) for -: 'str' and 'str',,2,call_error: unsupported operand type(s) for -: 'str' and 'str',,,,,,,,False,1,overt
99,"Among the accounts who have loan validity more than 12 months, list out the accounts that have the highest approved amount and have account opening date in 1993.",1,3,"```python
import pandas as pd

def compute_feature(df_loan, df_account):
    # Filter accounts with loan validity more than 12 months
    df_loan_validity = df_loan[df_loan['duration'] > 12]

    # Filter accounts with approved amount and account opening date in 1993
    df_result = df_loan_validity.merge(df_account, on='account_id')
    df_result = df_result[df_result['date'].str.contains('1993')]

    # Group by account_id and get the max approved amount
    df_result = df_result.loc[df_result.groupby('account_id')['amount'].idxmax()]

    # Return the result
    return df_result[['account_id', 'amount']]
```

```python
import pandas as pd

def compute_feature(df_loan, df_account):
    # Filter accounts with loan validity more than 12 months
    df_loan_validity = df_loan[df_loan['duration'] > 12]

    # Filter accounts with approved amount and account opening date in 1993
    df_result = df_loan_validity.merge(df_account, on='account_id')
    df_result = df_result[df_result['date'].str.contains('1993')]

    # Group by account_id and get the max approved amount
    df_result = df_result.loc[df_result.groupby('account_id')['amount'].idxmax()]

    # Return the result
    return df_result[['account_id', 'amount']]
```

```python
# Usage
result = compute_feature(df_loan, df_account)
print(result)
```",failed,call_error: 'date',,1,call_error: 'date',,,,,,,,False,1,overt
99,"Among the accounts who have loan validity more than 12 months, list out the accounts that have the highest approved amount and have account opening date in 1993.",1,4,"```python
import pandas as pd

def get_highest_approved_amount_accounts(df_loan, df_account):
    # Filter loans with validity more than 12 months
    valid_loans = df_loan[df_loan['duration'] > 12]

    # Filter accounts with loan validity more than 12 months
    valid_accounts = df_account[df_account['account_id'].isin(valid_loans['account_id'])]

    # Filter accounts with account opening date in 1993
    accounts_1993 = valid_accounts[valid_accounts['date'].str.contains('1993')]

    # Group by account_id and get the maximum approved amount
    max_amount_accounts = accounts_1993.groupby('account_id')['amount'].max().reset_index()

    # Merge the maximum amount accounts with the original accounts dataframe
    result = pd.merge(max_amount_accounts, df_account, on='account_id')

    return result
```",failed,call_error: 'Column not found: amount',,1,"call_error: Can only use .str accessor with string values, not datetime64",,,,,,,,False,1,overt
100,"Among the account opened, how many female customers who were born before 1950 and stayed in Sokolov?",1,0,"```python
import pandas as pd

def count_female_customers_before_1950_staying_in_sokolov(df_client, df_account, df_district):
    # Filter clients born before 1950
    female_customers_before_1950 = df_client[(df_client['birth_date'] < '1950-01-01') & (df_client['gender'] == 'F')]

    # Filter accounts opened by these customers
    accounts_opened = df_account[df_account['account_id'].isin(female_customers_before_1950['client_id'])]

    # Filter accounts where the client stayed in Sokolov
    accounts_opened_in_sokolov = accounts_opened[accounts_opened['district_id'].isin(df_district[df_district['A2'] == 'Sokolov']['district_id'])]

    # Count the number of accounts opened
    count = len(accounts_opened_in_sokolov['account_id'].unique())

    return count
```",failed,wrong_value,,0,,4,True,False,,,,,False,1,covert
100,"Among the account opened, how many female customers who were born before 1950 and stayed in Sokolov?",1,1,"```python
import pandas as pd

def count_female_customers_before_1950_in_sokolov(df_client, df_account, df_district):
    # Filter clients born before 1950
    female_clients_before_1950 = df_client[(df_client['birth_date'].apply(lambda x: int(x.split('-')[0]) < 1950)) & (df_client['gender'] == 'F')]

    # Filter accounts opened by these clients
    accounts_opened_by_female_clients = df_account[df_account['account_id'].isin(female_clients_before_1950['client_id'])]

    # Filter accounts by district
    accounts_opened_in_sokolov = accounts_opened_by_female_clients[accounts_opened_by_female_clients['district_id'].isin(df_district[df_district['A2'] == 'Sokolov']['district_id'])]

    # Count the number of accounts opened
    count = len(accounts_opened_in_sokolov)

    return count
```

```python
# Assuming the DataFrames are already loaded
count = count_female_customers_before_1950_in_sokolov(df_client, df_account, df_district)
print(count)
```",failed,wrong_value,,0,,4,True,False,,,,,False,1,covert
100,"Among the account opened, how many female customers who were born before 1950 and stayed in Sokolov?",1,2,"```python
import pandas as pd

def count_female_customers_before_1950_stayed_in_sokolov(df_account, df_client, df_district):
    # Filter clients born before 1950
    female_clients_before_1950 = df_client[(df_client['birth_date'] < '1950-01-01') & (df_client['gender'] == 'female')]

    # Filter accounts opened by these clients
    accounts_opened_by_female_clients_before_1950 = df_account[df_account['client_id'].isin(female_clients_before_1950['client_id'])]

    # Filter accounts where client's district is Sokolov
    accounts_opened_by_female_clients_before_1950_in_sokolov = accounts_opened_by_female_clients_before_1950[
        accounts_opened_by_female_clients_before_1950['district_id'].isin(df_district[df_district['A2'] == 'Sokolov']['district_id'])
    ]

    # Count the number of accounts
    count = len(accounts_opened_by_female_clients_before_1950_in_sokolov)

    return count
```

```python
# Assuming the DataFrames are loaded as above
count = count_female_customers_before_1950_stayed_in_sokolov(df_account, df_client, df_district)
print(count)
```",failed,call_error: 'client_id',,0,call_error: 'client_id',,,,,,,,False,1,overt
100,"Among the account opened, how many female customers who were born before 1950 and stayed in Sokolov?",1,3,"```python
import pandas as pd

def female_customers_before_1950_in_sokolov(df_client, df_account, df_district):
    # Filter clients born before 1950
    female_clients_before_1950 = df_client[
        (df_client['birth_date'].dt.year < 1950) &
        (df_client['gender'] == 'Female')
    ]

    # Filter accounts opened by these clients
    accounts_opened_by_female_before_1950 = df_account[
        df_account['account_id'].isin(female_clients_before_1950['client_id'])
    ]

    # Filter districts where these accounts were opened
    sokolov_districts = df_district[
        df_district['district_id'].isin(accounts_opened_by_female_before_1950['district_id'])
    ]

    # Count the number of accounts opened by female customers born before 1950 in Sokolov
    count = accounts_opened_by_female_before_1950[
        accounts_opened_by_female_before_1950['district_id'].isin(sokolov_districts['district_id'])
    ].shape[0]

    return count
```

```python
# Usage
count = female_customers_before_1950_in_sokolov(df_client, df_account, df_district)
print(count)
```",failed,call_error: Can only use .dt accessor with datetimelike values,,0,call_error: Can only use .dt accessor with datetimelike values,,,,,,,,False,1,overt
100,"Among the account opened, how many female customers who were born before 1950 and stayed in Sokolov?",1,4,"```python
import pandas as pd

def female_customers_before_1950_stayed_in_sokolov(df_account, df_client, df_district):
    # Filter clients born before 1950
    female_customers = df_client[(df_client['birth_date'].dt.year < 1950) & (df_client['gender'] == 'Female')]

    # Filter accounts opened by these customers
    accounts = df_account[df_account['account_id'].isin(female_customers['client_id'])]

    # Filter accounts by district
    sokolov_accounts = accounts[accounts['district_id'].isin(df_district[df_district['A2'] == 'Sokolov']['district_id'])]

    # Count accounts
    count = sokolov_accounts['account_id'].nunique()

    return count
```",failed,call_error: Can only use .dt accessor with datetimelike values,,0,call_error: Can only use .dt accessor with datetimelike values,,,,,,,,False,1,overt
102,State different accounts who have account opening date before 1997 and own an amount of money greater than 3000USD,1,4,"```python
import pandas as pd

def get_accounts_with_large_balance_and_old_opening_date(df_account, df_loan, df_order, df_trans):
    # Merge account and loan data to get account_id
    merged_account_loan = pd.merge(df_account, df_loan, on='account_id')

    # Filter accounts with large balance (> 3000 USD) and old account opening date (< 1997)
    filtered_accounts = merged_account_loan[
        (merged_account_loan['date'] < '1997-01-01') & 
        (merged_account_loan['balance'] > 3000)
    ]

    # Merge filtered accounts with order data to get order_id
    merged_accounts_order = pd.merge(filtered_accounts, df_order, on='account_id')

    # Merge with transaction data to get trans_id
    merged_accounts_trans = pd.merge(merged_accounts_order, df_trans, on='account_id')

    # Return unique account_id
    return merged_accounts_trans['account_id'].unique()
```

```python
# Example usage:
accounts_id = get_accounts_with_large_balance_and_old_opening_date(
    df_account=account, 
    df_loan=loan, 
    df_order=order, 
    df_trans=trans
)
print(accounts_id)
```",failed,call_error: 'date',,3,call_error: 'date',,,,,,,,False,1,overt
104,"The transaction of 840 USD happened in 1998/10/14, when was this account opened?",1,0,"```python
import pandas as pd

def account_opening_date(transaction_df, account_df):
    # Filter transaction by amount and date
    filtered_transactions = transaction_df[
        (transaction_df['amount'] == 840) &
        (transaction_df['date'] == '1998/10/14')
    ]
    
    # Get account ID from filtered transactions
    account_ids = filtered_transactions['account_id'].unique()
    
    # Filter account DataFrame by account IDs
    filtered_accounts = account_df[account_df['account_id'].isin(account_ids)]
    
    # Return minimum opening date
    return filtered_accounts['date'].min()

# Usage
account_opening_date(trans, account)
```

Please note that the above code assumes that the 'date' column in the account DataFrame contains the date when the account was opened. If this is not the case, you need to adjust the code accordingly. 

Also note that the `date` column should be of datetime type for this code to work. If it's a string, you need to convert it to datetime type using the `pd.to_datetime` function.",failed,cant_compare,,0,,NaT,True,False,,,,,False,1,overt
104,"The transaction of 840 USD happened in 1998/10/14, when was this account opened?",1,1,"```python
import pandas as pd

def get_account_open_date(account_id):
    # Merge account and disp tables to get account_open_date
    merged_df = pd.merge(account, disp, on='account_id')
    merged_df = pd.merge(merged_df, card, on='disp_id')
    
    # Filter the transaction with amount 840 USD
    trans_df = trans[trans['amount'] == 840]
    
    # Find the account_id of the transaction
    account_id_of_transaction = trans_df['account_id'].unique()[0]
    
    # Get the date of account opening
    account_open_date = merged_df[merged_df['account_id'] == account_id_of_transaction]['date'].iloc[0]
    
    return account_open_date

# Example usage
account_open_date = get_account_open_date(1)
print(account_open_date)
```

```python
import pandas as pd

def get_account_open_date(account_id):
    # Merge account and disp tables to get account_open_date
    merged_df = pd.merge(account, disp, on='account_id')
    merged_df = pd.merge(merged_df, card, on='disp_id')
    
    # Filter the transaction with amount 840 USD
    trans_df = trans[trans['amount'] == 840]
    
    # Find the account_id of the transaction
    account_id_of_transaction = trans_df['account_id'].unique()[0]
    
    # Get the date of account opening
    account_open_date = merged_df[merged_df['account_id'] == account_id_of_transaction]['date'].iloc[0]
    
    return account_open_date

# Example usage
account_open_date = get_account_open_date(1)
print(account_open_date)
```

```python
import pandas as pd

def get_account_open_date(account_id):
    # Merge account and disp tables to get account_open_date
    merged_df = pd.merge(account, disp, on='account_id')
    merged_df = pd.merge(merged_df, card, on='disp_id')
    
    # Filter the transaction with amount 840 USD
    trans_df = trans[trans['amount'] == 840]
    
    # Find the account_id of the transaction
    account_id_of_transaction = trans_df['account_id'].unique()[0]
    
    # Get the date of account opening
    account_open_date = merged_df[merged_df['account_id'] == account_id_of_transaction]['date'].iloc[0]
    
    return account_open_date

# Example usage
account_open_date = get_account_open_date(1)
print(account_open_date)
```

```python
import pandas as pd

def get_account_open_date(account_id):
    # Merge account and disp tables to get account_open_date
    merged_df = pd.merge(account, disp, on='account_id')
    merged_df = pd.merge(merged_df, card, on='disp_id')
    
    # Filter the transaction with amount 840 USD
    trans_df = trans[trans['amount'] == 840]
    
    # Find the account_id of the transaction
    account_id_of_transaction = trans_df['account_id'].unique()[0]
    
    # Get the date of account opening
    account_open_date = merged_df[merged_df['account_id'] == account_id_of_transaction]['date'].iloc[0]
    
    return account_open_date

# Example usage
account_open_date = get_account_open_date(1)
print(account_open_date)
```

```python
import pandas as pd

def get_account_open_date(account_id):
    # Merge account and disp tables to get account_open_date
    merged_df = pd.merge(account, disp, on='account_id')
    merged_df = pd.merge(merged_df, card, on='disp_id')
    
    # Filter the transaction with amount 840 USD
    trans_df = trans[trans['amount'] == 840]
    
    # Find the account_id of the transaction
    account_id_of_transaction = trans_df['account_id'].unique()[0]
    
    # Get the date of account opening
    account_open_date = merged_df[merged_df['account_id'] == account_id_of_transaction]['date'].iloc[0]
    
    return account_open_date

# Example usage
account_open_date = get_account_open_date(1)
print(account_open_date)
```

```python
import pandas as pd

def get_account_open_date(account_id):
    # Merge account and disp tables to get account_open_date
    merged_df = pd.merge(account, disp, on='account_id')
    merged_df = pd.merge(merged_df, card, on='disp_id')
    
    # Filter the transaction with amount 840 USD
    trans_df = trans[trans['amount'] == 840]
    
    # Find the account_id of the transaction
    account_id_of_transaction = trans_df['account_id'].unique()[0]
    
    # Get the date of account opening
    account_open_date =",failed,exec_error: single positional indexer is out-of-bounds,,2,call_error: single positional indexer is out-of-bounds,,,,,,,,False,1,overt
104,"The transaction of 840 USD happened in 1998/10/14, when was this account opened?",1,2,"```python
import pandas as pd

def get_account_opening_date(account_id):
    # Filter transactions for the given account ID
    transactions = trans[trans['account_id'] == account_id]
    
    # Filter transactions for deposit type
    deposits = transactions[transactions['type'] == 'deposit']
    
    # If there are deposits, return the earliest date
    if not deposits.empty:
        return deposits['date'].min()
    else:
        return None

# Apply the function to each account ID
account_opening_dates = trans.groupby('account_id')['date'].apply(get_account_opening_date)

# Output the result
print(account_opening_dates)
```

This function assumes that the transactions are stored in the `trans` DataFrame. It filters the transactions for the given account ID, then filters the transactions for deposit type, and returns the earliest date if there are deposits. If there are no deposits, it returns `None`. The function is then applied to each account ID using the `groupby` method, and the result is stored in the `account_opening_dates` DataFrame.",failed,exec_error: Can only compare identically-labeled Series objects,,0,"call_error: Operands are not aligned. Do `left, right = left.align(right, axis=1)` before operating.",,,,,,,,False,1,overt
104,"The transaction of 840 USD happened in 1998/10/14, when was this account opened?",1,3,"```python
import pandas as pd

def account_opening_date(trans_df, account_df):
    # Filter transaction DataFrame for the specified operation and amount
    trans_filter = trans_df[(trans_df['operation'] == 'deposit') & (trans_df['amount'] == 840)]
    
    # Extract the account_id from the filtered transactions
    account_ids = trans_filter['account_id'].unique()
    
    # Filter the account DataFrame for the extracted account_ids
    account_opening_dates = account_df[account_df['account_id'].isin(account_ids)]['date'].unique()
    
    return account_opening_dates

# Assuming the DataFrames are already loaded
account_opening_date(trans_df, account_df)
```

This function takes two DataFrames, `trans_df` and `account_df`, as input and returns a list of unique account opening dates corresponding to the transactions of 840 USD.",failed,exec_error: name 'trans_df' is not defined,,0,,"<DatetimeArray>
[]
Length: 0, dtype: datetime64[us]",True,False,,,,,False,1,overt
105,"There was a loan approved in 1994/8/25, where was that account opened, give the district Id of the branch.",1,0,"```python
import pandas as pd

def get_district_id_for_loan_approved(df_loan, df_account, df_disp):
    # Filter the loan that was approved on 1994/8/25
    approved_loan = df_loan[(df_loan['date'] == '1994/8/25') & (df_loan['status'] == 'approved')]
    
    # Get the account_id of the approved loan
    account_id = approved_loan['account_id'].unique()[0]
    
    # Get the disp_id of the account
    disp_id = df_account.loc[df_account['account_id'] == account_id, 'disp_id'].unique()[0]
    
    # Get the district_id of the branch
    district_id = df_disp.loc[df_disp['disp_id'] == disp_id, 'district_id'].unique()[0]
    
    return district_id
```

```python
import pandas as pd

def get_district_id_for_loan_approved(df_loan, df_account, df_disp):
    # Filter the loan that was approved on 1994/8/25
    approved_loan = df_loan[(df_loan['date'] == '1994/8/25') & (df_loan['status'] == 'approved')]
    
    # Get the account_id of the approved loan
    account_id = approved_loan['account_id'].iloc[0]
    
    # Get the disp_id of the account
    disp_id = df_account.loc[df_account['account_id'] == account_id, 'disp_id'].iloc[0]
    
    # Get the district_id of the branch
    district_id = df_disp.loc[df_disp['disp_id'] == disp_id, 'district_id'].iloc[0]
    
    return district_id
```

```python
import pandas as pd

def get_district_id_for_loan_approved(df_loan, df_account, df_disp):
    # Filter the loan that was approved on 1994/8/25
    approved_loan = df_loan[(df_loan['date'] == '1994/8/25') & (df_loan['status'] == 'approved')]
    
    # Get the account_id of the approved loan
    account_id = approved_loan['account_id'].iloc[0]
    
    # Get the disp_id of the account
    disp_id = df_account.loc[df_account['account_id'] == account_id, 'disp_id'].iloc[0]
    
    # Get the district_id of the branch
    district_id = df_disp.loc[df_disp['disp_id'] == disp_id, 'district_id'].iloc[0]
    
    # Get the district data
    district_data = df_district
    
    # Merge the district data with the account data
    merged_data = pd.merge(df_account, district_data, left_on='district_id', right_on='district_id')
    
    # Get the district_id of the branch
    district_id = merged_data.loc[merged_data['disp_id'] == disp_id, 'district_id'].iloc[0]
    
    return district_id
```",failed,call_error: index 0 is out of bounds for axis 0 with size 0,,0,call_error: index 0 is out of bounds for axis 0 with size 0,,,,,,,,False,1,overt
105,"There was a loan approved in 1994/8/25, where was that account opened, give the district Id of the branch.",1,1,"```python
import pandas as pd

def get_district_id_of_branch(df_loan, df_account, df_disp):
    # Filter loan with date 1994/8/25
    loan_approved = df_loan[df_loan['date'] == '1994/8/25']

    # Get account_id of the approved loan
    account_id = loan_approved['account_id'].unique()[0]

    # Get district_id of the account
    district_id = df_account[df_account['account_id'] == account_id]['district_id'].unique()[0]

    # Get disp_id of the account
    disp_id = df_disp[df_disp['account_id'] == account_id]['disp_id'].unique()[0]

    # Get district_id of the branch
    district_id_branch = df_disp[df_disp['disp_id'] == disp_id]['district_id'].unique()[0]

    return district_id_branch
```

```python
# Usage
district_id_branch = get_district_id_of_branch(df_loan, df_account, df_disp)
print(district_id_branch)
```

Please note that this function assumes there is only one loan with date '1994/8/25' and one account with account_id matching the loan's account_id. If there are multiple loans or accounts, this function will return the first one it finds.",failed,call_error: index 0 is out of bounds for axis 0 with size 0,,0,call_error: index 0 is out of bounds for axis 0 with size 0,,,,,,,,False,1,overt
105,"There was a loan approved in 1994/8/25, where was that account opened, give the district Id of the branch.",1,2,"```python
import pandas as pd

def get_district_id_of_branch(df_loan, df_account, df_disp):
    # Filter the loan that was approved on 1994/8/25
    loan_approved = df_loan[df_loan['date'] == '1994/8/25']

    # Filter the account that was opened for the loan
    account_opened = df_account[df_account['account_id'].isin(loan_approved['account_id'])]

    # Merge the account with the disp table to get the district id of the branch
    merged = pd.merge(account_opened, df_disp, on='account_id')

    # Filter the disp that is a branch
    branch_disp = merged[merged['type'] == 'branch']

    # Return the district id of the branch
    return branch_disp['district_id'].unique()[0]
```

You can use this function with the following code:

```python
# Assuming df_loan, df_account, df_disp are already loaded DataFrames
district_id = get_district_id_of_branch(df_loan, df_account, df_disp)
print(district_id)
```",failed,call_error: index 0 is out of bounds for axis 0 with size 0,,1,call_error: index 0 is out of bounds for axis 0 with size 0,,,,,,,,False,1,overt
105,"There was a loan approved in 1994/8/25, where was that account opened, give the district Id of the branch.",1,3,"```python
import pandas as pd

def get_district_id(df_loan, df_account, df_disp):
    # Filter loan data by date
    loan_data = df_loan[df_loan['date'] == '1994/8/25']
    
    # Get account id from loan data
    account_id = loan_data['account_id'].unique()[0]
    
    # Get account data
    account_data = df_account[df_account['account_id'] == account_id]
    
    # Get disp id from account data
    disp_id = account_data['disp_id'].unique()[0]
    
    # Get district id from disp data
    district_data = df_disp[df_disp['disp_id'] == disp_id]
    district_id = district_data['district_id'].unique()[0]
    
    return district_id

# Usage
district_id = get_district_id(df_loan, df_account, df_disp)
print(district_id)
```",failed,exec_error: name 'df_loan' is not defined,,0,call_error: index 0 is out of bounds for axis 0 with size 0,,,,,,,,False,1,overt
105,"There was a loan approved in 1994/8/25, where was that account opened, give the district Id of the branch.",1,4,"```python
import pandas as pd

def get_district_id_of_branch(df_loan, df_account, df_disp):
    # Filter the loan that was approved in 1994/8/25
    loan_approved = df_loan[df_loan['date'] == '1994/8/25']
    
    # Filter the account that was opened before the loan was approved
    account_opened_before_loan = df_account[df_account['date'] < loan_approved['date'].iloc[0]]
    
    # Merge the account and disp tables to get the disp_id of the account
    account_disp = pd.merge(account_opened_before_loan, df_disp, on='account_id')
    
    # Filter the disp that matches the loan account
    disp_match_loan_account = account_disp[account_disp['account_id'] == loan_approved['account_id'].iloc[0]]
    
    # Return the district_id of the branch
    return disp_match_loan_account['district_id'].iloc[0]
```

```python
# Example usage
print(get_district_id_of_branch(df_loan, df_account, df_disp))
```",failed,call_error: single positional indexer is out-of-bounds,,1,call_error: single positional indexer is out-of-bounds,,,,,,,,False,1,overt
106,What is the biggest amount of transaction that the client whose card was opened in 1996/10/21 made?,3,0,"```python
import pandas as pd

def max_transaction_amount(client_card_opened_date):
    # Filter transactions where account_id is in the same district as the client
    client_district = client_df[client_card_opened_date].district_id
    transactions = trans_df[trans_df.account_id.isin(client_df[client_card_opened_date].account_id)]
    
    # Filter transactions where account_id is in the same district as the client
    transactions_in_district = transactions[transactions.account_id.isin(client_df[client_card_opened_date].account_id)]
    
    # Group transactions by account_id and sum the amount
    grouped_transactions = transactions_in_district.groupby('account_id')['amount'].sum().reset_index()
    
    # Group transactions by account_id and sum the amount
    max_amount = grouped_transactions.loc[grouped_transactions['amount'].idxmax()]
    
    return max_amount['amount']

# Load the DataFrames
account_df = pd.read_csv('account.csv')
card_df = pd.read_csv('card.csv')
client_df = pd.read_csv('client.csv')
disp_df = pd.read_csv('disp.csv')
district_df = pd.read_csv('district.csv')
loan_df = pd.read_csv('loan.csv')
order_df = pd.read_csv('order.csv')
trans_df = pd.read_csv('trans.csv')

# Get the date when the client's card was opened
client_card_opened_date = card_df[card_df.type == 'credit'].issued
max_amount = max_transaction_amount(client_card_opened_date)
print(max_amount)
```",failed,exec_error: [Errno 2] No such file or directory: 'account.csv',,0,call_error: 'DataFrame' object has no attribute 'account_id',,,,,,,,True,3,overt
107,What is the gender of the oldest client who opened his/her account in the highest average salary branch?,1,0,"```python
import pandas as pd

def oldest_client_in_highest_avg_salary_branch(df_client, df_account, df_district):
    # Merge client and account data
    df_client_account = pd.merge(df_client, df_account, on='district_id')
    
    # Merge account and district data
    df_account_district = pd.merge(df_account, df_district, on='district_id')
    
    # Calculate average salary for each district
    df_account_district['average_salary'] = df_account_district[['A2', 'A3', 'A4', 'A5', 'A6', 'A7', 'A8', 'A9', 'A10', 'A11', 'A12', 'A13', 'A14', 'A15', 'A16']].mean(axis=1)
    
    # Merge account, client, and district data
    df_account_client_district = pd.merge(df_account, df_client, on='district_id')
    df_account_client_district = pd.merge(df_account_client_district, df_account_district, on='district_id')
    
    # Filter for clients who have an account
    df_account_client_district = df_account_client_district[df_account_client_district['account_id'].notna()]
    
    # Find the highest average salary district
    highest_avg_salary_district_id = df_account_client_district['average_salary'].idxmax()
    
    # Filter for clients from the highest average salary district
    df_highest_avg_salary_clients = df_account_client_district[df_account_client_district['district_id'] == highest_avg_salary_district_id]
    
    # Find the oldest client
    oldest_client = df_highest_avg_salary_clients.loc[df_highest_avg_salary_clients['birth_date'].min()]
    
    # Return the gender of the oldest client
    return oldest_client['gender'].values[0]
```",failed,"call_error: can only concatenate str (not ""int"") to str",,4,"call_error: can only concatenate str (not ""int"") to str",,,,,,,,False,1,overt
107,What is the gender of the oldest client who opened his/her account in the highest average salary branch?,1,2,"```python
import pandas as pd

def get_oldest_client_in_highest_avg_salary_branch(df_account, df_client, df_district, df_loan):
    # Merge account and client DataFrames
    merged_account_client = pd.merge(df_account, df_client, on='account_id')
    
    # Merge merged DataFrame with district DataFrame
    merged_account_client_district = pd.merge(merged_account_client, df_district, on='district_id')
    
    # Group district DataFrame by district_id and calculate average salary
    avg_salary_district = df_district.groupby('district_id').agg(A2=('A2', 'mean')).reset_index()
    
    # Merge merged DataFrame with average salary DataFrame
    merged_account_client_district_avg_salary = pd.merge(merged_account_client_district, avg_salary_district, on='district_id')
    
    # Find the district_id with the highest average salary
    max_avg_salary_district_id = merged_account_client_district_avg_salary.loc[merged_account_client_district_avg_salary['A2'].idxmax()]['district_id']
    
    # Filter the merged DataFrame to only include clients from the highest average salary district
    filtered_account_client_district = merged_account_client_district[merged_account_client_district['district_id'] == max_avg_salary_district_id]
    
    # Find the oldest client
    oldest_client = filtered_account_client_district.loc[filtered_account_client_district['date'].sub(filtered_account_client_district['date'].max()).idxmin()]
    
    # Return the gender of the oldest client
    return oldest_client['gender'].values[0]
```",failed,call_error: 'account_id',,3,call_error: 'account_id',,,,,,,,False,1,overt
107,What is the gender of the oldest client who opened his/her account in the highest average salary branch?,1,3,"```python
import pandas as pd

def oldest_client_in_highest_average_salary_branch(df_account, df_client, df_district):
    # Merge account and client DataFrames
    df_account_client = pd.merge(df_account, df_client, on='account_id')
    
    # Merge account and district DataFrames
    df_account_district = pd.merge(df_account, df_district, left_on='district_id', right_on='district_id')
    
    # Calculate average salary for each district
    df_district_avg_salary = df_account_district.groupby('district_id')['amount'].mean().reset_index()
    
    # Merge account, client, and district average salary DataFrames
    df_account_client_district = pd.merge(df_account_client, df_district_avg_salary, on='district_id')
    
    # Find the highest average salary district
    highest_avg_salary_district = df_account_client_district.loc[df_account_client_district['amount'].idxmax()]
    
    # Find the oldest client who opened his/her account in the highest average salary branch
    oldest_client = df_account_client_district.loc[(df_account_client_district['date'] == highest_avg_salary_district['date']) & 
                                                     (df_account_client_district['age'] == df_client.loc[df_client['birth_date'].idxmin()]['age'])]
    
    # Return the gender of the oldest client
    return oldest_client['gender'].iloc[0]
```

```python
# Assuming the DataFrames are already loaded
account = pd.read_csv('account.csv')
client = pd.read_csv('client.csv')
district = pd.read_csv('district.csv')

# Call the function
gender = oldest_client_in_highest_average_salary_branch(account, client, district)
print(gender)
```",failed,call_error: 'account_id',,3,call_error: 'account_id',,,,,,,,False,1,overt
107,What is the gender of the oldest client who opened his/her account in the highest average salary branch?,1,4,"```python
import pandas as pd

def oldest_client_highest_avg_salary_branch(df_client, df_account, df_district, df_loan):
    # Merge client and account tables to get client_id and account_id
    merged_client_account = pd.merge(df_client, df_account, on='account_id')
    
    # Merge account and district tables to get district_id and average salary
    merged_account_district = pd.merge(df_account, df_district, on='district_id')
    
    # Group by district_id and calculate average salary
    avg_salary = merged_account_district.groupby('district_id')['A1'].mean().reset_index()
    
    # Merge client and account tables with average salary
    merged_client_account_avg_salary = pd.merge(merged_client_account, avg_salary, on='district_id')
    
    # Find the highest average salary branch
    highest_avg_salary_branch = avg_salary.loc[avg_salary['A1'].idxmax()]['district_id']
    
    # Find the oldest client who opened his/her account in the highest average salary branch
    oldest_client = merged_client_account_avg_salary.loc[
        (merged_client_account_avg_salary['age'] == merged_client_account_avg_salary['age'].max()) &
        (merged_client_account_avg_salary['district_id'] == highest_avg_salary_branch)
    ]
    
    # Return the gender of the oldest client
    return oldest_client['gender'].values[0]
```",failed,call_error: 'account_id',,3,call_error: 'account_id',,,,,,,,False,1,overt
108,"For the client who applied the biggest loan, what was his/her first amount of transaction after opened the account?",2,0,"```python
import pandas as pd

def first_transaction_after_opening(df_account, df_loan, df_trans, df_card, df_client):
    # Find the client with the biggest loan
    max_loan_client_id = df_loan.loc[df_loan['amount'].idxmax()]['client_id']

    # Filter transactions for the client with the biggest loan
    filtered_trans = df_trans[df_trans['account_id'] == df_card.loc[df_card['client_id'] == max_loan_client_id, 'account_id'].iloc[0]]

    # Filter transactions to only include those after the account was opened
    filtered_trans = filtered_trans[filtered_trans['date'] > df_account.loc[df_account['account_id'] == df_card.loc[df_card['client_id'] == max_loan_client_id, 'account_id'].iloc[0], 'date'].iloc[0]]

    # Return the first transaction's amount
    return filtered_trans['amount'].min()
```

```python
# Example usage:
first_transaction_amount = first_transaction_after_opening(account, loan, trans, card, client)
print(first_transaction_amount)
```",failed,call_error: 'client_id',,0,call_error: 'client_id',,,,,,,,False,2,overt
108,"For the client who applied the biggest loan, what was his/her first amount of transaction after opened the account?",2,1,"```python
import pandas as pd

def first_transaction_after_opening(df_account, df_loan, df_trans):
    # Merge account and loan tables on account_id
    df_loan_account = pd.merge(df_loan, df_account, on='account_id')
    
    # Find the client who applied the biggest loan
    max_loan_client = df_loan_account.loc[df_loan_account['amount'].idxmax()]
    
    # Filter transactions of the client who applied the biggest loan
    df_trans_client = df_trans[df_trans['account_id'] == max_loan_client['account_id']]
    
    # Filter transactions that are after the account was opened
    df_trans_client_opened = df_trans_client[df_trans_client['date'] > max_loan_client['date']]
    
    # Sort transactions by date
    df_trans_client_opened_sorted = df_trans_client_opened.sort_values('date')
    
    # Get the first transaction
    first_transaction = df_trans_client_opened_sorted.iloc[0]
    
    return first_transaction['amount']
```",failed,call_error: 'date',,1,call_error: 'date',,,,,,,,False,2,overt
108,"For the client who applied the biggest loan, what was his/her first amount of transaction after opened the account?",2,2,"```python
import pandas as pd

def first_transaction_after_loan(df_loan, df_account, df_trans, df_order):
    # Merge loan and account tables by account_id
    df_loan_account = pd.merge(df_loan, df_account, on='account_id')
    
    # Get the account_id of the client who applied the biggest loan
    max_loan_amount = df_loan_account['amount'].max()
    max_loan_account_id = df_loan_account.loc[df_loan_account['amount'] == max_loan_amount, 'account_id'].iloc[0]
    
    # Filter transactions for the account with the biggest loan
    df_trans_max_loan = df_trans[df_trans['account_id'] == max_loan_account_id]
    
    # Filter transactions where the account was opened and the transaction was made after the account was opened
    df_trans_opened = df_account[df_account['date'].isin(df_trans_max_loan['date'])]
    df_first_transaction = df_trans_max_loan[df_trans_max_loan['date'].isin(df_trans_opened['date'])]
    
    # Return the first transaction date and amount
    return df_first_transaction[['date', 'amount']].iloc[0]
```",failed,cant_compare,,1,call_error: single positional indexer is out-of-bounds,,,,,,,,False,2,overt
108,"For the client who applied the biggest loan, what was his/her first amount of transaction after opened the account?",2,3,"```python
import pandas as pd

def first_transaction_after_opened(df_account, df_loan, df_trans):
    # Filter the loan with the biggest amount
    max_loan = df_loan.loc[df_loan['amount'].idxmax()]
    
    # Get the account_id of the loan with the biggest amount
    account_id = max_loan['account_id']
    
    # Filter the transactions for the given account_id
    transactions = df_trans[df_trans['account_id'] == account_id]
    
    # Filter the transactions where the account was opened
    opened_account = df_account[df_account['account_id'] == account_id]
    
    # Find the first transaction after the account was opened
    first_transaction = transactions[transactions['date'] > opened_account['date'].min()]
    
    # Return the first transaction if exists, otherwise return NaN
    return first_transaction['amount'].iloc[0] if not first_transaction.empty else pd.NA
```

```python
first_amount = first_transaction_after_opened(df_account, df_loan, df_trans)
print(first_amount)
```

Note: The function assumes that there is at least one transaction for the account with the biggest loan. If there are no transactions, the function will return NaN.",failed,wrong_value,,0,call_error: '<' not supported between instances of 'Timestamp' and 'str',,,,,,,,False,2,covert
108,"For the client who applied the biggest loan, what was his/her first amount of transaction after opened the account?",2,4,"```python
import pandas as pd

def first_transaction_after_loan_opening(df_account, df_loan, df_trans):
    # Filter the client who applied the biggest loan
    max_loan_amount = df_loan['amount'].max()
    biggest_loan_client = df_loan[df_loan['amount'] == max_loan_amount]
    
    # Get the account id of the biggest loan client
    account_id = biggest_loan_client['account_id'].unique()[0]
    
    # Filter transactions after the loan was opened
    loan_date = biggest_loan_client['date'].min()
    transactions_after_loan_opening = df_trans[df_trans['date'] > loan_date]
    
    # Filter transactions of the biggest loan client
    first_transaction = transactions_after_loan_opening[transactions_after_loan_opening['account_id'] == account_id]
    
    # Return the first transaction amount
    return first_transaction['amount'].min() if not first_transaction.empty else None
```",failed,wrong_value,,0,,15,True,False,,,,,False,2,covert
109,How many clients opened their accounts in Jesenik branch were women?,1,4,"```python
import pandas as pd

def count_women_in_jesenik(df_account, df_client, df_district):
    # Filter account opened in Jesenik branch
    jesenik_account = df_account[df_account['district_id'] == df_district[df_district['A2'] == 'Jesenik']['district_id'].unique()[0]]
    
    # Filter accounts opened by women
    women_account = df_account[df_account['account_id'].isin(df_client[df_client['gender'] == 'F']['client_id'].unique())]
    
    # Filter accounts opened by women in Jesenik branch
    result = len(jesenik_account[jesenik_account['account_id'].isin(women_account['account_id'])]['account_id'].unique())
    
    return result

# Assuming the DataFrames are already loaded
result = count_women_in_jesenik(df_account, df_client, df_district)
print(result)
```",failed,exec_error: name 'df_account' is not defined,,0,,23,True,False,,,,,False,1,overt
110,What is the disposition id of the client who made 5100 USD transaction in 1998/9/2?,2,1,"```python
import pandas as pd

def get_disposition_id(transaction_df):
    # Filter the transaction
    transaction_filtered = transaction_df[
        (transaction_df['amount'] == 5100) & 
        (transaction_df['date'] == '1998/9/2')
    ]

    # Get the account id
    account_id = transaction_filtered['account_id'].unique()[0]

    # Get the client id
    client_id = transaction_df[transaction_df['account_id'] == account_id]['account_id'].map(
        pd.merge(disp, account, on='account_id')['client_id']
    ).unique()[0]

    # Get the disposition id
    disposition_id = pd.merge(disp, client, on='client_id')['disp_id'].unique()[0]

    return disposition_id

# Usage
disposition_id = get_disposition_id(trans)
print(disposition_id)
```",failed,exec_error: index 0 is out of bounds for axis 0 with size 0,,2,call_error: index 0 is out of bounds for axis 0 with size 0,,,,,,,,True,2,overt
110,What is the disposition id of the client who made 5100 USD transaction in 1998/9/2?,2,3,"```python
import pandas as pd

def get_disposition_id(transaction_df, disp_df):
    # Filter transactions made in 1998/9/2
    transaction_1998_9_2 = transaction_df[(transaction_df['date'] >= '1998-09-01') & (transaction_df['date'] <= '1998-09-30')]

    # Group by account_id and sum amount
    account_amount = transaction_1998_9_2.groupby('account_id')['amount'].sum().reset_index()

    # Merge account_amount with disp_df
    merged_df = pd.merge(account_amount, disp_df, on='account_id')

    # Group by account_id and sum amount, then find the top account_id
    max_amount_account_id = merged_df.loc[merged_df['amount'].idxmax()]['account_id']

    # Find the disposition_id of the account_id with max amount
    disposition_id = merged_df.loc[merged_df['account_id'] == max_amount_account_id, 'disp_id'].iloc[0]

    return disposition_id

# Usage
disposition_id = get_disposition_id(trans, disp)
print(disposition_id)
```",failed,wrong_value,,1,,3134,True,False,,,,,True,2,covert
110,What is the disposition id of the client who made 5100 USD transaction in 1998/9/2?,2,4,"```python
import pandas as pd

def get_disposition_id():
    transaction = trans[trans['amount'] == 5100]
    client_account = disp[disp['account_id'].isin(transaction['account_id'])]
    disposition_id = client_account['disp_id'].unique()
    return pd.Series(disposition_id).value_counts()
```

```python
import pandas as pd

def get_disposition_id():
    transaction = trans[trans['date'] == '1998/9/2']
    client_account = disp[disp['account_id'].isin(transaction['account_id'])]
    disposition_id = client_account['disp_id'].unique()
    return pd.Series(disposition_id).value_counts()
```

```python
import pandas as pd

def get_disposition_id():
    transaction = trans[(trans['date'] == '1998/9/2') & (trans['amount'] == 5100)]
    client_account = disp[disp['account_id'].isin(transaction['account_id'])]
    disposition_id = client_account['disp_id'].unique()
    return pd.Series(disposition_id).value_counts()
```",failed,cant_compare,,0,,"2        1
3        1
7        1
13       1
22       1
        ..
13604    1
13616    1
13647    1
13648    1
13660    1
Name: count, Length: 1433, dtype: int64",True,False,,,,,True,2,overt
111,How many accounts were opened in Litomerice in 1996?,1,4,"```python
import pandas as pd

def count_accounts_opened_in_litomerice(df_account):
    # Filter accounts opened in Litomerice
    litomerice_accounts = df_account[df_account['district_id'] == 'Litomerice']

    # Filter accounts opened in 1996
    litomerice_accounts_1996 = litomerice_accounts[litomerice_accounts['date'].str.contains('1996')]

    # Return count of accounts
    return litomerice_accounts_1996['account_id'].nunique()

# Load DataFrames
df_account = pd.read_csv('account.csv')
df_district = pd.read_csv('district.csv')

# Map district_id to district name
district_map = dict(zip(df_district['district_id'], df_district['district_id']))

# Apply map to account DataFrame
df_account['district_id'] = df_account['district_id'].map(district_map)

# Call function
count = count_accounts_opened_in_litomerice(df_account)
print(count)
```",failed,exec_error: [Errno 2] No such file or directory: 'account.csv',,0,"call_error: Can only use .str accessor with string values, not datetime64",,,,,,,,False,1,overt
112,"For the female client who was born in 1976/1/29, which district did she opened her account?",1,0,"```python
import pandas as pd

def get_district(client_df, account_df):
    # Filter client by gender and birth date
    female_client = client_df[(client_df['gender'] == 'F') & (client_df['birth_date'] == '1976/1/29')]
    
    # Filter account by client_id
    account_client = account_df.merge(female_client[['client_id']], on='client_id', how='left')
    
    # Drop NaN rows
    account_client = account_client.dropna()
    
    # Filter account by district_id
    district_account = account_client[['account_id']].merge(client_df[['district_id']], on='account_id', how='left')
    
    # Drop NaN rows
    district_account = district_account.dropna()
    
    # Output the district_id
    return district_account['district_id'].iloc[0]

# Assuming the DataFrames are loaded as df_account, df_card, df_client, df_disp, df_district, df_loan, df_order, df_trans
print(get_district(df_client, df_account))
```",failed,exec_error: name 'df_client' is not defined,,2,call_error: 'client_id',,,,,,,,False,1,overt
112,"For the female client who was born in 1976/1/29, which district did she opened her account?",1,1,"```python
import pandas as pd

def get_district(client_df, account_df):
    client = client_df[(client_df['birth_date'] == '1976/1/29') & (client_df['gender'] == 'F')]
    if not client.empty:
        account_id = client['client_id'].unique()[0]
        account = account_df[account_df['client_id'] == account_id]
        if not account.empty:
            return account['district_id'].unique()[0]
    return None

# Usage
district_id = get_district(client_df, account_df)
print(district_id)
```

```python
import pandas as pd

def get_district(client_df, account_df):
    client = client_df[(client_df['birth_date'] == '1976/1/29') & (client_df['gender'] == 'F')]
    if not client.empty:
        account_id = client['client_id'].unique()[0]
        account = account_df[account_df['client_id'] == account_id]
        if not account.empty:
            return account['district_id'].unique()[0]
    return None

# Usage
district_id = get_district(client_df, account_df)
print(district_id)
```",failed,exec_error: name 'client_df' is not defined,,0,,,True,False,,,,,False,1,overt
112,"For the female client who was born in 1976/1/29, which district did she opened her account?",1,2,"```python
import pandas as pd

def get_district(client_df, account_df):
    client = client_df[(client_df['gender'] == 'F') & (client_df['birth_date'] == '1976/1/29')]
    account = account_df[account_df['client_id'].isin(client['client_id'])]
    district = account.merge(client, left_on='client_id', right_on='client_id')
    district = district.merge(district, left_on='district_id', right_on='district_id')
    district = district[['client_id', 'district_id', 'A2', 'A3', 'A4', 'A5', 'A6', 'A7', 'A8', 'A9', 'A10', 'A11', 'A12', 'A13', 'A14', 'A15', 'A16']]
    return district

# assuming the DataFrames are loaded as df_account, df_client, df_district
district = get_district(df_client, df_account)
print(district)
```",failed,exec_error: name 'df_client' is not defined,,2,call_error: 'client_id',,,,,,,,False,1,overt
112,"For the female client who was born in 1976/1/29, which district did she opened her account?",1,3,"```python
import pandas as pd

def get_account_district(client_df, account_df):
    # Filter female clients born in 1976/1/29
    female_clients = client_df[
        (client_df['gender'] == 'F') & 
        (client_df['birth_date'] == '1976/1/29')
    ]

    # Merge with account DataFrame to get account_id
    merged_df = pd.merge(female_clients, account_df, on='account_id', how='inner')

    # Group by district_id and return the most frequent district
    account_districts = merged_df.groupby('district_id')['account_id'].count().reset_index()
    most_frequent_district = account_districts.loc[account_districts['account_id'].idxmax()]

    return most_frequent_district['district_id']
```",failed,call_error: 'account_id',,1,call_error: 'account_id',,,,,,,,False,1,overt
112,"For the female client who was born in 1976/1/29, which district did she opened her account?",1,4,"```python
import pandas as pd

def get_district(client_df, account_df):
    # Filter female clients born in 1976/1/29
    female_client = client_df[
        (client_df['gender'] == 'F') &
        (client_df['birth_date'] == '1976-01-29')
    ]
    
    # Check if there is at least one client matching the condition
    if not female_client.empty:
        # Get the client ID
        client_id = female_client['client_id'].iloc[0]
        
        # Filter accounts opened by the client
        client_account = account_df[account_df['client_id'] == client_id]
        
        # Check if there is at least one account matching the condition
        if not client_account.empty:
            # Get the district ID
            district_id = client_account['district_id'].iloc[0]
            
            # Return the district name
            return district_df[district_df['district_id'] == district_id]['A2'].iloc[0]
        else:
            return None
    else:
        return None

# Load the DataFrames
client_df = pd.read_csv('client.csv')
account_df = pd.read_csv('account.csv')
district_df = pd.read_csv('district.csv')

# Compute the feature
district = get_district(client_df, account_df)
print(district)
```",failed,exec_error: [Errno 2] No such file or directory: 'client.csv',,0,call_error: 'client_id',,,,,,,,False,1,overt
113,"For the client who applied 98832 USD loan in 1996/1/3, when was his/her birthday?",3,0,"```python
import pandas as pd

def compute_client_birthday(client_id):
    loan = loan[(loan['account_id'] == 98832) & (loan['amount'] == 98832) & (loan['date'] == '1996-1-3')]
    if not loan.empty:
        account = account[account['account_id'] == loan['account_id'].iloc[0]]
        disp = disp[disp['account_id'] == account['account_id'].iloc[0]]
        client = client[client['client_id'] == disp['client_id'].iloc[0]]
        return client['birth_date'].iloc[0]
    else:
        return None

# Load DataFrames
# Assuming the DataFrames are already loaded as df_account, df_card, df_client, df_disp, df_district, df_loan, df_order, df_trans
# Here, I'm assuming the DataFrames are already loaded as global variables

print(compute_client_birthday(0))
```

This function first filters the loan DataFrame to find the loan with the specified details. Then it finds the corresponding account ID, and uses it to find the client ID. Finally, it returns the client's birthday. If no matching loan is found, it returns None. 

Please note that this function assumes that the DataFrames are already loaded as global variables and are named as df_account, df_card, df_client, df_disp, df_district, df_loan, df_order, df_trans. 

Also note that this function does not handle the case where the client ID is not found in the client DataFrame. In a real-world scenario, you would want to add error handling for this case. 

Finally, please note that the date is assumed to be in the format 'YYYY-MM-DD'. If it's in a different format, you might need to adjust the function accordingly.",failed,exec_error: cannot access local variable 'loan' where it is not associated with a value,,0,call_error: cannot access local variable 'loan' where it is not associated with a value,,,,,,,,True,3,overt
113,"For the client who applied 98832 USD loan in 1996/1/3, when was his/her birthday?",3,2,"```python
import pandas as pd

def get_client_birthdate(loan_df, client_df):
    loan_id = 98832
    loan_date = '1996-1-3'
    
    # Filter the loan data to find the matching loan
    loan_match = loan_df[(loan_df['loan_id'] == loan_id) & (loan_df['date'] == loan_date)]
    
    # If a match is found, get the account_id
    if not loan_match.empty:
        account_id = loan_match['account_id'].iloc[0]
        
        # Filter the disp data to find the matching account
        disp_match = disp_df[(disp_df['account_id'] == account_id) & (disp_df['type'] == 'A')]
        
        # If a match is found, get the client_id
        if not disp_match.empty:
            client_id = disp_match['client_id'].iloc[0]
            
            # Filter the client data to find the matching client
            client_match = client_df[client_df['client_id'] == client_id]
            
            # Return the birthdate
            return client_match['birth_date'].iloc[0]
    
    # If no match is found, return None
    return None

# Assuming the DataFrames are already loaded
loan_df = loan
client_df = client

birth_date = get_client_birthdate(loan_df, client_df)
print(birth_date)
```",failed,cant_compare,,0,,,True,False,,,,,True,3,overt
113,"For the client who applied 98832 USD loan in 1996/1/3, when was his/her birthday?",3,3,"```python
import pandas as pd

def get_client_birthday(client_df, loan_df):
    loan_date = loan_df.loc[(loan_df['amount'] == 98832) & (loan_df['date'] == '1996-1-3')]
    
    if not loan_date.empty:
        account_id = loan_date['account_id'].iloc[0]
        disp_df = client_df[client_df['account_id'] == account_id]
        
        if not disp_df.empty:
            client_id = disp_df['client_id'].iloc[0]
            client_birth_date = client_df.loc[client_df['client_id'] == client_id, 'birth_date'].iloc[0]
            return client_birth_date
    return None

# Assuming the DataFrames are already loaded
# client_df, loan_df, account_df, card_df, disp_df, district_df, order_df, trans_df
print(get_client_birthday(client_df, loan_df))
```",failed,exec_error: name 'client_df' is not defined,,0,,,True,False,,,,,True,3,overt
114,"For the first client who opened his/her account in Prague, what is his/her account ID?",1,1,"```python
import pandas as pd

def get_first_account_id(prague_district_id, account):
    prague_accounts = account[account['district_id'] == prague_district_id]
    first_account = prague_accounts.sort_values('date').head(1)
    return first_account['account_id'].values[0]

prague_district_id = 1  # assuming district_id 1 is Prague
first_account_id = get_first_account_id(prague_district_id, account)
print(first_account_id)
```",failed,"call_error: Operands are not aligned. Do `left, right = left.align(right, axis=1)` before operating.",,0,"call_error: Operands are not aligned. Do `left, right = left.align(right, axis=1)` before operating.",,,,,,,,False,1,overt
114,"For the first client who opened his/her account in Prague, what is his/her account ID?",1,4,"```python
import pandas as pd

def get_first_account_id(prague_district_id):
    account = pd.merge(account, district, on='district_id')
    prague_accounts = account[account['A2'] == prague_district_id]
    first_account = prague_accounts.sort_values(by='date').head(1)
    return first_account['account_id'].iloc[0]

prague_district_id = 1  # Replace with the actual district ID of Prague
first_account_id = get_first_account_id(prague_district_id)
print(first_account_id)
```",failed,exec_error: cannot access local variable 'account' where it is not associated with a value,,1,call_error: cannot access local variable 'account' where it is not associated with a value,,,,,,,,False,1,overt
115,"For the branch which located in the south Bohemia with biggest number of inhabitants, what is the percentage of the male clients?",1,0,"```python
import pandas as pd

def calculate_male_client_percentage(df_client, df_district):
    # Filter the district with the biggest number of inhabitants
    south_bohemia_district = df_district.loc[
        df_district['A2'] == 'Jihozápad'  # assuming 'Jihozápad' is the Czech word for 'South Bohemia'
    ].groupby('district_id')['A2'].count().idxmax()
    
    # Filter the clients living in the south Bohemia district
    clients_in_south_bohemia = df_client[df_client['district_id'] == south_bohemia_district['district_id']]
    
    # Calculate the percentage of male clients
    male_clients_percentage = (clients_in_south_bohemia['gender'] == 'male').mean() * 100
    
    return male_clients_percentage

# assuming the DataFrames are already loaded
male_clients_percentage = calculate_male_client_percentage(df_client, df_district)
print(male_clients_percentage)
```",failed,exec_error: name 'df_client' is not defined,,0,call_error: attempt to get argmax of an empty sequence,,,,,,,,False,1,overt
115,"For the branch which located in the south Bohemia with biggest number of inhabitants, what is the percentage of the male clients?",1,1,"```python
import pandas as pd

def percentage_male_clients_south_bohemia(df_client, df_district):
    # Filter district with the biggest number of inhabitants
    south_bohemia_district = df_district.loc[df_district['A2'] == 'Jihozápad'].nsmallest(1, 'A1').index[0]

    # Filter clients from the selected district
    clients_south_bohemia = df_client[df_client['district_id'] == south_bohemia_district]

    # Calculate percentage of male clients
    male_clients_count = (clients_south_bohemia['gender'] == 'M').sum()
    total_clients_count = len(clients_south_bohemia)
    percentage_male = (male_clients_count / total_clients_count) * 100

    return percentage_male

# Assuming the DataFrames are loaded as above
percentage_male = percentage_male_clients_south_bohemia(df_client, df_district)
print(percentage_male)
```",failed,exec_error: name 'df_client' is not defined,,0,call_error: 'A1',,,,,,,,False,1,overt
115,"For the branch which located in the south Bohemia with biggest number of inhabitants, what is the percentage of the male clients?",1,2,"```python
import pandas as pd

def percentage_male_clients_south_bohemia(df_client, df_district):
    # Filter district with the biggest number of inhabitants
    max_district = df_district.loc[df_district['A2'].max()]['district_id']

    # Filter clients from this district
    clients_south_bohemia = df_client[df_client['district_id'] == max_district]

    # Calculate percentage of male clients
    male_clients = (clients_south_bohemia['gender'] == 'male').sum() / len(clients_south_bohemia) * 100

    return male_clients
```

```python
# Assuming the DataFrames are already loaded
male_clients_percentage = percentage_male_clients_south_bohemia(df_client, df_district)
print(male_clients_percentage)
```

Note: This code assumes that the DataFrames are already loaded with the same names as the tables in the database schema. The function `percentage_male_clients_south_bohemia` takes two arguments: `df_client` and `df_district`, which are the client and district DataFrames respectively. The function returns the percentage of male clients in the district with the biggest number of inhabitants.",failed,call_error: 'Znojmo',,0,call_error: 'Znojmo',,,,,,,,False,1,overt
115,"For the branch which located in the south Bohemia with biggest number of inhabitants, what is the percentage of the male clients?",1,3,"```python
import pandas as pd

def south_bohemia_male_clients(df_client, df_district):
    # Filter the district with the biggest number of inhabitants
    south_bohemia_district = df_district.loc[
        df_district['A2'] == 'South Bohemia'
    ].sort_values(by='A2', ascending=False).head(1)['district_id'].values[0]

    # Filter the clients from this district
    south_bohemia_clients = df_client[df_client['district_id'] == south_bohemia_district]

    # Calculate the percentage of male clients
    male_clients_percentage = (
        south_bohemia_clients['gender'] == 'Male'
    ).mean() * 100

    return male_clients_percentage

# Assuming the DataFrames are already loaded
male_clients_percentage = south_bohemia_male_clients(df_client, df_district)
print(male_clients_percentage)
```

```python
import pandas as pd

def south_bohemia_male_clients(df_client, df_district):
    # Filter the district with the biggest number of inhabitants
    south_bohemia_district = df_district.loc[
        df_district['A2'] == 'South Bohemia'
    ].sort_values(by='A2', ascending=False).head(1)['district_id'].values[0]

    # Filter the clients from this district
    south_bohemia_clients = df_client[df_client['district_id'] == south_bohemia_district]

    # Calculate the percentage of male clients
    male_clients_percentage = (
        south_bohemia_clients['gender'].str.upper() == 'MALE'
    ).mean() * 100

    return male_clients_percentage

# Assuming the DataFrames are already loaded
male_clients_percentage = south_bohemia_male_clients(df_client, df_district)
print(male_clients_percentage)
```",failed,exec_error: name 'df_client' is not defined,,0,call_error: index 0 is out of bounds for axis 0 with size 0,,,,,,,,False,1,overt
115,"For the branch which located in the south Bohemia with biggest number of inhabitants, what is the percentage of the male clients?",1,4,"```python
import pandas as pd

def calculate_male_clients_percentage(df_client, df_district):
    # Filter the district with the biggest number of inhabitants
    south_bohemia_district_id = df_district.loc[df_district['A2'].idxmax()]['district_id']

    # Filter the clients from the south Bohemia district
    south_bohemia_clients = df_client[df_client['district_id'] == south_bohemia_district_id]

    # Calculate the percentage of male clients
    male_clients_count = south_bohemia_clients[south_bohemia_clients['gender'] == 'male'].shape[0]
    total_clients_count = south_bohemia_clients.shape[0]
    male_clients_percentage = (male_clients_count / total_clients_count) * 100

    return male_clients_percentage

# Assuming the DataFrames are already loaded
male_clients_percentage = calculate_male_clients_percentage(df_client, df_district)
print(male_clients_percentage)
```",failed,exec_error: name 'df_client' is not defined,,0,,0.0,True,False,,,,,False,1,overt
116,"For the client whose loan was approved first in 1993/7/5, what is the increase rate of his/her account balance from 1993/3/22 to 1998/12/27?",2,0,"```python
import pandas as pd

def compute_account_balance_increase_rate(df_account, df_trans):
    # Filter transactions by date
    trans_1993_3_22 = df_trans[(df_trans['date'] >= '1993-03-22') & (df_trans['date'] <= '1993-03-22')]
    trans_1998_12_27 = df_trans[(df_trans['date'] >= '1998-12-27') & (df_trans['date'] <= '1998-12-27')]

    # Group transactions by account_id and sum the amounts
    account_balance_1993_3_22 = trans_1993_3_22.groupby('account_id')['amount'].sum().reset_index()
    account_balance_1998_12_27 = trans_1998_12_27.groupby('account_id')['amount'].sum().reset_index()

    # Merge account balances with account DataFrame
    account_balance_1993_3_22 = pd.merge(df_account, account_balance_1993_3_22, on='account_id')
    account_balance_1998_12_27 = pd.merge(df_account, account_balance_1998_12_27, on='account_id')

    # Calculate increase rate
    account_balance_increase_rate = pd.merge(account_balance_1993_3_22, account_balance_1998_12_27, on='account_id')
    account_balance_increase_rate['increase_rate'] = account_balance_increase_rate['amount_y'] / account_balance_increase_rate['amount_x']

    # Filter account balance increase rate for the client whose loan was approved first in 1993/7/5
    loan_first_approved = df_loan[df_loan['date'] == '1993-07-05'].sort_values('account_id').head(1)
    account_balance_increase_rate = account_balance_increase_rate[account_balance_increase_rate['account_id'] == loan_first_approved['account_id'].values[0]]

    return account_balance_increase_rate
```",failed,call_error: name 'df_loan' is not defined,,3,,"   account_id  district_id_x  ... amount_y increase_rate
0        1787             30  ...     9700      8.818182

[1 rows x 12 columns]",False,True,semantic,"   account_id  district_id_x  ... amount_y increase_rate
0        1787             30  ...     9700      8.818182

[1 rows x 10 columns]",[[430.45454545454544]],False,False,2,overt
116,"For the client whose loan was approved first in 1993/7/5, what is the increase rate of his/her account balance from 1993/3/22 to 1998/12/27?",2,1,"```python
import pandas as pd

def account_balance_increase_rate(df_loan, df_trans, df_account, start_date, end_date):
    # Filter the loan that was approved first in 1993/7/5
    approved_loan = df_loan.loc[df_loan['date'] == start_date].sort_values('account_id').head(1)
    
    # Get the account_id of the approved loan
    account_id = approved_loan['account_id'].values[0]
    
    # Filter the transactions for the account
    account_trans = df_trans[df_trans['account_id'] == account_id]
    
    # Filter the account data for the account_id
    account_data = df_account[df_account['account_id'] == account_id]
    
    # Group the transactions by date and calculate the balance
    trans_balance = account_trans.groupby('date')['balance'].max().reset_index()
    
    # Merge the balance data with the account data
    merged_data = pd.merge(account_data, trans_balance, on='date')
    
    # Filter the data for the start and end dates
    filtered_data = merged_data[(merged_data['date'] >= start_date) & (merged_data['date'] <= end_date)]
    
    # Calculate the increase rate
    filtered_data['increase_rate'] = ((filtered_data['balance'] - filtered_data['balance'].shift(1)) / filtered_data['balance'].shift(1)) * 100
    
    # Fill the NaN value for the first row
    filtered_data['increase_rate'] = filtered_data['increase_rate'].fillna(0)
    
    # Return the result
    return filtered_data['increase_rate'].iloc[-1]

start_date = '1993-07-05'
end_date = '1998-12-27'
print(account_balance_increase_rate(df_loan, df_trans, df_account, start_date, end_date))
```",failed,exec_error: name 'df_loan' is not defined,,1,"call_error: Operands are not aligned. Do `left, right = left.align(right, axis=1)` before operating.",,,,,,,,False,2,overt
116,"For the client whose loan was approved first in 1993/7/5, what is the increase rate of his/her account balance from 1993/3/22 to 1998/12/27?",2,2,"```python
import pandas as pd

def account_balance_increase_rate(df_loan, df_trans, df_account):
    # Filter the loan with the first approved loan in 1993/7/5
    first_approved_loan = df_loan[df_loan['date'] == '1993/7/5'].sort_values(by='date').iloc[0]
    
    # Get the account id of the first approved loan
    account_id = first_approved_loan['account_id']
    
    # Filter the transactions of the account
    account_transactions = df_trans[df_trans['account_id'] == account_id]
    
    # Filter the transactions between 1993/3/22 and 1998/12/27
    filtered_transactions = account_transactions[(account_transactions['date'] >= '1993/3/22') & (account_transactions['date'] <= '1998/12/27')]
    
    # Group by date and calculate the balance
    balance_df = filtered_transactions.groupby('date')['balance'].last().reset_index()
    
    # Calculate the increase rate
    balance_df['increase_rate'] = balance_df['balance'].pct_change() * 100
    
    # Return the result
    return balance_df
```

You can use this function by calling it with the DataFrames:

```python
result = account_balance_increase_rate(df_loan, df_trans, df_account)
print(result)
```",failed,call_error: single positional indexer is out-of-bounds,,0,call_error: single positional indexer is out-of-bounds,,,,,,,,False,2,overt
116,"For the client whose loan was approved first in 1993/7/5, what is the increase rate of his/her account balance from 1993/3/22 to 1998/12/27?",2,3,"```python
import pandas as pd

def account_balance_increase_rate(df_loan, df_account, df_trans):
    # Filter the loan that was approved first in 1993/7/5
    approved_loan = df_loan[df_loan['date'] == '1993/7/5'].sort_values('account_id').head(1)

    # Get the account_id of the approved loan
    account_id = approved_loan['account_id'].iloc[0]

    # Filter the transactions of the account
    account_trans = df_trans[df_trans['account_id'] == account_id]

    # Filter the transactions by date
    account_trans_1993_3_22 = account_trans[account_trans['date'] <= '1993/3/22']
    account_trans_1998_12_27 = account_trans[account_trans['date'] <= '1998/12/27']

    # Calculate the balance at the start and end dates
    start_balance = account_trans_1993_3_22['balance'].iloc[0]
    end_balance = account_trans_1998_12_27['balance'].iloc[0]

    # Calculate the increase rate
    increase_rate = (end_balance - start_balance) / start_balance * 100

    return increase_rate

# Assuming the DataFrames are already loaded
result = account_balance_increase_rate(df_loan, df_account, df_trans)
print(result)
```",failed,exec_error: name 'df_loan' is not defined,,0,call_error: single positional indexer is out-of-bounds,,,,,,,,False,2,overt
116,"For the client whose loan was approved first in 1993/7/5, what is the increase rate of his/her account balance from 1993/3/22 to 1998/12/27?",2,4,"```python
import pandas as pd

def compute_account_balance_increase(client_id):
    # Filter the loan table for the client whose loan was approved first in 1993/7/5
    approved_loan = loan[(loan['date'] == '1993/7/5') & (loan['status'] == 'approved')].copy()
    if approved_loan.empty:
        return None
    
    account_id = approved_loan['account_id'].iloc[0]
    
    # Filter the account table for the client's account
    account = account[account['account_id'] == account_id].copy()
    
    # Filter the trans table for transactions of the client's account
    transactions = trans[trans['account_id'] == account_id].copy()
    
    # Group transactions by account_id and sort by date
    transactions = transactions.sort_values('date')
    
    # Create a column for the balance at each date
    transactions['balance'] = transactions.groupby('account_id')['balance'].transform('cumsum')
    
    # Filter transactions for the dates of interest
    start_date = '1993/3/22'
    end_date = '1998/12/27'
    transactions = transactions[(transactions['date'] >= start_date) & (transactions['date'] <= end_date)].copy()
    
    # Group transactions by account_id and calculate the increase rate of the account balance
    account_balance_increase = transactions.groupby('account_id')['balance'].last().pct_change().reset_index()
    
    # Rename the columns
    account_balance_increase.columns = ['account_id', 'increase_rate']
    
    return account_balance_increase
```

You can use this function like this:

```python
client_id = 'some_client_id'
result = compute_account_balance_increase(client_id)
print(result)
```",failed,cant_compare,,0,,,True,False,,,,,False,2,overt
119,"For accounts in 1993 with statement issued after transaction, list the account ID, district name and district region.",1,0,"```python
import pandas as pd

def feature_engineering(df_account, df_card, df_client, df_disp, df_district, df_loan, df_order, df_trans):
    # Merge account and card data
    account_card = pd.merge(df_account, df_card, on='account_id')
    
    # Merge account_card with client data
    account_card_client = pd.merge(account_card, df_client, on='client_id')
    
    # Merge account_card_client with disp data
    account_card_client_disp = pd.merge(account_card_client, df_disp, on='account_id')
    
    # Merge account_card_client_disp with district data
    account_card_client_disp_district = pd.merge(account_card_client_disp, df_district, on='district_id')
    
    # Filter accounts in 1993 with statement issued after transaction
    accounts_1993 = account_card_client_disp_district[(account_card_client_disp_district['date'].dt.year == 1993)]
    
    # Filter accounts where statement issued after transaction
    accounts_1993_after_transaction = accounts_1993[(accounts_1993['issued'].isin(df_trans['date'])) & (accounts_1993['issued'] > accounts_1993['date'])]
    
    # Merge accounts_1993_after_transaction with loan data
    accounts_1993_after_transaction_loan = pd.merge(accounts_1993_after_transaction, df_loan, on='account_id')
    
    # Merge accounts_1993_after_transaction_loan with order data
    accounts_1993_after_transaction_loan_order = pd.merge(accounts_1993_after_transaction_loan, df_order, on='account_id')
    
    # Merge accounts_1993_after_transaction_loan_order with trans data
    accounts_1993_after_transaction_loan_order_trans = pd.merge(accounts_1993_after_transaction_loan_order, df_trans, on='account_id')
    
    # Select required columns
    feature = accounts_1993_after_transaction_loan_order_trans[['account_id', 'A2', 'A1']]
    
    return feature
```",failed,call_error: 'account_id',,7,call_error: 'account_id',,,,,,,,False,1,overt
119,"For accounts in 1993 with statement issued after transaction, list the account ID, district name and district region.",1,1,"```python
import pandas as pd

def compute_feature(df_account, df_card, df_client, df_district, df_loan, df_order, df_trans):
    # Filter accounts in 1993
    accounts_1993 = df_account[df_account['date'].str[:4] == '1993']
    
    # Filter cards where statement is issued after transaction
    cards_issued_after_trans = df_card[df_card['issued'].str.startswith('T') & df_card['type'].isin(['statement', 'account statement'])]
    
    # Merge accounts and cards
    merged = pd.merge(accounts_1993, cards_issued_after_trans, left_on='account_id', right_on='disp_id', how='inner')
    
    # Filter orders for these accounts
    orders = df_order[df_order['account_id'].isin(merged['account_id'])]
    
    # Merge accounts, cards and orders
    merged_accounts_orders = pd.merge(merged, orders, left_on='account_id', right_on='account_id', how='inner')
    
    # Filter transactions for these accounts
    transactions = df_trans[df_trans['account_id'].isin(merged_accounts_orders['account_id'])]
    
    # Merge accounts, cards, orders and transactions
    merged_accounts_cards_orders_transactions = pd.merge(merged_accounts_orders, transactions, left_on='account_id', right_on='account_id', how='inner')
    
    # Filter districts
    districts = df_district[df_district['district_id'].isin(merged_accounts_cards_orders_transactions['district_id'])]
    
    # Merge accounts, cards, orders, transactions and districts
    result = pd.merge(merged_accounts_cards_orders_transactions, districts, left_on='district_id', right_on='district_id', how='inner')
    
    # Select required columns
    result = result[['account_id', 'A2', 'A3', 'A4', 'A5', 'A6', 'A7', 'A8', 'A9', 'A10', 'A11', 'A12', 'A13', 'A14', 'A15', 'A16']]
    
    return result
```",failed,"call_error: Can only use .str accessor with string values, not datetime64",,4,"call_error: Can only use .str accessor with string values, not datetime64",,,,,,,,False,1,overt
119,"For accounts in 1993 with statement issued after transaction, list the account ID, district name and district region.",1,2,"```python
import pandas as pd

def feature_engineering(df_account, df_card, df_client, df_disp, df_district, df_loan, df_order, df_trans):
    # Filter accounts in 1993
    accounts_1993 = df_account[df_account['date'].str.contains('1993')]

    # Filter accounts where statement is issued after transaction
    accounts_with_statement_after_transaction = accounts_1993[
        accounts_1993['disp_id'].isin(df_disp['disp_id']) &
        df_disp['date'].isin(df_trans['date']) &
        (df_trans['type'] == 'statement') & (df_trans['operation'] == 'withdrawal')
    ]

    # Merge with district DataFrame to get district name and region
    accounts_with_statement_after_transaction = pd.merge(
        accounts_with_statement_after_transaction, df_district, left_on='district_id', right_on='district_id'
    )

    # Select required columns
    result = accounts_with_statement_after_transaction[['account_id', 'A2', 'A3', 'A4', 'A5', 'A6', 'A7', 'A8', 'A9', 'A10', 'A11', 'A12', 'A13', 'A14', 'A15', 'A16']]

    return result
```",failed,call_error: 'disp_id',,1,"call_error: Can only use .str accessor with string values, not datetime64",,,,,,,,False,1,overt
119,"For accounts in 1993 with statement issued after transaction, list the account ID, district name and district region.",1,4,"```python
import pandas as pd

def compute_feature(df_account, df_card, df_client, df_district, df_loan, df_order, df_trans):
    # Merge card and account to get account_id
    card_account = pd.merge(df_card, df_account, on='disp_id', suffixes=('', '_account'))

    # Filter accounts in 1993
    accounts_1993 = card_account[card_account['date'].str.contains('1993')]

    # Merge order and account to get account_id
    order_account = pd.merge(df_order, df_account, on='account_id', suffixes=('', '_account'))

    # Filter orders with statement issued after transaction
    orders_after_transaction = order_account[(order_account['k_symbol'] == 'S') & 
                                               (order_account['date'].str.contains('1993'))]

    # Merge accounts and orders to get account_id
    accounts_orders = pd.merge(accounts_1993, orders_after_transaction, on='account_id', suffixes=('', '_order'))

    # Merge district and account to get district_id
    district_account = pd.merge(df_district, df_account, on='district_id', suffixes=('', '_account'))

    # Merge accounts_orders and district_account to get account_id, district name and region
    result = pd.merge(accounts_orders, district_account, on='account_id', suffixes=('', '_district'))

    # Select required columns
    result = result[['account_id', 'A2', 'A3', 'A4', 'A5', 'A6', 'A7', 'A8', 'A9', 'A10', 'A11', 'A12', 'A13', 'A14', 'A15', 'A16']]

    return result
```",failed,call_error: 'disp_id',,5,call_error: 'disp_id',,,,,,,,False,1,overt
120,"From Year 1995 to 2000, who are the accounts holders from 'east Bohemia'. State the account ID the frequency of statement issuance.",1,0,"```python
import pandas as pd

def account_holders_east_bohemia(df_account, df_client, df_district, start_year=1995, end_year=2000):
    # Filter accounts by district
    east_bohemia_accounts = df_account[df_account['district_id'].isin(df_district[df_district['A2'] == 'East Bohemia']['district_id'])]
    
    # Filter accounts by statement issuance frequency
    accounts_with_frequency = east_bohemia_accounts[east_bohemia_accounts['frequency'].notna()]
    
    # Filter accounts by date
    accounts_in_range = accounts_with_frequency[(accounts_with_frequency['date'] >= f'{start_year}-01-01') & 
                                                  (accounts_with_frequency['date'] <= f'{end_year}-12-31')]
    
    # Group by account ID and calculate frequency of statement issuance
    account_frequency = accounts_in_range.groupby('account_id')['frequency'].nunique().reset_index()
    
    return account_frequency
```

```python
# Usage
account_frequency = account_holders_east_bohemia(df_account, df_client, df_district)
print(account_frequency)
```",failed,cant_compare,,0,call_error: Invalid comparison between dtype=datetime64[us] and str,,,,,,,,False,1,overt
120,"From Year 1995 to 2000, who are the accounts holders from 'east Bohemia'. State the account ID the frequency of statement issuance.",1,1,"```python
import pandas as pd

def get_account_frequency_east_bohemia(df_account, df_district, start_year=1995, end_year=2000):
    # Filter accounts from east Bohemia
    east_bohemia_accounts = df_district[df_district['A2'] == 'east Bohemia'].index
    
    # Filter accounts from east Bohemia that exist in the account DataFrame
    east_bohemia_accounts = east_bohemia_accounts[df_account['district_id'].isin(east_bohemia_accounts)]
    
    # Filter accounts with statements issued between start_year and end_year
    east_bohemia_accounts = east_bohemia_accounts[df_account['date'].apply(lambda x: start_year <= int(x[:4]) <= end_year)]
    
    # Group by account_id and calculate frequency
    account_frequency = df_account[df_account['account_id'].isin(east_bohemia_accounts)]['frequency'].value_counts().reset_index()
    account_frequency.columns = ['account_id', 'frequency']

    return account_frequency

# Usage
account_frequency = get_account_frequency_east_bohemia(df_account, df_district)
print(account_frequency)
```",failed,exec_error: name 'df_account' is not defined,,0,call_error: Boolean index has wrong length: 4500 instead of 0,,,,,,,,False,1,overt
120,"From Year 1995 to 2000, who are the accounts holders from 'east Bohemia'. State the account ID the frequency of statement issuance.",1,2,"```python
import pandas as pd

def account_holders_east_bohemia(df_account, df_client, df_district):
    # Filter accounts from 'east Bohemia' district
    east_bohemia_district_id = df_district[df_district['A2'] == 'east Bohemia']['district_id'].unique()[0]
    
    # Filter accounts holders from 'east Bohemia'
    east_bohemia_accounts = df_account[df_account['district_id'] == east_bohemia_district_id]
    
    # Filter accounts with frequency of statement issuance from 1995 to 2000
    east_bohemia_accounts_freq = east_bohemia_accounts[east_bohemia_accounts['frequency'].isin(['M', 'D']) & 
                                                            (east_bohemia_accounts['date'].dt.year >= 1995) & 
                                                            (east_bohemia_accounts['date'].dt.year <= 2000)]
    
    # Group by account ID and count frequency
    account_freq = east_bohemia_accounts_freq.groupby('account_id')['frequency'].nunique().reset_index()
    
    return account_freq
```

```python
import pandas as pd

def account_holders_east_bohemia(df_account, df_client, df_district):
    # Filter accounts from 'east Bohemia' district
    east_bohemia_district_id = df_district[df_district['A2'] == 'east Bohemia']['district_id'].unique()[0]
    
    # Filter accounts holders from 'east Bohemia'
    east_bohemia_accounts = df_account[df_account['district_id'] == east_bohemia_district_id]
    
    # Filter accounts with frequency of statement issuance from 1995 to 2000
    east_bohemia_accounts_freq = east_bohemia_accounts[east_bohemia_accounts['frequency'].isin(['M', 'D']) & 
                                                            (east_bohemia_accounts['date'].dt.year >= 1995) & 
                                                            (east_bohemia_accounts['date'].dt.year <= 2000)]
    
    # Group by account ID and count frequency
    account_freq = east_bohemia_accounts_freq.groupby('account_id')['frequency'].nunique().reset_index()
    
    return account_freq

# assuming df_account, df_client, df_district are loaded DataFrames
account_freq = account_holders_east_bohemia(df_account, df_client, df_district)
print(account_freq)
```",failed,call_error: index 0 is out of bounds for axis 0 with size 0,,0,call_error: index 0 is out of bounds for axis 0 with size 0,,,,,,,,False,1,overt
120,"From Year 1995 to 2000, who are the accounts holders from 'east Bohemia'. State the account ID the frequency of statement issuance.",1,3,"```python
import pandas as pd

def account_frequency_east_bohemia(df_account, df_card, df_client, df_district, df_loan, df_order, df_trans):
    east_bohemia_district = df_district[df_district['A2'] == 'east Bohemia']['district_id'].unique()[0]
    
    east_bohemia_clients = df_client[df_client['district_id'] == east_bohemia_district]
    east_bohemia_accounts = df_account[df_account['district_id'] == east_bohemia_district]
    
    east_bohemia_accounts = pd.merge(east_bohemia_accounts, df_card, on='account_id')
    east_bohemia_accounts = east_bohemia_accounts[east_bohemia_accounts['issued'].between('1995-01-01', '2000-12-31')]
    
    account_frequency = east_bohemia_accounts.groupby('account_id')['frequency'].count().reset_index()
    account_frequency.columns = ['account_id', 'frequency']
    
    return account_frequency
```

```python
import pandas as pd

def account_frequency_east_bohemia(df_account, df_card, df_client, df_district, df_loan, df_order, df_trans):
    east_bohemia_district = df_district[df_district['A2'] == 'east Bohemia']['district_id'].unique()[0]
    
    east_bohemia_accounts = df_account[df_account['district_id'] == east_bohemia_district]
    east_bohemia_accounts = pd.merge(east_bohemia_accounts, df_card, on='account_id')
    east_bohemia_accounts = east_bohemia_accounts[east_bohemia_accounts['issued'].between('1995-01-01', '2000-12-31')]
    
    account_frequency = east_bohemia_accounts.groupby('account_id')['frequency'].count().reset_index()
    account_frequency.columns = ['account_id', 'frequency']
    
    return account_frequency
```

```python
import pandas as pd

def account_frequency_east_bohemia(df_account, df_card, df_client, df_district, df_loan, df_order, df_trans):
    east_bohemia_district = df_district[df_district['A2'] == 'east Bohemia']['district_id'].unique()[0]
    
    east_bohemia_accounts = df_account[df_account['district_id'] == east_bohemia_district]
    east_bohemia_accounts['frequency'] = east_bohemia_accounts['frequency'].apply(lambda x: x if pd.notnull(x) else 0)
    
    account_frequency = east_bohemia_accounts.groupby('account_id')['frequency'].sum().reset_index()
    
    return account_frequency
```",failed,call_error: index 0 is out of bounds for axis 0 with size 0,,1,call_error: index 0 is out of bounds for axis 0 with size 0,,,,,,,,False,1,overt
120,"From Year 1995 to 2000, who are the accounts holders from 'east Bohemia'. State the account ID the frequency of statement issuance.",1,4,"```python
import pandas as pd

def account_frequency_east_bohemia(df_account, df_district, df_card):
    # Filter accounts in east Bohemia
    east_bohemia_accounts = df_district[df_district['A2'] == 'east Bohemia']['district_id'].unique()
    
    # Filter accounts with cards
    card_holding_accounts = df_account[df_account['account_id'].isin(df_card['account_id'])]
    
    # Filter accounts in east Bohemia with cards
    east_bohemia_card_holding_accounts = card_holding_accounts[card_holding_accounts['district_id'].isin(east_bohemia_accounts)]
    
    # Group by account_id and calculate frequency
    east_bohemia_account_frequency = east_bohemia_card_holding_accounts.groupby('account_id')['frequency'].count().reset_index()
    
    return east_bohemia_account_frequency
```

```python
# Assuming df_account, df_district, df_card are loaded DataFrames
east_bohemia_account_frequency = account_frequency_east_bohemia(df_account, df_district, df_card)

# Output the result
print(east_bohemia_account_frequency)
```

```python
# Output the result as a CSV file
east_bohemia_account_frequency.to_csv('east_bohemia_account_frequency.csv', index=False)
```",failed,call_error: 'account_id',,0,call_error: 'account_id',,,,,,,,False,1,overt
121,List account ID and account opening date for accounts from 'Prachatice'.,1,1,"```python
import pandas as pd

def get_account_opening_info(df_account, df_district):
    # Filter accounts from 'Prachatice'
    prachatice_accounts = df_district[df_district['A2'] == 'Prachatice'].index

    # Filter accounts from 'Prachatice' in account DataFrame
    prachatice_accounts_df = df_account[df_account['district_id'].isin(prachatice_accounts)]

    # Return account ID and account opening date
    return prachatice_accounts_df[['account_id', 'date']]
```

```python
# Example usage
account_opening_info = get_account_opening_info(df_account, df_district)
print(account_opening_info)
```

Note: This code assumes that the 'date' column in the 'account' DataFrame represents the account opening date. If it represents the date of the latest transaction or something else, you might need to adjust the code accordingly.",failed,cant_compare,,0,,"      account_id       date
0              1 1995-03-24
326          343 1994-04-26
393          413 1996-07-09
411          431 1996-11-05
542          568 1995-03-28
903          945 1996-08-16
927 ",True,False,,,,,False,1,overt
121,List account ID and account opening date for accounts from 'Prachatice'.,1,2,"```python
import pandas as pd

def get_account_info(df_account, df_district):
    # Merge account and district DataFrames
    merged_df = pd.merge(df_account, df_district, left_on='district_id', right_on='district_id')

    # Filter accounts from 'Prachatice'
    prachatice_df = merged_df[merged_df['A2'] == 'Prachatice']

    # Return account ID and account opening date
    return prachatice_df[['account_id', 'date']]
```",failed,cant_compare,,1,,"      account_id       date
36            38 1997-08-08
208          221 1996-10-30
237          252 1996-12-26
249          265 1996-07-05
428          449 1994-11-22
560          587 1996-06-21
673 ",False,False,success,"      account_id        date
36            38  1997-08-08
208          221  1996-10-30
237          252  1996-12-26
249          265  1996-07-05
428          449  1994-11-22
560          587  1996-06-","[[38, '1997-08-08'], [221, '1996-10-30'], [252, '1996-12-26'], [265, '1996-07-05'], [449, '1994-11-22']]",False,False,1,overt
121,List account ID and account opening date for accounts from 'Prachatice'.,1,3,"```python
import pandas as pd

def get_account_info(df_account, df_district):
    # Filter accounts from 'Prachatice'
    prachatice_accounts = df_district[df_district['A2'] == 'Prachatice']

    # Merge account info with district info
    merged_df = pd.merge(df_account, prachatice_accounts[['district_id']], on='district_id')

    # Select required columns
    account_info = merged_df[['account_id', 'date']]

    return account_info
```

```python
# Assuming df_account and df_district are already loaded DataFrames
account_info = get_account_info(df_account, df_district)
print(account_info)
```",failed,cant_compare,,1,,"    account_id       date
0           38 1997-08-08
1          221 1996-10-30
2          252 1996-12-26
3          265 1996-07-05
4          449 1994-11-22
5          587 1996-06-21
6          709 199",False,False,success,"    account_id        date
0           38  1997-08-08
1          221  1996-10-30
2          252  1996-12-26
3          265  1996-07-05
4          449  1994-11-22
5          587  1996-06-21
6          ","[[38, '1997-08-08'], [221, '1996-10-30'], [252, '1996-12-26'], [265, '1996-07-05'], [449, '1994-11-22']]",False,False,1,overt
121,List account ID and account opening date for accounts from 'Prachatice'.,1,4,"```python
import pandas as pd

def get_account_info(df_account, df_district):
    # Filter accounts from 'Prachatice'
    prachatice_accounts = df_district[df_district['A2'] == 'Prachatice']
    
    # Merge with account DataFrame
    merged_df = pd.merge(df_account, prachatice_accounts[['district_id']], on='district_id')
    
    # Filter accounts with matching district
    filtered_df = merged_df[merged_df['district_id'].isin(prachatice_accounts['district_id'])]
    
    # Return account ID and account opening date
    return filtered_df[['account_id', 'date']]
```

```python
# Usage
account_info = get_account_info(df_account, df_district)
print(account_info)
```

Note: This code assumes that the DataFrames `df_account` and `df_district` are already loaded with the account and district data, respectively. The `get_account_info` function performs the necessary data manipulation to extract the required information.",failed,cant_compare,,1,,"    account_id       date
0           38 1997-08-08
1          221 1996-10-30
2          252 1996-12-26
3          265 1996-07-05
4          449 1994-11-22
5          587 1996-06-21
6          709 199",False,False,success,"    account_id        date
0           38  1997-08-08
1          221  1996-10-30
2          252  1996-12-26
3          265  1996-07-05
4          449  1994-11-22
5          587  1996-06-21
6          ","[[38, '1997-08-08'], [221, '1996-10-30'], [252, '1996-12-26'], [265, '1996-07-05'], [449, '1994-11-22']]",False,False,1,overt
122,State the district and region for loan ID '4990'.,2,0,"```python
import pandas as pd

def get_district_and_region(df_loan, df_account, df_district):
    # Merge the loan and account tables
    merged_df = pd.merge(df_loan, df_account, on='account_id')
    
    # Merge the merged result with the district table
    merged_df = pd.merge(merged_df, df_district, on='district_id')
    
    # Filter the result by loan ID '4990'
    result = merged_df[merged_df['loan_id'] == 4990]
    
    # Return the district and region
    return result[['district_id', 'A2', 'A3', 'A4', 'A5', 'A6', 'A7', 'A8', 'A9', 'A10', 'A11', 'A12', 'A13', 'A14', 'A15', 'A16']]
```",failed,cant_compare,,2,,"   district_id       A2             A3      A4  ...   A13  A14     A15   A16
9           36  Liberec  north Bohemia  159617  ...  4.28  131  5796.0  6132

[1 rows x 16 columns]",False,False,semantic,"   district_id       A2             A3  ...  A14     A15   A16
9           36  Liberec  north Bohemia  ...  131  5796.0  6132

[1 rows x 16 columns]","[['Liberec', 'north Bohemia']]",False,False,2,overt
122,State the district and region for loan ID '4990'.,2,1,"```python
import pandas as pd

def get_district_and_region(loan_df, account_df, district_df):
    # Merge loan and account DataFrames
    account_loan_df = pd.merge(loan_df, account_df, on='account_id')
    
    # Merge with district DataFrame
    account_district_df = pd.merge(account_loan_df, district_df, on='district_id')
    
    # Filter for loan ID '4990'
    result = account_district_df[account_district_df['loan_id'] == '4990']
    
    return result[['district_id', 'A2', 'A3', 'A4', 'A5', 'A6', 'A7', 'A8', 'A9', 'A10', 'A11', 'A12', 'A13', 'A14', 'A15', 'A16']]
```",failed,cant_compare,,2,,"Empty DataFrame
Columns: [district_id, A2, A3, A4, A5, A6, A7, A8, A9, A10, A11, A12, A13, A14, A15, A16]
Index: []",False,False,semantic,"Empty DataFrame
Columns: [district_id, A2, A3, A4, A5, A6, A7, A8, A9, A10, A11, A12, A13, A14, A15, A16]
Index: []","[['Liberec', 'north Bohemia']]",False,False,2,overt
122,State the district and region for loan ID '4990'.,2,2,"```python
import pandas as pd

def get_district_and_region(loan_df, account_df, client_df, district_df):
    # Merge account and loan dataframes
    merged_account_loan = pd.merge(loan_df, account_df, on='account_id')
    
    # Merge merged_account_loan and client dataframes
    merged_data = pd.merge(merged_account_loan, client_df, on='account_id')
    
    # Merge merged_data and district dataframes
    merged_data = pd.merge(merged_data, district_df, on='district_id')
    
    # Filter data for loan ID '4990'
    filtered_data = merged_data[merged_data['loan_id'] == 4990]
    
    # Select district and region from filtered data
    district_region = filtered_data[['district_id', 'A2', 'A3', 'A4', 'A5', 'A6', 'A7', 'A8', 'A9', 'A10', 'A11', 'A12', 'A13', 'A14', 'A15', 'A16']]
    
    return district_region
```",failed,call_error: 'account_id',,3,call_error: 'account_id',,,,,,,,False,2,overt
122,State the district and region for loan ID '4990'.,2,3,"```python
import pandas as pd

def get_district_and_region(loan_df, account_df, district_df):
    # Merge account and loan dataframes on account_id
    merged_acct_loan = pd.merge(loan_df, account_df, on='account_id')
    
    # Merge merged dataframe with district dataframe on district_id
    merged_all = pd.merge(merged_acct_loan, district_df, on='district_id')
    
    # Filter the dataframe to get data for loan ID '4990'
    result = merged_all[merged_all['loan_id'] == 4990]
    
    # Return the district and region
    return result[['district_id', 'A2', 'A3', 'A4', 'A5', 'A6', 'A7', 'A8', 'A9', 'A10', 'A11', 'A12', 'A13', 'A14', 'A15', 'A16']]

# Usage
district_and_region = get_district_and_region(loan, account, district)
print(district_and_region)
```",failed,cant_compare,,2,,"   district_id       A2             A3      A4  ...   A13  A14     A15   A16
9           36  Liberec  north Bohemia  159617  ...  4.28  131  5796.0  6132

[1 rows x 16 columns]",False,False,semantic,"   district_id       A2             A3  ...  A14     A15   A16
9           36  Liberec  north Bohemia  ...  131  5796.0  6132

[1 rows x 16 columns]","[['Liberec', 'north Bohemia']]",False,False,2,overt
122,State the district and region for loan ID '4990'.,2,4,"```python
import pandas as pd

def get_district_and_region(loan_df, account_df, district_df):
    loan_account = loan_df.merge(account_df, on='account_id')
    district_account = account_df.merge(district_df, on='district_id')
    
    loan_account_district = loan_account.merge(district_account, on='district_id', suffixes=('_account', '_district'))
    
    result = loan_account_district[loan_account_district['loan_id'] == 4990][['A2', 'A3', 'A4', 'A5', 'A6', 'A7', 'A8', 'A9', 'A10', 'A11', 'A12', 'A13', 'A14', 'A15', 'A16', 'district_id']]
    
    return result
```

```python
import pandas as pd

def get_district_and_region(loan_df, account_df, district_df):
    district_account = account_df.merge(district_df, on='district_id')
    
    result = district_account[loan_df[loan_df['loan_id'] == 4990]['account_id'].values[0]][['A2', 'A3', 'A4', 'A5', 'A6', 'A7', 'A8', 'A9', 'A10', 'A11', 'A12', 'A13', 'A14', 'A15', 'A16', 'district_id']]
    
    return result
```

```python
import pandas as pd

def get_district_and_region(loan_df, account_df, district_df):
    account_district = account_df.merge(district_df, on='district_id')
    
    loan_account = loan_df.merge(account_district, on='account_id')
    
    result = account_district[loan_account[loan_account['loan_id'] == 4990]['district_id'].values[0]]
    
    return result
```",failed,cant_compare,,3,,"           A2             A3      A4  A5  ...  A14     A15   A16  district_id
1061  Liberec  north Bohemia  159617  29  ...  131  5796.0  6132           36
1062  Liberec  north Bohemia  159617  29  ..",False,True,semantic,"           A2             A3  ...   A16 district_id
1061  Liberec  north Bohemia  ...  6132          36
1062  Liberec  north Bohemia  ...  6132          36
1063  Liberec  north Bohemia  ...  6132     ","[['Liberec', 'north Bohemia']]",False,False,2,overt
123,"Provide the account ID, district and region for loan amount greater than USD300,000.",2,0,"```python
import pandas as pd

def compute_feature(df_loan, df_account, df_district):
    # Merge loan and account DataFrames
    merged_df = pd.merge(df_loan, df_account, on='account_id')
    
    # Merge merged DataFrame with district DataFrame
    merged_df = pd.merge(merged_df, df_district, on='district_id', suffixes=('_district', '_district_info'))
    
    # Filter loans with amount greater than $300,000
    filtered_df = merged_df[merged_df['amount'] > 300000]
    
    # Select required columns
    result_df = filtered_df[['account_id', 'A2', 'A3', 'A4', 'A5', 'A6', 'A7', 'A8', 'A9', 'A10', 'A11', 'A12', 'A13', 'A14', 'A15', 'A16']]
    
    return result_df
```",failed,cant_compare,,2,,"     account_id              A2               A3  ...  A14      A15    A16
3            37      Strakonice    south Bohemia  ...  120   1563.0   1542
8           105           Tabor    south Bohemia  ",False,False,semantic,"     account_id              A2  ...      A15    A16
3            37      Strakonice  ...   1563.0   1542
8           105           Tabor  ...   2299.0   2354
19          319       Pardubice  ...   60","[[37, 'Strakonice', 'south Bohemia'], [105, 'Tabor', 'south Bohemia'], [319, 'Pardubice', 'east Bohemia'], [330, 'Havlickuv Brod', 'east Bohemia'], [339, 'Nachod', 'east Bohemia']]",False,False,2,overt
123,"Provide the account ID, district and region for loan amount greater than USD300,000.",2,1,"```python
import pandas as pd

def get_account_info_for_large_loans(df_loan, df_account, df_district):
    # Filter loans with amount greater than USD300,000
    large_loans = df_loan[df_loan['amount'] > 300000]

    # Merge account info with loan info
    large_loans_account = pd.merge(large_loans, df_account, on='account_id')

    # Merge district info with account info
    large_loans_account_district = pd.merge(large_loans_account, df_district, on='district_id')

    # Select required columns
    result = large_loans_account_district[['account_id', 'A2', 'A3', 'A4', 'A5', 'A6', 'A7', 'A8', 'A9', 'A10', 'A11', 'A12', 'A13', 'A14', 'A15', 'A16']]

    return result
```

You can use this function with the following code:

```python
result = get_account_info_for_large_loans(df_loan, df_account, df_district)
print(result)
```",failed,cant_compare,,2,,"    account_id              A2               A3  ...  A14      A15    A16
0           37      Strakonice    south Bohemia  ...  120   1563.0   1542
1          105           Tabor    south Bohemia  ...",False,False,semantic,"    account_id              A2  ...      A15    A16
0           37      Strakonice  ...   1563.0   1542
1          105           Tabor  ...   2299.0   2354
2          319       Pardubice  ...   6079.0","[[37, 'Strakonice', 'south Bohemia'], [105, 'Tabor', 'south Bohemia'], [319, 'Pardubice', 'east Bohemia'], [330, 'Havlickuv Brod', 'east Bohemia'], [339, 'Nachod', 'east Bohemia']]",False,False,2,overt
123,"Provide the account ID, district and region for loan amount greater than USD300,000.",2,2,"```python
import pandas as pd

def compute_feature(df_loan, df_account, df_district):
    # Merge loan and account DataFrames
    merged_df = pd.merge(df_loan, df_account, on='account_id')
    
    # Merge with district DataFrame
    merged_df = pd.merge(merged_df, df_district, on='district_id')
    
    # Filter loans with amount greater than 300,000
    filtered_df = merged_df[merged_df['amount'] > 300000]
    
    # Select required columns
    result_df = filtered_df[['account_id', 'A2', 'A3', 'A4', 'A5', 'A6', 'A7', 'A8', 'A9', 'A10', 'A11', 'A12', 'A13', 'A14', 'A15', 'A16']]
    
    return result_df
```

```python
# Assuming the DataFrames are already loaded
result_df = compute_feature(df_loan, df_account, df_district)
print(result_df)
```

This code assumes that the DataFrames are already loaded and the function is being executed with the loaded DataFrames. The function takes three DataFrames as input and returns the required feature. The feature is computed by filtering the loans with amount greater than 300,000 and selecting the required columns from the filtered DataFrame.",failed,cant_compare,,2,,"     account_id              A2               A3  ...  A14      A15    A16
3            37      Strakonice    south Bohemia  ...  120   1563.0   1542
8           105           Tabor    south Bohemia  ",False,False,semantic,"     account_id              A2  ...      A15    A16
3            37      Strakonice  ...   1563.0   1542
8           105           Tabor  ...   2299.0   2354
19          319       Pardubice  ...   60","[[37, 'Strakonice', 'south Bohemia'], [105, 'Tabor', 'south Bohemia'], [319, 'Pardubice', 'east Bohemia'], [330, 'Havlickuv Brod', 'east Bohemia'], [339, 'Nachod', 'east Bohemia']]",False,False,2,overt
123,"Provide the account ID, district and region for loan amount greater than USD300,000.",2,3,"```python
import pandas as pd

def compute_loan_features(df_loan, df_account, df_district):
    # Merge loan and account data
    merged_data = pd.merge(df_loan, df_account, on='account_id')
    
    # Merge with district data
    merged_data = pd.merge(merged_data, df_district, on='district_id')
    
    # Select columns of interest
    result = merged_data[['account_id', 'A2', 'A3', 'A4', 'A5', 'A6', 'A7', 'A8', 'A9', 'A10', 'A11', 'A12', 'A13', 'A14', 'A15', 'A16']]
    
    # Filter for loans greater than USD300,000
    result = result[merged_data['amount'] > 300000]
    
    return result
```",failed,cant_compare,,2,,"     account_id              A2               A3  ...  A14      A15    A16
3            37      Strakonice    south Bohemia  ...  120   1563.0   1542
8           105           Tabor    south Bohemia  ",False,False,semantic,"     account_id              A2  ...      A15    A16
3            37      Strakonice  ...   1563.0   1542
8           105           Tabor  ...   2299.0   2354
19          319       Pardubice  ...   60","[[37, 'Strakonice', 'south Bohemia'], [105, 'Tabor', 'south Bohemia'], [319, 'Pardubice', 'east Bohemia'], [330, 'Havlickuv Brod', 'east Bohemia'], [339, 'Nachod', 'east Bohemia']]",False,False,2,overt
123,"Provide the account ID, district and region for loan amount greater than USD300,000.",2,4,"```python
import pandas as pd

def compute_loan_amount_feature(df_loan, df_account, df_district):
    # Merge loan and account data on account_id
    merged_data = pd.merge(df_loan, df_account, on='account_id')
    
    # Merge merged data with district data on district_id
    merged_data = pd.merge(merged_data, df_district, on='district_id')
    
    # Extract relevant columns
    relevant_data = merged_data[['account_id', 'A2', 'A3', 'A4', 'A5', 'A6', 'A7', 'A8', 'A9', 'A10', 'A11', 'A12', 'A13', 'A14', 'A15', 'A16']]
    
    # Filter data for loan amount greater than 300,000
    filtered_data = relevant_data[merged_data['amount'] > 300000]
    
    # Group by district and region, then count the number of loans
    grouped_data = filtered_data.groupby(['A2', 'A3', 'A4', 'A5', 'A6', 'A7', 'A8', 'A9', 'A10', 'A11', 'A12', 'A13', 'A14', 'A15', 'A16'])['account_id'].count().reset_index()
    
    return grouped_data
```

```python
# Example usage
df_loan = pd.DataFrame({
    'loan_id': [1, 2, 3],
    'account_id': [101, 102, 103],
    'date': ['2022-01-01', '2022-01-02', '2022-01-03'],
    'amount': [400000, 500000, 600000]
})

df_account = pd.DataFrame({
    'account_id': [101, 102, 103],
    'district_id': [1, 2, 3]
})

df_district = pd.DataFrame({
    'district_id': [1, 2, 3],
    'A2': ['North', 'South', 'East'],
    'A3': ['City', 'City', 'City'],
    'A4': ['A', 'B', 'C'],
    'A5': ['D', 'E', 'F'],
    'A6': ['G', 'H', 'I'],
    'A7': ['J', 'K', 'L'],
    'A8': ['M', 'N', 'O'],
    'A9': ['P', 'Q', 'R'],
    'A10': ['S', 'T', 'U'],
    'A11': ['V', 'W', 'X'],
    'A12': ['Y', 'Z', 'AA'],
    'A13': ['AB', 'AC', 'AD'],
    'A14': ['AE', 'AF', 'AG'],
    'A15': ['AH', 'AI', 'AJ'],
    'A16': ['AK', 'AL', 'AM']
})

result = compute_loan_amount_feature(df_loan, df_account, df_district)
print(result)
```",failed,cant_compare,,2,,"                  A2               A3       A4  ...      A15    A16 account_id
0            Benesov  central Bohemia    88884  ...   2159.0   2674          1
1             Beroun  central Bohemia    7",False,False,semantic,"                  A2               A3  ...    A16 account_id
0            Benesov  central Bohemia  ...   2674          1
1             Beroun  central Bohemia  ...   2813          2
2            Blan","[[37, 'Strakonice', 'south Bohemia'], [105, 'Tabor', 'south Bohemia'], [319, 'Pardubice', 'east Bohemia'], [330, 'Havlickuv Brod', 'east Bohemia'], [339, 'Nachod', 'east Bohemia']]",False,False,2,overt
124,"List the loan ID, district and average salary for loan with duration of 60 months.",2,1,"```python
import pandas as pd

def compute_feature(df_loan, df_account, df_card, df_client, df_district):
    # Merge loan and account DataFrames
    df_loan_account = pd.merge(df_loan, df_account, on='account_id')
    
    # Merge loan-account and card DataFrames
    df_loan_account_card = pd.merge(df_loan_account, df_card, on='account_id')
    
    # Merge loan-account-card and client DataFrames
    df_loan_account_card_client = pd.merge(df_loan_account_card, df_client, on='client_id')
    
    # Merge loan-account-card-client and district DataFrames
    df_loan_account_card_client_district = pd.merge(df_loan_account_card_client, df_district, on='district_id')
    
    # Filter loans with duration of 60 months
    df_filtered_loans = df_loan_account_card_client_district[df_loan_account_card_client_district['duration'] == 60]
    
    # Calculate average salary
    df_filtered_loans['salary'] = df_filtered_loans['A2'] + df_filtered_loans['A3'] + df_filtered_loans['A4']
    
    # Group by loan ID and district, calculate average salary
    df_result = df_filtered_loans.groupby(['loan_id', 'district_id'])['salary'].mean().reset_index()
    
    return df_result
```",failed,call_error: 'account_id',,4,call_error: 'account_id',,,,,,,,False,2,overt
124,"List the loan ID, district and average salary for loan with duration of 60 months.",2,2,"```python
import pandas as pd

def compute_feature(df_loan, df_account, df_client, df_district):
    # Merge loan and account tables
    merged_df = pd.merge(df_loan, df_account, on='account_id')
    
    # Merge merged_df with client table
    merged_df = pd.merge(merged_df, df_client, on='client_id')
    
    # Merge merged_df with district table
    merged_df = pd.merge(merged_df, df_district, on='district_id')
    
    # Filter loans with duration of 60 months
    filtered_df = merged_df[merged_df['duration'] == 60]
    
    # Calculate average salary
    avg_salary = filtered_df.groupby('loan_id')['A2'].mean().reset_index()
    
    return avg_salary
```",failed,call_error: 'client_id',,3,call_error: 'client_id',,,,,,,,False,2,overt
125,"For loans contracts which are still running where client are in debt, list the district of the and the state the percentage unemployment rate increment from year 1995 to 1996.",2,0,"```python
import pandas as pd

def compute_feature(df_loan, df_account, df_district, df_loan_status):
    # Filter active loans
    active_loans = df_loan[df_loan['status'] == 'Active']

    # Merge active loans with account information
    active_loans_account = pd.merge(active_loans, df_account, on='account_id')

    # Filter loans where clients are in debt
    debt_loans = active_loans_account[active_loans_account['balance'] < 0]

    # Merge debt loans with district information
    debt_loans_district = pd.merge(debt_loans, df_district, on='district_id')

    # Compute percentage unemployment rate increment from year 1995 to 1996
    # Assuming the unemployment rates are stored in a separate DataFrame
    unemployment_rates = pd.DataFrame({
        'year': [1995, 1996],
        'district_id': [1, 1, 2, 2, 3, 3],
        'unemployment_rate': [5, 4, 3, 2, 6, 5]
    })

    # Merge debt loans with unemployment rates
    debt_loans_unemployment = pd.merge(debt_loans_district, unemployment_rates, on='district_id')

    # Group by district and compute the percentage unemployment rate increment
    feature_df = debt_loans_unemployment.groupby('district_id').apply(lambda x: (x.loc[x['year'] == 1996, 'unemployment_rate'].values[0] - x.loc[x['year'] == 1995, 'unemployment_rate'].values[0]) / x.loc[x['year'] == 1995, 'unemployment_rate'].values[0] * 100)

    return feature_df
```

```python
# Assuming the DataFrames are already loaded
df_loan = pd.read_csv('loan.csv')
df_account = pd.read_csv('account.csv')
df_district = pd.read_csv('district.csv')
df_loan_status = pd.read_csv('loan_status.csv')

feature_df = compute_feature(df_loan, df_account, df_district, df_loan_status)
print(feature_df)
```

Note: The `compute_feature` function assumes that the unemployment rates are stored in a separate DataFrame, which is not part of the original problem statement. You will need to replace this with your actual data source.",failed,call_error: 'balance',,3,call_error: 'balance',,,,,,,,False,2,overt
125,"For loans contracts which are still running where client are in debt, list the district of the and the state the percentage unemployment rate increment from year 1995 to 1996.",2,2,"```python
import pandas as pd

def compute_district_debt_rate(df_loan, df_account, df_district, df_loan_status):
    # Filter loans that are still running and client is in debt
    still_running_debt = df_loan_status[(df_loan_status['status'] == 'still running') & (df_loan_status['debt'] == 1)]
    
    # Merge account and district data to get district_id and district name
    account_district = pd.merge(df_account, df_district, on='district_id')
    
    # Group by district and calculate total debt
    district_debt = account_district.groupby('district_id')['debt'].sum().reset_index()
    
    # Merge still_running_debt with district_debt
    merged = pd.merge(still_running_debt, district_debt, on='district_id', how='left')
    
    # Filter districts with debt
    districts_with_debt = merged[merged['debt_y'] > 0]
    
    # Assume unemployment data is in a separate DataFrame
    unemployment_data = pd.DataFrame({
        'district_id': [1, 2, 3, 4, 5],
        'year': [1995, 1995, 1996, 1996, 1996],
        'unemployment_rate': [5, 4, 3, 2, 1]
    })
    
    # Merge districts_with_debt with unemployment data
    merged_districts = pd.merge(districts_with_debt, unemployment_data, on='district_id', how='left')
    
    # Group by district and year to calculate percentage unemployment rate increment
    district_unemployment_increment = merged_districts.groupby('district_id')['unemployment_rate'].apply(lambda x: x.pct_change()).reset_index()
    
    # Merge district_unemployment_increment with districts_with_debt
    final_data = pd.merge(districts_with_debt, district_unemployment_increment, on='district_id', how='left')
    
    return final_data
```",failed,call_error: 'debt',,4,call_error: 'debt',,,,,,,,False,2,overt
126,Calculate the percentage of account from 'Decin' district for all accounts are opened in 1993.,1,1,"```python
import pandas as pd

def calculate_account_percentage(df_account, df_district, year):
    # Filter accounts opened in 1993
    accounts_1993 = df_account[df_account['date'].str.contains(str(year))]

    # Filter accounts from 'Decin' district
    decin_accounts = accounts_1993[accounts_1993['district_id'].isin(df_district['district_id'][df_district['A2'] == 'Decin'])]

    # Calculate percentage of accounts from 'Decin' district
    total_accounts = accounts_1993.shape[0]
    decin_accounts_percentage = (decin_accounts.shape[0] / total_accounts) * 100

    return decin_accounts_percentage

# Assuming the DataFrames are already loaded
print(calculate_account_percentage(df_account, df_district, 1993))
```",failed,exec_error: name 'df_account' is not defined,,0,"call_error: Can only use .str accessor with string values, not datetime64",,,,,,,,False,1,overt
126,Calculate the percentage of account from 'Decin' district for all accounts are opened in 1993.,1,2,"```python
import pandas as pd

def calculate_decin_accounts(df_account, df_district):
    # Merge account and district DataFrames based on district_id
    df_account_district = pd.merge(df_account, df_district, on='district_id')

    # Filter accounts opened in 1993
    df_1993_accounts = df_account_district[df_account_district['date'].str.contains('1993')]

    # Count accounts from 'Decin' district
    decin_count = df_1993_accounts[df_1993_accounts['A2'] == 'Decin'].shape[0]

    # Calculate percentage of accounts from 'Decin' district
    total_accounts_1993 = df_1993_accounts.shape[0]
    if total_accounts_1993 > 0:
        decin_percentage = (decin_count / total_accounts_1993) * 100
    else:
        decin_percentage = 0

    return decin_percentage

# Usage
decin_percentage = calculate_decin_accounts(df_account, df_district)
print(f""Percentage of accounts from 'Decin' district: {decin_percentage}%"")
```",failed,exec_error: name 'df_account' is not defined,,1,"call_error: Can only use .str accessor with string values, not datetime64",,,,,,,,False,1,overt
128,"List the top nine districts, by descending order, from the highest to the lowest, the number of female account holders.",1,0,"```python
import pandas as pd

def top_female_account_holders(df_client, df_account):
    # Merge client and account data
    df_account_client = pd.merge(df_account, df_client, on='account_id')
    
    # Filter for female account holders
    df_female_account_holders = df_account_client[df_account_client['gender'] == 'F']
    
    # Group by district and count the number of female account holders
    df_district_counts = df_female_account_holders.groupby('district_id')['account_id'].count().reset_index()
    
    # Rename columns for clarity
    df_district_counts.columns = ['district_id', 'num_female_accounts']
    
    # Sort by the count in descending order
    df_top_districts = df_district_counts.sort_values('num_female_accounts', ascending=False)
    
    # Select the top nine districts
    df_top_districts = df_top_districts.head(9)
    
    return df_top_districts
```",failed,call_error: 'account_id',,1,call_error: 'account_id',,,,,,,,False,1,overt
128,"List the top nine districts, by descending order, from the highest to the lowest, the number of female account holders.",1,2,"```python
import pandas as pd

def top_female_districts(df_client, df_account):
    # Merge client and account DataFrames on client_id and account_id
    merged_df = pd.merge(df_client, df_account, left_on='client_id', right_on='account_id')
    
    # Filter the merged DataFrame to only include female account holders
    female_df = merged_df[merged_df['gender'] == 'F']
    
    # Group the female DataFrame by district_id and count the number of female account holders in each district
    district_counts = female_df.groupby('district_id')['account_id'].count().reset_index()
    
    # Rename the count column to a more descriptive name
    district_counts.columns = ['district_id', 'female_count']
    
    # Sort the district_counts DataFrame in descending order by the number of female account holders
    top_districts = district_counts.sort_values('female_count', ascending=False)
    
    # Return the top nine districts
    return top_districts.head(9)
```",failed,call_error: 'district_id',,1,call_error: 'district_id',,,,,,,,False,1,overt
128,"List the top nine districts, by descending order, from the highest to the lowest, the number of female account holders.",1,3,"```python
import pandas as pd

def top_female_districts(df_client, df_account):
    # Merge client and account DataFrames
    merged_df = pd.merge(df_client, df_account, on='district_id')

    # Filter female clients
    female_df = merged_df[merged_df['gender'] == 'F']

    # Group by district and count female account holders
    district_counts = female_df.groupby('district_id')['client_id'].count().reset_index()

    # Rename the column to 'female_count'
    district_counts = district_counts.rename(columns={'client_id': 'female_count'})

    # Merge district counts with the district DataFrame
    merged_district = pd.merge(district_counts, df_district, on='district_id')

    # Select top nine districts by female count
    top_districts = merged_district.nlargest(9, 'female_count')[['district_id', 'female_count']]

    return top_districts
```",failed,call_error: name 'df_district' is not defined,,2,,"    district_id  female_count
0             1        179496
69           70         13376
73           74         11340
53           54          9600
63           64          5244
71           72     ",False,True,semantic,"    district_id  female_count
0             1        179496
69           70         13376
73           74         11340
53           54          9600
63           64          5244
71           72     ","[['Hl.m. Praha', 324], ['Karvina', 88], ['Ostrava - mesto', 84], ['Brno - mesto', 75], ['Zlin', 57]]",False,False,1,overt
128,"List the top nine districts, by descending order, from the highest to the lowest, the number of female account holders.",1,4,"```python
import pandas as pd

def top_female_account_holders(df_client, df_account):
    # Merge client and account data
    merged_df = pd.merge(df_client, df_account, on='account_id')
    
    # Filter female account holders
    female_df = merged_df[merged_df['gender'] == 'F']
    
    # Group by district_id and count
    district_counts = female_df['district_id'].value_counts().reset_index()
    
    # Rename columns
    district_counts.columns = ['district_id', 'count']
    
    # Sort in descending order
    top_districts = district_counts.sort_values('count', ascending=False)
    
    # Return top 9 districts
    return top_districts.head(9)
```",failed,call_error: 'account_id',,1,call_error: 'account_id',,,,,,,,False,1,overt
129,Which are the top ten withdrawals (non-credit card) by district names for the month of January 1996?,2,3,"```python
import pandas as pd

def top_ten_withdrawals(df_account, df_card, df_district, df_trans):
    # Filter transactions by withdrawal type and date
    withdrawals = df_trans[(df_trans['type'] == 'withdrawal') & 
                           (df_trans['date'] >= '1996-01-01') & 
                           (df_trans['date'] <= '1996-01-31')]

    # Merge account and card DataFrames to get account_id
    merged_accounts = pd.merge(df_account, df_card, on='account_id')

    # Filter merged account DataFrame by non-credit card transactions
    non_credit_card_withdrawals = withdrawals[withdrawals['k_symbol'].isnull()]

    # Merge non_credit_card_withdrawals with district DataFrame
    withdrawals_by_district = pd.merge(non_credit_card_withdrawals, df_district, left_on='district_id', right_on='district_id')

    # Group by district name and sum withdrawals
    top_ten_withdrawals = withdrawals_by_district.groupby('A2')['amount'].sum().reset_index()

    # Sort by amount in descending order and select top ten
    top_ten_withdrawals = top_ten_withdrawals.sort_values('amount', ascending=False).head(10)

    return top_ten_withdrawals
```",failed,call_error: 'account_id',,2,call_error: 'account_id',,,,,,,,False,2,overt
131,Which district has highest active loan?,2,0,"```python
import pandas as pd

def highest_active_loan_district(df_loan, df_account, df_district):
    # Merge loan and account tables to get account_id
    df_loan_account = pd.merge(df_loan, df_account, on='account_id')
    
    # Filter active loans
    df_active_loans = df_loan_account[df_loan_account['status'] == 'active']
    
    # Group by district_id and count active loans
    df_district_active_loans = df_active_loans.groupby('district_id')['status'].count().reset_index()
    
    # Merge with district table to get district names
    df_district_active_loans = pd.merge(df_district_active_loans, df_district, on='district_id', suffixes=('', '_district'))
    
    # Group by district and sum active loans
    df_district_active_loans = df_district_active_loans.groupby('district')['status'].sum().reset_index()
    
    # Rename columns
    df_district_active_loans.columns = ['district', 'active_loans']
    
    # Find district with highest active loan
    highest_active_loan_district = df_district_active_loans.loc[df_district_active_loans['active_loans'].idxmax()]['district']
    
    return highest_active_loan_district
```

```python
# Usage
highest_active_loan_district(df_loan, df_account, df_district)
```

Note: This function assumes that the status column in the loan table contains 'active' for active loans and other values for inactive loans. If your status column uses different values to represent active and inactive loans, you'll need to adjust the function accordingly.",failed,call_error: 'district',,2,call_error: 'district',,,,,,,,False,2,overt
131,Which district has highest active loan?,2,1,"```python
import pandas as pd

def highest_active_loan_district(df_loan, df_account, df_district):
    # Merge loan and account DataFrames
    merged_df = pd.merge(df_loan, df_account, on='account_id')
    
    # Filter active loans
    active_loans = merged_df[merged_df['status'] == 'active']
    
    # Group by district and count active loans
    district_active_loans = active_loans.groupby('district_id')['status'].count().reset_index()
    
    # Merge district DataFrame to get district names
    district_active_loans = pd.merge(district_active_loans, df_district, on='district_id')
    
    # Find district with highest active loan
    highest_active_district = district_active_loans.loc[district_active_loans['status'].idxmax()]
    
    return highest_active_district[['district_id', 'A2']]
```

```python
# Assuming the DataFrames are loaded as df_loan, df_account, df_district
highest_active_district = highest_active_loan_district(df_loan, df_account, df_district)
print(highest_active_district)
```",failed,call_error: attempt to get argmax of an empty sequence,,2,call_error: attempt to get argmax of an empty sequence,,,,,,,,False,2,overt
131,Which district has highest active loan?,2,2,"```python
import pandas as pd

def highest_active_loan_district(df_loan, df_account, df_district):
    # Merge loan and account tables
    merged_df = pd.merge(df_loan, df_account, on='account_id')
    
    # Filter active loans
    active_loans = merged_df[merged_df['status'] == 'active']
    
    # Group by district and sum loan amount
    district_loans = active_loans.groupby('district_id')['amount'].sum().reset_index()
    
    # Merge with district table to get district names
    district_loans = pd.merge(district_loans, df_district, on='district_id')
    
    # Drop unnecessary columns
    district_loans = district_loans[['district_id', 'A1', 'A2', 'A3', 'A4', 'A5', 'A6', 'A7', 'A8', 'A9', 'A10', 'A11', 'A12', 'A13', 'A14', 'A15', 'A16', 'amount']]
    
    # Rename columns
    district_loans.columns = ['district_id', 'district_name'] + district_loans.columns[2:].tolist()
    
    # Find district with highest active loan
    highest_active_district = district_loans.loc[district_loans['amount'].idxmax()]
    
    return highest_active_district
```",failed,"call_error: ""['A1'] not in index""",,2,"call_error: ""['A1'] not in index""",,,,,,,,False,2,overt
131,Which district has highest active loan?,2,3,"```python
import pandas as pd

def highest_active_loan_district(df_loan, df_account, df_district):
    # Merge loan and account DataFrames to get account_id
    df_loan_account = pd.merge(df_loan, df_account, on='account_id')
    
    # Filter active loans (status != 'closed')
    df_active_loans = df_loan_account[df_loan_account['status'] != 'closed']
    
    # Group by district_id and sum the amount of active loans
    df_district_loans = df_active_loans.groupby('district_id')['amount'].sum().reset_index()
    
    # Merge district and district_loans DataFrames to get district names
    df_district_loans = pd.merge(df_district_loans, df_district, on='district_id')
    
    # Get the district with the highest active loan amount
    highest_active_loan_district = df_district_loans.loc[df_district_loans['amount'].idxmax()]['A2']
    
    return highest_active_loan_district
```

```python
# Assuming the DataFrames are already loaded as pandas DataFrames with the same names as above
highest_active_loan_district = highest_active_loan_district(df_loan, df_account, df_district)
print(highest_active_loan_district)
```",failed,cant_compare,,2,,Hl.m. Praha,False,False,semantic,Hl.m. Praha,[['south Moravia']],False,False,2,overt
134,"In the branch where the largest number of crimes were committed in 1996, how many accounts were opened?",1,0,"```python
import pandas as pd

def count_accounts_opened_in_branch_with_most_crimes(df_card, df_dishonesty, df_account, df_district, df_loan, df_order, df_trans):
    # Count crimes in 1996
    crimes_1996 = df_dishonesty[df_dishonesty['date'] == '1996']
    crimes_1996 = crimes_1996.groupby('disp_id')['crime'].sum().reset_index()
    crimes_1996.columns = ['disp_id', 'crimes_1996']

    # Merge crimes with districts
    districts_with_crimes = pd.merge(df_district, crimes_1996, on='disp_id', how='left')

    # Find the district with the most crimes
    max_crimes_district_id = districts_with_crimes.loc[districts_with_crimes['crimes_1996'].idxmax()]['disp_id']

    # Filter accounts opened in this district
    accounts_opened_in_max_crimes_district = df_account[df_account['disp_id'] == max_crimes_district_id]

    return len(accounts_opened_in_max_crimes_district)
```

```python
# Assuming the DataFrames are already loaded
accounts_opened = count_accounts_opened_in_branch_with_most_crimes(card, df_dishonesty, account, district, loan, order, trans)
print(accounts_opened)
```",failed,call_error: 'disp_id',,1,call_error: 'disp_id',,,,,,,,False,1,overt
134,"In the branch where the largest number of crimes were committed in 1996, how many accounts were opened?",1,2,"```python
import pandas as pd

def accounts_opened_in_branch_with_most_crimes_1996(df_account, df_card, df_client, df_disposition, df_district, df_loan, df_order, df_trans):
    # Filter transactions in 1996
    df_crimes_1996 = df_trans[df_trans['date'].str.contains('1996')]

    # Count crimes per district
    df_crimes_count = df_crimes_1996['disp_id'].value_counts().rename('crimes_count').reset_index()
    df_crimes_count.columns = ['disp_id', 'crimes_count']

    # Merge crimes count with districts
    df_district_crimes = pd.merge(df_district, df_crimes_count, left_on='disp_id', right_on='disp_id')

    # Get the district with the most crimes
    max_crimes_district = df_district_crimes.loc[df_district_crimes['crimes_count'].idxmax()]

    # Filter accounts opened in the district with the most crimes
    accounts_opened = df_account[df_account['disp_id'] == max_crimes_district['disp_id']]

    # Return the number of accounts opened
    return accounts_opened.shape[0]
```",failed,call_error: 'disp_id',,1,call_error: 'disp_id',,,,,,,,False,1,overt
134,"In the branch where the largest number of crimes were committed in 1996, how many accounts were opened?",1,3,"```python
import pandas as pd

def count_accounts_opened_in_crime_branch(df_card, df_loan, df_account, df_district, year=1996):
    # Merge card and loan tables to get loan_id
    merged = pd.merge(df_card, df_loan, on='disp_id')
    
    # Filter loans that were issued in 1996
    issued_in_1996 = merged[merged['issued'].str.contains(str(year))]
    
    # Filter loans that were issued in 1996 and the account was opened in the same year
    opened_in_1996 = pd.merge(issued_in_1996, df_account, on='account_id')
    
    # Group by district_id and count accounts
    grouped = opened_in_1996.groupby('district_id').size().reset_index()
    
    # Merge with district table to get the name of the district
    merged_districts = pd.merge(grouped, df_district, on='district_id')
    
    # Find the district with the largest number of crimes
    max_crimes_district = merged_districts.loc[merged_districts['size'].idxmax()]
    
    # Count accounts opened in this district
    count = df_account[df_account['district_id'] == max_crimes_district['district_id']].shape[0]
    
    return count
```",failed,call_error: 'disp_id',,3,call_error: 'disp_id',,,,,,,,False,1,overt
134,"In the branch where the largest number of crimes were committed in 1996, how many accounts were opened?",1,4,"```python
import pandas as pd

def count_accounts_opened_in_largest_crime_branch(df_distr, df_crimes):
    # Filter crimes to those committed in 1996
    crimes_1996 = df_crimes[df_crimes['date'] == '1996']

    # Count crimes per district
    crime_counts = crimes_1996['district_id'].value_counts().rename('crime_count')

    # Merge crime counts with district information
    merged = pd.merge(df_distr, crime_counts, left_index=True, right_index=True)

    # Find the district with the most crimes
    largest_crime_district = merged.loc[merged['crime_count'].idxmax()]

    # Filter accounts to those opened in the largest crime district
    accounts_opened = df_account[df_account['district_id'] == largest_crime_district['district_id']]

    # Return the count of accounts opened
    return accounts_opened.shape[0]
```",failed,call_error: name 'df_account' is not defined,,1,,554,False,False,success,554,[[554]],False,False,1,overt
135,"After making a credit card withdrawal, how many account/s with monthly issuance has a negative balance?",1,0,"```python
import pandas as pd

def compute_negative_balance_after_withdrawal(df_card, df_trans, df_account, df_district):
    # Filter card transactions where type is withdrawal
    withdrawal_transactions = df_trans[df_trans['type'] == 'Withdrawal']

    # Merge withdrawal transactions with account information
    merged_data = pd.merge(withdrawal_transactions, df_account, on='account_id')

    # Filter accounts with monthly issuance
    monthly_issuance_accounts = merged_data[df_card['disp_id'].isin(merged_data['disp_id']) &
                                             (df_account['frequency'] == 'Monthly')]

    # Filter accounts with negative balance after withdrawal
    negative_balance_accounts = monthly_issuance_accounts[(monthly_issuance_accounts['balance'] < 0) &
                                                            (monthly_issuance_accounts['date'].dt.day == 1)]

    # Count the number of accounts
    count = negative_balance_accounts['account_id'].nunique()

    return count
```",failed,call_error: 'disp_id',,1,call_error: 'disp_id',,,,,,,,False,1,overt
135,"After making a credit card withdrawal, how many account/s with monthly issuance has a negative balance?",1,1,"```python
import pandas as pd

def count_negative_balance_after_withdrawal(df_card, df_trans, df_account):
    # Filter card transactions where type is 'withdrawal'
    withdrawal_transactions = df_card[df_card['type'] == 'withdrawal']

    # Merge withdrawal transactions with transactions
    merged_transactions = pd.merge(withdrawal_transactions, df_trans, on=['account_id', 'date'], how='inner')

    # Filter transactions where operation is 'withdrawal' and balance is negative
    negative_balance_transactions = merged_transactions[(merged_transactions['operation'] == 'withdrawal') & (merged_transactions['balance'] < 0)]

    # Group by account_id and count the number of transactions
    result = negative_balance_transactions.groupby('account_id').size().reset_index(name='count')

    # Filter accounts with monthly issuance
    monthly_issuance_accounts = df_account[df_account['frequency'] == 'monthly']

    # Merge result with accounts
    merged_result = pd.merge(result, monthly_issuance_accounts, on='account_id', how='inner')

    # Return the count of accounts with negative balance
    return merged_result['count'].value_counts().to_frame('count')

# Assuming the DataFrames are already loaded
print(count_negative_balance_after_withdrawal(df_card, df_trans, df_account))
```",failed,exec_error: name 'df_card' is not defined,,2,call_error: 'account_id',,,,,,,,False,1,overt
135,"After making a credit card withdrawal, how many account/s with monthly issuance has a negative balance?",1,2,"```python
import pandas as pd

def count_negative_balance_after_withdrawal(df_card, df_trans, df_account, df_district):
    # Filter card transactions
    card_withdrawal = df_card[(df_card['type'] == 'withdrawal') & (df_card['disp_id'] != '0')]

    # Merge card transactions with transactions DataFrame
    merged = pd.merge(card_withdrawal, df_trans, left_on='disp_id', right_on='account_id')

    # Filter transactions that are withdrawals
    withdrawals = merged[(merged['type_x'] == 'withdrawal') & (merged['type_y'] == 'withdrawal')]

    # Filter transactions where account has monthly issuance
    monthly_issuance = df_card[df_card['frequency'] == 'monthly']

    # Merge monthly issuance with transactions DataFrame
    monthly_issuance_merged = pd.merge(monthly_issuance, df_trans, left_on='disp_id', right_on='account_id')

    # Filter transactions where account has monthly issuance and balance is negative
    negative_balance = monthly_issuance_merged[(monthly_issuance_merged['balance'] < 0) & (monthly_issuance_merged['type_y'] == 'withdrawal')]

    # Group by account_id and count
    count = negative_balance.groupby('account_id').size().reset_index(name='count')

    return count
```

```python
# Usage
result = count_negative_balance_after_withdrawal(df_card, df_trans, df_account, df_district)
print(result)
```",failed,call_error: 'frequency',,2,call_error: 'frequency',,,,,,,,False,1,overt
135,"After making a credit card withdrawal, how many account/s with monthly issuance has a negative balance?",1,3,"```python
import pandas as pd

def count_negative_balances_after_withdrawal(df_card, df_trans, df_account, df_loan):
    # Filter card transactions
    card_withdrawal = df_card[(df_card['type'] == 'withdrawal') & (df_card['disp_id'] != '')]

    # Merge card transactions with transactions table
    merged_withdrawal = pd.merge(card_withdrawal, df_trans, on=['account_id', 'date'])

    # Filter transactions that are withdrawals
    withdrawal_trans = merged_withdrawal[merged_withdrawal['type'] == 'withdrawal']

    # Filter accounts with monthly issuance
    monthly_issuance = df_account[df_account['frequency'] == 'monthly']

    # Merge accounts with monthly issuance and transactions
    merged_accounts = pd.merge(monthly_issuance, withdrawal_trans, on=['account_id'])

    # Group by account and count negative balances
    negative_balance_count = merged_accounts.groupby('account_id')['balance'].transform(lambda x: (x < 0).sum()).max()

    return negative_balance_count
```

```python
# Assuming the DataFrames are already loaded
negative_balance_count = count_negative_balances_after_withdrawal(df_card, df_trans, df_account, df_loan)
print(negative_balance_count)
```",failed,call_error: 'account_id',,2,call_error: 'account_id',,,,,,,,False,1,overt
135,"After making a credit card withdrawal, how many account/s with monthly issuance has a negative balance?",1,4,"```python
import pandas as pd

def compute_negative_balance_after_withdrawal(df_card, df_trans, df_account):
    # Filter card transactions that are withdrawals
    withdrawal_card = df_card[df_card['type'] == 'withdrawal']

    # Merge withdrawal card transactions with account transactions
    merged_data = pd.merge(withdrawal_card, df_trans, left_on='card_id', right_on='account_id')

    # Filter transactions where the balance is negative
    negative_balance = merged_data[merged_data['balance'] < 0]

    # Filter accounts with monthly issuance
    monthly_issuance = df_account[df_account['frequency'] == 'monthly']

    # Merge negative balance with monthly issuance
    result = pd.merge(negative_balance, monthly_issuance, left_on='account_id', right_on='account_id')

    # Return the count of accounts
    return result['account_id'].nunique()
```

```python
# Assuming the DataFrames are already loaded
result = compute_negative_balance_after_withdrawal(df_card, df_trans, df_account)
print(result)
```

```python
# Example usage
# Note: This example assumes the DataFrames are already loaded and available
df_card = pd.DataFrame({
    'card_id': [1, 2, 3],
    'disp_id': [101, 102, 103],
    'type': ['withdrawal', 'withdrawal', 'withdrawal'],
    'issued': ['monthly', 'monthly', 'monthly']
})

df_trans = pd.DataFrame({
    'trans_id': [1, 2, 3],
    'account_id': [101, 102, 103],
    'date': ['2022-01-01', '2022-01-01', '2022-01-01'],
    'type': ['withdrawal', 'withdrawal', 'withdrawal'],
    'operation': ['withdrawal', 'withdrawal', 'withdrawal'],
    'amount': [-100, -200, -300],
    'balance': [-100, -200, -300],
    'k_symbol': ['KCS', 'KCS', 'KCS'],
    'bank': ['Bank A', 'Bank B', 'Bank C'],
    'account': ['Account 1', 'Account 2', 'Account 3']
})

df_account = pd.DataFrame({
    'account_id': [101, 102, 103],
    'district_id': [1, 2, 3],
    'frequency': ['monthly', 'monthly', 'monthly']
})

result = compute_negative_balance_after_withdrawal(df_card, df_trans, df_account)
print(result)
```",failed,wrong_value,,2,,0,False,True,semantic,0,[[6]],False,False,1,covert
136,"Between 1/1/1995 and 12/31/1997, how many loans in the amount of at least 250,000 per account that chose monthly statement issuance were approved?",1,0,"```python
import pandas as pd

def count_approved_loans(df_loan, df_account, df_card, df_loan_status):
    # Filter loans between 1/1/1995 and 12/31/1997
    filtered_loans = df_loan[(df_loan['date'] >= '1995-01-01') & (df_loan['date'] <= '1997-12-31')]

    # Filter loans with amount of at least 250,000
    filtered_loans = filtered_loans[filtered_loans['amount'] >= 250000]

    # Filter loans with monthly statement issuance
    filtered_loans = filtered_loans[df_loan_status['account_id'].isin(df_card[df_card['type'] == 'monthly']['disp_id'])]

    # Count approved loans per account
    approved_loans = filtered_loans[filtered_loans['status'] == 'approved'].groupby('account_id').size().reset_index(name='count')

    return approved_loans
```

```python
# Assuming the DataFrames are already loaded
# We need to merge the DataFrames to get the required information
merged_data = pd.merge(df_loan, df_account, on='account_id')
merged_data = pd.merge(merged_data, df_card, on='disp_id', suffixes=('_card', '_account'))

# Create a new DataFrame for loan status
df_loan_status = pd.DataFrame({'account_id': merged_data['disp_id_card'], 'status': merged_data['status']})

# Call the function
approved_loans = count_approved_loans(df_loan, df_account, df_card, df_loan_status)

# Print the result
print(approved_loans)
```",failed,cant_compare,,0,,"Empty DataFrame
Columns: [account_id, count]
Index: []",True,False,,,,,False,1,overt
136,"Between 1/1/1995 and 12/31/1997, how many loans in the amount of at least 250,000 per account that chose monthly statement issuance were approved?",1,3,"```python
import pandas as pd

def compute_feature(df_account, df_loan, df_disp):
    # Filter loans between 1/1/1995 and 12/31/1997
    filtered_loans = df_loan[(df_loan['date'] >= '1995-01-01') & (df_loan['date'] <= '1997-12-31')]

    # Filter loans with amount of at least 250,000
    filtered_loans = filtered_loans[filtered_loans['amount'] >= 250000]

    # Merge with account and disp tables to get account_id and disp_id
    merged_loans = pd.merge(filtered_loans, df_account, on='account_id')
    merged_loans = pd.merge(merged_loans, df_disp, on='disp_id')

    # Filter loans where frequency is monthly
    filtered_loans = merged_loans[merged_loans['frequency'] == 'monthly']

    # Filter loans where status is approved
    filtered_loans = filtered_loans[filtered_loans['status'] == 'approved']

    # Group by account_id and count the number of loans
    result = filtered_loans.groupby('account_id').size().reset_index(name='count')

    return result
```",failed,call_error: 'disp_id',,2,call_error: 'disp_id',,,,,,,,False,1,overt
136,"Between 1/1/1995 and 12/31/1997, how many loans in the amount of at least 250,000 per account that chose monthly statement issuance were approved?",1,4,"```python
import pandas as pd

def compute_feature(df_account, df_card, df_client, df_disp, df_district, df_loan, df_order, df_trans):
    # Filter loans between 1/1/1995 and 12/31/1997
    loans = df_loan[(df_loan['date'] >= '1995-01-01') & (df_loan['date'] <= '1997-12-31')]

    # Filter loans with amount at least 250,000
    loans = loans[loans['amount'] >= 250000]

    # Filter loans with monthly statement issuance
    loans = loans[df_loan['disp_id'].isin(df_card[df_card['type'] == 'monthly']['disp_id'])]

    # Group by account_id and count approved loans
    approved_loans = loans[loans['status'] == 'approved'].groupby('account_id').size().reset_index(name='count')

    # Merge approved loans with account information
    approved_loans = pd.merge(approved_loans, df_account, on='account_id')

    return approved_loans
```",failed,call_error: 'disp_id',,1,call_error: 'disp_id',,,,,,,,False,1,overt
137,How many accounts have running contracts in Branch location 1?,2,0,"```python
import pandas as pd

def count_running_contracts_by_branch(df_account, df_loan, df_district):
    # Merge account and loan dataframes on account_id
    df_account_loan = pd.merge(df_account, df_loan, on='account_id')
    
    # Filter running contracts
    df_running_contracts = df_account_loan[df_account_loan['status'] == 'running']
    
    # Merge with district data to get branch location
    df_running_contracts_district = pd.merge(df_running_contracts, df_district, on='district_id')
    
    # Filter for branch location 1
    df_running_contracts_branch_1 = df_running_contracts_district[df_running_contracts_district['A2'] == 1]
    
    # Count the number of accounts
    count = df_running_contracts_branch_1['account_id'].nunique()
    
    return count
```

```python
# Assuming the DataFrames are loaded
account = pd.read_csv('account.csv')
loan = pd.read_csv('loan.csv')
district = pd.read_csv('district.csv')

# Call the function
count = count_running_contracts_by_branch(account, loan, district)
print(count)
```",failed,wrong_value,,2,,0,False,False,semantic,0,[[47]],False,False,2,covert
137,How many accounts have running contracts in Branch location 1?,2,1,"```python
import pandas as pd

def count_running_contracts_branch_1(df_loan, df_account, df_district):
    # Filter accounts in Branch location 1
    branch_1_accounts = df_account[df_account['district_id'] == df_district[df_district['district_id'] == 1]['district_id'].values[0]]

    # Filter running contracts
    running_contracts = df_loan[df_loan['status'] == 'running']

    # Filter accounts with running contracts
    accounts_with_running_contracts = pd.merge(branch_1_accounts, running_contracts, on='account_id')

    # Count unique accounts
    count = accounts_with_running_contracts['account_id'].nunique()

    return count
```

```python
# Example usage:
count_running_contracts_branch_1(df_loan, df_account, df_district)
```",failed,wrong_value,,1,,0,True,False,,,,,False,2,covert
137,How many accounts have running contracts in Branch location 1?,2,2,"```python
import pandas as pd

def running_contracts_branch_1(df_account, df_loan, df_district):
    # Filter accounts in Branch location 1
    branch_1_accounts = df_account[df_account['district_id'] == df_district.loc[df_district['A2'] == 1, 'district_id'].iloc[0]]

    # Filter loans with status 'running'
    running_loans = df_loan[df_loan['status'] == 'running']

    # Merge accounts and loans
    merged = pd.merge(branch_1_accounts, running_loans, on='account_id', how='inner')

    # Count unique account_id
    count = merged['account_id'].nunique()

    return count
```",failed,call_error: single positional indexer is out-of-bounds,,1,call_error: single positional indexer is out-of-bounds,,,,,,,,False,2,overt
137,How many accounts have running contracts in Branch location 1?,2,3,"```python
import pandas as pd

def accounts_with_running_contracts(df_account, df_loan, df_district):
    # Filter accounts in Branch location 1
    branch_location_1 = df_district[df_district['A1'] == 1]
    accounts_in_branch_1 = df_account[df_account['district_id'].isin(branch_location_1['district_id'])]

    # Filter accounts with running contracts
    running_contracts = df_loan[df_loan['status'] == 'Running']
    accounts_with_running_contracts = accounts_in_branch_1[accounts_in_branch_1['account_id'].isin(running_contracts['account_id'])]

    # Count the number of accounts
    count = accounts_with_running_contracts['account_id'].nunique()

    return count

# Example usage:
count = accounts_with_running_contracts(df_account, df_loan, df_district)
print(count)
```",failed,exec_error: name 'df_account' is not defined,,0,call_error: 'A1',,,,,,,,False,2,overt
137,How many accounts have running contracts in Branch location 1?,2,4,"```python
import pandas as pd

def count_running_contracts(df_loan, df_account, df_district):
    # Filter accounts in Branch location 1
    branch_accounts = df_account[df_account['district_id'] == df_district.loc[1, 'district_id']]

    # Filter running contracts
    running_contracts = df_loan[df_loan['status'] == 'running']

    # Count accounts with running contracts
    count = (running_contracts[running_contracts['account_id'].isin(branch_accounts['account_id'])].shape[0])

    return count

# Assuming the DataFrames are already loaded
count_running_contracts(df_loan, df_account, df_district)
```

```python
import pandas as pd

def count_running_contracts(df_loan, df_account, df_district):
    # Filter accounts in Branch location 1
    branch_accounts = df_account[df_account['district_id'] == df_district.loc[df_district['district_id'] == 1, 'district_id'].iloc[0]]

    # Filter running contracts
    running_contracts = df_loan[df_loan['status'] == 'running']

    # Count accounts with running contracts
    count = (running_contracts[running_contracts['account_id'].isin(branch_accounts['account_id'])].shape[0])

    return count

# Assuming the DataFrames are already loaded
count_running_contracts(df_loan, df_account, df_district)
```",failed,exec_error: name 'df_loan' is not defined,,0,,0,True,False,,,,,False,2,overt
138,"In the branch where the second-highest number of crimes were committed in 1995 occurred, how many male clients are there?",1,0,"```python
import pandas as pd

def count_male_clients(df_client, df_district, year=1995):
    # Filter crimes in 1995
    crimes_1995 = df_district[df_district['A2'] > 0]
    
    # Get the district with the second-highest number of crimes
    second_highest_district = crimes_1995['district_id'].value_counts().sort_values().index[-2]
    
    # Filter clients in the second-highest district
    male_clients_in_district = df_client[df_client['district_id'] == second_highest_district]
    
    # Count male clients
    count = (male_clients_in_district['gender'] == 'male').sum()
    
    return count

# Usage
count = count_male_clients(df_client, df_district)
print(count)
```",failed,exec_error: name 'df_client' is not defined,,0,call_error: '>' not supported between instances of 'str' and 'int',,,,,,,,False,1,overt
138,"In the branch where the second-highest number of crimes were committed in 1995 occurred, how many male clients are there?",1,2,"```python
import pandas as pd

def count_male_clients(branch_crimes):
    # Filter branch where second-highest number of crimes were committed in 1995
    second_highest_branch = branch_crimes.loc[branch_crimes['crimes'].rank(method='dense', ascending=False) == 2, 'branch_id'].iloc[0]

    # Filter clients from this branch
    branch_clients = pd.merge(client, district, on='district_id')
    branch_clients = branch_clients[branch_clients['branch_id'] == second_highest_branch]

    # Count male clients
    male_clients = branch_clients[branch_clients['gender'] == 'M']
    count = (male_clients.groupby('client_id').size().reset_index(name='count')).iloc[0]['count']

    return count
```

```python
def compute_feature(df):
    # Filter account data for 1995
    account_1995 = df['account'].loc[df['date'].dt.year == 1995]

    # Filter crimes data for 1995
    crimes_1995 = df['crimes'].loc[df['date'].dt.year == 1995]

    # Compute second-highest number of crimes
    second_highest_crimes = crimes_1995.value_counts().rank(method='dense', ascending=False).iloc[1]

    # Filter branch where second-highest number of crimes were committed in 1995
    branch_crimes = account_1995.merge(crimes_1995, on='account_id')
    branch_crimes = branch_crimes[branch_crimes['crimes'] == second_highest_crimes]

    # Filter clients from this branch
    branch_clients = pd.merge(client, district, on='district_id')
    branch_clients = branch_clients[branch_clients['branch_id'] == branch_crimes['branch_id'].iloc[0]]

    # Count male clients
    male_clients = branch_clients[branch_clients['gender'] == 'M']
    count = (male_clients.groupby('client_id').size().reset_index(name='count')).iloc[0]['count']

    return count
```

```python
# Assuming all DataFrames are loaded
compute_feature({'account': df_account, 'crimes': df_crimes, 'client': df_client, 'district': df_district})
```",failed,call_error: 'crimes',,1,call_error: 'crimes',,,,,,,,False,1,overt
138,"In the branch where the second-highest number of crimes were committed in 1995 occurred, how many male clients are there?",1,4,"```python
import pandas as pd

def count_male_clients_in_crime_branch(df_card, df_client, df_disps, df_district, df_loan, df_order, df_trans):
    # Count crimes in 1995
    crimes_1995 = df_disps[df_disps['date'].str.startswith('1995')].groupby('disp_id')['crime'].sum().reset_index()
    crimes_1995.columns = ['disp_id', 'crimes']

    # Merge crimes with district info
    district_crimes = pd.merge(df_district, crimes_1995, on='disp_id', how='left')
    district_crimes['crimes'] = district_crimes['crimes'].fillna(0)

    # Find branch with second-highest number of crimes
    second_highest_crimes = district_crimes.sort_values('crimes', ascending=False).drop_duplicates('disp_id', keep=1)

    # Merge with client info
    male_clients_in_branch = pd.merge(second_highest_crimes, df_client, left_on='disp_id', right_on='disp_id', how='inner')
    male_clients_in_branch = male_clients_in_branch[male_clients_in_branch['gender'] == 'male']

    return len(male_clients_in_branch)
```",failed,call_error: 'date',,2,call_error: 'date',,,,,,,,False,1,overt
139,"How many high-level credit cards have ""OWNER"" type of disposition?",1,0,"```python
import pandas as pd

def count_high_level_owner_cards(df_card, df_disp):
    # Merge card and disp DataFrames on disp_id
    merged_df = pd.merge(df_card, df_disp, on='disp_id', how='inner')
    
    # Filter cards with type 'OWNER' and high-level card status
    owner_cards = merged_df[(merged_df['type'] == 'OWNER') & 
                            (merged_df['A2'] == 1) | 
                            (merged_df['A3'] == 1) | 
                            (merged_df['A4'] == 1) | 
                            (merged_df['A5'] == 1) | 
                            (merged_df['A6'] == 1) | 
                            (merged_df['A7'] == 1) | 
                            (merged_df['A8'] == 1) | 
                            (merged_df['A9'] == 1) | 
                            (merged_df['A10'] == 1) | 
                            (merged_df['A11'] == 1) | 
                            (merged_df['A12'] == 1) | 
                            (merged_df['A13'] == 1) | 
                            (merged_df['A14'] == 1) | 
                            (merged_df['A15'] == 1) | 
                            (merged_df['A16'] == 1)]
    
    # Return count of high-level owner cards
    return owner_cards.shape[0]
```

```python
# Usage
count = count_high_level_owner_cards(df_card, df_disp)
print(count)
```",failed,call_error: 'type',,1,call_error: 'type',,,,,,,,True,1,overt
139,"How many high-level credit cards have ""OWNER"" type of disposition?",1,1,"```python
import pandas as pd

def count_high_level_owner_cards(df_card, df_disp):
    # Merge card and disp dataframes based on disp_id
    merged_df = pd.merge(df_card, df_disp, left_on='disp_id', right_on='disp_id', how='inner')
    
    # Filter for high-level credit cards (disp type is 'OWNER')
    high_level_cards = merged_df[merged_df['type_x'] == 'OWNER']
    
    # Count the number of high-level credit cards
    count = high_level_cards['type_x'].value_counts()['OWNER']
    
    return count
```

```python
# Usage
count = count_high_level_owner_cards(df_card, df_disp)
print(count)
```",failed,call_error: 'OWNER',,1,call_error: 'OWNER',,,,,,,,True,1,overt
139,"How many high-level credit cards have ""OWNER"" type of disposition?",1,2,"```python
import pandas as pd

def count_high_level_credit_cards(df_card, df_disp):
    high_level_cards = df_card[df_card['type'] == 'OWNER']['disp_id'].unique()
    owner_dispositions = df_disp[df_disp['disp_id'].isin(high_level_cards) & (df_disp['type'] == 'OWNER')]
    count = owner_dispositions['disp_id'].nunique()
    return count

# Usage
count = count_high_level_credit_cards(card, disp)
print(count)
```",failed,wrong_value,,0,,0,True,False,,,,,True,1,covert
139,"How many high-level credit cards have ""OWNER"" type of disposition?",1,3,"```python
import pandas as pd

def count_high_level_owner_cards(df_card, df_disp):
    # Filter cards with 'OWNER' type of disposition
    owner_cards = df_card[df_card['type'] == 'OWNER']
    
    # Filter disp table for owner cards
    owner_disps = df_disp[df_disp['card_id'].isin(owner_cards['card_id'])]
    
    # Count high-level cards
    high_level_cards = owner_disps[owner_disps['disp_id'] == 'HIGH']
    
    # Count OWNER type of disposition
    owner_count = len(high_level_cards)
    
    return owner_count
```

```python
# Usage
result = count_high_level_owner_cards(card, disp)
print(result)
```",failed,call_error: 'card_id',,0,call_error: 'card_id',,,,,,,,True,1,overt
139,"How many high-level credit cards have ""OWNER"" type of disposition?",1,4,"```python
import pandas as pd

def count_high_level_owner_cards(df_card, df_disp):
    # Filter cards with 'OWNER' type of disposition
    owner_dispositions = df_disp[df_disp['type'] == 'OWNER']
    
    # Get unique card IDs
    card_ids = owner_dispositions['card_id'].unique()
    
    # Filter cards with 'OWNER' type of disposition
    high_level_cards = df_card[df_card['card_id'].isin(card_ids)]
    
    # Count high-level credit cards
    count = high_level_cards['card_id'].nunique()
    
    return count

# Example usage:
# count_high_level_owner_cards(df_card, df_disp)
```

```python
import pandas as pd

def count_high_level_owner_cards(df_card, df_disp):
    # Filter cards with 'OWNER' type of disposition
    owner_dispositions = df_disp[df_disp['type'] == 'OWNER']
    
    # Get unique card IDs
    card_ids = owner_dispositions['card_id'].unique()
    
    # Filter cards with 'OWNER' type of disposition
    high_level_cards = df_card[df_card['card_id'].isin(card_ids)]
    
    # Count high-level credit cards
    count = high_level_cards.shape[0]
    
    return count

# Example usage:
# count_high_level_owner_cards(df_card, df_disp)
```",failed,call_error: 'card_id',,0,call_error: 'card_id',,,,,,,,True,1,overt
140,"How many accounts are there in the district of ""Pisek""?",1,1,"```python
import pandas as pd

def count_accounts_in_district(df_account, df_district):
    # Merge the account and district DataFrames
    merged_df = pd.merge(df_account, df_district, left_on='district_id', right_on='district_id', how='inner')
    
    # Filter the merged DataFrame to include only accounts in the district of ""Pisek""
    pisek_df = merged_df[merged_df['A1'] == 'Pisek']
    
    # Return the count of accounts in the district of ""Pisek""
    return pisek_df['account_id'].nunique()
```

You can use this function as follows:

```python
print(count_accounts_in_district(df_account, df_district))
```",failed,call_error: 'A1',,1,call_error: 'A1',,,,,,,,False,1,overt
140,"How many accounts are there in the district of ""Pisek""?",1,2,"```python
import pandas as pd

def count_accounts_in_district(df_account, df_district):
    # Filter district_id where A2 is ""Pisek""
    district_filter = df_district[df_district['A2'] == 'Pisek']['district_id']
    
    # Count accounts in the filtered district
    account_count = df_account[df_account['district_id'].isin(district_filter)]['account_id'].nunique()
    
    return account_count

# Assuming the DataFrames are already loaded
account_count = count_accounts_in_district(df_account, df_district)
print(account_count)
```",failed,exec_error: name 'df_account' is not defined,,0,,46,True,False,,,,,False,1,overt
140,"How many accounts are there in the district of ""Pisek""?",1,3,"```python
import pandas as pd

def count_accounts_in_district(df_account, df_district, district_name):
    pisek_district = df_district[df_district['A2'] == district_name]
    accounts_in_pisek = df_account[df_account['district_id'].isin(pisek_district['district_id'])]
    return len(accounts_in_pisek)

# Usage:
accounts_in_pisek = count_accounts_in_district(df_account, df_district, 'Pisek')
print(accounts_in_pisek)
```

Alternatively, you can use a more vectorized approach:

```python
import pandas as pd

def count_accounts_in_district(df_account, df_district, district_name):
    pisek_district_id = df_district[df_district['A2'] == district_name]['district_id'].unique()[0]
    return len(df_account[df_account['district_id'] == pisek_district_id])

# Usage:
accounts_in_pisek = count_accounts_in_district(df_account, df_district, 'Pisek')
print(accounts_in_pisek)
```",failed,exec_error: name 'df_account' is not defined,,0,"call_error: Operands are not aligned. Do `left, right = left.align(right, axis=1)` before operating.",,,,,,,,False,1,overt
141,"Which districts have transactions greater than USS$10,000 in 1997?",2,1,"```python
import pandas as pd

def districts_with_large_transactions(df_account, df_trans, df_district):
    # Filter transactions greater than USS$10,000 in 1997
    large_transactions = df_trans[(df_trans['amount'] > 10000) & (df_trans['date'].str[:4] == '1997')]

    # Merge transactions with accounts to get district information
    merged_transactions = pd.merge(large_transactions, df_account, on='account_id')

    # Merge merged transactions with districts to get district names
    merged_data = pd.merge(merged_transactions, df_district, left_on='district_id', right_on='district_id')

    # Group by district and count the number of large transactions
    district_counts = merged_data.groupby('district_id')['district_id'].count().reset_index()

    # Rename columns for better readability
    district_counts.columns = ['district_id', 'count']

    # Merge district counts with the original districts DataFrame
    result = pd.merge(df_district, district_counts, on='district_id')

    return result
```

You can use this function like this:

```python
result = districts_with_large_transactions(df_account, df_trans, df_district)
print(result)
```",failed,"call_error: cannot insert district_id, already exists",,3,"call_error: cannot insert district_id, already exists",,,,,,,,False,2,overt
141,"Which districts have transactions greater than USS$10,000 in 1997?",2,3,"```python
import pandas as pd

def get_districts_with_large_transactions(df_trans, df_district, year=1997):
    # Filter transactions greater than USS$10,000 in 1997
    large_transactions = df_trans[df_trans['date'].str[:4] == str(year)][df_trans['amount'] > 10000]
    
    # Group transactions by account_id and sum the amounts
    account_amounts = large_transactions.groupby('account_id')['amount'].sum().reset_index()
    
    # Merge account_amounts with district information
    merged_df = pd.merge(account_amounts, df_district, left_on='account_id', right_on='account_id', how='inner')
    
    # Group by district_id and sum the amounts
    district_amounts = merged_df.groupby('district_id')['amount'].sum().reset_index()
    
    return district_amounts
```",failed,call_error: 'account_id',,1,call_error: 'account_id',,,,,,,,False,2,overt
143,What are the accounts that have gold credit cards?,1,0,"```python
import pandas as pd

def get_gold_credit_accounts(df_card, df_account, df_disp):
    # Merge card and account data on disp_id
    merged_disp = pd.merge(df_card, df_account, on='disp_id')
    
    # Filter gold credit cards
    gold_cards = merged_disp[merged_disp['type'] == 'gold']
    
    # Get unique account_ids of gold credit cards
    gold_accounts = gold_cards['account_id'].unique()
    
    return gold_accounts
```

You can use this function like this:

```python
gold_accounts = get_gold_credit_accounts(df_card, df_account, df_disp)
print(gold_accounts)
```

This will print the account_ids of accounts that have gold credit cards.",failed,call_error: 'disp_id',,1,call_error: 'disp_id',,,,,,,,True,1,overt
143,What are the accounts that have gold credit cards?,1,1,"```python
import pandas as pd

def get_gold_accounts(df_card, df_account, df_disp):
    # Filter gold cards
    gold_cards = df_card[df_card['type'] == 'gold']
    
    # Merge with account and disp tables
    gold_accounts = pd.merge(gold_cards, df_account, on='account_id')
    gold_accounts = pd.merge(gold_accounts, df_disp, on='disp_id')
    
    # Filter accounts that have gold cards
    accounts_with_gold_cards = gold_accounts[['account_id']].drop_duplicates()
    
    return accounts_with_gold_cards

# Assuming the DataFrames are loaded as df_card, df_account, df_disp
accounts_with_gold_cards = get_gold_accounts(df_card, df_account, df_disp)
print(accounts_with_gold_cards)
```",failed,exec_error: name 'df_card' is not defined,,2,call_error: 'account_id',,,,,,,,True,1,overt
143,What are the accounts that have gold credit cards?,1,2,"```python
import pandas as pd

def get_gold_credit_accounts(df_card, df_account, df_disp):
    # Merge card and account data on disp_id
    merged_disp = pd.merge(df_card, df_account, on='disp_id')
    
    # Filter gold credit cards
    gold_cards = merged_disp[merged_disp['type'] == 'gold']
    
    # Merge gold cards with account data
    gold_accounts = pd.merge(gold_cards, df_account, on='account_id')
    
    # Return account IDs
    return gold_accounts['account_id'].unique()
```",failed,call_error: 'disp_id',,2,call_error: 'disp_id',,,,,,,,True,1,overt
143,What are the accounts that have gold credit cards?,1,3,"```python
import pandas as pd

def get_gold_credit_cards(df_card, df_disp):
    # Merge card and disp DataFrames on disp_id
    merged_df = pd.merge(df_card, df_disp, on='disp_id')
    
    # Filter gold credit cards
    gold_credit_cards = merged_df[merged_df['type'] == 'gold']
    
    # Return unique account_ids
    return gold_credit_cards['account_id'].unique()

# Usage:
gold_accounts = get_gold_credit_cards(df_card, df_disp)
print(gold_accounts)
```",failed,exec_error: name 'df_card' is not defined,,1,call_error: 'type',,,,,,,,True,1,overt
145,"Who are the account holder identification numbers whose who have transactions on the credit card with the amount is less than the average, in 1998?",1,0,"```python
import pandas as pd

def account_holders_with_transactions_below_average(card_df, trans_df):
    # Filter transactions for credit cards
    credit_card_transactions = trans_df[trans_df['type'] == 'credit_card']
    
    # Filter transactions to those in 1998
    transactions_1998 = credit_card_transactions[credit_card_transactions['date'].apply(lambda x: x.startswith('1998'))]
    
    # Calculate average transaction amount
    avg_amount = transactions_1998['amount'].mean()
    
    # Filter transactions to those with amount below average
    below_avg_transactions = transactions_1998[transactions_1998['amount'] < avg_amount]
    
    # Get account holder IDs from transactions
    account_holder_ids = below_avg_transactions['account_id'].unique()
    
    return account_holder_ids

# Assuming the tables are already loaded as pandas DataFrames with the same names as above
account_holder_ids = account_holders_with_transactions_below_average(card_df, trans_df)
print(account_holder_ids)
```",failed,exec_error: name 'card_df' is not defined,,0,call_error: 'amount',,,,,,,,False,1,overt
145,"Who are the account holder identification numbers whose who have transactions on the credit card with the amount is less than the average, in 1998?",1,1,"```python
import pandas as pd

def account_holders_credit_card_transactions(df_card, df_trans, df_account):
    # Filter transactions on credit card
    credit_card_transactions = df_trans[df_trans['type'] == 'credit_card']

    # Filter transactions with amount less than average
    avg_amount = credit_card_transactions['amount'].mean()
    transactions_less_than_avg = credit_card_transactions[credit_card_transactions['amount'] < avg_amount]

    # Filter transactions in 1998
    transactions_1998 = transactions_less_than_avg[transactions_less_than_avg['date'].str[:4] == '1998']

    # Merge transactions with account holders
    account_holders = pd.merge(transactions_1998, df_account, left_on='account_id', right_on='account_id')

    # Group by account holder ID and return unique IDs
    account_ids = account_holders['account_id'].unique()

    return account_ids
```

```python
# Example usage
account_holders_credit_card_transactions(df_card, df_trans, df_account)
```",failed,cant_compare,,1,,[],False,False,semantic,[],"[[14], [14], [14], [14], [14]]",False,False,1,overt
145,"Who are the account holder identification numbers whose who have transactions on the credit card with the amount is less than the average, in 1998?",1,2,"```python
import pandas as pd

def get_low_amount_cardholders(df_account, df_card, df_loan, df_order, df_trans):
    # Merge account and card tables
    df_account_card = pd.merge(df_account, df_card, on='account_id')
    
    # Filter transactions on credit card
    df_card_trans = df_account_card[df_account_card['type'] == 'credit card']
    
    # Filter transactions with amount less than average
    avg_amount = df_card_trans['amount'].mean()
    df_low_amount_card = df_card_trans[df_card_trans['amount'] < avg_amount]
    
    # Merge with loan and order tables
    df_low_amount_card = pd.merge(df_low_amount_card, df_loan, on='account_id')
    
    # Filter transactions in 1998
    df_low_amount_card = df_low_amount_card[df_low_amount_card['date'].str.contains('1998')]
    
    # Return account holder identification numbers
    return df_low_amount_card['client_id'].unique()

# Example usage
df_account = pd.DataFrame({'account_id': [1, 2, 3], 'district_id': [101, 102, 103]})
df_card = pd.DataFrame({'card_id': [1, 2, 3], 'disp_id': [101, 102, 103], 'type': ['credit card', 'credit card', 'credit card'], 'issued': ['1998', '1999', '2000']})
df_loan = pd.DataFrame({'loan_id': [1, 2, 3], 'account_id': [1, 2, 3], 'date': ['1998', '1999', '2000'], 'amount': [100, 200, 300]})
df_order = pd.DataFrame({'order_id': [1, 2, 3], 'account_id': [1, 2, 3], 'bank_to': ['bank1', 'bank2', 'bank3'], 'account_to': ['account1', 'account2', 'account3'], 'amount': [100, 200, 300], 'k_symbol': ['k1', 'k2', 'k3']})
df_trans = pd.DataFrame({'trans_id': [1, 2, 3], 'account_id': [1, 2, 3], 'date': ['1998', '1999', '2000'], 'type': ['credit card', 'credit card', 'credit card'], 'operation': ['op1', 'op2', 'op3'], 'amount': [100, 200, 300], 'balance': [1000, 2000, 3000], 'k_symbol': ['k1', 'k2', 'k3'], 'bank': ['bank1', 'bank2', 'bank3'], 'account': ['account1', 'account2', 'account3']})

print(get_low_amount_cardholders(df_account, df_card, df_loan, df_order, df_trans))
```",failed,exec_error: 'account_id',,2,call_error: 'account_id',,,,,,,,False,1,overt
145,"Who are the account holder identification numbers whose who have transactions on the credit card with the amount is less than the average, in 1998?",1,3,"```python
import pandas as pd

def get_account_holders_with_low_transactions(card, trans, loan):
    # Filter transactions on credit card
    credit_card_transactions = trans[trans['type'] == 'credit_card']

    # Filter transactions with amount less than average
    low_amount_transactions = credit_card_transactions[credit_card_transactions['amount'] < credit_card_transactions['amount'].mean()]

    # Merge transactions with loan table to get account holder IDs
    account_holders_with_low_transactions = pd.merge(low_amount_transactions, loan, on='account_id')

    # Filter transactions in 1998
    account_holders_with_low_transactions_1998 = account_holders_with_low_transactions[account_holders_with_low_transactions['date'].dt.year == 1998]

    # Return unique account holder IDs
    return account_holders_with_low_transactions_1998['account_id'].unique()
```",failed,call_error: 'date',,1,call_error: 'date',,,,,,,,False,1,overt
145,"Who are the account holder identification numbers whose who have transactions on the credit card with the amount is less than the average, in 1998?",1,4,"```python
import pandas as pd

def account_holders_with_low_transactions(df_card, df_trans, df_account, df_loan, year=1998):
    # Filter transactions for credit cards
    credit_card_transactions = df_trans[df_trans['k_symbol'].isin(df_card['k_symbol'])]
    
    # Calculate average transaction amount for credit cards
    avg_credit_card_amount = credit_card_transactions.groupby('account_id')['amount'].mean().reset_index()
    
    # Filter accounts with transactions
    accounts_with_transactions = df_account[df_account['account_id'].isin(avg_credit_card_amount['account_id'])]
    
    # Filter accounts with transactions in 1998
    accounts_with_transactions_in_1998 = accounts_with_transactions[accounts_with_transactions['date'].apply(lambda x: x.year == year)]
    
    # Filter accounts with transactions amount less than average
    account_holders_with_low_transactions = accounts_with_transactions_in_1998[accounts_with_transactions_in_1998['account_id'].apply(lambda x: df_trans.loc[df_trans['account_id'] == x, 'amount'].mean() < avg_credit_card_amount.loc[avg_credit_card_amount['account_id'] == x, 'amount'].values[0])]
    
    return account_holders_with_low_transactions['account_id']
```",failed,call_error: 'k_symbol',,0,call_error: 'k_symbol',,,,,,,,False,1,overt
147,How many female clients' accounts are in the region of South Bohemia?,1,1,"```python
import pandas as pd

def female_accounts_in_south_bohemia(df_client, df_account, df_district):
    # Merge client and account DataFrames
    df_client_account = pd.merge(df_client, df_account, on='client_id')
    
    # Merge account and district DataFrames
    df_account_district = pd.merge(df_account, df_district, on='district_id')
    
    # Filter female clients
    female_clients = df_client_account[df_client_account['gender'] == 'F']
    
    # Filter accounts in South Bohemia
    south_bohemia_accounts = df_account_district[df_account_district['A2'] == 'South Bohemia']
    
    # Merge female clients and accounts in South Bohemia
    female_accounts_in_south_bohemia = pd.merge(female_clients, south_bohemia_accounts, on='account_id')
    
    # Return the count of female accounts in South Bohemia
    return female_accounts_in_south_bohemia['account_id'].nunique()
```",failed,call_error: 'client_id',,3,call_error: 'client_id',,,,,,,,False,1,overt
147,How many female clients' accounts are in the region of South Bohemia?,1,2,"```python
import pandas as pd

def count_female_accounts_in_region(df_client, df_district, df_account):
    # Merge client and account dataframes
    df_client_account = pd.merge(df_client, df_account, on='client_id')

    # Merge with district data
    df_client_account_district = pd.merge(df_client_account, df_district, left_on='district_id', right_on='district_id')

    # Filter female clients
    female_clients = df_client_account_district[df_client_account_district['gender'] == 'Female']

    # Filter accounts in South Bohemia
    south_bohemia_accounts = female_clients[female_clients['A2'] == 'South Bohemia']

    # Count accounts
    count = south_bohemia_accounts['account_id'].nunique()

    return count
```

```python
# Example usage:
count_female_accounts_in_region(df_client, df_district, df_account)
```",failed,call_error: 'client_id',,2,call_error: 'client_id',,,,,,,,False,1,overt
147,How many female clients' accounts are in the region of South Bohemia?,1,3,"```python
import pandas as pd

def female_accounts_in_south_bohemia(df_account, df_client, df_district):
    # Merge account and client data
    merged_accounts = pd.merge(df_account, df_client, on='district_id')
    
    # Merge with district data
    merged_data = pd.merge(merged_accounts, df_district, left_on='district_id', right_on='district_id')
    
    # Filter for female clients
    female_accounts = merged_data[merged_data['gender'] == 'female']
    
    # Filter for South Bohemia
    south_bohemia = female_accounts[female_accounts['A2'] == 'South Bohemia']
    
    # Count the number of accounts
    count = south_bohemia['account_id'].nunique()
    
    return count
```",failed,wrong_value,,2,,0,False,True,semantic,0,[[231]],False,False,1,covert
147,How many female clients' accounts are in the region of South Bohemia?,1,4,"```python
import pandas as pd

def female_accounts_in_south_bohemia(df_client, df_account, df_district):
    # Merge client and account data
    merged_data = pd.merge(df_client, df_account, on='account_id')
    
    # Merge merged data with district data
    merged_data = pd.merge(merged_data, df_district, left_on='district_id', right_on='district_id', how='left')
    
    # Filter for female clients
    female_data = merged_data[merged_data['gender'] == 'F']
    
    # Filter for accounts in South Bohemia
    south_bohemia_data = female_data[female_data['A2'] == 'South Bohemia']
    
    # Count the number of accounts
    count = south_bohemia_data['account_id'].nunique()
    
    return count
```",failed,call_error: 'account_id',,2,call_error: 'account_id',,,,,,,,False,1,overt
150,How many accounts in North Bohemia has made a transaction with the partner's bank being AB?,2,0,"```python
import pandas as pd

def count_transactions_in_north_bohemia(df_account, df_trans, df_district):
    # Filter accounts in North Bohemia
    north_bohemia_accounts = df_account[df_account['district_id'].isin(df_district[df_district['A1'] == 'North Bohemia']['district_id'])]

    # Filter transactions with partner's bank being AB
    ab_transactions = df_trans[df_trans['bank'] == 'AB']

    # Merge transactions with accounts
    merged_transactions = pd.merge(north_bohemia_accounts, ab_transactions, on='account_id')

    # Count the number of accounts with transactions
    count = merged_transactions['account_id'].nunique()

    return count
```

You can use this function as follows:

```python
count = count_transactions_in_north_bohemia(df_account, df_trans, df_district)
print(count)
```",failed,call_error: 'A1',,1,call_error: 'A1',,,,,,,,False,2,overt
150,How many accounts in North Bohemia has made a transaction with the partner's bank being AB?,2,1,"```python
import pandas as pd

def accounts_in_north_bohemia_with_ab_partner(df_account, df_trans, df_district):
    # Filter accounts in North Bohemia
    north_bohemia_accounts = df_account[df_account['district_id'].isin(df_district[df_district['A2'] == 'North Bohemia']['district_id'])]

    # Filter transactions with partner's bank being AB
    ab_partner_transactions = df_trans[df_trans['bank'] == 'AB']

    # Merge accounts with transactions
    merged = pd.merge(north_bohemia_accounts, ab_partner_transactions, left_on='account_id', right_on='account_id')

    # Count the number of accounts
    result = merged['account_id'].nunique()

    return result
```",failed,wrong_value,,1,,0,True,False,,,,,False,2,covert
150,How many accounts in North Bohemia has made a transaction with the partner's bank being AB?,2,3,"```python
import pandas as pd

def count_transactions_north_bohemia(df_account, df_district, df_trans, partner_bank='AB'):
    # Merge account and district DataFrames
    df_account_district = pd.merge(df_account, df_district, on='district_id')
    
    # Filter accounts in North Bohemia
    df_north_bohemia = df_account_district[df_account_district['A2'] == 'North Bohemia']
    
    # Filter transactions with partner's bank being AB
    df_transactions_ab = df_trans[df_trans['bank'] == partner_bank]
    
    # Merge account and transactions DataFrames
    df_account_transactions_ab = pd.merge(df_north_bohemia, df_transactions_ab, on='account_id')
    
    # Count unique accounts
    count = df_account_transactions_ab['account_id'].nunique()
    
    return count

# Assuming the DataFrames are already loaded
count = count_transactions_north_bohemia(df_account, df_district, df_trans)
print(count)
```",failed,exec_error: name 'df_account' is not defined,,2,"call_error: Operands are not aligned. Do `left, right = left.align(right, axis=1)` before operating.",,,,,,,,False,2,overt
150,How many accounts in North Bohemia has made a transaction with the partner's bank being AB?,2,4,"```python
import pandas as pd

def count_transactions_north_bohemia(df_account, df_trans, df_district):
    # Filter accounts in North Bohemia
    north_bohemia_accounts = df_account[df_account['district_id'].isin(df_district[df_district['A2'] == 'North Bohemia']['district_id'])]

    # Merge accounts with transactions
    merged_df = pd.merge(north_bohemia_accounts, df_trans, on='account_id', how='inner')

    # Filter transactions with partner's bank being AB
    ab_bank_transactions = merged_df[merged_df['k_symbol'].str.startswith('AB')]

    # Count the number of accounts
    account_count = ab_bank_transactions['account_id'].nunique()

    return account_count
```

```python
# Example usage:
account_count = count_transactions_north_bohemia(df_account, df_trans, df_district)
print(account_count)
```",failed,wrong_value,,1,,0,True,False,,,,,False,2,covert
151,Please list the name of the districts with accounts that made withdrawal transactions.,2,1,"```python
import pandas as pd

def get_districts_with_withdrawals(df_account, df_trans):
    # Filter transactions where type is 'withdrawal'
    withdrawal_transactions = df_trans[df_trans['type'] == 'withdrawal']

    # Group by district_id and count the number of withdrawals
    district_withdrawals = withdrawal_transactions.groupby('account_id')['account_id'].count().reset_index()

    # Merge with account DataFrame to get district names
    district_withdrawals = pd.merge(district_withdrawals, df_account[['account_id', 'district_id']], on='account_id')

    # Group by district_id and get distinct district names
    districts_with_withdrawals = district_withdrawals.groupby('district_id')['district_id'].nunique().reset_index()

    # Rename the column to 'district_name'
    districts_with_withdrawals = districts_with_withdrawals.rename(columns={'district_id': 'district_name'})

    return districts_with_withdrawals
```

```python
# Example usage:
districts_with_withdrawals = get_districts_with_withdrawals(df_account, df_trans)
print(districts_with_withdrawals)
```

Note: This code assumes that the DataFrames `df_account` and `df_trans` are already loaded with the required data. The function `get_districts_with_withdrawals` returns a new DataFrame with the list of district names that have made withdrawal transactions.",failed,"call_error: cannot insert account_id, already exists",,1,"call_error: cannot insert account_id, already exists",,,,,,,,False,2,overt
152,What is the average number of crimes committed in 1995 in regions where the number exceeds 4000 and the region has accounts that are opened starting from the year 1997?,1,1,"```python
import pandas as pd

def average_crimes_1995(df_district, df_account):
    # Filter districts with more than 4000 accounts
    filtered_districts = df_district[df_district['A2'] > 4000]

    # Filter accounts opened from 1997
    filtered_accounts = df_account[df_account['date'] >= '1997-01-01']

    # Merge filtered accounts with districts
    merged_data = pd.merge(filtered_districts, filtered_accounts, on='district_id')

    # Group by district and count crimes in 1995
    crime_counts = merged_data.groupby('district_id')[['A2', 'date']].apply(lambda x: pd.Series({'crimes_1995': (x['A2'] > 4000).sum(), 'accounts_1997': (x['date'] >= '1997-01-01').sum()}))

    # Merge crime counts with filtered districts
    merged_crimes = pd.merge(filtered_districts, crime_counts, on='district_id')

    # Calculate average number of crimes in 1995
    average_crimes = merged_crimes['crimes_1995'].mean()

    return average_crimes
```

```python
# Usage
average_crimes = average_crimes_1995(df_district, df_account)
print(average_crimes)
```

Note: This code assumes that the 'date' column in the 'account' DataFrame is of datetime type and that the 'A2' column in the 'district' DataFrame is the column that contains the account counts. You may need to adjust the code if your data is structured differently.",failed,call_error: '>' not supported between instances of 'str' and 'int',,2,call_error: '>' not supported between instances of 'str' and 'int',,,,,,,,False,1,overt
152,What is the average number of crimes committed in 1995 in regions where the number exceeds 4000 and the region has accounts that are opened starting from the year 1997?,1,2,"```python
import pandas as pd

def average_crimes_1995():
    # Filter accounts opened in 1997 or later
    accounts = account[account['date'].apply(lambda x: int(x[:4]) >= 1997)]
    
    # Filter districts with accounts
    districts_with_accounts = pd.merge(district, accounts[['district_id']].drop_duplicates(), on='district_id')
    
    # Filter districts with more than 4000 accounts
    districts_over_4000 = districts_with_accounts[districts_with_accounts['district_id'].map(accounts['district_id'].value_counts()) > 4000]
    
    # Filter crimes in 1995
    crimes_1995 = trans[trans['date'].apply(lambda x: int(x[:4]) == 1995)]
    
    # Group crimes by district and calculate average number of crimes
    average_crimes = crimes_1995.groupby('account_id').size().reset_index(name='crimes_count')
    
    # Merge average crimes with districts
    average_crimes_with_districts = pd.merge(average_crimes, districts_over_4000[['district_id']], on='district_id')
    
    # Group by district and calculate average number of crimes
    average_crimes_1995 = average_crimes_with_districts.groupby('district_id')['crimes_count'].mean().reset_index()
    
    return average_crimes_1995

average_crimes_1995()
```

Please note that this function assumes that the DataFrames are already loaded with the same names as the tables. It also assumes that the 'date' column in the 'account' DataFrame is of string type and that the 'district_id' column in the 'account' DataFrame is of object type (i.e., it contains the district IDs as strings). If this is not the case, you might need to adjust the code accordingly.",failed,exec_error: 'Timestamp' object is not subscriptable,,2,call_error: 'Timestamp' object is not subscriptable,,,,,,,,False,1,overt
152,What is the average number of crimes committed in 1995 in regions where the number exceeds 4000 and the region has accounts that are opened starting from the year 1997?,1,3,"```python
import pandas as pd

def avg_crimes_1995():
    # Filter the district table to only include regions where the number exceeds 4000
    district = district[(district.A2 + district.A3 + district.A4 + district.A5 + 
                         district.A6 + district.A7 + district.A8 + district.A9 + 
                         district.A10 + district.A11 + district.A12 + district.A13 + 
                         district.A14 + district.A15 + district.A16) > 4000]

    # Filter the account table to only include accounts opened in 1997 or later
    account = account[account.date >= '1997-01-01']

    # Merge the district and account tables on district_id
    merged = pd.merge(district, account, left_on='district_id', right_on='district_id')

    # Filter the merged table to only include accounts opened in 1997 or later and in regions where the number exceeds 4000
    merged = merged[merged['A2'] + merged['A3'] + merged['A4'] + merged['A5'] + 
                     merged['A6'] + merged['A7'] + merged['A8'] + merged['A9'] + 
                     merged['A10'] + merged['A11'] + merged['A12'] + merged['A13'] + 
                     merged['A14'] + merged['A15'] + merged['A16'] > 4000]

    # Merge the merged table with the loan table on account_id
    merged = pd.merge(merged, loan, left_on='account_id', right_on='account_id')

    # Filter the merged table to only include loans from 1995
    merged = merged[merged.date_x == '1995-01-01']

    # Group the merged table by district_id and calculate the average number of crimes
    avg_crimes = merged.groupby('district_id')[['A2', 'A3', 'A4', 'A5', 'A6', 'A7', 'A8', 'A9', 'A10', 'A11', 'A12', 'A13', 'A14', 'A15', 'A16']].sum().mean(axis=1)

    return avg_crimes
```",failed,call_error: cannot access local variable 'district' where it is not associated with a value,,2,call_error: cannot access local variable 'district' where it is not associated with a value,,,,,,,,False,1,overt
152,What is the average number of crimes committed in 1995 in regions where the number exceeds 4000 and the region has accounts that are opened starting from the year 1997?,1,4,"```python
import pandas as pd

def average_crimes_1995():
    # Filter the district table for regions with more than 4000 crimes in 1995
    district = district[(district['A2'] + district['A3'] + district['A4'] + district['A5'] + 
                          district['A6'] + district['A7'] + district['A8'] + 
                          district['A9'] + district['A10'] + district['A11'] + 
                          district['A12'] + district['A13'] + district['A14'] + 
                          district['A15'] + district['A16']) > 4000]
    
    # Filter the account table for accounts opened in 1997 or later
    account = account[account['date'] >= '1997-01-01']
    
    # Merge the two tables on district_id
    merged = pd.merge(district, account, on='district_id')
    
    # Filter the account table for accounts that exist in 1995
    account_1995 = account[account['date'] <= '1995-12-31']
    
    # Merge the merged table with the filtered account table on account_id
    merged = pd.merge(merged, account_1995, on='account_id')
    
    # Group by district_id and calculate the average number of crimes in 1995
    average_crimes = merged.groupby('district_id')[['A2', 'A3', 'A4', 'A5', 'A6', 'A7', 'A8', 'A9', 
                                                      'A10', 'A11', 'A12', 'A13', 'A14', 'A15', 'A16']].sum().mean(axis=1)
    
    return average_crimes
```",failed,call_error: cannot access local variable 'district' where it is not associated with a value,,2,call_error: cannot access local variable 'district' where it is not associated with a value,,,,,,,,False,1,overt
154,How many male clients in 'Hl.m. Praha' district?,1,0,"```python
import pandas as pd

def count_male_clients(df_client, df_district):
    # Filter clients in 'Hl.m. Praha' district
    filtered_clients = df_client[df_client['district_id'].isin(df_district[df_district['A1'] == 'Hl.m. Praha']['district_id'])]

    # Filter male clients
    male_clients = filtered_clients[filtered_clients['gender'] == 'male']

    # Return the count of male clients
    return male_clients.shape[0]
```

```python
# Example usage:
male_clients_count = count_male_clients(df_client, df_district)
print(male_clients_count)
```

```python
# Assuming the DataFrames are already loaded, this will work
male_clients_count = count_male_clients(client, district)
```",failed,call_error: 'A1',,0,call_error: 'A1',,,,,,,,False,1,overt
154,How many male clients in 'Hl.m. Praha' district?,1,1,"```python
import pandas as pd

def count_male_clients(df_client, df_district):
    # Filter district name
    district_name = 'Hl.m. Praha'
    
    # Filter clients in the specified district
    male_clients_in_district = df_client[df_client['district_id'] == 
                                         df_district[df_district['district_id'] == 
                                                      df_client['district_id']]['district_id'].unique()[0]]['client_id'].unique()
    
    # Filter clients by gender
    male_clients = df_client[df_client['client_id'].isin(male_clients_in_district) & 
                             (df_client['gender'] == 'male')].shape[0]
    
    return male_clients

# Example usage
male_clients_count = count_male_clients(df_client, df_district)
print(male_clients_count)
```",failed,exec_error: name 'df_client' is not defined,,0,call_error: Can only compare identically-labeled Series objects,,,,,,,,False,1,overt
154,How many male clients in 'Hl.m. Praha' district?,1,3,"```python
import pandas as pd

def count_male_clients_in_district(df_client, df_district):
    # Merge client and district DataFrames based on district_id
    df_client_district = pd.merge(df_client, df_district, on='district_id')
    
    # Filter male clients
    male_clients = df_client_district[df_client_district['gender'] == 'male']
    
    # Filter clients in 'Hl.m. Praha' district
    male_prague_clients = male_clients[male_clients['A2'] == 'Hl.m. Praha']
    
    # Return count of male clients in 'Hl.m. Praha' district
    return male_prague_clients['client_id'].nunique()
```

You can call this function with your DataFrames like this:

```python
count = count_male_clients_in_district(df_client, df_district)
print(count)
```",failed,wrong_value,,1,,0,False,False,semantic,0,[[339]],False,False,1,covert
154,How many male clients in 'Hl.m. Praha' district?,1,4,"```python
import pandas as pd

def count_male_clients(df_client, df_district):
    # Filter clients in 'Hl.m. Praha' district
    male_clients = df_client[df_client['district_id'].isin(df_district[df_district['A2'] == 'Hl.m. Praha']['district_id'])]
    
    # Count male clients
    count = male_clients[male_clients['gender'] == 'male'].shape[0]
    
    return count

# Example usage:
count = count_male_clients(df_client, df_district)
print(count)
```",failed,exec_error: name 'df_client' is not defined,,0,,0,True,False,,,,,False,1,overt
157,What is the number of committed crimes in 1995 in the district of the account with the id 532?,1,1,"```python
import pandas as pd

def count_committed_crimes(df_account, df_district, account_id):
    # Filter account DataFrame by account_id
    account = df_account[df_account['account_id'] == account_id]
    
    # Get district_id from account DataFrame
    district_id = account['district_id'].iloc[0]
    
    # Filter district DataFrame by district_id
    district = df_district[df_district['district_id'] == district_id]
    
    # Filter loan DataFrame by date (assuming it's in a column named 'date')
    # and status (assuming it's in a column named 'status') to get committed crimes
    crimes = df_loan[(df_loan['date'] == '1995') & (df_loan['status'] == 'committed')]
    
    # Count the number of committed crimes
    count = crimes.shape[0]
    
    return count
```

```python
import pandas as pd

def count_committed_crimes(df_account, df_district, df_loan, account_id):
    # Filter account DataFrame by account_id
    account = df_account[df_account['account_id'] == account_id]
    
    # Get district_id from account DataFrame
    district_id = account['district_id'].iloc[0]
    
    # Filter district DataFrame by district_id
    district = df_district[df_district['district_id'] == district_id]
    
    # Filter loan DataFrame by date (assuming it's in a column named 'date')
    # and status (assuming it's in a column named 'status') to get committed crimes
    crimes = df_loan[(df_loan['date'] == '1995') & (df_loan['status'] == 'committed')]
    
    # Count the number of committed crimes
    count = crimes.shape[0]
    
    return count
```

```python
import pandas as pd

def count_committed_crimes(df_account, df_district, df_loan, account_id):
    # Filter account DataFrame by account_id
    account = df_account[df_account['account_id'] == account_id]
    
    # Get district_id from account DataFrame
    district_id = account['district_id'].iloc[0]
    
    # Filter district DataFrame by district_id
    district = df_district[df_district['district_id'] == district_id]
    
    # Filter loan DataFrame by date (assuming it's in a column named 'date')
    # and status (assuming it's in a column named 'status') to get committed crimes
    crimes = df_loan[(df_loan['date'].dt.year == 1995) & (df_loan['status'] == 'committed')]
    
    # Count the number of committed crimes
    count = crimes.shape[0]
    
    return count
```

```python
import pandas as pd

def count_committed_crimes(df_account, df_district, df_loan, account_id):
    # Filter account DataFrame by account_id
    account = df_account[df_account['account_id'] == account_id]
    
    # Get district_id from account DataFrame
    district_id = account['district_id'].iloc[0]
    
    # Filter district DataFrame by district_id
    district = df_district[df_district['district_id'] == district_id]
    
    # Filter loan DataFrame by date (assuming it's in a column named 'date')
    # and status (assuming it's in a column named 'status') to get committed crimes
    crimes = df_loan[(df_loan['date'].dt.year == 1995) & (df_loan['status'].str.lower() == 'committed')]
    
    # Count the number of committed crimes
    count = crimes.shape[0]
    
    return count
```",failed,"call_error: Operands are not aligned. Do `left, right = left.align(right, axis=1)` before operating.",,0,"call_error: Operands are not aligned. Do `left, right = left.align(right, axis=1)` before operating.",,,,,,,,False,1,overt
157,What is the number of committed crimes in 1995 in the district of the account with the id 532?,1,2,"```python
import pandas as pd

def count_committed_crimes(df_account, df_district, year):
    # Filter accounts by year
    filtered_accounts = df_account[df_account['date'].apply(lambda x: x.startswith(str(year)))]
    
    # Filter accounts by account id
    filtered_accounts = filtered_accounts[filtered_accounts['account_id'] == 532]
    
    # Merge accounts with district
    merged_accounts_district = pd.merge(filtered_accounts, df_district, left_on='district_id', right_on='district_id', how='inner')
    
    # Count committed crimes
    committed_crimes = merged_accounts_district.groupby('A2')['A2'].count().reset_index()
    
    return committed_crimes

# Usage
counted_crimes = count_committed_crimes(df_account, df_district, 1995)
print(counted_crimes)
```",failed,exec_error: name 'df_account' is not defined,,1,call_error: 'Timestamp' object has no attribute 'startswith',,,,,,,,False,1,overt
157,What is the number of committed crimes in 1995 in the district of the account with the id 532?,1,3,"```python
import pandas as pd

def committed_crimes_1995(account_id):
    account = account[account['account_id'] == account_id]
    account = account.merge(district, left_on='district_id', right_on='district_id')
    account = account[account['date'].apply(lambda x: x[:4] == '1995')]
    crimes = account[['A2', 'A3', 'A4', 'A5', 'A6', 'A7', 'A8', 'A9', 'A10', 'A11', 'A12', 'A13', 'A14', 'A15', 'A16']].sum()
    return crimes

# Test the function
print(committed_crimes_1995(532))
```

Please note that this code assumes that the date column in the account DataFrame is of datetime type, and that the date is stored in the format 'YYYY-MM-DD'. If the date is stored in a different format, you may need to adjust the code accordingly. 

Also note that the function returns a pandas Series with the number of crimes in each category. If you want to get the total number of crimes, you can use the `sum` method on the Series. 

This code does not handle the case where the account_id does not exist in the account DataFrame. You may want to add error handling code to deal with this case. 

This code also assumes that the crimes are represented by non-zero values in the district DataFrame. If the crimes are represented by zero values, you may need to adjust the code accordingly. 

This code does not handle the case where there are multiple accounts with the same id in the account DataFrame. You may want to add code to deal with this case, depending on your requirements. 

This code does not handle the case where the date is not in the format 'YYYY-MM-DD'. You may want to add code to deal with this case, depending on your requirements. 

This code does not handle the case where the district_id does not exist in the district DataFrame. You may want to add error handling code to deal with this case. 

This code does not handle the case where the account_id does not exist in the account DataFrame. You may want to add error handling code to deal with this case. 

This code does not handle the case where the date is not in the year 1995. You may want to add code to deal with this case, depending on your requirements. 

This code does not handle the case where the account_id is not in the account DataFrame. You may want to add error handling code to deal with this case. 

This code does not handle the case where the district_id is not in the district DataFrame. You may want to add error handling code to deal with this case. 

This code does not handle the case where the date is not in the correct format. You may want to add code to deal with this case, depending on your requirements. 

This code does not handle the case where the account_id is not in the account DataFrame. You may want to add error handling code to deal with this case. 

This code does not handle the case where the district_id is not in the district DataFrame. You may want to add error handling code to deal with this case. 

This code does not handle the case where the date is not in the correct format. You may want to add code to deal with this case, depending on your requirements. 

This code does not handle the case where the account_id is not in the account DataFrame. You may want to add error handling code to deal with this case. 

This code does not handle the case where the district_id is not in the district DataFrame. You may want to add error handling code to deal with this case. 

This code does not handle the case where the date is not in the correct format. You may want to add code to deal with this case, depending on your requirements. 

This code does not handle the case where the account_id is not in the account DataFrame. You may want to add error handling code to deal with this case. 

This code does not handle the case where the district_id is not in the district DataFrame. You may want to add error handling code to deal with this case. 

This code does not handle the case where the date is not in the correct format. You may want to add code to deal with this case, depending on your requirements. 

This code does not handle the case where the account_id is not in the account DataFrame. You may want to add error handling code to deal with this case. 

This code does not handle the case where the district_id is not in the district DataFrame. You may want to add error handling code to deal with this case. 

This code does not handle the case where the date is not in the correct format. You may want to add code to deal with this case, depending on your requirements. 

This code does not handle the case where the",failed,exec_error: cannot access local variable 'account' where it is not associated with a value,,1,call_error: cannot access local variable 'account' where it is not associated with a value,,,,,,,,False,1,overt
157,What is the number of committed crimes in 1995 in the district of the account with the id 532?,1,4,"```python
import pandas as pd

def committed_crimes_1995(account_id):
    account_df = account[account['date'] == '1995']
    account_df = account_df[account_df['account_id'] == account_id]
    
    crimes = account_df.merge(district, left_on='district_id', right_on='district_id')
    
    # Assuming the feature of interest is A2
    committed_crimes = crimes['A2'].sum()
    
    return committed_crimes

print(committed_crimes_1995(532))
```

This code assumes that the `account` DataFrame has a column named `date` and another named `account_id`. It also assumes that the `district` DataFrame has a column named `district_id`. The code merges these two DataFrames on the `district_id` column, then sums the values in the `A2` column, which represents the number of committed crimes.",failed,"call_error: Operands are not aligned. Do `left, right = left.align(right, axis=1)` before operating.",,1,"call_error: Operands are not aligned. Do `left, right = left.align(right, axis=1)` before operating.",,,,,,,,False,1,overt
158,What is the district Id of the account that placed the order with the id 33333?,2,0,"```python
import pandas as pd

def get_district_id(order_id):
    # Filter the orders DataFrame for the specified order_id
    order = orders[orders['order_id'] == order_id]
    
    # If the order exists, get the account_id
    if not order.empty:
        account_id = order['account_id'].iloc[0]
        
        # Get the district_id from the account DataFrame
        district_id = accounts[accounts['account_id'] == account_id]['district_id'].iloc[0]
        
        return district_id
    
    # If the order does not exist, return None
    return None
```

You can use this function like this:

```python
district_id = get_district_id(33333)
print(district_id)
```

This will print the district_id of the account that placed the order with id 33333, or None if the order does not exist.",failed,call_error: name 'orders' is not defined,,0,call_error: name 'orders' is not defined,,,,,,,,False,2,overt
158,What is the district Id of the account that placed the order with the id 33333?,2,1,"```python
import pandas as pd

def district_id_from_order(df_account, df_order):
    # Merge account and order DataFrames on account_id
    merged_df = pd.merge(df_account, df_order, on='account_id')
    
    # Filter the merged DataFrame to get the order with id 33333
    filtered_df = merged_df[merged_df['order_id'] == 33333]
    
    # If order with id 33333 exists, return the district Id, otherwise return None
    if not filtered_df.empty:
        return filtered_df['district_id'].iloc[0]
    else:
        return None

# Example usage
district_id = district_id_from_order(df_account, df_order)
print(district_id)
```",failed,exec_error: name 'df_account' is not defined,,1,,64,True,False,,,,,False,2,overt
158,What is the district Id of the account that placed the order with the id 33333?,2,3,"```python
import pandas as pd

def get_district_id_of_account_with_order(order_df):
    # Filter order DataFrame for order with id 33333
    order_33333 = order_df[order_df['order_id'] == 33333]
    
    # If order with id 33333 exists, get account id
    if not order_33333.empty:
        account_id = order_33333['account_id'].iloc[0]
        
        # Filter account DataFrame for account with id
        account_df = account_df[account_df['account_id'] == account_id]
        
        # If account exists, get district id
        if not account_df.empty:
            district_id = account_df['district_id'].iloc[0]
            return district_id
        else:
            return None
    else:
        return None

# Example usage
district_id = get_district_id_of_account_with_order(order_df)
print(district_id)
```",failed,exec_error: name 'order_df' is not defined,,0,call_error: cannot access local variable 'account_df' where it is not associated with a value,,,,,,,,False,2,overt
159,List all the withdrawals in cash transactions that the client with the id 3356 makes.,3,4,"```python
import pandas as pd

def cash_withdrawals(client_id, account, card, trans, disp):
    # Merge account and card tables based on account_id
    merged_account_card = pd.merge(account, card, on='account_id')

    # Filter the merged DataFrame for the given client_id
    filtered_merged = merged_account_card[merged_account_card['client_id'] == client_id]

    # Merge the filtered DataFrame with the trans DataFrame based on account_id
    merged_with_trans = pd.merge(filtered_merged, trans, on='account_id')

    # Filter the merged DataFrame for cash transactions
    cash_transactions = merged_with_trans[(merged_with_trans['type'] == 'cash') & (merged_with_trans['operation'] == 'withdrawal')]

    # Return the cash transactions
    return cash_transactions[['trans_id', 'date', 'amount']]
```

You can call this function with the following code:

```python
cash_withdrawals(3356, account, card, trans, disp)
```",failed,call_error: 'account_id',,2,call_error: 'account_id',,,,,,,,True,3,overt
160,"Among the weekly issuance accounts, how many have a loan of under 200000?",1,0,"```python
import pandas as pd

def count_weekly_loans_under_200k(df_account, df_loan):
    # Filter weekly issuance accounts
    weekly_accounts = df_account[df_account['frequency'] == 'W']
    
    # Merge accounts with loans
    merged_df = pd.merge(weekly_accounts, df_loan, on='account_id')
    
    # Filter loans under 200000
    loans_under_200k = merged_df[merged_df['amount'] < 200000]
    
    # Count the number of accounts with loans under 200000
    count = len(loans_under_200k['account_id'].unique())
    
    return count
```

```python
# Example usage:
count = count_weekly_loans_under_200k(df_account, df_loan)
print(count)
```

Note: This function assumes that the DataFrames are already loaded and the function is called with the correct DataFrames. In a real-world scenario, you would load the DataFrames from your database or data source and then call this function.",failed,wrong_value,,1,,0,False,False,semantic,0,[[58]],False,False,1,covert
160,"Among the weekly issuance accounts, how many have a loan of under 200000?",1,1,"```python
import pandas as pd

def count_weekly_issue_loans(df_account, df_loan):
    # Filter weekly issuance accounts
    weekly_issue_accounts = df_account[df_account['frequency'] == 'Weekly']
    
    # Filter loans with amount under 200000
    loans_under_200k = df_loan[df_loan['amount'] < 200000]
    
    # Merge accounts and loans on account_id
    merged = pd.merge(weekly_issue_accounts, loans_under_200k, on='account_id')
    
    # Count the number of loans per account
    count = merged['account_id'].value_counts().shape[0]
    
    return count
```

```python
# Assuming the DataFrames are already loaded
count = count_weekly_issue_loans(df_account, df_loan)
print(count)
```",failed,wrong_value,,1,,0,False,False,semantic,0,[[58]],False,False,1,covert
160,"Among the weekly issuance accounts, how many have a loan of under 200000?",1,2,"```python
import pandas as pd

def weekly_issue_accounts_with_loans_under_200k(df_account, df_loan, df_card):
    # Filter accounts issued weekly
    weekly_issue_accounts = df_account[df_account['frequency'] == 'W']
    
    # Filter accounts with a loan
    accounts_with_loans = df_account.merge(df_loan, on='account_id')
    
    # Filter accounts with a loan under 200000
    accounts_with_loans_under_200k = accounts_with_loans[df_loan['amount'] < 200000]
    
    # Count the number of weekly issuance accounts with a loan under 200000
    count = (weekly_issue_accounts.merge(df_card, on='account_id')[df_card['type'] == 'credit']).merge(accounts_with_loans_under_200k, on='account_id').shape[0]
    
    return count

# Assuming the DataFrames are already loaded
count = weekly_issue_accounts_with_loans_under_200k(df_account, df_loan, df_card)
print(count)
```",failed,exec_error: name 'df_account' is not defined,,3,call_error: 'account_id',,,,,,,,False,1,overt
160,"Among the weekly issuance accounts, how many have a loan of under 200000?",1,3,"```python
import pandas as pd

def count_weekly_issue_loans(df_account, df_loan):
    # Filter weekly issuance accounts
    weekly_issue_accounts = df_account[df_account['frequency'] == 'WEEKLY']
    
    # Merge with loan table
    merged_df = pd.merge(weekly_issue_accounts, df_loan, on='account_id', how='inner')
    
    # Filter loans under 200000
    filtered_df = merged_df[merged_df['amount'] < 200000]
    
    # Count the number of loans
    count = filtered_df.shape[0]
    
    return count
```

```python
# Usage
count = count_weekly_issue_loans(df_account, df_loan)
print(count)
```",failed,wrong_value,,1,,0,False,False,semantic,0,[[58]],False,False,1,covert
160,"Among the weekly issuance accounts, how many have a loan of under 200000?",1,4,"```python
import pandas as pd

def weekly_issue_accounts_loan_under_200k(df_account, df_loan):
    # Filter weekly issuance accounts
    weekly_issue_accounts = df_account[df_account['frequency'] == 'WEEKLY']
    
    # Filter loans under 200000
    loans_under_200k = df_loan[df_loan['amount'] < 200000]
    
    # Merge the two DataFrames on account_id
    merged_df = pd.merge(weekly_issue_accounts, loans_under_200k, on='account_id', how='inner')
    
    # Count the number of accounts
    count = merged_df['account_id'].nunique()
    
    return count
```

You can use this function as follows:

```python
account = pd.DataFrame({'account_id': [1, 2, 3], 'frequency': ['WEEKLY', 'MONTHLY', 'WEEKLY']})
loan = pd.DataFrame({'loan_id': [1, 2, 3], 'account_id': [1, 2, 3], 'amount': [100000, 200000, 150000]})

count = weekly_issue_accounts_loan_under_200k(account, loan)
print(count)
```",failed,wrong_value,,1,,0,False,False,semantic,0,[[58]],False,False,1,covert
161,What type of credit card does the client with the id 13539 own?,2,1,"```python
import pandas as pd

def get_credit_card_type(client_id, card, client):
    client_info = client[client['client_id'] == client_id]
    if not client_info.empty:
        disp_id = client_info['disp_id'].iloc[0]
        card_info = card[card['disp_id'] == disp_id]
        if not card_info.empty:
            return card_info['type'].iloc[0]
    return None

# Example usage
client_id = 13539
card_type = get_credit_card_type(client_id, card, client)
print(card_type)
```",failed,exec_error: 'disp_id',,0,"call_error: Operands are not aligned. Do `left, right = left.align(right, axis=1)` before operating.",,,,,,,,True,2,overt
161,What type of credit card does the client with the id 13539 own?,2,4,"```python
import pandas as pd

def get_credit_card_type(client_id):
    card = pd.merge(card, disp, on='disp_id')
    card = pd.merge(card, client, on='client_id')
    card = card[card['client_id'] == client_id]
    return card['type'].iloc[0] if not card.empty else None

# Usage
client_id = 13539
print(get_credit_card_type(client_id))
```",failed,exec_error: cannot access local variable 'card' where it is not associated with a value,,2,call_error: cannot access local variable 'card' where it is not associated with a value,,,,,,,,True,2,overt
162,What is the region of the client with the id 3541 from?,1,0,"```python
import pandas as pd

def get_client_region(client_df, account_df):
    # Merge account and client DataFrames based on account_id
    account_client_df = pd.merge(account_df, client_df, on='account_id')
    
    # Get the district_id of the client with id 3541
    client_district_id = account_client_df[account_client_df['client_id'] == 3541]['district_id'].iloc[0]
    
    # Merge account and district DataFrames based on district_id
    account_district_df = pd.merge(account_df, client_df[['district_id']], on='district_id')
    account_district_df = pd.merge(account_district_df, district_df, on='district_id')
    
    # Get the region of the client with id 3541
    client_region = account_district_df[account_district_df['client_id'] == 3541]['A2'].iloc[0]
    
    return client_region

# Usage
client_region = get_client_region(client_df, account_df)
print(client_region)
```",failed,exec_error: name 'client_df' is not defined,,3,call_error: 'account_id',,,,,,,,False,1,overt
162,What is the region of the client with the id 3541 from?,1,1,"```python
import pandas as pd

def get_client_region(client_id, district, client):
    client_district = district[district['client_id'] == client_id]
    if not client_district.empty:
        return client_district['A2'].iloc[0]
    else:
        return None

# Usage
print(get_client_region(3541, district, client))
```

```python
import pandas as pd

def get_client_region(client_id, client):
    client_district = client[client['client_id'] == client_id]
    if not client_district.empty:
        return client_district['district_id'].iloc[0]
    else:
        return None

# Usage
print(get_client_region(3541, client))
```

```python
import pandas as pd

def get_client_region(client_id, client, district):
    client_district_id = client[client['client_id'] == client_id]['district_id'].iloc[0]
    if pd.notna(client_district_id):
        return district.loc[district['district_id'] == client_district_id, 'A2'].iloc[0]
    else:
        return None

# Usage
print(get_client_region(3541, client, district))
```",failed,exec_error: 'client_id',,0,call_error: 'client_id',,,,,,,,False,1,overt
162,What is the region of the client with the id 3541 from?,1,2,"```python
import pandas as pd

def get_client_region(client_df, account_df):
    # Merge account and client dataframes
    merged_df = pd.merge(account_df, client_df, on='account_id')
    
    # Filter for the specific client
    client_region_df = merged_df[merged_df['client_id'] == 3541]
    
    # Extract the district_id from the filtered dataframe
    district_id = client_region_df['district_id'].iloc[0]
    
    # Merge district and account dataframes
    district_account_df = pd.merge(account_df, district_df, on='district_id')
    
    # Filter for the specific district_id
    district_account_region_df = district_account_df[district_account_df['district_id'] == district_id]
    
    # Extract the A2 value from the filtered dataframe
    region = district_account_region_df['A2'].iloc[0]
    
    return region

# Assuming the dataframes are already loaded
account_df = pd.DataFrame(account)
client_df = pd.DataFrame(client)
district_df = pd.DataFrame(district)

region = get_client_region(client_df, account_df)
print(region)
```",failed,exec_error: 'account_id',,2,call_error: 'account_id',,,,,,,,False,1,overt
162,What is the region of the client with the id 3541 from?,1,3,"```python
import pandas as pd

def get_client_region(client_df, account_df):
    # Merge account and client dataframes
    merged_df = pd.merge(account_df, client_df, on='account_id')
    
    # Filter the client with id 3541
    client_info = merged_df[merged_df['client_id'] == 3541]
    
    # If the client exists, get the district id
    if not client_info.empty:
        district_id = client_info['district_id'].iloc[0]
        
        # Merge district dataframes
        district_df = pd.merge(account_df[['district_id']], client_df[['district_id']], on='district_id')
        
        # Filter the district with the id
        client_region = district_df[district_df['district_id'] == district_id]
        
        # If the district exists, return the A2 value as the region
        if not client_region.empty:
            return client_region['A2'].iloc[0]
        else:
            return None
    else:
        return None
```",failed,call_error: 'account_id',,2,call_error: 'account_id',,,,,,,,False,1,overt
162,What is the region of the client with the id 3541 from?,1,4,"```python
import pandas as pd

def get_client_region(client_df, account_df):
    # Merge client and account DataFrames
    merged_df = pd.merge(client_df, account_df, on='district_id')
    
    # Merge merged DataFrame with district DataFrame
    region_df = pd.merge(merged_df, client_df[['district_id']], left_on='district_id', right_on='district_id')
    region_df = pd.merge(region_df, district_df, on='district_id')
    
    # Get region of client with id 3541
    client_region = region_df[region_df['client_id'] == 3541]['A2'].iloc[0]
    
    return client_region

# Assuming the DataFrames are already loaded
client_df = pd.DataFrame(client)
account_df = pd.DataFrame(account)
district_df = pd.DataFrame(district)

client_region = get_client_region(client_df, account_df)
print(client_region)
```",failed,cant_compare,,3,,Trutnov,False,True,semantic,Trutnov,[['east Bohemia']],False,False,1,overt
163,Which district has the most accounts with loan contracts finished with no problems?,2,0,"```python
import pandas as pd

def most_successful_district(df_loan, df_account):
    # Merge loan and account DataFrames
    merged_df = pd.merge(df_loan, df_account, on='account_id')
    
    # Filter for finished loans with no problems
    finished_loans_df = merged_df[(merged_df['status'] == 'finished') & (merged_df['duration'] == merged_df['payments'])]
    
    # Count the number of finished loans with no problems for each district
    district_counts_df = finished_loans_df['district_id'].value_counts().reset_index()
    
    # Rename the columns
    district_counts_df.columns = ['district_id', 'finished_loans']
    
    # Return the district with the most finished loans with no problems
    return district_counts_df.loc[0]
```

```python
# Assuming df_loan and df_account are already loaded DataFrames
most_successful_district = most_successful_district(df_loan, df_account)

# Print the result
print(most_successful_district['district_id'].values[0])
```

```python
# Alternatively, if you want to return the number of finished loans with no problems
def most_successful_district_count(df_loan, df_account):
    # Merge loan and account DataFrames
    merged_df = pd.merge(df_loan, df_account, on='account_id')
    
    # Filter for finished loans with no problems
    finished_loans_df = merged_df[(merged_df['status'] == 'finished') & (merged_df['duration'] == merged_df['payments'])]
    
    # Count the number of finished loans with no problems for each district
    district_counts_df = finished_loans_df['district_id'].value_counts().reset_index()
    
    # Rename the columns
    district_counts_df.columns = ['district_id', 'finished_loans']
    
    # Return the maximum number of finished loans with no problems
    return district_counts_df['finished_loans'].max()

# Print the result
print(most_successful_district_count(df_loan, df_account))
```",failed,call_error: 0,,1,call_error: 0,,,,,,,,False,2,overt
163,Which district has the most accounts with loan contracts finished with no problems?,2,1,"```python
import pandas as pd

def most_successful_district(df_account, df_loan, df_district):
    # Merge account and loan tables to get loan status
    df_account_loan = pd.merge(df_account, df_loan, on='account_id')
    
    # Filter loans that are finished with no problems
    df_account_loan_finished = df_account_loan[df_account_loan['status'] == 'finished']
    
    # Group by district and count the number of finished loans
    df_district_finished_loans = df_account_loan_finished.groupby('district_id')['status'].count().reset_index()
    
    # Merge district information with the count of finished loans
    df_district_finished_loans = pd.merge(df_district, df_district_finished_loans, on='district_id')
    
    # Drop unnecessary columns
    df_district_finished_loans = df_district_finished_loans.drop(columns=['status'])
    
    # Find the district with the most finished loans
    most_successful_district = df_district_finished_loans.loc[df_district_finished_loans['finished'].idxmax()]
    
    return most_successful_district
```",failed,call_error: 'finished',,2,call_error: 'finished',,,,,,,,False,2,overt
163,Which district has the most accounts with loan contracts finished with no problems?,2,2,"```python
import pandas as pd

def most_successful_district(df_loan, df_account):
    # Filter loans with finished status and no problems
    finished_loans = df_loan[df_loan['status'] == 'finished' & df_loan['problems'] == 0]

    # Group by district and count the number of loans
    district_counts = finished_loans['account_id'].value_counts().rename('count').reset_index()
    district_counts.columns = ['district_id', 'count']

    # Merge with account DataFrame to get district names
    district_counts = pd.merge(district_counts, df_account[['district_id', 'A2']], on='district_id')

    # Select the district with the most loans
    most_successful = district_counts.loc[district_counts['count'].idxmax()]

    return most_successful['A2'].values[0]
```

```python
# Example usage
most_successful = most_successful_district(df_loan, df_account)
print(most_successful)
```",failed,call_error: 'problems',,1,call_error: 'problems',,,,,,,,False,2,overt
163,Which district has the most accounts with loan contracts finished with no problems?,2,3,"```python
import pandas as pd

def most_successful_district(df_loan, df_account, df_district):
    # Merge loan and account dataframes
    merged_df = pd.merge(df_loan, df_account, on='account_id')

    # Filter loans with no problems
    no_problems_loans = merged_df[merged_df['status'] == 'finished']

    # Group by district and count accounts
    district_counts = no_problems_loans['district_id'].value_counts().reset_index()
    district_counts.columns = ['district_id', 'count']

    # Merge district counts with district data
    merged_districts = pd.merge(district_counts, df_district, on='district_id')

    # Sort by count in descending order and select top district
    most_successful_district = merged_districts.sort_values(by='count', ascending=False).head(1)

    # Return the district id
    return most_successful_district['district_id'].values[0]
```

```python
# Example usage
print(most_successful_district(df_loan, df_account, df_district))
```",failed,call_error: index 0 is out of bounds for axis 0 with size 0,,2,call_error: index 0 is out of bounds for axis 0 with size 0,,,,,,,,False,2,overt
163,Which district has the most accounts with loan contracts finished with no problems?,2,4,"```python
import pandas as pd

def most_successful_district(df_loan, df_account):
    # Merge loan and account DataFrames on account_id
    merged_df = pd.merge(df_loan, df_account, on='account_id')

    # Filter loans that are finished with no problems
    finished_loans = merged_df[(merged_df['status'] == 'finished') & (merged_df['problems'] == 0)]

    # Group by district_id and count the number of finished loans
    district_counts = finished_loans['district_id'].value_counts().rename('count')

    # Get the district with the most finished loans
    most_successful_district = district_counts.idxmax()

    return most_successful_district
```

```python
import pandas as pd

def most_successful_district(df_loan, df_account):
    # Merge loan and account DataFrames on account_id
    merged_df = pd.merge(df_loan, df_account, on='account_id')

    # Filter loans that are finished with no problems
    finished_loans = merged_df[(merged_df['status'] == 'finished') & (merged_df['duration'] == merged_df['payments'])]

    # Group by district_id and count the number of finished loans
    district_counts = finished_loans['district_id'].value_counts().rename('count')

    # Get the district with the most finished loans
    most_successful_district = district_counts.idxmax()

    return most_successful_district
```

```python
import pandas as pd

def most_successful_district(df_loan, df_account):
    # Merge loan and account DataFrames on account_id
    merged_df = pd.merge(df_loan, df_account, on='account_id')

    # Filter loans that are finished with no problems
    finished_loans = merged_df[(merged_df['status'] == 'finished') & (merged_df['duration'] == merged_df['payments'])]

    # Group by district_id and count the number of finished loans
    district_counts = finished_loans['district_id'].value_counts().rename('count')

    # Group by district_id and calculate the percentage of finished loans
    district_percentages = finished_loans['district_id'].value_counts(normalize=True).rename('percentage')

    # Get the district with the highest percentage of finished loans
    most_successful_district = district_percentages.idxmax()

    return most_successful_district
```

```python
import pandas as pd

def most_successful_district(df_loan, df_account):
    # Merge loan and account DataFrames on account_id
    merged_df = pd.merge(df_loan, df_account, on='account_id')

    # Filter loans that are finished with no problems
    finished_loans = merged_df[(merged_df['status'] == 'finished') & (merged_df['duration'] == merged_df['payments'])]

    # Group by district_id and count the number of finished loans
    district_counts = finished_loans['district_id'].value_counts().rename('count')

    # Group by district_id and calculate the percentage of finished loans
    district_percentages = finished_loans['district_id'].value_counts(normalize=True).rename('percentage')

    # Merge the counts and percentages DataFrames
    merged_df = pd.merge(district_counts, district_percentages, on='district_id')

    # Get the district with the highest percentage of finished loans
    most_successful_district = merged_df.loc[merged_df['percentage'].idxmax()]['district_id']

    return most_successful_district
```",failed,call_error: 'problems',,1,call_error: 'problems',,,,,,,,False,2,overt
165,Please list all the transactions made by accounts from district 5.,2,0,"```python
import pandas as pd

def transactions_by_district(df_account, df_trans):
    # Merge account and transaction DataFrames
    merged_df = pd.merge(df_account, df_trans, on='account_id')
    
    # Filter accounts from district 5
    district_5_df = merged_df[merged_df['district_id'] == 5]
    
    # Group transactions by account_id and count
    transactions_count = district_5_df.groupby('account_id')['trans_id'].count().reset_index()
    
    # Rename columns
    transactions_count.columns = ['account_id', 'transactions_count']
    
    return transactions_count
```",failed,cant_compare,,1,,"    account_id  transactions_count
0            3                 117
1           32                 180
2          126                 335
3          187                 322
4          228           ",True,False,,,,,False,2,overt
165,Please list all the transactions made by accounts from district 5.,2,1,"```python
import pandas as pd

def transactions_by_district(df_account, df_trans):
    # Merge account and transaction DataFrames based on account_id
    merged_df = pd.merge(df_account, df_trans, on='account_id')

    # Filter transactions from district 5
    district_5_transactions = merged_df[merged_df['district_id'] == 5]

    # Return the list of transactions
    return district_5_transactions['trans_id'].tolist()
```

You can use this function like this:

```python
transactions = transactions_by_district(df_account, df_trans)
print(transactions)
```",failed,cant_compare,,1,,"[837, 844, 845, 846, 847, 848, 849, 850, 851, 852, 853, 854, 855, 856, 857, 858, 859, 860, 861, 873, 874, 875, 876, 877, 878, 879, 880, 881, 882, 883, 884, 885, 897, 898, 899, 900, 901, 902, 903, 904,",True,False,,,,,False,2,overt
165,Please list all the transactions made by accounts from district 5.,2,2,"```python
import pandas as pd

def transactions_by_district(df_trans, df_account, district_id):
    # Merge transaction and account data
    merged_data = pd.merge(df_trans, df_account, on='account_id')
    
    # Filter accounts from district 5
    district_5_accounts = merged_data[merged_data['district_id'] == district_id]
    
    # Group by account and sum transactions
    transactions = district_5_accounts.groupby('account_id')['amount'].sum().reset_index()
    
    return transactions
```

```python
# Assuming df_trans, df_account, and df_district are already loaded
district_id = 5
transactions = transactions_by_district(df_trans, df_account, district_id)
print(transactions)
```",failed,"call_error: Operands are not aligned. Do `left, right = left.align(right, axis=1)` before operating.",,1,"call_error: Operands are not aligned. Do `left, right = left.align(right, axis=1)` before operating.",,,,,,,,False,2,overt
165,Please list all the transactions made by accounts from district 5.,2,3,"```python
import pandas as pd

def transactions_by_district(df_trans, df_account, df_district):
    # Merge account and district DataFrames
    df_account_district = pd.merge(df_account, df_district, on='district_id')
    
    # Filter accounts from district 5
    df_district_5 = df_account_district[df_account_district['district_id'] == 5]
    
    # Merge transactions with accounts from district 5
    df_trans_district_5 = pd.merge(df_trans, df_district_5[['account_id']], on='account_id')
    
    return df_trans_district_5
```

```python
# Example usage:
# Assuming df_trans, df_account, and df_district are already loaded DataFrames
df_trans_district_5 = transactions_by_district(df_trans, df_account, df_district)

# Output the result
print(df_trans_district_5)
```

This code defines a function `transactions_by_district` that computes the desired feature. It first merges the `account` and `district` DataFrames to get the `district_id` for each account. Then it filters the accounts from district 5 and merges the `trans` DataFrame with the filtered accounts. The result is a new DataFrame with all transactions made by accounts from district 5.",failed,cant_compare,,2,,"       trans_id  account_id        date  ... k_symbol bank  account
0           837           3  1997-07-07  ...      NaN  NaN      NaN
1           844           3  1997-07-11  ...      NaN  NaN      ",False,False,semantic,"       trans_id  account_id        date  ... k_symbol bank  account
0           837           3  1997-07-07  ...      NaN  NaN      NaN
1           844           3  1997-07-11  ...      NaN  NaN      ","[[837], [844], [845], [846], [847]]",False,False,2,overt
165,Please list all the transactions made by accounts from district 5.,2,4,"```python
import pandas as pd

def transactions_by_district(df_account, df_trans, df_district):
    # Merge account and district DataFrames to get district information
    merged_account_district = pd.merge(df_account, df_district, on='district_id')
    
    # Filter accounts from district 5
    district_5_accounts = merged_account_district[merged_account_district['district_id'] == 5]
    
    # Merge filtered accounts with transactions DataFrame
    transactions_district_5 = pd.merge(district_5_accounts, df_trans, on='account_id')
    
    return transactions_district_5
```

You can use this function like this:

```python
transactions = transactions_by_district(df_account, df_trans, df_district)
print(transactions)
```",failed,cant_compare,,2,,"       account_id  district_id         frequency  ... k_symbol  bank  account
0               3            5  POPLATEK MESICNE  ...      NaN   NaN      NaN
1               3            5  POPLATEK MES",False,False,semantic,"       account_id  district_id  ... bank account
0               3            5  ...  NaN     NaN
1               3            5  ...  NaN     NaN
2               3            5  ...  NaN     NaN
3   ","[[837], [844], [845], [846], [847]]",False,False,2,overt
166,How many of the accounts are from Jesenik district?,1,3,"```python
import pandas as pd

def count_accounts_from_jesenik(df_account):
    jesenik_district_id = 1  # Assuming Jesenik district_id is 1
    return (df_account['district_id'] == jesenik_district_id).sum()
```",failed,wrong_value,,0,,554,True,False,,,,,False,1,covert
166,How many of the accounts are from Jesenik district?,1,4,"```python
import pandas as pd

def count_accounts_from_jesenik(df_account):
    jesenik_district_id = 1  # Assuming the district_id of Jesenik is 1
    return (df_account[df_account['district_id'] == jesenik_district_id].shape[0])

# Assuming the DataFrames are loaded as follows
df_account = pd.read_csv('account.csv')
df_client = pd.read_csv('client.csv')
df_district = pd.read_csv('district.csv')

# Call the function
accounts_from_jesenik = count_accounts_from_jesenik(df_account)
print(accounts_from_jesenik)
```",failed,exec_error: [Errno 2] No such file or directory: 'account.csv',,0,,554,True,False,,,,,False,1,overt
168,What percentage of clients who opened their accounts in the district with an average salary of over 10000 are women?,1,0,"```python
import pandas as pd

def percentage_female_clients_over_10000(df_account, df_client, df_district):
    # Merge account and client data
    merged_data = pd.merge(df_account, df_client, on='account_id')
    
    # Merge with district data
    merged_data = pd.merge(merged_data, df_district, left_on='district_id', right_on='district_id')
    
    # Calculate average salary
    merged_data['average_salary'] = merged_data[['A2', 'A3', 'A4', 'A5', 'A6', 'A7', 'A8', 'A9', 'A10', 'A11', 'A12', 'A13', 'A14', 'A15', 'A16']].mean(axis=1)
    
    # Filter clients who opened their accounts in districts with an average salary over 10000
    filtered_data = merged_data[merged_data['average_salary'] > 10000]
    
    # Filter clients who are women
    female_clients = filtered_data[filtered_data['gender'] == 'Female']
    
    # Calculate percentage of female clients
    total_clients = filtered_data['gender'].value_counts().sum()
    percentage_female = (female_clients['gender'].value_counts().get('Female', 0) / total_clients) * 100
    
    return percentage_female

# Assuming df_account, df_client, df_district are already loaded DataFrames
percentage_female = percentage_female_clients_over_10000(df_account, df_client, df_district)
print(f""Percentage of female clients who opened their accounts in districts with an average salary over 10000: {percentage_female}%"")
```",failed,exec_error: name 'df_account' is not defined,,2,call_error: 'account_id',,,,,,,,False,1,overt
168,What percentage of clients who opened their accounts in the district with an average salary of over 10000 are women?,1,1,"```python
import pandas as pd

def percentage_women_by_district(df_account, df_client, df_district):
    # Merge account and client DataFrames on client_id
    df_account_client = pd.merge(df_account, df_client, on='client_id')
    
    # Merge account_client DataFrame with district DataFrame on district_id
    df_account_client_district = pd.merge(df_account_client, df_district, on='district_id')
    
    # Filter district with average salary over 10000
    df_district_filtered = df_account_client_district[df_account_client_district['A2'] > 10000]
    
    # Count number of clients who opened their accounts in the filtered district
    total_clients = df_district_filtered['client_id'].nunique()
    
    # Count number of female clients
    female_clients = df_district_filtered[df_district_filtered['gender'] == 'F']['client_id'].nunique()
    
    # Calculate percentage of female clients
    percentage_female = (female_clients / total_clients) * 100
    
    return percentage_female
```

```python
# Assuming df_account, df_client, df_district are loaded DataFrames
percentage = percentage_women_by_district(df_account, df_client, df_district)
print(f""The percentage of clients who opened their accounts in the district with an average salary of over 10000 who are women is: {percentage}%"")
```",failed,call_error: 'client_id',,2,call_error: 'client_id',,,,,,,,False,1,overt
168,What percentage of clients who opened their accounts in the district with an average salary of over 10000 are women?,1,2,"```python
import pandas as pd

def percentage_women_over_10000(df_account, df_client, df_district):
    # Merge account and client data
    merged_data = pd.merge(df_account, df_client, on='account_id')
    
    # Merge account and district data
    merged_data = pd.merge(merged_data, df_district, left_on='district_id', right_on='district_id', how='left')
    
    # Filter clients with average salary over 10000
    over_10000 = merged_data[merged_data['A2'] > 10000]
    
    # Calculate total number of clients and number of women
    total_clients = merged_data['gender'].count()
    women = over_10000['gender'].value_counts()['F']
    
    # Calculate percentage of women
    percentage_women = (women / total_clients) * 100 if total_clients > 0 else 0
    
    return percentage_women
```

```python
# Usage
percentage_women = percentage_women_over_10000(df_account, df_client, df_district)
print(percentage_women)
```",failed,call_error: 'account_id',,2,call_error: 'account_id',,,,,,,,False,1,overt
168,What percentage of clients who opened their accounts in the district with an average salary of over 10000 are women?,1,3,"```python
import pandas as pd

def percentage_female_clients_with_high_avg_salary(df_account, df_client, df_district):
    # Merge account and client DataFrames
    df_account_client = pd.merge(df_account, df_client, on='account_id')
    
    # Merge account and district DataFrames
    df_account_district = pd.merge(df_account, df_district, on='district_id')
    
    # Calculate average salary for each district
    df_account_district['avg_salary'] = df_account_district[['A2', 'A3', 'A4', 'A5', 'A6', 'A7', 'A8', 'A9', 'A10', 'A11', 'A12', 'A13', 'A14', 'A15', 'A16']].mean(axis=1)
    
    # Filter clients who opened their accounts in districts with an average salary over 10000
    df_filtered = df_account_client.merge(df_account_district, on='account_id')
    df_filtered = df_filtered[df_filtered['avg_salary'] > 10000]
    
    # Calculate percentage of female clients
    total_clients = df_account_client.shape[0]
    female_clients = df_filtered[df_filtered['gender'] == 'F'].shape[0]
    percentage_female = (female_clients / total_clients) * 100
    
    return percentage_female
```",failed,call_error: 'account_id',,3,call_error: 'account_id',,,,,,,,False,1,overt
168,What percentage of clients who opened their accounts in the district with an average salary of over 10000 are women?,1,4,"```python
import pandas as pd

def compute_feature(df_client, df_account, df_district):
    # Merge client and account data
    merged_client_account = pd.merge(df_client, df_account, on='account_id')
    
    # Merge account and district data
    merged_account_district = pd.merge(merged_client_account, df_district, on='district_id')
    
    # Filter district with average salary over 10000
    filtered_district = merged_account_district[merged_account_district['A2'] > 10000]
    
    # Filter clients who opened their accounts in the filtered district
    filtered_clients = filtered_district[['client_id', 'gender']]
    
    # Group by gender and calculate percentage of women
    result = filtered_clients.groupby('gender')['client_id'].count().apply(lambda x: x / len(filtered_district) * 100)
    
    return result
```

```python
# Usage
result = compute_feature(df_client, df_account, df_district)
print(result)
```",failed,call_error: 'account_id',,2,call_error: 'account_id',,,,,,,,False,1,overt
173,How often does account number 3 request an account statement to be released? What was the aim of debiting 3539 in total?,1,0,"```python
import pandas as pd

def account_statement_frequency(df_account, df_disps, df_trans):
    # Filter transactions related to account statements
    account_statements = df_trans[df_trans['type'] == 'account statement']

    # Filter account statements related to account 3
    account_statements_account_3 = account_statements[account_statements['account_id'] == 3]

    # Group by account_id and count the number of account statements
    account_statement_frequency = account_statements_account_3.groupby('account_id')['account_id'].count().to_frame('frequency')

    # Merge the result with the account table to get the account_id
    account_statement_frequency = pd.merge(account_statement_frequency, df_account, on='account_id', how='left')

    return account_statement_frequency

def aim_of_debiting(df_order, df_trans):
    # Filter orders with debit operation
    debit_operations = df_order[df_order['k_symbol'] == 'debit']

    # Group by k_symbol and sum the amount
    total_debit = debit_operations.groupby('k_symbol')['amount'].sum().to_frame('total')

    # Filter debit operations with amount 3539
    debit_operations_3539 = debit_operations[debit_operations['amount'] == 3539]

    # Group by account_id and sum the amount
    aim_of_debiting = debit_operations_3539.groupby('account_id')['amount'].sum().to_frame('total')

    return total_debit, aim_of_debiting
```

You can use these functions like this:

```python
total_debit, aim_of_debiting = aim_of_debiting(df_order, df_trans)
print(total_debit)
print(aim_of_debiting)

account_statement_frequency = account_statement_frequency(df_account, df_disps, df_trans)
print(account_statement_frequency)
```",failed,cant_compare,,1,,"(Empty DataFrame
Columns: [total]
Index: [], Empty DataFrame
Columns: [total]
Index: [])",False,False,semantic,"(Empty DataFrame
Columns: [total]
Index: [], Empty DataFrame
Columns: [total]
Index: [])","[['POPLATEK MESICNE', 'POJISTNE']]",False,False,1,overt
173,How often does account number 3 request an account statement to be released? What was the aim of debiting 3539 in total?,1,1,"```python
import pandas as pd

def account_statement_requests(df_account, df_order, df_trans):
    # Merge account and order tables
    merged_orders = pd.merge(df_account, df_order, on='account_id')
    
    # Merge merged orders with transaction table
    merged_data = pd.merge(merged_orders, df_trans, on='account_id')
    
    # Filter transactions related to account statement release
    account_statements = merged_data[(merged_data['type'] == 'statement') & 
                                      (merged_data['k_symbol'] == 'CS') & 
                                      (merged_data['bank'] == 'CS')]

    # Count account statement requests for account number 3
    account_statement_count = account_statements[account_statements['account_id'] == 3]['account_id'].count()

    # Calculate total debit amount
    total_debit = df_trans[df_trans['operation'] == 'debit']['amount'].sum()

    return account_statement_count, total_debit
```

```python
# Example usage
account_statement_count, total_debit = account_statement_requests(df_account, df_order, df_trans)
print(f""Account statement requests for account number 3: {account_statement_count}"")
print(f""Total debit amount: {total_debit}"")
```",failed,call_error: 'k_symbol',,2,call_error: 'k_symbol',,,,,,,,False,1,overt
173,How often does account number 3 request an account statement to be released? What was the aim of debiting 3539 in total?,1,2,"```python
import pandas as pd

def compute_account_statement_frequency(df_account, df_order):
    # Filter orders where account statement is requested
    order_request = df_order[df_order['k_symbol'] == 'AS']

    # Group by account_id and count requests
    account_statement_frequency = order_request.groupby('account_id')['order_id'].count().reset_index()

    # Merge with account DataFrame
    account_statement_frequency = pd.merge(account_statement_frequency, df_account, on='account_id')

    # Compute frequency
    account_statement_frequency['frequency'] = account_statement_frequency['order_id'] / account_statement_frequency['account_id'].apply(lambda x: order_request[order_request['account_id'] == x].shape[0])

    return account_statement_frequency

def compute_debit_amount(df_trans):
    # Filter transactions where debit operation is performed
    debit_operation = df_trans[df_trans['operation'] == 'debit']

    # Group by account_id and sum debit amounts
    debit_amount = debit_operation.groupby('account_id')['amount'].sum().reset_index()

    return debit_amount

# Usage
account_statement_frequency = compute_account_statement_frequency(df_account, df_order)
debit_amount = compute_debit_amount(df_trans)
```",failed,exec_error: name 'df_account' is not defined,,1,,"Empty DataFrame
Columns: [account_id, amount]
Index: []",False,False,semantic,"Empty DataFrame
Columns: [account_id, amount]
Index: []","[['POPLATEK MESICNE', 'POJISTNE']]",False,False,1,overt
173,How often does account number 3 request an account statement to be released? What was the aim of debiting 3539 in total?,1,4,"```python
import pandas as pd

def account_statement_frequency(df_account, df_order, df_trans):
    # Filter orders where type is 'statement' and account_id is 3
    statement_orders = df_order[df_order['type'] == 'statement'][['account_id', 'amount']]
    
    # Filter transactions where account_id is 3 and type is 'statement'
    statement_trans = df_trans[(df_trans['account_id'] == 3) & (df_trans['type'] == 'statement')][['account_id', 'amount']]
    
    # Merge orders and transactions to get total amount debited for statement
    statement_amount = pd.merge(statement_orders, statement_trans, on='account_id', how='outer', suffixes=('_order', '_trans'))
    statement_amount['amount'] = statement_amount['amount_order'] + statement_amount['amount_trans']
    
    # Group by account_id and count the number of statements
    statement_count = statement_amount.groupby('account_id')['amount'].count().reset_index()
    
    # Merge statement count with account df
    account_statement_freq = pd.merge(df_account, statement_count, on='account_id', how='left')
    
    return account_statement_freq
```

```python
import pandas as pd

def debit_total_amount(df_order, df_trans):
    # Filter orders where type is 'statement' and account_id is 3
    statement_orders = df_order[df_order['type'] == 'statement'][['account_id', 'amount']]
    
    # Filter transactions where account_id is 3 and type is 'statement'
    statement_trans = df_trans[(df_trans['account_id'] == 3) & (df_trans['type'] == 'statement')][['account_id', 'amount']]
    
    # Merge orders and transactions to get total amount debited for statement
    statement_amount = pd.merge(statement_orders, statement_trans, on='account_id', how='outer', suffixes=('_order', '_trans'))
    statement_amount['amount'] = statement_amount['amount_order'] + statement_amount['amount_trans']
    
    # Group by account_id and sum the total amount debited
    debit_total = statement_amount.groupby('account_id')['amount'].sum().reset_index()
    
    return debit_total
```

```python
# Example usage
account_statement_freq = account_statement_frequency(df_account, df_order, df_trans)
debit_total = debit_total_amount(df_order, df_trans)

print(account_statement_freq)
print(debit_total)
```

```python
# If you want to output the answer to the problem
total_debited = debit_total_amount(df_order, df_trans)
print(""The aim of debiting 3539 in total is: "", total_debited['amount'].iloc[0])
```",failed,call_error: 'type',,2,call_error: 'type',,,,,,,,False,1,overt
175,How many accounts have an owner disposition and request for a statement to be generated upon a transaction?,1,0,"```python
import pandas as pd

def count_accounts_with_owner_disposition_and_statement_request(df_account, df_disp, df_order):
    # Filter accounts with owner disposition
    owner_disposition_accounts = df_account[df_account['account_id'].isin(df_disp['account_id'][df_disp['type'] == 'owner_disposition'])]

    # Filter orders for statement generation
    statement_orders = df_order[df_order['k_symbol'] == 'statement']

    # Merge the two DataFrames on account_id
    accounts_with_statement_request = pd.merge(owner_disposition_accounts, statement_orders, on='account_id', how='inner')

    # Return the count of unique account_id
    return accounts_with_statement_request['account_id'].nunique()
```

You can call this function with your DataFrames like this:

```python
print(count_accounts_with_owner_disposition_and_statement_request(df_account, df_disp, df_order))
```",failed,wrong_value,,1,,0,False,False,semantic,0,[[93]],True,True,1,covert
175,How many accounts have an owner disposition and request for a statement to be generated upon a transaction?,1,1,"```python
import pandas as pd

def accounts_with_owner_disposition_and_statement_request(df_account, df_disp, df_trans):
    # Filter accounts with owner disposition
    accounts_with_owner_disposition = df_account[df_account['disp_id'].isin(df_disp[df_disp['type'] == 'owner_disposition']['disp_id'])]

    # Filter transactions where statement is requested
    transactions_with_statement_request = df_trans[df_trans['type'] == 'statement']

    # Filter accounts that have an owner disposition and a transaction where statement is requested
    accounts_with_owner_disposition_and_statement_request = pd.merge(accounts_with_owner_disposition, transactions_with_statement_request, on='account_id', how='inner', suffixes=('_owner_disposition', '_statement_request'))

    # Return the count of unique accounts
    return accounts_with_owner_disposition_and_statement_request['account_id'].nunique()
```",failed,call_error: 'disp_id',,1,call_error: 'disp_id',,,,,,,,True,1,overt
175,How many accounts have an owner disposition and request for a statement to be generated upon a transaction?,1,2,"```python
import pandas as pd

def accounts_with_owner_disposition_and_statement_request(df_account, df_disp, df_trans):
    # Filter accounts with owner disposition
    owner_dispositions = df_disp[df_disp['type'] == 'owner'].groupby('account_id')['disp_id'].count().reset_index()
    owner_dispositions.columns = ['account_id', 'owner_disposition_count']

    # Filter transactions with statement request
    statement_requests = df_trans[df_trans['type'] == 'statement'].groupby('account_id')['trans_id'].count().reset_index()
    statement_requests.columns = ['account_id', 'statement_request_count']

    # Merge the two dataframes
    accounts_with_feature = pd.merge(owner_dispositions, statement_requests, on='account_id')

    # Filter accounts with both owner disposition and statement request
    accounts_with_feature = accounts_with_feature[(accounts_with_feature['owner_disposition_count'] > 0) & (accounts_with_feature['statement_request_count'] > 0)]

    # Count the number of accounts with both features
    account_count = accounts_with_feature.shape[0]

    return account_count
```

```python
# Usage
account_count = accounts_with_owner_disposition_and_statement_request(df_account, df_disp, df_trans)
print(account_count)
```",failed,wrong_value,,1,,0,False,False,semantic,0,[[93]],True,True,1,covert
175,How many accounts have an owner disposition and request for a statement to be generated upon a transaction?,1,3,"```python
import pandas as pd

def count_accounts_with_disposition_and_statement(df_account, df_disp, df_trans, df_order):
    # Merge account and disp DataFrames based on account_id
    merged_accounts_disps = pd.merge(df_account, df_disp, on='account_id')
    
    # Filter for accounts with owner disposition
    owner_dispositions = merged_accounts_disps[merged_accounts_disps['type_x'] == 'owner']
    
    # Merge account and order DataFrames based on account_id
    merged_accounts_orders = pd.merge(df_account, df_order, on='account_id')
    
    # Merge order and trans DataFrames based on order_id
    merged_orders_trans = pd.merge(df_order, df_trans, on='order_id')
    
    # Filter for orders with statement generation upon transaction
    statement_generation = merged_orders_trans[merged_orders_trans['type_y'] == 'statement']
    
    # Merge accounts with owner disposition and statement generation DataFrames
    accounts_with_disposition_and_statement = pd.merge(owner_dispositions, statement_generation, on='account_id')
    
    # Return the count of unique accounts
    return accounts_with_disposition_and_statement['account_id'].nunique()
```",failed,call_error: 'type_x',,4,call_error: 'type_x',,,,,,,,True,1,overt
175,How many accounts have an owner disposition and request for a statement to be generated upon a transaction?,1,4,"```python
import pandas as pd

def accounts_with_owner_disposition_and_statement_request(df_account, df_disp, df_order):
    # Filter accounts with owner disposition
    accounts_with_owner_disposition = df_account.merge(df_disp, on='account_id')
    accounts_with_owner_disposition = accounts_with_owner_disposition[accounts_with_owner_disposition['disp_id'].isin(df_disp['disp_id']) & 
                                                                            accounts_with_owner_disposition['type_y'] == 'owner']
    
    # Filter orders for statement generation
    orders_for_statement = df_order[df_order['k_symbol'] == 'statement']
    
    # Merge the two dataframes
    accounts_with_owner_disposition_and_statement_request = pd.merge(accounts_with_owner_disposition, orders_for_statement, on='account_id', how='inner', suffixes=('_disp', '_order'))
    
    # Count the number of accounts
    account_count = accounts_with_owner_disposition_and_statement_request['account_id'].nunique()
    
    return account_count
```

```python
# Example usage:
account_count = accounts_with_owner_disposition_and_statement_request(df_account, df_disp, df_order)
print(account_count)
```",failed,call_error: 'type_y',,2,call_error: 'type_y',,,,,,,,True,1,overt
177,"What is the sum that client number 4's account has following transaction 851? Who owns this account, a man or a woman?",3,0,"```python
import pandas as pd

def compute_feature(df_account, df_trans, df_client, df_disp):
    # Filter transactions related to client 4
    trans_client_4 = df_trans[df_trans['account_id'].isin(df_disp[df_disp['client_id'] == 4]['account_id'])]

    # Merge transactions with account information
    merged = pd.merge(trans_client_4, df_account, on='account_id')

    # Group by account and transaction ID, sum the transaction amounts
    account_sums = merged.groupby(['account_id', 'trans_id'])['amount'].sum().reset_index()

    # Merge account sums with client information
    account_sums = pd.merge(account_sums, df_disp, on='account_id')
    account_sums = pd.merge(account_sums, df_client, on='client_id')

    # Group by account owner and sum the transaction amounts
    result = account_sums.groupby(['gender'])['amount'].sum().reset_index()

    return result
```

```python
# Example usage
result = compute_feature(df_account, df_trans, df_client, df_disp)
print(result)
```",failed,cant_compare,,3,,"  gender  amount
0      F  295030
1      M  295030",False,False,semantic,"  gender  amount
0      F  295030
1      M  295030","[[15096, 'M']]",True,True,3,overt
178,Which kind of credit card does client number 9 possess?,2,3,"```python
import pandas as pd

def get_credit_card_type(client_id, df_card, df_disp):
    # Merge card and disp DataFrames on disp_id
    merged_df = pd.merge(df_card, df_disp, on='disp_id')
    
    # Filter the merged DataFrame for the given client_id
    client_df = merged_df[merged_df['client_id'] == client_id]
    
    # Return the type of credit card if found, otherwise return None
    if not client_df.empty:
        return client_df['type'].iloc[0]
    else:
        return None

# Usage
client_id = 9
credit_card_type = get_credit_card_type(client_id, df_card, df_disp)
print(credit_card_type)
```",failed,exec_error: name 'df_card' is not defined,,1,"call_error: Operands are not aligned. Do `left, right = left.align(right, axis=1)` before operating.",,,,,,,,True,2,overt
180,"Please provide a list of clients who were born between 1983 and 1987 and whose account branch is in East Bohemia, along with their IDs.",2,0,"```python
import pandas as pd

def get_clients_east_bohemia():
    # Filter clients born between 1983 and 1987
    clients = client[(client['birth_date'] >= '1983-01-01') & (client['birth_date'] <= '1987-12-31')]

    # Filter clients with account in East Bohemia
    east_bohemia_districts = district[(district['A2'] == 'Východní Čechy') | (district['A3'] == 'Východní Čechy') | (district['A4'] == 'Východní Čechy') | (district['A5'] == 'Východní Čechy') | (district['A6'] == 'Východní Čechy') | (district['A7'] == 'Východní Čechy') | (district['A8'] == 'Východní Čechy') | (district['A9'] == 'Východní Čechy') | (district['A10'] == 'Východní Čechy') | (district['A11'] == 'Východní Čechy') | (district['A12'] == 'Východní Čechy') | (district['A13'] == 'Východní Čechy') | (district['A14'] == 'Východní Čechy') | (district['A15'] == 'Východní Čechy') | (district['A16'] == 'Východní Čechy')]
    east_bohemia_district_ids = east_bohemia_districts['district_id'].unique()

    # Filter clients with accounts in East Bohemia
    clients_east_bohemia = clients.merge(disp, on='client_id')[disp['account_id'].isin(disp['account_id'].merge(account, on='account_id')[account['district_id'].isin(east_bohemia_district_ids)])]

    # Return client IDs
    return clients_east_bohemia['client_id'].unique()
```",failed,call_error: 'Series' object has no attribute 'merge',,2,call_error: 'Series' object has no attribute 'merge',,,,,,,,True,2,overt
183,How many accounts in Beroun were opened after 1996?,1,0,"```python
import pandas as pd

def count_accounts_opened_after_1996(df_account):
    beroun_district_id = 12  # Assuming Beroun district ID is 12
    accounts_opened_after_1996 = df_account[df_account['date'] > '1996'][df_account['district_id'] == beroun_district_id]
    return len(accounts_opened_after_1996)
```",failed,wrong_value,,0,,23,True,False,,,,,False,1,covert
183,How many accounts in Beroun were opened after 1996?,1,2,"```python
import pandas as pd

def count_accounts_opened_in_beroun_after_1996(df_account, df_district):
    beroun_district_id = df_district[df_district['A2'] == 'Beroun']['district_id'].unique()[0]
    accounts_opened_after_1996 = df_account[(df_account['date'] > '1996-01-01') & (df_account['district_id'] == beroun_district_id)]
    return accounts_opened_after_1996.shape[0]
```",failed,wrong_value,,0,,31,True,False,,,,,False,1,covert
183,How many accounts in Beroun were opened after 1996?,1,3,"```python
import pandas as pd

def accounts_opened_after_1996(df_account, df_district):
    # Filter accounts that are in Beroun district
    beroun_accounts = df_account[df_account['district_id'].isin(df_district[df_district['A2'] == 'Beroun']['district_id'])]
    
    # Filter accounts that were opened after 1996
    accounts_opened_after_1996 = beroun_accounts[beroun_accounts['date'].astype(int) > 1996]
    
    # Return the count of accounts
    return accounts_opened_after_1996.shape[0]

# Example usage
accounts_opened_after_1996(df_account, df_district)
```

```python
import pandas as pd

def accounts_opened_after_1996(df_account):
    # Convert date column to datetime
    df_account['date'] = pd.to_datetime(df_account['date'])
    
    # Filter accounts that were opened after 1996
    accounts_opened_after_1996 = df_account[df_account['date'].dt.year > 1996]
    
    # Filter accounts that are in Beroun district
    beroun_accounts = accounts_opened_after_1996[accounts_opened_after_1996['district_id'].isin(df_account['district_id'].unique())]
    
    # Return the count of accounts
    return beroun_accounts.shape[0]

# Example usage
accounts_opened_after_1996(df_account)
```",failed,exec_error: name 'df_account' is not defined,,0,,50,True,False,,,,,False,1,overt
183,How many accounts in Beroun were opened after 1996?,1,4,"```python
import pandas as pd

def count_accounts_opened_after_1996(df_account, df_district):
    # Filter accounts in Beroun
    beroun_accounts = df_account[df_account['district_id'].isin(df_district[df_district['A2'] == 'Beroun']['district_id'])]
    
    # Filter accounts opened after 1996
    accounts_opened_after_1996 = beroun_accounts[beroun_accounts['date'] > '1996']
    
    # Count the number of accounts
    count = len(accounts_opened_after_1996)
    
    return count
```

```python
# Usage:
count = count_accounts_opened_after_1996(df_account, df_district)
print(count)
```",failed,wrong_value,,0,,31,True,False,,,,,False,1,covert
184,How many female customers have a junior credit card?,2,1,"```python
import pandas as pd

def count_female_junior_credit_card_customers(df_client, df_card, df_disp):
    # Merge client and card tables based on client_id
    merged_clients_cards = pd.merge(df_client, df_card, left_on='client_id', right_on='client_id', how='inner')
    
    # Merge merged_clients_cards and disp tables based on client_id and disp_id
    merged_clients_cards_disps = pd.merge(merged_clients_cards, df_disp, left_on='client_id', right_on='client_id', how='inner')
    merged_clients_cards_disps = pd.merge(merged_clients_cards_disps, df_card, left_on='disp_id', right_on='disp_id', how='inner')
    
    # Filter for female customers
    female_customers = merged_clients_cards_disps[merged_clients_cards_disps['gender'] == 'F']
    
    # Filter for junior credit cards
    junior_credit_cards = female_customers[female_customers['type'] == 'Junior']
    
    # Return the count of female junior credit card customers
    return len(junior_credit_cards)
```",failed,call_error: 'client_id',,3,call_error: 'client_id',,,,,,,,True,2,overt
184,How many female customers have a junior credit card?,2,4,"```python
import pandas as pd

def female_junior_credit_card(df_client, df_card, df_disp):
    # Merge client and disp DataFrames
    merged_disp = pd.merge(df_client, df_disp, on='client_id')
    
    # Merge merged_disp and card DataFrames
    merged_data = pd.merge(merged_disp, df_card, on='disp_id')
    
    # Filter for female customers
    female_customers = merged_data[merged_data['gender'] == 'F']
    
    # Filter for junior credit cards
    junior_cards = female_customers[female_customers['type'] == 'junior']
    
    # Return the count of female customers with junior credit cards
    return junior_cards.shape[0]
```

```python
# Usage
female_customers_with_junior_cards = female_junior_credit_card(df_client, df_card, df_disp)
print(female_customers_with_junior_cards)
```",failed,call_error: 'type',,2,call_error: 'type',,,,,,,,True,2,overt
185,What proportion of customers who have accounts at the Prague branch are female?,1,0,"```python
import pandas as pd

def proportion_female_customers_at_prague_branch(df_account, df_client, df_district):
    # Filter accounts at the Prague branch
    prague_accounts = df_account[df_account['district_id'] == 'Prague']

    # Filter clients who have accounts at the Prague branch
    prague_customers = pd.merge(prague_accounts, df_client, on='client_id')

    # Count the number of female customers
    female_customers = prague_customers[prague_customers['gender'] == 'F'].shape[0]

    # Count the total number of customers
    total_customers = prague_customers.shape[0]

    # Calculate the proportion of female customers
    proportion = female_customers / total_customers

    return proportion
```",failed,call_error: 'client_id',,1,call_error: 'client_id',,,,,,,,False,1,overt
185,What proportion of customers who have accounts at the Prague branch are female?,1,1,"```python
import pandas as pd

def proportion_female_customers_at_prague_branch(df_account, df_client, df_district):
    # Filter accounts at Prague branch
    prague_accounts = df_account[df_account['district_id'] == 'Prague']
    
    # Filter clients with matching account_id
    prague_customers = pd.merge(prague_accounts, df_client, on='account_id')
    
    # Count female customers
    female_customers = prague_customers[prague_customers['gender'] == 'Female'].shape[0]
    
    # Count total customers
    total_customers = prague_customers.shape[0]
    
    # Calculate proportion
    proportion = female_customers / total_customers
    
    return proportion
```",failed,call_error: 'account_id',,1,call_error: 'account_id',,,,,,,,False,1,overt
185,What proportion of customers who have accounts at the Prague branch are female?,1,2,"```python
import pandas as pd

def proportion_female_customers_prague_branch(df_account, df_district, df_client):
    # Filter accounts at Prague branch
    prague_accounts = df_account[df_account['district_id'] == df_district[df_district['A2'] == 'Praha']['district_id'].values[0]]

    # Filter clients with accounts at Prague branch
    prague_clients = df_client[df_client['district_id'].isin(prague_accounts['district_id'])]

    # Calculate proportion of female customers
    proportion_female = (prague_clients[prague_clients['gender'] == 'F']['client_id'].count() /
                          prague_clients['client_id'].nunique())

    return proportion_female
```

```python
import pandas as pd

def proportion_female_customers_prague_branch(df_account, df_district, df_client):
    # Merge account and district DataFrames
    merged_account_district = pd.merge(df_account, df_district, on='district_id')

    # Filter accounts at Prague branch
    prague_accounts = merged_account_district[merged_account_district['A2'] == 'Praha']

    # Filter clients with accounts at Prague branch
    prague_clients = pd.merge(df_client, prague_accounts[['account_id']], on='account_id')

    # Calculate proportion of female customers
    proportion_female = (prague_clients[prague_clients['gender'] == 'F']['client_id'].count() /
                          prague_clients['client_id'].nunique())

    return proportion_female
```",failed,call_error: index 0 is out of bounds for axis 0 with size 0,,0,call_error: index 0 is out of bounds for axis 0 with size 0,,,,,,,,False,1,overt
185,What proportion of customers who have accounts at the Prague branch are female?,1,3,"```python
import pandas as pd

def proportion_female_customers_at_prague_branch(df_account, df_client, df_district):
    # Filter accounts at Prague branch
    prague_branch_accounts = df_account[df_account['district_id'] == 1]
    
    # Merge accounts with clients
    merged_accounts_clients = pd.merge(prague_branch_accounts, df_client, on='client_id')
    
    # Count female customers
    female_customers = merged_accounts_clients[merged_accounts_clients['gender'] == 'F'].shape[0]
    
    # Count total customers
    total_customers = merged_accounts_clients.shape[0]
    
    # Compute proportion
    proportion = female_customers / total_customers if total_customers > 0 else 0
    
    return proportion
```

```python
import pandas as pd

def proportion_female_customers_at_prague_branch(df_account, df_client, df_district):
    # Filter accounts at Prague branch
    prague_branch_accounts = df_account[df_account['district_id'] == 1]
    
    # Merge accounts with clients
    merged_accounts_clients = pd.merge(prague_branch_accounts, df_client, on='client_id')
    
    # Filter clients at Prague branch
    prague_branch_clients = merged_accounts_clients.drop_duplicates(subset='client_id', keep='first')
    
    # Count female customers
    female_customers = prague_branch_clients[prague_branch_clients['gender'] == 'F'].shape[0]
    
    # Count total customers
    total_customers = prague_branch_clients.shape[0]
    
    # Compute proportion
    proportion = female_customers / total_customers if total_customers > 0 else 0
    
    return proportion
```

```python
import pandas as pd

def proportion_female_customers_at_prague_branch(df_account, df_client, df_district):
    # Filter accounts at Prague branch
    prague_branch_accounts = df_account[df_account['district_id'] == 1]
    
    # Merge accounts with clients
    merged_accounts_clients = pd.merge(prague_branch_accounts, df_client, on='client_id')
    
    # Group by district and count female customers
    female_customers_grouped = merged_accounts_clients.groupby('district_id')['gender'].apply(lambda x: (x == 'F').sum())
    
    # Get district ID for Prague branch
    prague_branch_district_id = df_account[df_account['district_id'] == 1]['district_id'].iloc[0]
    
    # Get proportion of female customers at Prague branch
    proportion = female_customers_grouped[prague_branch_district_id] / female_customers_grouped.sum() if female_customers_grouped.sum() > 0 else 0
    
    return proportion
```",failed,call_error: 'client_id',,1,call_error: 'client_id',,,,,,,,False,1,overt
185,What proportion of customers who have accounts at the Prague branch are female?,1,4,"```python
import pandas as pd

def proportion_female_customers_at_prague_branch(df_account, df_client, df_district):
    # Filter accounts at the Prague branch
    prague_accounts = df_account[df_account['district_id'] == df_district[df_district['A2'] == 'Praha']['district_id'].iloc[0]]
    
    # Merge client and account data
    merged_data = pd.merge(prague_accounts, df_client, on='client_id')
    
    # Count the number of female customers
    female_count = (merged_data['gender'] == 'F').sum()
    
    # Count the total number of customers
    total_count = merged_data.shape[0]
    
    # Calculate the proportion
    proportion = female_count / total_count
    
    return proportion
```

```python
# Usage
proportion = proportion_female_customers_at_prague_branch(account, client, district)
print(proportion)
```",failed,call_error: single positional indexer is out-of-bounds,,1,call_error: single positional indexer is out-of-bounds,,,,,,,,False,1,overt
188,"Among the accounts who have loan validity more than 24 months, list out the accounts that have the lowest approved amount and have account opening date before 1997.",1,0,"```python
import pandas as pd

def compute_feature(df_loan, df_account):
    # Filter accounts with loan validity more than 24 months
    valid_accounts = df_loan[df_loan['duration'] > 24]
    
    # Filter valid accounts with approved amount and account opening date
    filtered_accounts = valid_accounts.merge(df_account, on='account_id')
    
    # Filter accounts with lowest approved amount and account opening date before 1997
    lowest_approved_amount = filtered_accounts.groupby('account_id')['amount'].min().reset_index()
    result = filtered_accounts[filtered_accounts['account_id'].isin(lowest_approved_amount['account_id'])]
    
    # Filter accounts with account opening date before 1997
    result = result[result['date'] < '1997-01-01']
    
    return result
```",failed,call_error: 'date',,1,call_error: 'date',,,,,,,,False,1,overt
188,"Among the accounts who have loan validity more than 24 months, list out the accounts that have the lowest approved amount and have account opening date before 1997.",1,1,"```python
import pandas as pd

def lowest_approved_amount_before_1997(df_loan, df_account):
    # Filter accounts with loan validity more than 24 months
    valid_accounts = df_loan[df_loan['duration'] > 24]
    
    # Merge with account DataFrame to get account opening date
    valid_accounts = pd.merge(valid_accounts, df_account, on='account_id')
    
    # Filter accounts with approved amount and account opening date before 1997
    filtered_accounts = valid_accounts[(valid_accounts['amount'] == valid_accounts['amount'].min()) & (valid_accounts['date'] < '1997-01-01')]
    
    return filtered_accounts[['account_id']]
```",failed,call_error: 'date',,1,call_error: 'date',,,,,,,,False,1,overt
188,"Among the accounts who have loan validity more than 24 months, list out the accounts that have the lowest approved amount and have account opening date before 1997.",1,2,"```python
import pandas as pd

def get_lowest_approved_amount_accounts(df_loan, df_account, threshold=24):
    # Filter accounts with loan validity more than 24 months
    valid_accounts = df_loan[df_loan['duration'] > threshold]
    
    # Filter accounts with approved amount and account opening date
    filtered_accounts = valid_accounts.merge(df_account, on='account_id')
    
    # Calculate the difference between the loan date and the account opening date
    filtered_accounts['diff'] = filtered_accounts['date'].astype('datetime64[ns]') - filtered_accounts['date'].astype('datetime64[ns]')
    
    # Filter accounts with account opening date before 1997
    filtered_accounts = filtered_accounts[filtered_accounts['diff'] > pd.to_datetime('1997-01-01')]
    
    # Drop unnecessary columns
    filtered_accounts = filtered_accounts[['account_id', 'amount']]
    
    # Group by account_id and select the minimum amount
    min_amount_accounts = filtered_accounts.groupby('account_id')['amount'].min().reset_index()
    
    return min_amount_accounts
```

```python
# Assuming the DataFrames are already loaded
# You can call the function like this:
lowest_approved_amount_accounts = get_lowest_approved_amount_accounts(df_loan, df_account)
print(lowest_approved_amount_accounts)
```",failed,"call_error: Operands are not aligned. Do `left, right = left.align(right, axis=1)` before operating.",,1,"call_error: Operands are not aligned. Do `left, right = left.align(right, axis=1)` before operating.",,,,,,,,False,1,overt
188,"Among the accounts who have loan validity more than 24 months, list out the accounts that have the lowest approved amount and have account opening date before 1997.",1,3,"```python
import pandas as pd

def compute_feature(df_loan, df_account):
    # Filter accounts with loan validity more than 24 months
    valid_accounts = df_loan[df_loan['duration'] > 24][['account_id']]

    # Filter accounts with lowest approved amount
    min_amount = valid_accounts['account_id'].nunique()
    lowest_amount_accounts = df_loan[df_loan['duration'] > 24].groupby('account_id')['amount'].min().reset_index()
    lowest_amount_accounts.columns = ['account_id', 'min_amount']
    lowest_amount_accounts = valid_accounts.merge(lowest_amount_accounts, on='account_id')

    # Filter accounts with account opening date before 1997
    account_opening_date = df_account[df_account['date'] < '1997-01-01'][['account_id']]

    # Final feature
    feature = lowest_amount_accounts.merge(account_opening_date, on='account_id', how='inner')
    feature = feature[feature['min_amount'] == feature['min_amount'].min()]['account_id'].tolist()
    return feature

# Assuming the DataFrames are already loaded
feature = compute_feature(df_loan, df_account)
print(feature)
```",failed,exec_error: name 'df_loan' is not defined,,2,,[6453],False,True,semantic,[6453],[[6453]],False,False,1,overt
188,"Among the accounts who have loan validity more than 24 months, list out the accounts that have the lowest approved amount and have account opening date before 1997.",1,4,"```python
import pandas as pd

def compute_feature(df_loan, df_account, df_loan_status):
    # Filter accounts with loan validity more than 24 months
    valid_loans = df_loan[df_loan['duration'] > 24]
    
    # Filter valid loans with approved amount and account opening date before 1997
    filtered_loans = valid_loans[valid_loans['amount'] == valid_loans['amount'].min()]
    filtered_accounts = df_account[df_account['account_id'].isin(filtered_loans['account_id'])]
    
    # Filter accounts with account opening date before 1997
    filtered_accounts = filtered_accounts[filtered_accounts['date'] < '1997-01-01']
    
    # Return the filtered accounts
    return filtered_accounts[['account_id', 'date']]
```

```python
# Example usage
feature = compute_feature(df_loan, df_account, df_loan_status)
print(feature)
```",failed,cant_compare,,0,,"      account_id       date
4124        6453 1996-07-27",True,False,,,,,False,1,overt
190,How many clients who were born in 1920 stay in east Bohemia?,1,0,"```python
import pandas as pd

def count_clients_east_bohemia(df_client, df_district):
    # Filter clients born in 1920
    clients_1920 = df_client[df_client['birth_date'].str.slice(0, 4) == '1920']
    
    # Filter clients living in East Bohemia
    east_bohemia_districts = df_district[df_district['A2'] == 'Východní Čechy']
    east_bohemia_district_ids = east_bohemia_districts['district_id'].unique()
    
    # Filter clients living in East Bohemia and born in 1920
    clients_east_bohemia_1920 = clients_1920[clients_1920['district_id'].isin(east_bohemia_district_ids)]
    
    # Count the number of clients
    count = len(clients_east_bohemia_1920)
    
    return count
```

```python
import pandas as pd

def count_clients_east_bohemia(df_client, df_district):
    # Filter clients born in 1920
    clients_1920 = df_client[df_client['birth_date'].str.slice(0, 4) == '1920']
    
    # Filter clients living in East Bohemia
    east_bohemia_districts = df_district[df_district['A2'] == 'Východní Čechy']
    east_bohemia_district_ids = east_bohemia_districts['district_id'].unique()
    
    # Filter clients living in East Bohemia and born in 1920
    clients_east_bohemia_1920 = clients_1920[clients_1920['district_id'].isin(east_bohemia_district_ids)]
    
    # Count the number of clients
    count = len(clients_east_bohemia_1920)
    
    return count

# Usage:
df_client = pd.DataFrame({
    'client_id': [1, 2, 3],
    'birth_date': ['1920-01-01', '1919-01-01', '1920-01-01'],
    'district_id': [101, 102, 103]
})

df_district = pd.DataFrame({
    'district_id': [101, 102, 103],
    'A2': ['Východní Čechy', 'Střední Čechy', 'Severní Čechy']
})

print(count_clients_east_bohemia(df_client, df_district))
```",failed,wrong_value,,0,,0,True,False,,,,,False,1,covert
190,How many clients who were born in 1920 stay in east Bohemia?,1,1,"```python
import pandas as pd

def count_clients_born_in_1920_in_east_bohemia(df_client, df_district):
    # Filter clients born in 1920
    clients_1920 = df_client[df_client['birth_date'].apply(lambda x: x.year == 1920)]
    
    # Filter clients from east Bohemia
    east_bohemia_districts = df_district[df_district['A2'] == 'East Bohemia']['district_id']
    
    # Filter clients born in 1920 and staying in east Bohemia
    clients_1920_east_bohemia = clients_1920[clients_1920['district_id'].isin(east_bohemia_districts)]
    
    # Return the count of clients
    return len(clients_1920_east_bohemia)
```",failed,call_error: 'str' object has no attribute 'year',,0,call_error: 'str' object has no attribute 'year',,,,,,,,False,1,overt
190,How many clients who were born in 1920 stay in east Bohemia?,1,2,"```python
import pandas as pd

def count_clients_in_east_bohemia(df_client, df_district):
    # Filter clients born in 1920
    clients_1920 = df_client[df_client['birth_date'].str.contains('1920')]
    
    # Extract district_id from clients born in 1920
    district_ids = clients_1920['district_id'].unique()
    
    # Filter districts that are in east Bohemia
    east_bohemia_districts = df_district[df_district['A2'] == 'Východní Čechy']
    
    # Filter clients in east Bohemia
    clients_in_east_bohemia = clients_1920[df_client['district_id'].isin(east_bohemia_districts['district_id'])]
    
    # Return count of clients
    return len(clients_in_east_bohemia)
```",failed,wrong_value,,0,,0,True,False,,,,,False,1,covert
190,How many clients who were born in 1920 stay in east Bohemia?,1,3,"```python
import pandas as pd

def count_clients_east_bohemia(df_client, df_district):
    east_bohemia_districts = df_district[df_district['A2'] == 1]['district_id'].unique()
    
    east_bohemia_clients = df_client[df_client['district_id'].isin(east_bohemia_districts)]
    
    born_in_1920 = east_bohemia_clients[east_bohemia_clients['birth_date'].dt.year == 1920]
    
    count = born_in_1920.shape[0]
    
    return count
```

```python
import pandas as pd

def count_clients_east_bohemia(df_client, df_district):
    east_bohemia_districts = df_district[df_district['A2'] == 1]['district_id'].unique()
    
    east_bohemia_clients = df_client[df_client['district_id'].isin(east_bohemia_districts)]
    
    born_in_1920 = east_bohemia_clients[east_bohemia_clients['birth_date'].dt.year == 1920]
    
    count = born_in_1920.shape[0]
    
    return count

# Assuming the DataFrames are already loaded
result = count_clients_east_bohemia(df_client, df_district)
print(result)
```",failed,call_error: Can only use .dt accessor with datetimelike values,,0,call_error: Can only use .dt accessor with datetimelike values,,,,,,,,False,1,overt
190,How many clients who were born in 1920 stay in east Bohemia?,1,4,"```python
import pandas as pd

def clients_in_east_bohemia(df_client, df_district):
    # Filter clients born in 1920
    clients_1920 = df_client[df_client['birth_date'].str.contains('1920')]

    # Filter clients staying in east Bohemia
    east_bohemia_districts = df_district[df_district['A2'] == 1]
    east_bohemia_district_ids = east_bohemia_districts['district_id'].unique()
    clients_in_east_bohemia = df_client[df_client['district_id'].isin(east_bohemia_district_ids)]

    # Merge clients born in 1920 with clients staying in east Bohemia
    result = pd.merge(clients_1920, clients_in_east_bohemia, how='inner', on='client_id')

    return result.shape[0]
```

```python
# Example usage:
result = clients_in_east_bohemia(df_client, df_district)
print(f""Number of clients born in 1920 staying in east Bohemia: {result}"")
```",failed,wrong_value,,1,,0,False,False,semantic,0,[[6]],False,False,1,covert
191,How many loan accounts are for pre-payment of duration of 24 months with weekly issuance of statement.,1,0,"```python
import pandas as pd

def count_pre_payment_loans(df_loan, df_account, df_card):
    # Filter card with weekly issuance of statement
    weekly_cards = df_card[df_card['frequency'] == 'Weekly']
    
    # Filter accounts with matching cards
    weekly_accounts = df_account[df_account['account_id'].isin(weekly_cards['disp_id'])]
    
    # Filter loans with matching accounts and duration of 24 months
    pre_payment_loans = df_loan[df_loan['account_id'].isin(weekly_accounts['account_id']) & (df_loan['duration'] == 24)]
    
    # Count the number of loans
    count = pre_payment_loans.shape[0]
    
    return count
```",failed,call_error: 'frequency',,0,call_error: 'frequency',,,,,,,,False,1,overt
191,How many loan accounts are for pre-payment of duration of 24 months with weekly issuance of statement.,1,1,"```python
import pandas as pd

def count_pre_payment_loans(df_loan, df_account, df_card, df_client):
    # Filter loans with duration of 24 months
    filtered_loans = df_loan[df_loan['duration'] == 24]
    
    # Filter accounts with weekly statement issuance
    filtered_accounts = df_account[df_account['frequency'] == 'W']
    
    # Merge loans with accounts
    merged_loans_accounts = pd.merge(filtered_loans, filtered_accounts, on='account_id')
    
    # Filter cards with type 'statement'
    filtered_cards = df_card[df_card['type'] == 'statement']
    
    # Merge merged_loans_accounts with filtered_cards
    merged_loans_accounts_cards = pd.merge(merged_loans_accounts, filtered_cards, on='disp_id')
    
    # Filter clients with accounts in merged_loans_accounts_cards
    filtered_clients = df_client[df_client['client_id'].isin(merged_loans_accounts_cards['client_id'].unique())]
    
    # Merge merged_loans_accounts_cards with filtered_clients
    merged_loans_accounts_cards_clients = pd.merge(merged_loans_accounts_cards, filtered_clients, on='client_id')
    
    # Group by client_id and count distinct loan_id
    pre_payment_loans_count = merged_loans_accounts_cards_clients.groupby('client_id')['loan_id'].nunique().reset_index()
    
    # Return the count of pre-payment loans
    return pre_payment_loans_count.shape[0]
```",failed,call_error: 'disp_id',,3,call_error: 'disp_id',,,,,,,,False,1,overt
191,How many loan accounts are for pre-payment of duration of 24 months with weekly issuance of statement.,1,2,"```python
import pandas as pd

def count_loan_accounts(df_loan, df_account, df_card):
    # Filter loan accounts with duration of 24 months
    loan_accounts = df_loan[df_loan['duration'] == 24]

    # Filter accounts with weekly statement issuance
    accounts_with_weekly_statement = df_account[df_account['frequency'] == 'Weekly']

    # Filter accounts that are also loan accounts
    loan_accounts_with_weekly_statement = pd.merge(loan_accounts, accounts_with_weekly_statement, on='account_id')

    # Count the number of loan accounts
    count = loan_accounts_with_weekly_statement.shape[0]

    return count
```

```python
# Assuming the DataFrames are already loaded
count = count_loan_accounts(df_loan, df_account, df_card)
print(count)
```",failed,wrong_value,,1,,0,False,False,semantic,0,[[15]],False,False,1,covert
191,How many loan accounts are for pre-payment of duration of 24 months with weekly issuance of statement.,1,3,"```python
import pandas as pd

def count_pre_payment_loans(df_loan, df_account, df_card):
    # Filter loans with duration of 24 months
    filtered_loans = df_loan[df_loan['duration'] == 24]
    
    # Filter accounts with weekly issuance of statement
    filtered_accounts = df_account[df_account['frequency'] == 'W']
    
    # Merge loans and accounts on account_id
    merged_df = pd.merge(filtered_loans, filtered_accounts, on='account_id')
    
    # Filter merged DataFrame for pre-payment
    pre_payment_loans = merged_df[merged_df['status'] == 'pre-payment']
    
    # Count the number of pre-payment loans
    count = len(pre_payment_loans)
    
    return count
```

```python
import pandas as pd

def count_pre_payment_loans(df_loan, df_account, df_card):
    # Filter loans with duration of 24 months
    filtered_loans = df_loan[df_loan['duration'] == 24]
    
    # Filter accounts with weekly issuance of statement
    filtered_accounts = df_account[df_account['frequency'] == 'W']
    
    # Merge loans and accounts on account_id
    merged_df = pd.merge(filtered_loans, filtered_accounts, on='account_id')
    
    # Filter merged DataFrame for pre-payment
    pre_payment_loans = merged_df[merged_df['status'] == 'pre-payment']
    
    # Group by card_id and count the number of pre-payment loans
    card_counts = pre_payment_loans.groupby('card_id').size().reset_index(name='count')
    
    # Count the number of unique card_ids
    count = len(card_counts)
    
    return count
```",failed,wrong_value,,1,,0,False,False,semantic,0,[[15]],False,False,1,covert
191,How many loan accounts are for pre-payment of duration of 24 months with weekly issuance of statement.,1,4,"```python
import pandas as pd

def count_pre_payment_loans(df_loan, df_account, df_card):
    # Filter loans with duration of 24 months
    loans_24_months = df_loan[df_loan['duration'] == 24]
    
    # Filter accounts with weekly issuance of statement
    accounts_weekly_statements = df_account[df_account['frequency'] == 'W']
    
    # Merge loans with accounts
    merged_loans_accounts = pd.merge(loans_24_months, accounts_weekly_statements, on='account_id')
    
    # Filter merged DataFrame for pre-payment status
    pre_payment_loans = merged_loans_accounts[merged_loans_accounts['status'] == 'PRE-PAYMENT']
    
    # Return the count of pre-payment loans
    return pre_payment_loans.shape[0]
```

```python
# Usage
pre_payment_count = count_pre_payment_loans(df_loan, df_account, df_card)
print(pre_payment_count)
```",failed,wrong_value,,1,,0,False,False,semantic,0,[[15]],False,False,1,covert
193,List all ID and district for clients that can only have the right to issue permanent orders or apply for loans.,2,0,"```python
import pandas as pd

def clients_for_permanent_orders_or_loans(df_account, df_client, df_card, df_disp, df_district, df_loan, df_order, df_trans):
    # Filter clients with valid accounts
    valid_accounts = df_account[df_account['frequency'] == 'M']
    valid_clients = df_client[df_client['client_id'].isin(valid_accounts['account_id'])]
    
    # Filter clients with permanent cards
    permanent_cards = df_card[df_card['type'] == 'permanent']
    valid_clients = valid_clients[valid_clients['client_id'].isin(permanent_cards['disp_id'])]
    
    # Filter clients with valid dispositions
    valid_dispositions = df_disp[df_disp['type'] == 'account']
    valid_clients = valid_clients[valid_clients['client_id'].isin(valid_dispositions['client_id'])]
    
    # Filter clients that can only issue permanent orders or apply for loans
    valid_clients = valid_clients[valid_clients['client_id'].isin(df_order['account_id'])]
    valid_clients = valid_clients[valid_clients['client_id'].isin(df_loan['account_id'])]
    
    # Filter clients that have only permanent orders or loans
    valid_clients['order_count'] = valid_clients['client_id'].map(df_order['account_id'].value_counts())
    valid_clients['loan_count'] = valid_clients['client_id'].map(df_loan['account_id'].value_counts())
    valid_clients = valid_clients[(valid_clients['order_count'] == 1) | (valid_clients['loan_count'] == 1)]
    
    # Drop unnecessary columns
    valid_clients = valid_clients[['client_id', 'district_id']]
    
    return valid_clients
```

```python
# Assuming the DataFrames are loaded
account = pd.read_csv('account.csv')
client = pd.read_csv('client.csv')
card = pd.read_csv('card.csv')
disp = pd.read_csv('disp.csv')
district = pd.read_csv('district.csv')
loan = pd.read_csv('loan.csv')
order = pd.read_csv('order.csv')
trans = pd.read_csv('trans.csv')

# Call the function
result = clients_for_permanent_orders_or_loans(account, client, card, disp, district, loan, order, trans)
print(result)
```",failed,cant_compare,,0,,"Empty DataFrame
Columns: [client_id, district_id]
Index: []",True,False,,,,,True,2,overt
