file,phase,condition,model,question_id,repeat_idx,hop_diameter,gold_has_disp,step1_status,n_merge,code
qwen_before_adaptive,before,adaptive,qwen,89,0,1,False,ok,0,"import pandas as pd

def count_accounts_in_east_bohemia():
    # Assuming 'account' and 'district' DataFrames are already loaded
    east_bohemia_districts = ['A2', 'A3']  # Example districts in East Bohemia
    filtered_accounts = account[account['district_id'].isin(east_bohemia_districts)]
    return len(filtered_accounts)"
qwen_before_adaptive,before,adaptive,qwen,89,1,1,False,ok,1,"import pandas as pd

def count_accounts_staying_in_east_bohemia_after_transaction():
    # Assuming 'district' and 'account' DataFrames are already loaded
    east_bohemia_districts = ['A2', 'A3']  # Replace with actual districts in East Bohemia
    
    # Filter accounts issued after transaction
    accounts_issued_after_transaction = account[account['date'].str.contains('after_transaction')]
    
    # Join accounts with district information
    joined_data = pd.merge(accounts_issued_after_transaction, district, on='district_id')
    
    # Filter accounts in East Bohemia
    east_bohemia_accounts = joined_data[joined_data['A2'].isin(east_bohemia_districts)]
    
    # Count unique accounts
    count_unique_accounts = len(east_bohemia_accounts['account_id'].unique())
    
    return count_unique_accounts"
qwen_before_adaptive,before,adaptive,qwen,89,2,1,False,ok,1,"import pandas as pd

def count_accounts_staying_in_east_bohemia(accounts_df, district_df):
    # Filter accounts where the date is later than 2021-01-01 (assuming 'date' column is datetime type)
    filtered_accounts = accounts_df[accounts_df['date'] > '2021-01-01']
    
    # Merge the filtered accounts with the district data to get the district information
    merged_data = pd.merge(filtered_accounts, district_df, on='district_id')
    
    # Filter the merged data to include only the East Bohemia region
    east_bohemia_data = merged_data[merged_data['A2'] == 'East Bohemia']
    
    # Count the number of unique accounts
    num_accounts = east_bohemia_data['account_id'].nunique()
    
    return num_accounts"
qwen_before_adaptive,before,adaptive,qwen,89,3,1,False,ok,0,"import pandas as pd

def count_accounts_in_east_bohemia():
    # Filter accounts where the district is in East Bohemia and the frequency is greater than 1
    east_bohemia_accounts = account[(account['district_id'].isin(district[district['A1'] == 'East Bohemia']['district_id'])) & (account['frequency'] > 1)]
    
    # Count the number of unique accounts
    count_unique_accounts = len(east_bohemia_accounts['account_id'].unique())
    
    return count_unique_accounts"
qwen_before_adaptive,before,adaptive,qwen,89,4,1,False,ok,1,"import pandas as pd

def count_accounts_in_east_bohemia(accounts_df, districts_df):
    # Filter accounts where the date is greater than '2010-01-01'
    filtered_accounts = accounts_df[accounts_df['date'] > '2010-01-01']
    
    # Merge the filtered accounts with the districts DataFrame to get the district information
    merged_data = pd.merge(filtered_accounts, districts_df, on='district_id')
    
    # Filter the data to only include rows where the region is 'East Bohemia'
    east_bohemia_data = merged_data[merged_data['A1'].isin(['A', 'B'])]  # Assuming 'A' and 'B' represent East Bohemia
    
    # Count the number of unique accounts
    num_accounts = len(east_bohemia_data['account_id'].unique())
    
    return num_accounts"
qwen_before_adaptive,before,adaptive,qwen,90,0,2,False,ok,1,"import pandas as pd

def count_eligible_accounts(prague_distr_code):
    # Filter accounts in Prague
    prague_accounts = account[account['district_id'] == prague_distr_code]
    
    # Merge with loan data to get loan eligibility
    eligible_accounts = pd.merge(prague_accounts, loan, on='account_id')
    
    return len(eligible_accounts)"
qwen_before_adaptive,before,adaptive,qwen,90,1,2,False,ok,1,"def count_eligible_accounts(df_account, df_loan, df_district):
    # Merge account and district dataframes on district_id
    merged_df = pd.merge(df_account, df_district, on='district_id')
    
    # Filter rows where A2 is 'Prague'
    prague_accounts = merged_df[merged_df['A2'] == 'Prague']
    
    # Get unique account_ids from the filtered dataframe
    eligible_accounts = prague_accounts['account_id'].unique()
    
    return len(eligible_accounts)"
qwen_before_adaptive,before,adaptive,qwen,90,2,2,False,ok,1,"import pandas as pd

def count_eligible_accounts(df_account, df_loan, df_district):
    # Merge account and district dataframes to get district information for each account
    merged_df = pd.merge(df_account, df_district, on='district_id')
    
    # Filter rows where district is 'Prague'
    prague_accounts = merged_df[merged_df['A1'] == 'Prague']
    
    # Get unique account IDs from the filtered dataframe
    eligible_accounts = prague_accounts['account_id'].unique()
    
    return len(eligible_accounts)"
qwen_before_adaptive,before,adaptive,qwen,90,3,2,False,ok,1,"import pandas as pd

def count_eligible_accounts(prague_distr):
    # Filter accounts in Prague
    prague_accounts = account[account['district_id'] == prague_distr]
    
    # Join with loan data to get loan statuses
    eligible_accounts = pd.merge(prague_accounts, loan, on='account_id')
    
    # Count distinct eligible accounts
    eligible_count = len(eligible_accounts['account_id'].unique())
    
    return eligible_count"
qwen_before_adaptive,before,adaptive,qwen,90,4,2,False,ok,1,"import pandas as pd

def count_eligible_accounts(df_account, df_loan, df_district):
    # Filter accounts in Prague (assuming 'Prague' is represented by a specific value in the 'district' table)
    prague_accounts = df_account[df_account['district_id'].isin(df_district[df_district['A1'] == 'Prague']['district_id'])]
    
    # Merge to get the relevant loan information for these accounts
    merged_df = pd.merge(prague_accounts, df_loan, on='account_id')
    
    # Assuming eligibility is determined by the presence of a valid loan status
    eligible_accounts = merged_df[merged_df['status'].notnull()]
    
    return len(eligible_accounts)

# Example usage
# result = count_eligible_accounts(account, loan, district)
# print(result)"
qwen_before_adaptive,before,adaptive,qwen,91,0,0,False,ok,0,"import pandas as pd

def calculate_higher_unemployment_ratio(df):
    avg_1995 = df[df['year'] == 1995]['unemployment_rate'].mean()
    avg_1996 = df[df['year'] == 1996]['unemployment_rate'].mean()
    
    if avg_1995 > avg_1996:
        return '1995'
    else:
        return '1996'

# Assuming 'district' DataFrame contains columns 'year' and 'unemployment_rate'
result = calculate_higher_unemployment_ratio(district)
print(result)"
qwen_before_adaptive,before,adaptive,qwen,91,1,0,False,ok,0,"import pandas as pd

def calculate_average_unemployment_ratio(df):
    avg_1995 = df['A2'].mean()
    avg_1996 = df['A3'].mean()
    
    if avg_1995 > avg_1996:
        return ""1995""
    elif avg_1995 < avg_1996:
        return ""1996""
    else:
        return ""Both years have the same average unemployment ratio""

# Assuming 'district' is the DataFrame containing the data
result = calculate_average_unemployment_ratio(district)
print(result)"
qwen_before_adaptive,before,adaptive,qwen,91,2,0,False,ok,0,"def calculate_unemployment_ratio():
    # Calculate the average unemployment ratio for 1995 and 1996
    avg_1995 = district[district['A1'] == '1995']['A2'].astype(float).mean()
    avg_1996 = district[district['A1'] == '1996']['A2'].astype(float).mean()
    
    # Compare the averages and return the result
    if avg_1995 > avg_1996:
        return ""1995""
    else:
        return ""1996"""
qwen_before_adaptive,before,adaptive,qwen,91,3,0,False,ok,0,"def compare_unemployment_ratio(df):
    avg_1995 = df['A2'].mean()
    avg_1996 = df['A3'].mean()
    if avg_1995 > avg_1996:
        return ""1995""
    else:
        return ""1996"""
qwen_before_adaptive,before,adaptive,qwen,91,4,0,False,ok,0,"import pandas as pd

def calculate_higher_unemployment_ratio(df):
    avg_1995 = df['A1'].mean()
    avg_1996 = df['A2'].mean()
    
    if avg_1995 > avg_1996:
        return ""1995""
    else:
        return ""1996""

# Assuming 'district' is the DataFrame containing the data
result = calculate_higher_unemployment_ratio(district)
print(f""The year with the higher unemployment ratio is: {result}"")"
qwen_before_adaptive,before,adaptive,qwen,92,0,1,False,ok,0,"import pandas as pd

def count_districts_with_female_salary():
    # Assuming 'salary' is a column in your dataset that contains the salary information
    female_avg_salary = client[client['gender'] == 'female']['salary'].mean()
    
    filtered_districts = district[(district['A2'] > female_avg_salary) & (district['A2'] < 10000)]
    
    return len(filtered_districts)"
qwen_before_adaptive,before,adaptive,qwen,92,1,1,False,ok,1,"import pandas as pd

def count_districts_with_female_salary_range(df_client, df_district):
    # Merge the two dataframes on district_id
    merged_df = pd.merge(df_client, df_district, on='district_id')
    
    # Filter rows where gender is 'female'
    female_clients = merged_df[merged_df['gender'] == 'female']
    
    # Calculate the average salary per district
    avg_salary_per_district = female_clients.groupby('district_id')['A2'].mean()
    
    # Count the number of districts with average salary between 6000 and 10000
    count = ((avg_salary_per_district > 6000) & (avg_salary_per_district < 10000)).sum()
    
    return count"
qwen_before_adaptive,before,adaptive,qwen,92,2,1,False,ok,0,"import pandas as pd

def count_districts_with_female_salary():
    # Assuming 'salary' column exists in the 'client' DataFrame and represents the average salary of clients
    filtered_clients = client[client['gender'] == 'female']
    district_salaries = filtered_clients.groupby('district_id')['salary'].mean().reset_index()
    qualifying_districts = district_salaries[(district_salaries['salary'] > 6000) & (district_salaries['salary'] < 10000)]
    return len(qualifying_districts)"
qwen_before_adaptive,before,adaptive,qwen,92,3,1,False,ok,0,"import pandas as pd

def count_districts_with_female_salary():
    # Assuming 'salary' is a column in the 'client' DataFrame representing the average salary
    filtered_clients = client[client['gender'] == 'female']
    district_salaries = filtered_clients.groupby('district_id')['salary'].mean()
    qualified_districts = district_salaries[(district_salaries > 6000) & (district_salaries < 10000)]
    return len(qualified_districts)

# Example usage
result = count_districts_with_female_salary()
print(result)"
qwen_before_adaptive,before,adaptive,qwen,92,4,1,False,ok,0,"import pandas as pd

def count_districts_with_female_salary():
    # Calculate the average salary for females in each district
    avg_salary_by_district = df_client[df_client['gender'] == 'female'].groupby('district_id')['salary'].mean()
    
    # Filter districts where the average salary is between 6000 and 10000
    filtered_districts = avg_salary_by_district[(avg_salary_by_district > 6000) & (avg_salary_by_district < 10000)]
    
    # Count the number of such districts
    num_districts = len(filtered_districts)
    
    return num_districts"
qwen_before_adaptive,before,adaptive,qwen,93,0,1,False,ok,1,"import pandas as pd

def calculate_male_customers_average_salary(df_client, df_district):
    # Filter clients who are male and from North Bohemia (assuming A1 is 'North Bohemia')
    filtered_clients = df_client[(df_client['gender'] == 'male') & (df_client['district_id'].isin(df_district[df_district['A1'] == 'North Bohemia']['district_id']))]
    
    # Merge with district data to get additional attributes if needed
    merged_data = pd.merge(filtered_clients, df_district, on='district_id', how='left')
    
    # Calculate average salary of these customers
    average_salary = merged_data['salary'].mean()
    
    return average_salary"
qwen_before_adaptive,before,adaptive,qwen,93,1,1,False,ok,1,"import pandas as pd

def count_male_customers_in_north_bohemia_with_high_salary(client_df, district_df):
    north_bohemia_districts = ['A2', 'A3', 'A4', 'A5', 'A6', 'A7', 'A8', 'A9', 'A10', 'A11', 'A12', 'A13', 'A14', 'A15', 'A16']
    high_salary_threshold = 8000
    
    # Filter clients based on gender and district
    filtered_clients = client_df[(client_df['gender'] == 'male') & (client_df['district_id'].isin(north_bohemia_districts))]
    
    # Merge with district data to get average salary
    merged_data = pd.merge(filtered_clients, district_df, on='district_id')
    
    # Calculate average salary per district
    avg_salary_per_district = merged_data.groupby('district_id')['A1'].mean()
    
    # Filter districts with average salary greater than threshold
    high_salary_districts = avg_salary_per_district[avg_salary_per_district > high_salary_threshold].index
    
    # Count number of clients in these districts
    result = filtered_clients[filtered_clients['district_id'].isin(high_salary_districts)].shape[0]
    
    return result"
qwen_before_adaptive,before,adaptive,qwen,93,2,1,False,ok,0,"import pandas as pd

def calculate_male_customers_average_salary():
    # Assuming 'client' DataFrame has columns 'gender', 'birth_date', 'district_id'
    # and 'district' DataFrame has columns 'district_id' and A2 to A16
    # Calculate age from birth_date
    client['age'] = (pd.to_datetime('now') - pd.to_datetime(client['birth_date'], format='%Y-%m-%d')).astype('<m8[Y]')
    
    # Filter clients who are male, live in North Bohemia, and have an average salary greater than 8000
    north_bohemia_districts = ['A2', 'A3', 'A4', 'A5', 'A6', 'A7', 'A8', 'A9', 'A10', 'A11', 'A12', 'A13', 'A14', 'A15', 'A16']
    filtered_clients = client[(client['gender'] == 'male') & 
                             (client['district_id'].isin(north_bohemia_districts)) &
                             ((client[north_bohemia_districts].mean(axis=1) > 8000))]
    
    # Return the count of such clients
    return len(filtered_clients)

# Call the function and print the result
print(calculate_male_customers_average_salary())"
qwen_before_adaptive,before,adaptive,qwen,93,3,1,False,ok,0,"import pandas as pd

def calculate_male_customers_average_salary_greater_than_8000():
    # Assuming 'client' and 'district' DataFrames are already loaded
    filtered_clients = client[(client['gender'] == 'male') & (client['district_id'].isin(district[district['A2'] == 'North Bohemia']['district_id']))]
    average_salary = filtered_clients.groupby('client_id').size().mean()
    return average_salary > 8000"
qwen_before_adaptive,before,adaptive,qwen,93,4,1,False,ok,0,"import pandas as pd

def calculate_male_customers_average_salary_greater_than_8000():
    # Assuming 'client' DataFrame contains 'gender', 'district_id' and other necessary columns
    # Assuming 'district' DataFrame contains 'district_id' and 'A1' to 'A16'
    
    # Filter clients who are male and live in North Bohemia (assuming A1 represents North Bohemia)
    north_bohemia_clients = client[(client['gender'] == 'male') & (client['district_id'].isin(district[district['A1'] == 'North Bohemia']['district_id']))]
    
    # Calculate the average salary of these clients
    average_salary = north_bohemia_clients.groupby('client_id').mean()['salary'].reset_index()
    
    # Filter clients with an average salary greater than 8000
    high_salary_clients = average_salary[average_salary['salary'] > 8000]['client_id']
    
    return len(high_salary_clients)"
qwen_before_adaptive,before,adaptive,qwen,94,0,3,True,ok,2,"import pandas as pd

def calculate_salary_gap(account_df, district_df, disp_df, client_df):
    # Merge dataframes to get necessary information
    merged_df = pd.merge(account_df, disp_df, on='account_id')
    merged_df = pd.merge(merged_df, client_df, on='client_id')
    
    # Filter for female clients
    female_clients = merged_df[merged_df['gender'] == 'F']
    
    # Calculate the age of each client
    current_year = 2023  # Assuming the current year is 2023 for simplicity
    female_clients['age'] = current_year - female_clients['birth_date'].dt.year
    
    # Group by account_id and calculate the average salary for each account
    avg_salary_by_account = female_clients.groupby('account_id')['A1'].mean().reset_index()
    
    # Find the maximum and minimum average salaries
    max_avg_salary = avg_salary_by_account['A1'].max()
    min_avg_salary = avg_salary_by_account['A1'].min()
    
    # Calculate the gap
    salary_gap = max_avg_salary - min_avg_salary
    
    return salary_gap"
qwen_before_adaptive,before,adaptive,qwen,94,1,3,True,ok,2,"import pandas as pd

def calculate_salary_gap(accounts, district, disp, client, card):
    # Merge dataframes to get necessary information
    merged_df = accounts.merge(disp, on='account_id')
    merged_df = merged_df.merge(client, on='client_id')
    
    # Filter for female clients
    female_clients = merged_df[merged_df['gender'] == 'female']
    
    # Calculate average salary per account
    avg_salary_per_account = female_clients.groupby('account_id')['A1'].mean().reset_index()
    
    # Find the lowest and highest average salaries
    lowest_avg_salary = avg_salary_per_account['A1'].min()
    highest_avg_salary = avg_salary_per_account['A1'].max()
    
    # Calculate the gap
    salary_gap = highest_avg_salary - lowest_avg_salary
    
    return salary_gap"
qwen_before_adaptive,before,adaptive,qwen,94,2,3,True,ok,2,"import pandas as pd

def calculate_salary_gap():
    # Joining necessary tables to get the required information
    joined_df = pd.merge(account, disp, on='account_id')
    joined_df = pd.merge(joined_df, client, on='client_id')
    
    # Calculating the average salary for each client
    avg_salary = joined_df.groupby(['client_id', 'gender']).agg({'frequency': 'mean'}).reset_index()
    
    # Filtering for female clients
    female_clients = avg_salary[avg_salary['gender'] == 'female']
    
    # Finding the oldest female client (assuming higher frequency means older)
    oldest_female_client = female_clients.loc[female_clients['frequency'].idxmax()]
    
    # Finding the highest and lowest average salary among all clients
    highest_avg_salary = avg_salary['frequency'].max()
    lowest_avg_salary = avg_salary['frequency'].min()
    
    # Calculating the gap
    salary_gap = highest_avg_salary - lowest_avg_salary
    
    return oldest_female_client['account_id'], salary_gap"
qwen_before_adaptive,before,adaptive,qwen,94,3,3,True,ok,2,"import pandas as pd

def calculate_salary_gap(account_df, district_df, disp_df, client_df, card_df):
    # Merge dataframes to get necessary information
    merged_df = pd.merge(account_df, disp_df, on='account_id')
    merged_df = pd.merge(merged_df, client_df, left_on='disp_id', right_on='client_id')
    
    # Calculate age of each client
    current_year = 2023  # Assuming the current year is 2023 for simplicity
    merged_df['age'] = current_year - merged_df['birth_date'].dt.year
    
    # Filter for female clients
    female_clients = merged_df[merged_df['gender'] == 'female']
    
    # Group by account_id and calculate the average salary (assuming salary is in column 'A1' in district table)
    avg_salary_by_account = female_clients.groupby('account_id')['A1'].mean().reset_index()
    
    # Find the minimum and maximum average salaries
    min_avg_salary = avg_salary_by_account['A1'].min()
    max_avg_salary = avg_salary_by_account['A1'].max()
    
    # Calculate the gap
    salary_gap = max_avg_salary - min_avg_salary
    
    return salary_gap"
qwen_before_adaptive,before,adaptive,qwen,94,4,3,True,ok,2,"import pandas as pd

def compute_feature(account, district, disp, client, card):
    # Merge dataframes to get necessary information
    merged_df = pd.merge(account, disp, on='account_id')
    merged_df = pd.merge(merged_df, client, on='client_id')
    
    # Calculate the average salary for each client
    avg_salary = merged_df.groupby('client_id')['salary'].mean().reset_index()
    
    # Filter for female clients
    female_clients = avg_salary[avg_salary['gender'] == 'F']
    
    # Find the oldest and youngest clients among female clients
    oldest_female_client = female_clients.loc[female_clients['birth_date'].idxmin()]
    youngest_female_client = female_clients.loc[female_clients['birth_date'].idxmax()]
    
    # Get the account numbers of the oldest and youngest female clients
    oldest_account_number = account[account['client_id'] == oldest_female_client['client_id']]['account_id'].values[0]
    youngest_account_number = account[account['client_id'] == youngest_female_client['client_id']]['account_id'].values[0]
    
    # Calculate the gap between the lowest and highest average salary
    min_avg_salary = female_clients['salary'].min()
    max_avg_salary = female_clients['salary'].max()
    gap = max_avg_salary - min_avg_salary
    
    return oldest_account_number, youngest_account_number, gap"
qwen_before_adaptive,before,adaptive,qwen,95,0,3,True,ok,1,"import pandas as pd

def get_youngest_highest_salary_accounts(account, disp, client, district):
    # Merge account and client data to get client information for each account
    merged_data = pd.merge(account, client, on='client_id')
    
    # Calculate age from birth_date
    merged_data['age'] = (pd.to_datetime('now') - pd.to_datetime(merged_data['birth_date'])) / pd.Timedelta(days=365)
    
    # Group by account_id and calculate average salary
    avg_salary_by_account = merged_data.groupby('account_id')['salary'].mean().reset_index()
    
    # Find the maximum average salary
    max_avg_salary = avg_salary_by_account['salary'].max()
    
    # Filter accounts with the maximum average salary
    young_accounts = avg_salary_by_account[avg_salary_by_account['salary'] == max_avg_salary]['account_id']
    
    return young_accounts.tolist()"
qwen_before_adaptive,before,adaptive,qwen,95,1,3,True,ok,2,"import pandas as pd

def get_youngest_highest_salary_accounts(account, disp, client):
    # Calculate age from birth_date
    client['age'] = (pd.to_datetime('now') - pd.to_datetime(client['birth_date'])) / pd.Timedelta(days=365.25)
    
    # Join data to get necessary information
    joined_data = pd.merge(account, disp, on='account_id')
    joined_data = pd.merge(joined_data, client, on='client_id')
    
    # Group by client_id and calculate average salary
    avg_salary_by_client = joined_data.groupby('client_id')['salary'].mean().reset_index()
    
    # Find the maximum average salary
    max_avg_salary = avg_salary_by_client['salary'].max()
    
    # Filter clients with the maximum average salary
    top_clients = avg_salary_by_client[avg_salary_by_client['salary'] == max_avg_salary]['client_id']
    
    # Get accounts of these clients
    result = joined_data[joined_data['client_id'].isin(top_clients)]['account_id'].unique()
    
    return result"
qwen_before_adaptive,before,adaptive,qwen,95,2,3,True,ok,3,"import pandas as pd

def get_youngest_highest_salary_accounts(account, disp, client):
    # Calculate age in years from birth_date to current date
    client['age'] = (pd.to_datetime('now') - pd.to_datetime(client['birth_date'])).astype('<m8[Y]')
    
    # Join dataframes to get necessary information
    joined_df = pd.merge(account, disp, on='account_id')
    joined_df = pd.merge(joined_df, client, on='client_id')
    
    # Group by account_id and calculate average salary per account
    avg_salary_per_account = joined_df.groupby('account_id')['A2'].mean().reset_index()
    
    # Merge with the original DataFrame to get account details
    result = pd.merge(avg_salary_per_account, joined_df, on='account_id')
    
    # Sort by age and average salary in descending order and select the top 1
    result_sorted = result.sort_values(by=['age', 'A2'], ascending=[True, False])
    youngest_highest_salary_account = result_sorted.iloc[0]['account_id']
    
    return youngest_highest_salary_account"
qwen_before_adaptive,before,adaptive,qwen,95,3,3,True,ok,2,"import pandas as pd

def find_youngest_highest_salary_clients(account, disp, client, district):
    # Calculate age from birth_date
    client['age'] = (pd.to_datetime('now') - pd.to_datetime(client['birth_date'])).astype('<m8[Y]')
    
    # Merge data to get account details including age
    merged_data = pd.merge(account, disp, on='account_id')
    merged_data = pd.merge(merged_data, client, on='client_id')
    
    # Group by client_id and calculate average salary per client
    avg_salary_per_client = merged_data.groupby('client_id')['A2'].mean().reset_index()
    
    # Get the max average salary
    max_avg_salary = avg_salary_per_client['A2'].max()
    
    # Filter clients with the max average salary
    max_salary_clients = avg_salary_per_client[avg_salary_per_client['A2'] == max_avg_salary]['client_id']
    
    # Get the youngest clients among those with the max average salary
    youngest_max_salary_clients = merged_data[merged_data['client_id'].isin(max_salary_clients)].sort_values(by='age').head()['account_id'].unique()
    
    return youngest_max_salary_clients"
qwen_before_adaptive,before,adaptive,qwen,95,4,3,True,ok,1,"import pandas as pd

def find_youngest_highest_salary_accounts(account, disp, client, district):
    # Calculate the age of each client based on their birth_date
    client['age'] = (pd.to_datetime('now') - pd.to_datetime(client['birth_date'])).days // 365
    
    # Group by client_id to calculate the average salary for each client
    avg_salary = disp.groupby('client_id')['type'].mean().reset_index()
    
    # Merge the average salary with the client data
    client_avg_salary = pd.merge(client, avg_salary, on='client_id')
    
    # Find the youngest client with the highest average salary
    youngest_highest_salary_client = client_avg_salary.loc[client_avg_salary['age'].idxmin()]
    
    # Get the account numbers of the youngest client with the highest average salary
    result = account[account['client_id'] == youngest_highest_salary_client['client_id']]['account_id']
    
    return result"
qwen_before_adaptive,before,adaptive,qwen,96,0,1,True,ok,1,"import pandas as pd

def count_owner_customers():
    # Merge the 'disp' and 'account' tables on 'account_id'
    merged_df = pd.merge(disp, account, on='account_id')
    
    # Filter rows where 'type' is 'Owner' and 'frequency' is 'weekly'
    filtered_df = merged_df[(merged_df['type'] == 'Owner') & (merged_df['frequency'] == 'weekly')]
    
    # Count the number of unique 'client_id's in the filtered DataFrame
    customer_count = len(filtered_df['client_id'].unique())
    
    return customer_count"
qwen_before_adaptive,before,adaptive,qwen,96,1,1,True,ok,0,"import pandas as pd

def count_owner_customers(df_account, df_disp):
    # Filter accounts where the type is 'Owner' and the frequency is 1 (weekly issuance)
    filtered_accounts = df_account[(df_account['type'] == 'Owner') & (df_account['frequency'] == 1)]
    
    # Get unique client IDs from the filtered accounts
    owner_customer_ids = filtered_accounts['client_id'].unique()
    
    return len(owner_customer_ids)"
qwen_before_adaptive,before,adaptive,qwen,96,2,1,True,ok,1,"import pandas as pd

def count_owner_customers():
    # Merge the 'account' and 'disp' tables on 'account_id'
    merged_df = pd.merge(account, disp, on='account_id')
    
    # Filter rows where 'type' is 'Owner' and 'frequency' is 'weekly'
    filtered_df = merged_df[(merged_df['type'] == 'Owner') & (merged_df['frequency'] == 'weekly')]
    
    # Count the number of unique 'client_id's in the filtered DataFrame
    owner_count = filtered_df['client_id'].nunique()
    
    return owner_count"
qwen_before_adaptive,before,adaptive,qwen,96,3,1,True,ok,1,"import pandas as pd

def count_weekly_issuance_owner():
    # Join the 'account' and 'disp' tables on 'account_id'
    joined_df = pd.merge(account, disp, on='account_id')
    
    # Filter rows where 'type' is 'OWNER' and 'frequency' is 'WEEKLY'
    filtered_df = joined_df[(joined_df['type'] == 'OWNER') & (joined_df['frequency'] == 'WEEKLY')]
    
    # Count the number of unique 'client_id's in the filtered DataFrame
    count = filtered_df['client_id'].nunique()
    
    return count"
qwen_before_adaptive,before,adaptive,qwen,96,4,1,True,ok,1,"import pandas as pd

def count_owner_customers():
    # Merge the 'disp' and 'account' tables on 'account_id'
    merged_df = pd.merge(disp, account, on='account_id')
    
    # Filter rows where 'type' is 'Owner' and 'frequency' is 1 (weekly)
    filtered_df = merged_df[(merged_df['type'] == 'Owner') & (merged_df['frequency'] == 1)]
    
    # Count the number of unique 'client_id's in the filtered DataFrame
    owner_customer_count = len(filtered_df['client_id'].unique())
    
    return owner_customer_count"
qwen_before_adaptive,before,adaptive,qwen,97,0,1,True,ok,1,"import pandas as pd

def get_clients_with_statement_of_issuance_after_transaction():
    # Merge the 'disp' and 'account' tables on 'account_id'
    merged_df = pd.merge(disp, account, on='account_id')
    
    # Filter rows where the type is 'Dispositif' (statement of issuance)
    filtered_df = merged_df[merged_df['type'] == 'Dispositif']
    
    # Get unique client IDs from the filtered DataFrame
    client_ids = filtered_df['client_id'].unique()
    
    return client_ids"
qwen_before_adaptive,before,adaptive,qwen,97,1,1,True,ok,1,"import pandas as pd

def get_clients_with_statement_of_issuance_after_transaction():
    # Assuming 'account' and 'disp' DataFrames are already loaded
    merged_df = pd.merge(account, disp, on='account_id')
    filtered_df = merged_df[(merged_df['type'] == 'Disponent') & (merged_df['date'].str.contains('statement of issuance'))]
    return filtered_df[['client_id']].drop_duplicates()"
qwen_before_adaptive,before,adaptive,qwen,97,2,1,True,ok,1,"import pandas as pd

def get_client_ids_after_transaction():
    # Assuming 'disp' DataFrame has columns 'client_id', 'account_id', and 'type'
    dispositions = disp[disp['type'] == 'Dispositon']
    # Assuming 'account' DataFrame has columns 'account_id' and 'date'
    transactions = account.merge(dispositions, on='account_id')
    # Get unique client ids after transaction
    client_ids = transactions['client_id'].unique()
    return client_ids"
qwen_before_adaptive,before,adaptive,qwen,97,3,1,True,ok,1,"import pandas as pd

def get_client_ids_for_statement_of_issuance():
    # Join disp and account tables on account_id
    joined_df = pd.merge(disp, account, on='account_id')
    
    # Filter rows where type is 'Dispositif' (statement of issuance) and date is not null
    filtered_df = joined_df[(joined_df['type'] == 'Dispositif') & (joined_df['date'].notnull())]
    
    # Select unique client_ids from the filtered DataFrame
    client_ids = filtered_df['client_id'].unique()
    
    return client_ids"
qwen_before_adaptive,before,adaptive,qwen,97,4,1,True,ok,1,"import pandas as pd

def get_client_ids_after_disposition():
    # Merge the 'account' and 'disp' tables on 'account_id'
    merged_df = pd.merge(account, disp, on='account_id')
    
    # Filter rows where 'type' in 'disp' is 'Disponent'
    filtered_df = merged_df[merged_df['type'] == 'Disponent']
    
    # Get unique 'client_id' from the filtered DataFrame
    client_ids = filtered_df['client_id'].unique()
    
    return client_ids"
qwen_before_adaptive,before,adaptive,qwen,98,0,1,False,ok,1,"import pandas as pd

def get_lowest_amount_accounts():
    # Filter loans approved in 1997
    approved_loans = loan[loan['date'].dt.year == 1997]
    
    # Find accounts with the lowest approved amount
    min_amount_account = approved_loans.groupby('account_id')['amount'].min().reset_index()
    
    # Merge to get the full details of these accounts
    result = pd.merge(min_amount_account, approved_loans, 
                      on=['account_id', 'amount'], how='left')
    
    # Select necessary columns for the final output
    final_result = result[['account_id', 'district_id', 'frequency', 'date', 'amount']]
    
    return final_result"
qwen_before_adaptive,before,adaptive,qwen,98,1,1,False,ok,1,"import pandas as pd

def get_lowest_approved_amount_accounts():
    # Filter loans approved in 1997
    approved_loans = loan[loan['date'].str.contains('1997')]
    
    # Find the minimum approved amount among these accounts
    min_amount = approved_loans['amount'].min()
    
    # Get the accounts with the minimum approved amount
    low_amount_accounts = approved_loans[approved_loans['amount'] == min_amount]
    
    # Merge with the account table to get additional details
    result = pd.merge(low_amount_accounts, account, on='account_id')
    
    return result[['account_id', 'district_id', 'frequency', 'date']]"
qwen_before_adaptive,before,adaptive,qwen,98,2,1,False,ok,2,"import pandas as pd

def find_lowest_approved_amount_accounts(loan_df, account_df):
    # Filter loans approved in 1997
    approved_1997 = loan_df[(loan_df['date'].dt.year == 1997) & (loan_df['status'] == 'approved')]
    
    # Merge with account data to get district information
    merged_data = pd.merge(approved_1997, account_df, on='account_id')
    
    # Group by account_id and find the minimum approved amount
    min_amounts = merged_data.groupby('account_id')['amount'].min().reset_index()
    
    # Merge back to get all relevant information
    result = pd.merge(min_amounts, merged_data, on=['account_id', 'amount'])
    
    return result[['account_id', 'district_id', 'frequency', 'date', 'amount']]"
qwen_before_adaptive,before,adaptive,qwen,98,3,1,False,ok,2,"import pandas as pd

def get_lowest_approved_amount_accounts(loan_df, account_df):
    # Filter loans approved in 1997
    approved_1997 = loan_df[(loan_df['date'].dt.year == 1997) & (loan_df['status'] == 'approved')]
    
    # Join with account table to get district information
    joined_df = pd.merge(approved_1997, account_df, on='account_id')
    
    # Find the minimum approved amount per account
    min_amounts = joined_df.groupby('account_id')['amount'].min().reset_index()
    
    # Merge back to get all details of these accounts
    result = pd.merge(min_amounts, joined_df, left_on=['account_id', 'amount'], right_on=['account_id', 'amount'])
    
    return result[['account_id', 'district_id', 'frequency', 'date_x', 'amount_x', 'duration_x', 'payments_x', 'status_x']]"
qwen_before_adaptive,before,adaptive,qwen,98,4,1,False,ok,1,"import pandas as pd

def get_lowest_approved_amount_accounts():
    # Filter loans approved in 1997
    approved_loans_1997 = loan[(loan['date'].dt.year == 1997) & (loan['status'] == 'approved')]
    
    # Group by account_id and find the minimum approved amount
    min_amounts = approved_loans_1997.groupby('account_id')['amount'].min().reset_index()
    
    # Merge with the original data to get the full details of these accounts
    result = pd.merge(min_amounts, approved_loans_1997, on=['account_id', 'amount'])
    
    # Select the required columns and drop duplicates
    result = result[['account_id', 'district_id', 'frequency', 'date', 'amount', 'duration', 'payments', 'status']].drop_duplicates()
    
    return result"
qwen_before_adaptive,before,adaptive,qwen,99,0,1,False,ok,1,"import pandas as pd

def get_highest_approved_amount_accounts(loan_df, account_df):
    # Filter accounts with loan validity more than 12 months
    filtered_accounts = account_df[account_df['date'].dt.year - account_df['date'].dt.year.shift() > 12]
    
    # Join with loan data to get the approved amount
    joined_data = pd.merge(filtered_accounts, loan_df, on='account_id')
    
    # Filter accounts opened in 1993
    accounts_1993 = joined_data[joined_data['date_y'].dt.year == 1993]
    
    # Group by account_id and sum up the approved amounts
    aggregated_data = accounts_1993.groupby('account_id')['amount'].sum().reset_index()
    
    # Sort by the sum of approved amounts in descending order and select the top 10
    result = aggregated_data.sort_values(by='amount', ascending=False).head(10)
    
    return result[['account_id', 'amount']]"
qwen_before_adaptive,before,adaptive,qwen,99,1,1,False,ok,1,"import pandas as pd

def get_high_approved_amount_accounts(loan_df, account_df):
    # Filter loans with validity more than 12 months
    valid_loans = loan_df[loan_df['duration'] > 12]
    
    # Join valid loans with account data
    joined_data = pd.merge(valid_loans, account_df, on='account_id')
    
    # Filter accounts opened in 1993
    filtered_accounts = joined_data[joined_data['date_x'].dt.year == 1993]
    
    # Group by account_id and sum the approved amounts
    aggregated_data = filtered_accounts.groupby('account_id')['amount'].sum().reset_index()
    
    # Sort by the sum of approved amounts in descending order
    sorted_data = aggregated_data.sort_values(by='amount', ascending=False)
    
    return sorted_data.head(10)  # Return the top 10 accounts with the highest approved amount"
qwen_before_adaptive,before,adaptive,qwen,99,2,1,False,ok,2,"import pandas as pd

def get_high_amount_accounts(loan_df, account_df):
    # Filter accounts with loan validity more than 12 months
    valid_loans = loan_df[loan_df['date'] - loan_df['duration'] > '1993-01-01']
    
    # Join loan and account dataframes
    joined_data = pd.merge(valid_loans, account_df, on='account_id')
    
    # Filter accounts opened in 1993
    filtered_data = joined_data[joined_data['date_x'] >= '1993-01-01']
    
    # Find the maximum approved amount per account
    max_amounts = filtered_data.groupby('account_id')['amount'].max().reset_index()
    
    # Merge to get the corresponding details of these accounts
    result = pd.merge(max_amounts, filtered_data, left_on=['account_id', 'amount'], right_on=['account_id', 'amount'])
    
    return result[['account_id', 'district_id', 'frequency', 'amount']]"
qwen_before_adaptive,before,adaptive,qwen,99,3,1,False,ok,1,"import pandas as pd

def get_high_amount_accounts_with_long_validity():
    # Filter loans with validity more than 12 months
    valid_loans = loan[loan['duration'] > 12]
    
    # Merge with account data to get district_id and opening date
    merged_data = pd.merge(valid_loans, account, on='account_id')
    
    # Filter accounts opened in 1993
    filtered_data = merged_data[(merged_data['date'].dt.year == 1993)]
    
    # Group by account_id and find the max approved amount
    result = filtered_data.groupby('account_id')['amount'].max().reset_index()
    
    return result"
qwen_before_adaptive,before,adaptive,qwen,99,4,1,False,ok,0,"import pandas as pd

def find_highest_approved_amount_accounts(loan_df, account_df):
    # Filter accounts with loan validity more than 12 months
    valid_accounts = loan_df[loan_df['date'] - account_df['date'] > pd.DateOffset(months=12)]
    
    # Filter accounts opened in 1993
    filtered_accounts = valid_accounts[valid_accounts['account_id'].isin(account_df[account_df['date'].dt.year == 1993]['account_id'])]
    
    # Group by account_id and sum the amounts to get total approved amount per account
    aggregated_accounts = filtered_accounts.groupby('account_id')['amount'].sum().reset_index()
    
    # Sort the accounts by the sum of approved amount in descending order and select the top 5
    result = aggregated_accounts.sort_values(by='amount', ascending=False).head(5)
    
    return result"
qwen_before_adaptive,before,adaptive,qwen,100,0,1,False,ok,0,"import pandas as pd

def count_female_customers_born_before_1950_in_sokolow(df_client, df_district):
    # Filter clients based on gender, birth year, and district name
    filtered_clients = df_client[(df_client['gender'] == 'female') & 
                               (df_client['birth_date'].dt.year < 1950) & 
                               (df_client['district_id'].isin(df_district[df_district['A2'] == 'Sokolow']['district_id']))]
    
    # Count the number of unique female clients meeting the criteria
    result_count = len(filtered_clients)
    
    return result_count"
qwen_before_adaptive,before,adaptive,qwen,100,1,1,False,ok,0,"def count_female_customers_born_before_1950_in_sokolow():
    filtered_clients = clients[(clients['gender'] == 'female') & (clients['birth_date'].dt.year < 1950) & (clients['district_id'] == 'Sokolow')]
    return len(filtered_clients)"
qwen_before_adaptive,before,adaptive,qwen,100,2,1,False,ok,0,"def count_female_customers_born_before_1950_in_sokolow():
    # Filter clients based on gender, birth year, and district
    filtered_clients = client[(client['gender'] == 'female') & 
                             (client['birth_date'].dt.year < 1950) & 
                             (client['district_id'] == 'Sokolow')]
    
    # Count the number of unique female clients meeting the criteria
    result = len(filtered_clients)
    
    return result"
qwen_before_adaptive,before,adaptive,qwen,100,3,1,False,ok,0,"def count_female_customers_born_before_1950_in_sokolow():
    filtered_clients = clients[(clients['gender'] == 'female') & (clients['birth_date'].dt.year < 1950) & (clients['district_id'] == 'Sokolow')]
    return len(filtered_clients)"
qwen_before_adaptive,before,adaptive,qwen,100,4,1,False,ok,0,"def count_female_customers_born_before_1950_in_sokolow(df_client, df_district):
    # Filter clients based on gender, birth year, and district name
    filtered_clients = df_client[
        (df_client['gender'] == 'female') &
        (df_client['birth_date'].dt.year < 1950) &
        (df_client['district_id'] == df_district[df_district['A2'] == 'Sokolow']['district_id'].values[0])
    ]
    return len(filtered_clients)"
qwen_before_adaptive,before,adaptive,qwen,101,0,0,False,ok,0,"import pandas as pd

def find_accounts_with_earliest_date(df):
    # Filter transactions from the year 1995
    df_1995 = df[df['date'].str.contains(r'1995')]
    
    # Find the earliest date in 1995
    earliest_date = df_1995['date'].min()
    
    # Get accounts with the earliest date
    accounts_with_earliest_date = df_1995[df_1995['date'] == earliest_date]['account_id']
    
    return accounts_with_earliest_date.unique().tolist()"
qwen_before_adaptive,before,adaptive,qwen,101,1,0,False,ok,0,"import pandas as pd

def find_earliest_trading_accounts(df):
    # Filter transactions from 1995
    df_1995 = df[df['date'].dt.year == 1995]
    
    # Find the minimum date in 1995
    min_date = df_1995['date'].min()
    
    # Filter accounts with the earliest trading date in 1995
    earliest_trading_accounts = df_1995[df_1995['date'] == min_date]['account_id']
    
    return earliest_trading_accounts.unique()"
qwen_before_adaptive,before,adaptive,qwen,101,2,0,False,ok,0,"import pandas as pd

def find_earliest_trading_accounts(df):
    # Filter transactions from 1995
    df_1995 = df[df['date'].dt.year == 1995]
    
    # Find the earliest trading date in 1995
    earliest_date = df_1995['date'].min()
    
    # Get accounts with the earliest trading date in 1995
    earliest_accounts = df_1995[df_1995['date'] == earliest_date]['account_id']
    
    return earliest_accounts.unique()"
qwen_before_adaptive,before,adaptive,qwen,101,3,0,False,ok,0,"import pandas as pd

def get_accounts_with_earliest_trading_date(df):
    # Filter transactions from 1995
    df_1995 = df[df['date'].str.contains(r'/95')]
    # Find the earliest trading date in 1995
    earliest_date = df_1995['date'].min()
    # Get the accounts with the earliest trading date
    accounts = df_1995[df_1995['date'] == earliest_date]['account_id']
    return accounts.unique()"
qwen_before_adaptive,before,adaptive,qwen,101,4,0,False,ok,0,"import pandas as pd

def get_earliest_trading_accounts(df):
    # Filter transactions from 1995
    df_1995 = df[df['date'].str.contains('1995')]
    
    # Find the minimum date in 1995
    min_date = df_1995['date'].min()
    
    # Get accounts with the earliest trading date in 1995
    earliest_accounts = df_1995[df_1995['date'] == min_date]['account_id']
    
    return earliest_accounts.unique()"
qwen_before_adaptive,before,adaptive,qwen,102,0,1,False,ok,0,"import pandas as pd

def get_accounts_with_conditions(trans_df, acc_df):
    # Filter accounts opened before 1997
    acc_opened_before_1997 = acc_df[acc_df['date'] < '1997']
    
    # Get unique account IDs from filtered accounts
    account_ids_before_1997 = acc_opened_before_1997['account_id'].unique()
    
    # Filter transactions for these account IDs and where amount is greater than 3000
    filtered_transactions = trans_df[(trans_df['account_id'].isin(account_ids_before_1997)) & (trans_df['amount'] > 3000)]
    
    # Get unique account IDs from the filtered transactions
    result_account_ids = filtered_transactions['account_id'].unique()
    
    return result_account_ids"
qwen_before_adaptive,before,adaptive,qwen,102,1,1,False,ok,1,"import pandas as pd

def get_accounts_with_conditions(trans_df, account_df):
    # Filter accounts opened before 1997
    filtered_accounts = account_df[account_df['date'].dt.year < 1997]
    
    # Merge transactions with the filtered accounts to get all transactions from those accounts
    merged_df = pd.merge(filtered_accounts, trans_df, on='account_id')
    
    # Filter transactions where the amount is greater than 3000 USD
    result_df = merged_df[merged_df['amount'] > 3000]
    
    return result_df[['account_id']].drop_duplicates()"
qwen_before_adaptive,before,adaptive,qwen,102,2,1,False,ok,1,"import pandas as pd

def filter_accounts(trans_df, acc_df):
    # Filter transactions to include only those with dates before '1997-01-01'
    filtered_trans = trans_df[trans_df['date'] < '1997-01-01']
    
    # Group by account_id and sum the amounts to get total money owned per account
    total_money_per_account = filtered_trans.groupby('account_id')['amount'].sum().reset_index()
    
    # Merge with the account DataFrame to get district_id for each account
    merged_df = pd.merge(total_money_per_account, acc_df, on='account_id')
    
    # Filter accounts where the total money is greater than 3000 USD
    result = merged_df[merged_df['amount'] > 3000]
    
    return result[['account_id', 'district_id']]"
qwen_before_adaptive,before,adaptive,qwen,102,3,1,False,ok,0,"import pandas as pd

def filter_accounts(trans_df, acc_df):
    # Filter accounts opened before 1997
    old_accounts = acc_df[acc_df['date'] < '1997']
    
    # Get unique account_ids from these old accounts
    old_account_ids = old_accounts['account_id'].unique()
    
    # Filter transactions to only include those with account_ids in old_account_ids and amounts greater than 3000
    filtered_transactions = trans_df[(trans_df['account_id'].isin(old_account_ids)) & (trans_df['amount'] > 3000)]
    
    return filtered_transactions"
qwen_before_adaptive,before,adaptive,qwen,102,4,1,False,ok,0,"import pandas as pd

def get_eligible_accounts(trans_df, account_df):
    # Filter accounts opened before 1997
    filtered_accounts = account_df[account_df['date'] < '1997']
    
    # Get unique account IDs from the filtered accounts
    eligible_account_ids = filtered_accounts['account_id'].unique()
    
    # Filter transactions to only include those with eligible account IDs
    eligible_transactions = trans_df[trans_df['account_id'].isin(eligible_account_ids)]
    
    # Filter transactions where the amount is greater than 3000
    final_accounts = eligible_transactions[eligible_transactions['amount'] > 3000]['account_id'].unique()
    
    return final_accounts"
qwen_before_adaptive,before,adaptive,qwen,103,0,2,True,ok,0,"def find_client_issued_card_on_date(df_client, df_disp, df_card, target_date):
    # Convert the target date to datetime format
    target_date = pd.to_datetime(target_date)
    
    # Filter the card DataFrame to get cards issued on the target date
    issued_cards = df_card[(df_card['issued'] == target_date)]
    
    # Get the disp_id of the issued cards
    disp_ids = issued_cards['disp_id']
    
    # Filter the disp DataFrame to get clients associated with the disp_ids
    client_info = df_disp[df_disp['disp_id'].isin(disp_ids)]
    
    # Get the client_id of the clients
    client_ids = client_info['client_id']
    
    return client_ids"
qwen_before_adaptive,before,adaptive,qwen,103,1,2,True,ok,0,"def find_client_id_by_card_issue_date(cards_df):
    # Filter the cards DataFrame to get only the rows where the issue date is '1994-03-03'
    filtered_cards = cards_df[cards_df['issued'] == '1994-03-03']
    
    # Extract the client_id from the filtered DataFrame
    client_ids = filtered_cards['client_id'].unique()
    
    return client_ids"
qwen_before_adaptive,before,adaptive,qwen,103,2,2,True,ok,0,"import pandas as pd

def find_client_issued_card_on_date(cards_df, date):
    # Convert the date column to datetime format if not already
    cards_df['issued'] = pd.to_datetime(cards_df['issued'])
    
    # Filter the DataFrame to get the row where the card was issued on the specified date
    filtered_df = cards_df[cards_df['issued'].dt.date == pd.Timestamp(date).date()]
    
    # Extract the client_id from the filtered DataFrame
    client_id = filtered_df['client_id'].values[0]
    
    return client_id"
qwen_before_adaptive,before,adaptive,qwen,103,3,2,True,ok,0,"def find_client_issued_card_on_date(cards_df):
    target_date = '1994-03-03'
    result = cards_df[(cards_df['issued'] == target_date)]['client_id']
    return result"
qwen_before_adaptive,before,adaptive,qwen,103,4,2,True,ok,0,"import pandas as pd

def get_client_id_by_card_issue_date(cards_df):
    target_date = '1994-03-03'
    filtered_cards = cards_df[cards_df['issued'] == target_date]
    return filtered_cards['client_id'].unique()"
qwen_before_adaptive,before,adaptive,qwen,104,0,1,False,ok,0,"import pandas as pd

def get_account_open_date(transaction_date, transaction_amount):
    filtered_accounts = account[(account['date'] == transaction_date) & (account['amount'] == transaction_amount)]
    if not filtered_accounts.empty:
        return filtered_accounts['date'].min()
    else:
        return None"
qwen_before_adaptive,before,adaptive,qwen,104,1,1,False,ok,0,"import pandas as pd

def find_account_open_date(account_id):
    # Filter transactions to find the specific transaction
    specific_transaction = trans[(trans['account_id'] == account_id) & (trans['amount'] == 840) & (trans['date'] == '1998-10-14')]
    
    if not specific_transaction.empty:
        # Get the account details for the specific transaction
        account_details = account[account['account_id'] == account_id]
        
        if not account_details.empty:
            # Return the open date of the account
            return account_details['date'].values[0]
        else:
            return ""Account details not found""
    else:
        return ""Specific transaction not found""

# Example usage
account_id = 12345  # Replace with actual account ID
open_date = find_account_open_date(account_id)
print(f""The account was opened on: {open_date}"")"
qwen_before_adaptive,before,adaptive,qwen,104,2,1,False,ok,0,"def find_account_open_date(transaction_amount, transaction_date):
    # Filter transactions for the specified amount and date
    filtered_transactions = trans[(trans['amount'] == transaction_amount) & (trans['date'] == transaction_date)]
    
    # Get the account IDs from the filtered transactions
    account_ids = filtered_transactions['account_id']
    
    # Find the minimum date for each account ID to determine when the account was opened
    account_open_dates = account[account['account_id'].isin(account_ids)]['date'].min()
    
    return account_open_dates"
qwen_before_adaptive,before,adaptive,qwen,104,3,1,False,ok,0,"import pandas as pd

def get_account_open_date(account_df, trans_df, target_amount=840, target_date='1998-10-14'):
    # Filter transactions to find the one with the specified amount and date
    target_transaction = trans_df[(trans_df['date'] == target_date) & (trans_df['amount'] == target_amount)]
    
    if not target_transaction.empty:
        # Get the account_id from the target transaction
        target_account_id = target_transaction['account_id'].values[0]
        
        # Find the earliest date in the account history for the target account_id
        open_date = account_df[account_df['account_id'] == target_account_id]['date'].min()
        return open_date
    else:
        return None

# Example usage:
# open_date = get_account_open_date(account_df, trans_df)
# print(open_date)"
qwen_before_adaptive,before,adaptive,qwen,104,4,1,False,ok,0,"import pandas as pd

def find_account_open_date(transaction_amount, transaction_date):
    # Filter transactions based on the given amount and date
    filtered_transactions = trans[(trans['amount'] == transaction_amount) & (trans['date'] == transaction_date)]
    
    # Get the account IDs from the filtered transactions
    account_ids = filtered_transactions['account_id']
    
    # Find the minimum date for each account ID to determine when it was opened
    account_open_dates = account[account_ids]['date'].min()
    
    return account_open_dates"
qwen_before_adaptive,before,adaptive,qwen,105,0,1,False,ok,0,"def get_district_id_of_opened_account(loan_date):
    # Assuming 'account' DataFrame has columns 'account_id', 'district_id', and 'date'
    # Assuming 'loan' DataFrame has columns 'loan_id', 'account_id', 'date', 'amount', 'duration', 'payments', and 'status'
    
    # Filter the loan DataFrame to find the account associated with the given loan date
    loan_filtered = loan[(loan['date'] == loan_date) & (loan['status'] == 'approved')]
    
    if not loan_filtered.empty:
        # Get the account_id from the filtered loan DataFrame
        account_id = loan_filtered['account_id'].values[0]
        
        # Filter the account DataFrame to find the district_id associated with the account_id
        account_filtered = account[account['account_id'] == account_id]
        
        if not account_filtered.empty:
            # Return the district_id from the filtered account DataFrame
            return account_filtered['district_id'].values[0]
    
    return None

# Example usage:
# district_id = get_district_id_of_opened_account('1994-08-25')
# print(district_id)"
qwen_before_adaptive,before,adaptive,qwen,105,1,1,False,ok,0,"def get_loan_account_district(loan_date):
    # Filter the loan DataFrame to find the account associated with the given loan date
    loan_df_filtered = loan[loan['date'] == loan_date]
    
    # Get the account_id from the filtered loan DataFrame
    account_id = loan_df_filtered['account_id'].values[0]
    
    # Use the account_id to filter the account DataFrame and get the district_id
    district_id = account[account['account_id'] == account_id]['district_id'].values[0]
    
    return district_id"
qwen_before_adaptive,before,adaptive,qwen,105,2,1,False,ok,0,"import pandas as pd

def get_district_id_for_loan_approval(loan_df, account_df, approval_date):
    # Filter the loan DataFrame to find the specific loan approval date
    approved_loan = loan_df[(loan_df['date'] == approval_date) & (loan_df['status'] == 'approved')]
    
    if not approved_loan.empty:
        # Get the account_id from the approved loan
        account_id = approved_loan.iloc[0]['account_id']
        
        # Find the district_id associated with the account_id in the account DataFrame
        district_id = account_df[account_df['account_id'] == account_id]['district_id'].iloc[0]
        
        return district_id
    else:
        return None"
qwen_before_adaptive,before,adaptive,qwen,105,3,1,False,ok,0,"import pandas as pd

def get_district_id_for_loan_approval(account_df, loan_df):
    # Filter the loan DataFrame to find the loan approval record from 1994/8/25
    approved_loan = loan_df[(loan_df['date'] == '1994-08-25') & (loan_df['status'] == 'approved')]
    
    if not approved_loan.empty:
        # Get the account_id from the approved loan
        account_id = approved_loan.iloc[0]['account_id']
        
        # Filter the account DataFrame to find the district_id associated with the account_id
        district_info = account_df[account_df['account_id'] == account_id]
        
        if not district_info.empty:
            return district_info.iloc[0]['district_id']
    
    return None"
qwen_before_adaptive,before,adaptive,qwen,105,4,1,False,ok,0,"import pandas as pd

def get_district_id_for_loan(account_df, loan_df, loan_date):
    # Filter the loan DataFrame to find the specific loan
    specific_loan = loan_df[(loan_df['date'] == loan_date) & (loan_df['status'] == 'approved')]
    
    if not specific_loan.empty:
        # Get the account_id of the specific loan
        account_id = specific_loan['account_id'].values[0]
        
        # Find the district_id associated with the account_id
        district_id = account_df.loc[account_df['account_id'] == account_id, 'district_id'].values[0]
        
        return district_id
    else:
        return None"
qwen_before_adaptive,before,adaptive,qwen,106,0,3,True,ok,0,"def max_transaction_amount_for_client(card_opened_date):
    # Filter clients who had their cards opened in 1996/10/21
    client_ids = card[card['issued'] == card_opened_date]['client_id']
    
    # Join client IDs with transactions to get all transactions made by these clients
    client_transactions = trans[trans['account_id'].isin(client_ids)]
    
    # Find the maximum transaction amount for these clients
    max_amount = client_transactions['amount'].max()
    
    return max_amount"
qwen_before_adaptive,before,adaptive,qwen,106,1,3,True,ok,1,"def max_transaction_amount(card_opened_date):
    # Filter cards opened in the specified date
    filtered_cards = card[card['issued'] == card_opened_date]
    
    # Get the client IDs from the filtered cards
    client_ids = filtered_cards['client_id']
    
    # Join the client IDs with the transactions DataFrame to get transactions related to these clients
    client_transactions = pd.merge(filtered_cards, trans, on='account_id')
    
    # Find the maximum transaction amount for each client
    max_amounts = client_transactions.groupby('client_id')['amount'].max()
    
    # Return the maximum transaction amount for all clients
    return max_amounts.max()

# Example usage:
# max_transaction_amount('1996-10-21')"
qwen_before_adaptive,before,adaptive,qwen,106,2,3,True,ok,1,"import pandas as pd

def max_transaction_amount(card_opened_date):
    # Filter the card DataFrame to get the account_ids where cards were opened in the specified date
    filtered_cards = card[(card['issued'] == card_opened_date)]
    
    # Merge the filtered cards DataFrame with the trans DataFrame on account_id
    merged_data = pd.merge(filtered_cards, trans, on='account_id')
    
    # Group the merged data by client_id and find the maximum transaction amount for each client
    max_amounts = merged_data.groupby('client_id')['amount'].max()
    
    return max_amounts"
qwen_before_adaptive,before,adaptive,qwen,106,3,3,True,ok,0,"import pandas as pd

def max_transaction_amount(card_opened_date):
    # Filter cards opened in 1996/10/21
    filtered_cards = card[card['issued'] == card_opened_date]
    
    # Get the corresponding clients and their transactions
    client_ids = filtered_cards['client_id']
    client_transactions = trans[trans['account_id'].isin(client_ids)]
    
    # Find the maximum transaction amount
    max_amount = client_transactions['amount'].max()
    
    return max_amount"
qwen_before_adaptive,before,adaptive,qwen,106,4,3,True,ok,1,"def max_transaction_amount(card_opened_date):
    # Convert card_opened_date to datetime
    card_opened_date = pd.to_datetime(card_opened_date)
    
    # Filter clients who had cards opened in 1996/10/21
    client_ids = card[(card['issued'] == '1996-10-21')]['client_id']
    
    # Join client and trans tables to get transactions for those clients
    client_trans = pd.merge(client[client['client_id'].isin(client_ids)], trans, on='client_id')
    
    # Find the maximum transaction amount for those clients
    max_amount = client_trans['amount'].max()
    
    return max_amount"
qwen_before_adaptive,before,adaptive,qwen,107,0,1,False,ok,1,"import pandas as pd

def get_oldest_client_gender(df_client, df_district):
    # Calculate the average salary per district
    avg_salary_per_district = df_district.groupby('district_id')['A1'].mean().reset_index()
    
    # Merge the average salary with the client data to find clients in high average salary districts
    high_avg_clients = df_client.merge(avg_salary_per_district, on='district_id')
    
    # Find the district with the highest average salary
    highest_avg_district = high_avg_clients['A1'].max()
    
    # Filter clients in the highest average salary district
    clients_in_high_avg = high_avg_clients[high_avg_clients['A1'] == highest_avg_district]
    
    # Sort the clients by birth date to find the oldest one
    oldest_client = clients_in_high_avg.sort_values(by='birth_date').head(1)
    
    # Return the gender of the oldest client
    return oldest_client['gender'].values[0]"
qwen_before_adaptive,before,adaptive,qwen,107,1,1,False,ok,1,"import pandas as pd

def get_oldest_client_gender_in_highest_salary_branch():
    # Merge client and district tables on district_id
    merged_df = pd.merge(client, district, on='district_id')
    
    # Calculate the average salary per branch
    avg_salary_per_branch = merged_df.groupby('A1')['A1'].transform('mean')
    
    # Find the highest average salary branch
    highest_avg_salary_branch = avg_salary_per_branch.idxmax()
    
    # Filter clients who opened their accounts in the highest average salary branch
    filtered_clients = merged_df[merged_df['A1'] == highest_avg_salary_branch]
    
    # Sort the filtered clients by birth_date to find the oldest one
    oldest_client = filtered_clients.sort_values(by='birth_date').head(1)
    
    # Return the gender of the oldest client
    return oldest_client['gender'].values[0]

# Call the function and print the result
print(get_oldest_client_gender_in_highest_salary_branch())"
qwen_before_adaptive,before,adaptive,qwen,107,2,1,False,ok,0,"import pandas as pd

def get_oldest_client_gender():
    # Calculate the average salary per branch
    avg_salary_per_branch = district.groupby('district_id')['A1'].mean().reset_index()
    
    # Merge the average salary with the client data to find clients from the highest average salary branch
    highest_avg_salary_branch = avg_salary_per_branch.loc[avg_salary_per_branch['A1'] == avg_salary_per_branch['A1'].max(), 'district_id']
    clients_in_highest_avg_salary_branch = client[client['district_id'].isin(highest_avg_salary_branch)]
    
    # Find the oldest client in the highest average salary branch
    oldest_client = clients_in_highest_avg_salary_branch.sort_values(by='birth_date').head(1)
    
    return oldest_client['gender'].values[0]"
qwen_before_adaptive,before,adaptive,qwen,107,3,1,False,ok,1,"import pandas as pd

def get_oldest_client_gender(df_district, df_client):
    # Calculate the average salary per branch (district)
    avg_salary_per_branch = df_district.groupby('district_id')['A1'].mean().reset_index()
    
    # Merge the client data with the average salary per branch
    merged_df = pd.merge(df_client, avg_salary_per_branch, on='district_id')
    
    # Find the highest average salary branch
    max_avg_salary_branch = merged_df['A1'].max()
    
    # Filter clients who opened their accounts in the highest average salary branch
    clients_in_max_avg_salary_branch = merged_df[merged_df['A1'] == max_avg_salary_branch]
    
    # Sort these clients by birth date to find the oldest one
    oldest_client = clients_in_max_avg_salary_branch.sort_values(by='birth_date').head(1)
    
    # Return the gender of the oldest client
    return oldest_client['gender'].values[0]"
qwen_before_adaptive,before,adaptive,qwen,107,4,1,False,ok,1,"import pandas as pd

def get_oldest_client_gender():
    # Calculate the average salary per district
    avg_salary_per_district = district.groupby('district_id')['A1'].mean().reset_index()
    
    # Merge the average salary data back to the client DataFrame
    clients_with_avg_salary = pd.merge(client, avg_salary_per_district, on='district_id')
    
    # Find the highest average salary
    highest_avg_salary = clients_with_avg_salary['A1'].max()
    
    # Filter clients who opened their accounts in the highest average salary branch
    clients_in_highest_salary_branch = clients_with_avg_salary[clients_with_avg_salary['A1'] == highest_avg_salary]
    
    # Sort these clients by birth date and select the oldest one
    oldest_client = clients_in_highest_salary_branch.sort_values(by='birth_date').head(1)
    
    # Return the gender of the oldest client
    return oldest_client['gender'].values[0]

# Call the function and print the result
print(get_oldest_client_gender())"
qwen_before_adaptive,before,adaptive,qwen,108,0,2,False,ok,0,"def first_transaction_amount_after_loan(loan_df, account_df, trans_df):
    # Find the client who applied for the biggest loan
    max_loan_client = loan_df.loc[loan_df['amount'].idxmax()]['account_id']
    
    # Filter transactions for the client after their account opening date
    client_account_open_date = account_df.loc[account_df['account_id'] == max_loan_client, 'date'].min()
    filtered_trans = trans_df[(trans_df['account_id'] == max_loan_client) & (trans_df['date'] > client_account_open_date)]
    
    # Get the first transaction amount after the account opening
    first_transaction_amount = filtered_trans['amount'].iloc[0]
    
    return first_transaction_amount"
qwen_before_adaptive,before,adaptive,qwen,108,1,2,False,ok,0,"import pandas as pd

def get_first_transaction_amount_after_loan(application_date):
    # Find the client who applied for the biggest loan
    max_loan_client = loan[loan['date'] == application_date].sort_values(by='amount', ascending=False).iloc[0]['account_id']
    
    # Get the earliest transaction date for the client after opening the account
    client_account_open_date = account[(account['account_id'] == max_loan_client) & (account['date'] <= application_date)].sort_values(by='date').iloc[0]['date']
    first_transaction_date = trans[(trans['account_id'] == max_loan_client) & (trans['date'] > client_account_open_date)].sort_values(by='date').iloc[0]['date']
    
    # Get the first transaction amount
    first_transaction_amount = trans[(trans['account_id'] == max_loan_client) & (trans['date'] == first_transaction_date)]['amount'].values[0]
    
    return first_transaction_amount"
qwen_before_adaptive,before,adaptive,qwen,108,2,2,False,ok,0,"import pandas as pd

def first_transaction_amount_after_loan(application_df, account_df, trans_df):
    # Find the client with the largest loan amount
    max_loan_client = application_df['account_id'][application_df['amount'].idxmax()]
    
    # Filter transactions for the client with the largest loan and sort them by date
    client_transactions = trans_df[(trans_df['account_id'] == max_loan_client) & (trans_df['type'] == 'saving')]
    client_transactions_sorted = client_transactions.sort_values(by='date')
    
    # Get the first transaction amount
    first_transaction_amount = client_transactions_sorted['operation'].iloc[0]
    
    return first_transaction_amount"
qwen_before_adaptive,before,adaptive,qwen,108,3,2,False,ok,2,"def first_transaction_after_loan(application_df, account_df, trans_df):
    # Merge application and account dataframes to get the account details for each loan
    merged_df = pd.merge(application_df, account_df, on='account_id')
    
    # Sort the merged dataframe by date to find the earliest transactions after the loan application
    sorted_df = merged_df.sort_values(by=['date_x', 'date_y'])
    
    # Get the first transaction after the loan for each account
    first_transactions = sorted_df.groupby('account_id').head(1).reset_index(drop=True)
    
    # Merge the first transactions with the transaction dataframe to get the transaction details
    result_df = pd.merge(first_transactions, trans_df, on='trans_id')
    
    return result_df[['amount', 'balance']]"
qwen_before_adaptive,before,adaptive,qwen,108,4,2,False,ok,0,"import pandas as pd

def first_transaction_amount_after_account_opening(loan_df, account_df, trans_df):
    # Find the client with the biggest loan
    max_loan_client = loan_df.loc[loan_df['amount'].idxmax(), 'account_id']
    
    # Get the date the account was opened for the client with the biggest loan
    account_open_date = account_df.loc[account_df['account_id'] == max_loan_client, 'date'].min()
    
    # Filter transactions for the client's account and get the first transaction after the account opening date
    client_trans = trans_df[(trans_df['account_id'] == max_loan_client) & (trans_df['date'] > account_open_date)]
    if not client_trans.empty:
        first_transaction = client_trans.sort_values(by='date').iloc[0]
        return first_transaction['amount']
    else:
        return None  # Return None if there are no transactions after the account opening date"
qwen_before_adaptive,before,adaptive,qwen,109,0,1,False,ok,0,"import pandas as pd

def count_women_clients_in_jesenik(loan_data):
    jesenik_branch_clients = loan_data[loan_data['district_id'] == 'Jesenik']
    female_clients = jesenik_branch_clients[jesenik_branch_clients['gender'] == 'Female']
    return len(female_clients)

# Assuming loan_data is the DataFrame containing the loan data
result = count_women_clients_in_jesenik(loan_data)
print(result)"
qwen_before_adaptive,before,adaptive,qwen,109,1,1,False,ok,0,"def count_women_clients_jesenik(loan_data):
    jesenik_clients = loan_data[loan_data['branch'] == 'Jesenik']
    women_in_jesenik = jesenik_clients[jesenik_clients['gender'] == 'female']
    return len(women_in_jesenik)"
qwen_before_adaptive,before,adaptive,qwen,109,2,1,False,ok,0,"def count_women_clients_jesenik(df_client, df_district):
    jesenik_district = df_district[df_district['A1'] == 'Jeseník']['district_id'].values[0]
    female_clients = df_client[(df_client['gender'] == 'Female') & (df_client['district_id'] == jesenik_district)]
    return len(female_clients)"
qwen_before_adaptive,before,adaptive,qwen,109,3,1,False,ok,0,"def count_women_clients_in_jesenik(loan_data):
    jesenik_branch_clients = loan_data[loan_data['district_id'] == 'Jesenik']
    female_clients = jesenik_branch_clients[jesenik_branch_clients['gender'] == 'female']
    return len(female_clients)"
qwen_before_adaptive,before,adaptive,qwen,109,4,1,False,ok,0,"def count_women_clients_in_jesenik_branch():
    # Filter clients from Jesenik branch
    jesenik_clients = client[client['district_id'] == 'Jesenik']
    
    # Filter women from the filtered clients
    female_clients = jesenik_clients[jesenik_clients['gender'] == 'Female']
    
    # Count the number of female clients
    count_females = len(female_clients)
    
    return count_females"
qwen_before_adaptive,before,adaptive,qwen,110,0,2,True,ok,1,"def get_disp_id_for_transaction(transaction_amount, year, month, day):
    # Filter transactions based on the given criteria
    filtered_transactions = trans[(trans['amount'] == transaction_amount) & 
                                 (trans['date'].dt.year == year) & 
                                 (trans['date'].dt.month == month) & 
                                 (trans['date'].dt.day == day)]
    
    # Get the account ids from the filtered transactions
    account_ids = filtered_transactions['account_id']
    
    # Join the account ids with the disp table to get the corresponding disp ids
    disp_ids = pd.merge(account_ids, disp[['account_id', 'disp_id']], how='left')
    
    return disp_ids['disp_id'].unique()"
qwen_before_adaptive,before,adaptive,qwen,110,1,2,True,ok,0,"import pandas as pd

def get_disp_id_for_transaction(transaction_date, transaction_amount):
    # Filter transactions based on the given date and amount
    filtered_transactions = trans[(trans['date'] == transaction_date) & (trans['amount'] == transaction_amount)]
    
    # Get the account ids from the filtered transactions
    account_ids = filtered_transactions['account_id']
    
    # Join the account ids with the account table to get district ids
    district_ids = account[account_ids]['district_id']
    
    # Join the district ids with the disp table to get client ids
    client_ids = disp[district_ids]['client_id']
    
    # Join the client ids with the disp table again to get the disposition ids
    disp_ids = disp[client_ids]['disp_id']
    
    return disp_ids

# Example usage
transaction_date = '1998-09-02'
transaction_amount = 5100
result = get_disp_id_for_transaction(transaction_date, transaction_amount)
print(result)"
qwen_before_adaptive,before,adaptive,qwen,110,2,2,True,ok,0,"def find_disposition_id_for_transaction(trans_df, disp_df):
    # Filter transactions to find the one with specific details
    filtered_trans = trans_df[(trans_df['date'] == '1998-09-02') & (trans_df['amount'] == 5100) & (trans_df['operation'] == 'vyber')]
    
    # Get the account_id from the filtered transactions
    account_ids = filtered_trans['account_id'].unique()
    
    # Find the corresponding disposition ids for these account_ids
    disposition_ids = disp_df[disp_df['account_id'].isin(account_ids)]['disp_id']
    
    return disposition_ids"
qwen_before_adaptive,before,adaptive,qwen,110,3,2,True,ok,1,"import pandas as pd

def get_disposition_id(client_id, transaction_date, transaction_amount):
    # Filter the trans DataFrame to find transactions matching the criteria
    filtered_trans = trans[(trans['date'] == transaction_date) & (trans['amount'] == transaction_amount)]
    
    # Join the filtered transactions with the disp DataFrame to get the disposition ids
    result = pd.merge(filtered_trans, disp[['disp_id', 'client_id']], on='account_id')
    
    # Filter the result to only include rows where the client_id matches the input
    final_result = result[result['client_id'] == client_id]
    
    # Return the first disposition id found or None if no match is found
    return final_result['disp_id'].values[0] if not final_result.empty else None

# Example usage:
# disposition_id = get_disposition_id('some_client_id', '1998-09-02', 5100)
# print(disposition_id)"
qwen_before_adaptive,before,adaptive,qwen,110,4,2,True,ok,1,"def find_disp_id_for_transaction(trans_df, disp_df):
    # Filter transactions to find those matching the criteria
    filtered_transactions = trans_df[(trans_df['date'] == '1998-09-02') & (trans_df['amount'] == 5100)]
    
    # Get the account_ids from the filtered transactions
    account_ids = filtered_transactions['account_id']
    
    # Join with the disp table to get the disp_id for each account_id
    result = pd.merge(filtered_transactions, disp_df, left_on='account_id', right_on='account_id')
    
    # Return the unique disp_id(s) found
    return result['disp_id'].unique()"
qwen_before_adaptive,before,adaptive,qwen,111,0,1,False,ok,0,"def count_accounts_opened_in_litomerice_1996(district, account):
    litomerice_district = district[district['A2'] == 'Litomerice']
    litomerice_accounts = account[account['district_id'].isin(litomerice_district['district_id'])]
    accounts_opened_1996 = litomerice_accounts[litomerice_accounts['date'].dt.year == 1996]
    return len(accounts_opened_1996)"
qwen_before_adaptive,before,adaptive,qwen,111,1,1,False,ok,0,"def count_accounts_opened_in_litomerice_in_1996(district_df, account_df):
    litomerice_district = district_df[district_df['A2'] == 'Litomerice']
    litomerice_account_ids = litomerice_district['district_id'].unique()
    litomerice_accounts = account_df[account_df['district_id'].isin(litomerice_account_ids)]
    accounts_opened_in_1996 = litomerice_accounts[litomerice_accounts['date'].dt.year == 1996]
    return len(accounts_opened_in_1996)"
qwen_before_adaptive,before,adaptive,qwen,111,2,1,False,ok,0,"import pandas as pd

def count_accounts_opened_in_litomerice_1996(district_df, account_df):
    litomerice_mask = district_df['A2'] == 'Litomerice'
    year_mask = account_df['date'].dt.year == 1996
    litomerice_accounts = account_df[account_df['district_id'].isin(litomerice_mask[district_df[litomerice_mask]['district_id']].index)]
    filtered_accounts = litomerice_accounts[year_mask]
    return len(filtered_accounts)"
qwen_before_adaptive,before,adaptive,qwen,111,3,1,False,ok,0,"def count_accounts_opened_in_litomerice_in_1996(district_df, account_df):
    litomerice_district = district_df[district_df['A2'] == 'Litomerice'].iloc[0]['district_id']
    accounts_opened_in_1996 = account_df[(account_df['date'].dt.year == 1996) & (account_df['district_id'] == litomerice_district)]
    return len(accounts_opened_in_1996)"
qwen_before_adaptive,before,adaptive,qwen,111,4,1,False,ok,0,"def count_accounts_opened_in_litomerice_1996():
    litomerice_data = district[district['A2'] == 'Litomerice']
    filtered_data = account[account['district_id'].isin(litomerice_data['district_id']) & (account['date'].dt.year == 1996)]
    return len(filtered_data)"
qwen_before_adaptive,before,adaptive,qwen,112,0,1,False,ok,0,"def find_district_for_client(gender, birth_date):
    filtered_clients = client[(client['gender'] == gender) & (client['birth_date'] == birth_date)]
    if not filtered_clients.empty:
        district_id = filtered_clients.iloc[0]['district_id']
        district_info = district[district['district_id'] == district_id]
        if not district_info.empty:
            return district_info.iloc[0].tolist()
    return None

# Example usage
result = find_district_for_client('Female', '1976-01-29')
print(result)"
qwen_before_adaptive,before,adaptive,qwen,112,1,1,False,ok,0,"import pandas as pd

def find_client_district(gender='female', birth_date='1976-01-29'):
    female_clients = client[(client['gender'] == gender) & (client['birth_date'] == birth_date)]
    if not female_clients.empty:
        district_ids = female_clients['district_id']
        district_info = district.loc[district_ids]
        return district_info
    else:
        return ""No female client found with the given birth date.""

# Example usage:
result = find_client_district()
print(result)"
qwen_before_adaptive,before,adaptive,qwen,112,2,1,False,ok,0,"def find_district_of_female_client(client_df, district_df):
    female_client = client_df[(client_df['gender'] == 'female') & (client_df['birth_date'] == '1976/1/29')]
    if not female_client.empty:
        district_id = female_client['district_id'].iloc[0]
        district_info = district_df[district_df['district_id'] == district_id]
        return district_info[['A2', 'A3', 'A4', 'A5', 'A6', 'A7', 'A8', 'A9', 'A10', 'A11', 'A12', 'A13', 'A14', 'A15', 'A16']]
    else:
        return None"
qwen_before_adaptive,before,adaptive,qwen,112,3,1,False,ok,0,"import pandas as pd

def find_district_of_birth(gender, birth_date):
    # Filter the client DataFrame to get the row where gender is 'F' and birth_date matches
    female_client = client[(client['gender'] == gender) & (client['birth_date'] == birth_date)]
    
    # Get the district_id from the filtered client DataFrame
    district_id = female_client['district_id'].values[0]
    
    # Get the district information from the district DataFrame using the district_id
    district_info = district.loc[district_id]
    
    return district_info"
qwen_before_adaptive,before,adaptive,qwen,112,4,1,False,ok,0,"def get_client_district(gender, birth_date):
    filtered_clients = client[(client['gender'] == gender) & (client['birth_date'] == birth_date)]
    if not filtered_clients.empty:
        district_id = filtered_clients.iloc[0]['district_id']
        return district.loc[district['district_id'] == district_id, ['A2', 'A3', 'A4', 'A5', 'A6', 'A7', 'A8', 'A9', 'A10', 'A11', 'A12', 'A13', 'A14', 'A15', 'A16']].values.flatten()
    else:
        return None"
qwen_before_adaptive,before,adaptive,qwen,113,0,3,True,ok,2,"def get_birthday_for_loan_amount_and_date(loan_df, account_df, client_df, loan_amount=98832, loan_date='1996-01-03'):
    # Merge loan and account dataframes on account_id
    merged_loans_accounts = pd.merge(loan_df, account_df, on='account_id')
    
    # Filter for the specific loan amount and date
    filtered_data = merged_loans_accounts[(merged_loans_accounts['amount'] == loan_amount) & 
                                          (merged_loans_accounts['date'] == loan_date)]
    
    # Merge the filtered data with the client dataframe on district_id
    final_merged = pd.merge(filtered_data, client_df, left_on='district_id', right_on='district_id')
    
    # Return the birth_date of the client
    return final_merged['birth_date'].values[0]"
qwen_before_adaptive,before,adaptive,qwen,113,1,3,True,ok,1,"def get_birthday_for_loan(amount, year, month, day):
    # Merge loan and account dataframes based on account_id
    merged_df = pd.merge(loan, account, on='account_id')
    
    # Filter the dataframe to find the specific loan application
    filtered_df = merged_df[(merged_df['amount'] == amount) & 
                           (merged_df['date'].dt.year == year) & 
                           (merged_df['date'].dt.month == month) & 
                           (merged_df['date'].dt.day == day)]
    
    # Extract the client_id from the filtered dataframe
    client_id = filtered_df['client_id'].values[0]
    
    # Get the birth_date of the client from the client dataframe
    birth_date = client.loc[client['client_id'] == client_id, 'birth_date'].values[0]
    
    return birth_date

# Example usage
birthday = get_birthday_for_loan(98832, 1996, 1, 3)
print(birthday)"
qwen_before_adaptive,before,adaptive,qwen,113,2,3,True,ok,3,"def get_birthday_for_loan_amount_and_date(loan_id, amount, date):
    # Merge the necessary tables to find the client's birthday
    merged_df = pd.merge(loan, account, on='account_id')
    merged_df = pd.merge(merged_df, disp, on='account_id')
    merged_df = pd.merge(merged_df, client, on='client_id')
    
    # Filter the DataFrame based on the given loan_id, amount, and date
    filtered_df = merged_df[(merged_df['loan_id'] == loan_id) & 
                           (merged_df['amount'] == amount) & 
                           (merged_df['date'].dt.strftime('%Y-%m-%d') == date)]
    
    # Return the birth_date of the client if found, otherwise return None
    return filtered_df['birth_date'].values[0] if not filtered_df.empty else None"
qwen_before_adaptive,before,adaptive,qwen,113,3,3,True,ok,1,"import pandas as pd

def get_birthday_for_loan_amount(client_data):
    # Merge the necessary tables to find the birthday of the client who took a 98832 USD loan in 1996/1/3
    merged_data = pd.merge(client_data, 
                           loan_data[(loan_data['amount'] == 98832) & (loan_data['date'].dt.year == 1996)], 
                           left_on='client_id', 
                           right_on='account_id')
    
    # Extract the birthday from the merged data
    birthday = merged_data['birth_date'].iloc[0]
    
    return birthday"
qwen_before_adaptive,before,adaptive,qwen,113,4,3,True,ok,2,"import pandas as pd

def get_birthdate_for_loan_amount_and_date(loan_amount, loan_date):
    # Filter the loan DataFrame to find the specific loan record
    loan_record = loan[(loan['amount'] == loan_amount) & (loan['date'] == loan_date)]
    
    # Get the account_id from the filtered loan record
    account_id = loan_record['account_id'].values[0]
    
    # Join the loan and account DataFrames on account_id to get the district_id
    loan_account_df = pd.merge(loan, account, on='account_id')
    
    # Filter the joined DataFrame to find the specific account record
    account_record = loan_account_df[loan_account_df['account_id'] == account_id]
    
    # Get the district_id from the filtered account record
    district_id = account_record['district_id'].values[0]
    
    # Join the account and client DataFrames on district_id to get the birth_date
    account_client_df = pd.merge(account, client, on='district_id')
    
    # Filter the joined DataFrame to find the specific client record
    client_record = account_client_df[account_client_df['district_id'] == district_id]
    
    # Get the birth_date from the filtered client record
    birth_date = client_record['birth_date'].values[0]
    
    return birth_date"
qwen_before_adaptive,before,adaptive,qwen,114,0,1,False,ok,0,"import pandas as pd

def get_first_client_account_id(prague_district):
    prague_accounts = account[account['district_id'] == prague_district]
    if not prague_accounts.empty:
        first_client_account = prague_accounts.sort_values(by='date').iloc[0]['account_id']
        return first_client_account
    else:
        return None"
qwen_before_adaptive,before,adaptive,qwen,114,1,1,False,ok,1,"import pandas as pd

def get_account_id_for_first_client_in_prague(account_df, district_df):
    # Merge the two dataframes on district_id to get all relevant information
    merged_df = pd.merge(account_df, district_df, on='district_id')
    
    # Filter the dataframe to only include rows where A2 is 'Prague'
    prague_accounts = merged_df[merged_df['A2'] == 'Prague']
    
    # Sort the filtered dataframe by the date of account opening
    sorted_accounts = prague_accounts.sort_values(by='date')
    
    # Get the account_id of the first client who opened an account in Prague
    first_client_account_id = sorted_accounts.iloc[0]['account_id']
    
    return first_client_account_id"
qwen_before_adaptive,before,adaptive,qwen,114,2,1,False,ok,0,"import pandas as pd

def get_account_id_for_first_client_in_prague(account_df, district_df):
    # Filter the district DataFrame to find the row where A2 is 'Prague'
    prague_row = district_df[district_df['A2'] == 'Prague']
    
    # Get the district_id of the first client in Prague
    district_id_of_first_client = prague_row.index[0]
    
    # Filter the account DataFrame to find the row where district_id matches and frequency is 1 (first opening)
    first_client_account = account_df[(account_df['district_id'] == district_id_of_first_client) & (account_df['frequency'] == 1)]
    
    # Get the account_id of the first client
    account_id = first_client_account['account_id'].values[0]
    
    return account_id"
qwen_before_adaptive,before,adaptive,qwen,114,3,1,False,ok,0,"import pandas as pd

def get_account_id_for_first_client_in_prague(account_df, district_df):
    prague_districts = district_df[district_df['A1'] == 'Prague']['district_id'].tolist()
    first_opened_accounts = account_df[account_df['district_id'].isin(prague_districts)].sort_values(by='date').head(1)
    return first_opened_accounts['account_id'].values[0]"
qwen_before_adaptive,before,adaptive,qwen,114,4,1,False,ok,1,"import pandas as pd

def get_first_account_in_prague(account_df, district_df):
    # Merge account and district dataframes on district_id
    merged_df = pd.merge(account_df, district_df, on='district_id')
    
    # Filter rows where A2 column in district table equals 'Prague'
    prague_accounts = merged_df[merged_df['A2'] == 'Prague']
    
    # Sort the filtered dataframe by the date column to find the earliest account
    sorted_accounts = prague_accounts.sort_values(by='date')
    
    # Get the account_id of the first account in Prague
    first_account_id = sorted_accounts.iloc[0]['account_id']
    
    return first_account_id"
qwen_before_adaptive,before,adaptive,qwen,115,0,1,False,ok,0,"import pandas as pd

def calculate_male_percentage_in_south_bohemia():
    # Filter the district data to find the one in South Bohemia with the biggest number of inhabitants
    south_bohemia_district = district[district['A2'] == 'south bohemia'].sort_values(by='A1', ascending=False).iloc[0]
    
    # Get the client IDs from the filtered district
    client_ids = client[client['district_id'] == south_bohemia_district['district_id']]['client_id']
    
    # Filter the client data to get only the males
    male_clients = client_ids[client['gender'] == 'male']
    
    # Calculate the percentage of male clients
    total_clients = len(client_ids)
    male_percentage = (len(male_clients) / total_clients) * 100
    
    return male_percentage"
qwen_before_adaptive,before,adaptive,qwen,115,1,1,False,ok,0,"import pandas as pd

def calculate_male_percentage():
    # Filter the district to find the one with the biggest number of inhabitants in the south Bohemia
    south_bohemia_district = district[district['A2'] == 'south bohemia'].idxmax()
    
    # Filter the client data to only include those from the selected district
    district_clients = client[client['district_id'] == south_bohemia_district]
    
    # Calculate the total number of male and female clients
    total_males = district_clients[district_clients['gender'] == 'male']['client_id'].count()
    total_females = district_clients[district_clients['gender'] == 'female']['client_id'].count()
    
    # Calculate the total number of clients
    total_clients = district_clients['client_id'].count()
    
    # Calculate the percentage of male clients
    male_percentage = (total_males / total_clients) * 100
    
    return male_percentage"
qwen_before_adaptive,before,adaptive,qwen,115,2,1,False,ok,0,"def calculate_male_percentage():
    # Filter clients from the southern Bohemia
    southern_bohemia_clients = client[client['district_id'].isin(district[district['A1'] == 'south Bohemia']['district_id'])]
    
    # Calculate the total number of clients and the number of male clients
    total_clients = len(southern_bohemia_clients)
    male_clients = sum(southern_bohemia_clients['gender'] == 'male')
    
    # Calculate the percentage of male clients
    male_percentage = (male_clients / total_clients) * 100
    
    return male_percentage"
qwen_before_adaptive,before,adaptive,qwen,115,3,1,False,ok,0,"import pandas as pd

def calculate_male_percentage_in_south_bohemia(clients_df, districts_df):
    # Filter the districts to get those in the south Bohemia
    south_bohemia_districts = districts_df[(districts_df['A2'] == 'south') & (districts_df['A3'] == 'Bohemia')]
    
    # Get the district IDs of the south Bohemia districts
    south_bohemia_ids = south_bohemia_districts['district_id']
    
    # Filter the clients to get those from the south Bohemia districts
    south_bohemia_clients = clients_df[clients_df['district_id'].isin(south_bohemia_ids)]
    
    # Calculate the total number of clients and the number of male clients
    total_clients = len(south_bohemia_clients)
    male_clients = len(south_bohemia_clients[south_bohemia_clients['gender'] == 'male'])
    
    # Calculate the percentage of male clients
    if total_clients == 0:
        male_percentage = 0
    else:
        male_percentage = (male_clients / total_clients) * 100
    
    return male_percentage"
qwen_before_adaptive,before,adaptive,qwen,115,4,1,False,ok,0,"def calculate_male_percentage_in_south_bohemia():
    # Filter clients from South Bohemia (assuming A1 is a indicator for South Bohemia)
    south_bohemia_clients = client[client['A1'] == 1]
    
    # Calculate total number of clients in South Bohemia
    total_clients = len(south_bohemia_clients)
    
    # Calculate number of male clients in South Bohemia
    male_clients = sum(south_bohemia_clients['gender'] == 'Male')
    
    # Calculate the percentage of male clients
    if total_clients > 0:
        male_percentage = (male_clients / total_clients) * 100
    else:
        male_percentage = 0
    
    return male_percentage"
qwen_before_adaptive,before,adaptive,qwen,116,0,2,False,ok,1,"import pandas as pd

def calculate_balance_increase_rate(loan_df, account_df, trans_df):
    # Find the first approved loan for each client
    first_approved_loans = loan_df[(loan_df['date'] == '1993-07-05') & (loan_df['status'] == 'APPROVED')]
    
    # Get the account IDs of these clients
    client_account_ids = first_approved_loans['account_id'].unique()
    
    # Filter transactions for these accounts within the specified date range
    filtered_trans = trans_df[
        (trans_df['account_id'].isin(client_account_ids)) &
        (trans_df['date'] >= '1993-03-22') &
        (trans_df['date'] <= '1998-12-27')
    ]
    
    # Calculate the initial and final balances for each client
    initial_balances = filtered_trans[filtered_trans['date'] == '1993-03-22'].groupby('account_id')['balance'].sum().reset_index()
    final_balances = filtered_trans[filtered_trans['date'] == '1998-12-27'].groupby('account_id')['balance'].sum().reset_index()
    
    # Merge initial and final balances
    merged_balances = pd.merge(initial_balances, final_balances, on='account_id', suffixes=('_initial', '_final'))
    
    # Calculate the increase rate
    merged_balances['increase_rate'] = (merged_balances['balance_final'] - merged_balances['balance_initial']) / merged_balances['balance_initial']
    
    return merged_balances['increase_rate'].values[0] if not merged_balances.empty else None"
qwen_before_adaptive,before,adaptive,qwen,116,1,2,False,ok,2,"def calculate_balance_increase_rate(loan, account, trans):
    # Find the first approved loan for each client
    first_approved_loans = loan[loan['status'] == 'APPROVED'].sort_values(by=['date']).drop_duplicates(subset='account_id', keep='first')
    
    # Merge the first approved loans with the account information to get district_id
    first_approved_loans_with_account = pd.merge(first_approved_loans, account, on='account_id')
    
    # Filter transactions within the specified date range and for the accounts of interest
    relevant_transactions = trans[(trans['date'] >= '1993-03-22') & (trans['date'] <= '1998-12-27')][trans['account_id'].isin(first_approved_loans_with_account['account_id'])]
    
    # Calculate the total balance change for each account within the date range
    balance_changes = relevant_transactions.groupby('account_id')['balance'].sum().reset_index()
    
    # Join the balance changes with the first approved loans to get the initial balances
    balance_changes_with_initial = pd.merge(balance_changes, first_approved_loans_with_account[['account_id', 'district_id']], on='account_id')
    
    # Calculate the increase rate
    balance_changes_with_initial['increase_rate'] = balance_changes_with_initial['balance'] / balance_changes_with_initial['balance'] - 1
    
    return balance_changes_with_initial"
qwen_before_adaptive,before,adaptive,qwen,116,2,2,False,ok,0,"import pandas as pd

def calculate_balance_increase_rate(loan_df, account_df, trans_df):
    # Find the client's ID who got their loan approved first in 1993/7/5
    client_id = loan_df[(loan_df['date'] == '1993/07/05') & (loan_df['status'] == 'APPROVED')]['client_id'].iloc[0]
    
    # Filter transactions for the client and sort them by date
    client_trans = trans_df[trans_df['account_id'].isin(account_df[account_df['client_id'] == client_id]['account_id'])].sort_values(by='date')
    
    # Get the initial and final balances within the specified period
    start_date = '1993/03/22'
    end_date = '1998/12/27'
    start_balance = client_trans[(client_trans['date'] >= start_date)]['balance'].min()
    end_balance = client_trans[(client_trans['date'] <= end_date)]['balance'].max()
    
    # Calculate the increase rate
    increase_rate = ((end_balance - start_balance) / start_balance) * 100
    
    return increase_rate"
qwen_before_adaptive,before,adaptive,qwen,116,3,2,False,ok,1,"import pandas as pd

def calculate_balance_increase_rate():
    # Merge loan and account dataframes based on account_id
    merged_df = pd.merge(loan, account, on='account_id')
    
    # Filter records for the specific date
    filtered_df = merged_df[(merged_df['date_x'] == '1993-07-05') & (merged_df['status'] == 'APPROVED')]
    
    # Get the account_id of the client who got the loan first in 1993/7/5
    client_account_id = filtered_df['account_id'].iloc[0]
    
    # Filter transactions for the client's account between 1993/3/22 and 1998/12/27
    trans_filtered_df = trans[(trans['account_id'] == client_account_id) & 
                              (trans['date'] >= '1993-03-22') & 
                              (trans['date'] <= '1998-12-27')]
    
    # Calculate the initial and final balances
    initial_balance = trans_filtered_df.loc[trans_filtered_df['date'] == '1993-03-22', 'balance'].values[0]
    final_balance = trans_filtered_df.loc[trans_filtered_df['date'] == '1998-12-27', 'balance'].values[-1]
    
    # Calculate the increase rate
    balance_increase_rate = ((final_balance - initial_balance) / initial_balance) * 100
    
    return balance_increase_rate"
qwen_before_adaptive,before,adaptive,qwen,116,4,2,False,ok,0,"import pandas as pd

def calculate_balance_increase_rate(loan_df, account_df, trans_df):
    # Find the loan approval date and client ID
    first_loan = loan_df[(loan_df['date'] == '1993/7/5') & (loan_df['status'] == 'approved')]
    client_id = first_loan['client_id'].iloc[0]
    
    # Filter transactions for the client's account
    client_trans = trans_df[trans_df['account_id'].isin(first_loan['account_id'])]
    
    # Filter transactions between the dates
    start_date = '1993/3/22'
    end_date = '1998/12/27'
    filtered_trans = client_trans[(client_trans['date'] >= start_date) & (client_trans['date'] <= end_date)]
    
    # Calculate the initial and final balances
    initial_balance = filtered_trans[filtered_trans['date'] == start_date]['balance'].values[0]
    final_balance = filtered_trans[filtered_trans['date'] == end_date]['balance'].values[-1]
    
    # Calculate the increase rate
    if initial_balance != 0:
        increase_rate = ((final_balance - initial_balance) / initial_balance) * 100
    else:
        increase_rate = None
    
    return increase_rate"
qwen_before_adaptive,before,adaptive,qwen,117,0,0,False,ok,0,"import pandas as pd

def calculate_full_payment_percentage(loan):
    total_amount = loan['amount'].sum()
    full_payments = loan[loan['status'] == 'Fully Paid']['amount'].sum()
    percentage = (full_payments / total_amount) * 100
    return percentage"
qwen_before_adaptive,before,adaptive,qwen,117,1,0,False,ok,0,"import pandas as pd

def calculate_paid_percentage(loan):
    total_amount = loan['amount'].sum()
    paid_amount = loan[loan['status'] == 'Fully Paid']['amount'].sum()
    paid_percentage = (paid_amount / total_amount) * 100
    return paid_percentage"
qwen_before_adaptive,before,adaptive,qwen,117,2,0,False,ok,0,"def calculate_full_payment_percentage(loan):
    # Filter loans where the status is 'Fully Paid'
    fully_paid_loans = loan[loan['status'] == 'Fully Paid']
    
    # Calculate the total amount of fully paid loans
    total_fully_paid_amount = fully_paid_loans['amount'].sum()
    
    # Calculate the total amount of all loans
    total_loan_amount = loan['amount'].sum()
    
    # Calculate the percentage of fully paid amount
    if total_loan_amount == 0:
        return 0
    full_payment_percentage = (total_fully_paid_amount / total_loan_amount) * 100
    
    return full_payment_percentage"
qwen_before_adaptive,before,adaptive,qwen,117,3,0,False,ok,0,"def calculate_full_payment_percentage(loan):
    total_amount = loan['amount'].sum()
    fully_paid_amount = loan[loan['status'] == 'Fully Paid']['amount'].sum()
    percentage = (fully_paid_amount / total_amount) * 100
    return percentage"
qwen_before_adaptive,before,adaptive,qwen,117,4,0,False,ok,0,"import pandas as pd

def calculate_full_payment_percentage(loan):
    # Filter loans where the status is 'Fully Paid'
    fully_paid_loans = loan[loan['status'] == 'Fully Paid']
    
    # Calculate the total amount of fully paid loans
    total_full_paid_amount = fully_paid_loans['amount'].sum()
    
    # Calculate the total amount of all loans
    total_loan_amount = loan['amount'].sum()
    
    # Calculate the percentage of fully paid amount
    full_payment_percentage = (total_full_paid_amount / total_loan_amount) * 100
    
    return full_payment_percentage"
qwen_before_adaptive,before,adaptive,qwen,118,0,0,False,ok,0,"def calculate_running_loans_percentage(loan):
    filtered_loans = loan[(loan['amount'] < 100000) & (loan['status'] == 'running')]
    total_running_loans = len(filtered_loans)
    total_accounts = len(loan[loan['amount'] < 100000])
    if total_accounts == 0:
        return 0
    percentage = (total_running_loans / total_accounts) * 100
    return percentage"
qwen_before_adaptive,before,adaptive,qwen,118,1,0,False,ok,0,"def calculate_running_loans_percentage(df):
    filtered_df = df[(df['amount'] < 100000) & (df['status'] == 'running')]
    total_running_loans = len(filtered_df)
    total_eligible_accounts = len(df[df['amount'] < 100000])
    if total_eligible_accounts == 0:
        return 0
    percentage = (total_running_loans / total_eligible_accounts) * 100
    return percentage"
qwen_before_adaptive,before,adaptive,qwen,118,2,0,False,ok,0,"def calculate_running_loans_percentage(loan):
    filtered_loans = loan[(loan['amount'] < 100000) & (loan['status'] == 'running')]
    total_running_loans = len(filtered_loans)
    total_accounts = len(loan['account_id'].unique())
    percentage = (total_running_loans / total_accounts) * 100 if total_accounts > 0 else 0
    return percentage"
qwen_before_adaptive,before,adaptive,qwen,118,3,0,False,ok,0,"def calculate_running_loans_percentage(loan):
    filtered_loans = loan[(loan['amount'] < 100000) & (loan['status'] == 'running')]
    total_running_loans = len(filtered_loans)
    total_accounts = len(loan[loan['amount'] < 100000])
    if total_accounts == 0:
        return 0
    percentage = (total_running_loans / total_accounts) * 100
    return percentage"
qwen_before_adaptive,before,adaptive,qwen,118,4,0,False,ok,0,"def calculate_running_loans_percentage(loan):
    condition = (loan['amount'] < 100000) & (loan['status'] == 'running')
    running_loans_count = loan[condition].shape[0]
    total_eligible_loans_count = loan[loan['amount'] < 100000].shape[0]
    percentage = (running_loans_count / total_eligible_loans_count) * 100 if total_eligible_loans_count > 0 else 0
    return percentage"
qwen_before_adaptive,before,adaptive,qwen,119,0,1,False,ok,1,"import pandas as pd

def get_loan_status_features(account_df, district_df):
    # Filter accounts from 1993 with statement issued after transaction
    filtered_accounts = account_df[(account_df['date'].dt.year == 1993) & (account_df['frequency'] > 0)]
    
    # Merge with district table to get district information
    merged_data = pd.merge(filtered_accounts, district_df, on='district_id')
    
    # Select required columns
    result = merged_data[['account_id', 'A1', 'A2']]
    
    return result"
qwen_before_adaptive,before,adaptive,qwen,119,1,1,False,ok,1,"import pandas as pd

def get_loan_status_data(account_df, district_df):
    # Filter accounts from 1993 with statement issued after transaction
    filtered_accounts = account_df[(account_df['date'].dt.year == 1993) & (account_df['frequency'] > 0)]
    
    # Merge with district data to get district name and region
    merged_data = pd.merge(filtered_accounts, district_df, on='district_id')
    
    # Select required columns
    result = merged_data[['account_id', 'A2', 'A3']]
    
    return result"
qwen_before_adaptive,before,adaptive,qwen,119,2,1,False,ok,1,"import pandas as pd

def get_loan_status_features(account_df, district_df):
    # Filter accounts from 1993
    filtered_accounts = account_df[(account_df['date'].dt.year == 1993) & (account_df['frequency'] > 0)]
    
    # Merge with district data to get district name and region
    merged_data = pd.merge(filtered_accounts, district_df, on='district_id')
    
    # Select required columns
    result = merged_data[['account_id', 'A1', 'A2']]
    
    return result"
qwen_before_adaptive,before,adaptive,qwen,119,3,1,False,ok,1,"import pandas as pd

def load_data():
    # Assuming these functions load data from your database into pandas DataFrames
    account_df = pd.read_sql_table('account', 'your_database_connection')
    district_df = pd.read_sql_table('district', 'your_database_connection')
    return account_df, district_df

def filter_accounts(account_df, district_df):
    # Filter accounts for year 1993 and statement issued after transaction
    filtered_account_df = account_df[(account_df['date'].dt.year == 1993) & (account_df['frequency'] > 0)]
    
    # Merge with district DataFrame to get district name and region
    merged_df = pd.merge(filtered_account_df, district_df, on='district_id')
    
    # Select required columns
    result_df = merged_df[['account_id', 'A2', 'A13']]
    
    return result_df

# Load data
account_df, district_df = load_data()

# Get the result
result = filter_accounts(account_df, district_df)

print(result)"
qwen_before_adaptive,before,adaptive,qwen,119,4,1,False,ok,1,"import pandas as pd

def get_loan_status_features(account, district):
    # Filter accounts from 1993 with statement issued after transaction
    filtered_accounts = account[(account['date'].dt.year == 1993) & (account['date'] > account['statement_date'])]
    
    # Merge with district data to get district name and region
    merged_data = pd.merge(filtered_accounts, district, on='district_id')
    
    # Select required columns
    result = merged_data[['account_id', 'A2', 'A3']]
    
    return result"
qwen_before_adaptive,before,adaptive,qwen,120,0,1,False,ok,0,"import pandas as pd

def get_account_frequency(start_year, end_year, district_name):
    # Filter accounts within the specified year range and district
    filtered_accounts = account[(account['date'].dt.year >= start_year) & 
                               (account['date'].dt.year <= end_year) & 
                               (account['district_id'] == district_name)]
    
    # Group by account_id and calculate the frequency of statement issuance
    result = filtered_accounts.groupby('account_id')['frequency'].sum().reset_index()
    
    return result

# Example usage
start_year = 1995
end_year = 2000
district_name = 'east Bohemia'
result = get_account_frequency(start_year, end_year, district_name)
print(result)"
qwen_before_adaptive,before,adaptive,qwen,120,1,1,False,ok,1,"import pandas as pd

def get_accounts_holders():
    # Filter the data for the years 1995 to 2000
    filtered_data = account[(account['date'].dt.year >= 1995) & (account['date'].dt.year <= 2000)]
    
    # Join the filtered data with the district table to filter by 'east Bohemia'
    joined_data = pd.merge(filtered_data, district, on='district_id')
    east_bohemia_accounts = joined_data[joined_data['A2'] == 'east Bohemia']
    
    # Select the required columns and return as DataFrame
    result = east_bohemia_accounts[['account_id', 'frequency']]
    return result"
qwen_before_adaptive,before,adaptive,qwen,120,2,1,False,ok,1,"import pandas as pd

def get_accounts_from_east_bohemia():
    # Filter the account DataFrame for the years 1995 to 2000
    filtered_accounts = account[(account['date'].dt.year >= 1995) & (account['date'].dt.year <= 2000)]
    
    # Join the filtered accounts with the district DataFrame to filter by 'east Bohemia'
    joined_data = pd.merge(filtered_accounts, district, on='district_id')
    east_bohemia_accounts = joined_data[joined_data['A1'] == 'east Bohemia']
    
    # Select the required columns and return them
    result = east_bohemia_accounts[['account_id', 'frequency']]
    return result"
qwen_before_adaptive,before,adaptive,qwen,120,3,1,False,ok,0,"import pandas as pd

def get_account_frequency_in_east_bohemia(start_year=1995, end_year=2000):
    # Filter the account data for the specified years and district
    filtered_accounts = account[(account['date'].dt.year >= start_year) & (account['date'].dt.year <= end_year) & (account['district_id'] == 'east Bohemia')]
    
    # Group by account_id and calculate the frequency of statement issuance
    result = filtered_accounts.groupby('account_id')['frequency'].sum().reset_index()
    
    return result"
qwen_before_adaptive,before,adaptive,qwen,120,4,1,False,ok,0,"import pandas as pd

def get_accounts_from_east_bohemia():
    # Filter accounts within the specified year range and district
    filtered_accounts = account[(account['date'].dt.year >= 1995) & (account['date'].dt.year <= 2000) & 
                              (account['district_id'] == 'east Bohemia')]
    
    # Select the required columns
    result = filtered_accounts[['account_id', 'frequency']]
    
    return result"
qwen_before_adaptive,before,adaptive,qwen,121,0,1,False,ok,1,"import pandas as pd

def get_account_info(account_df, district_df):
    # Merge the account DataFrame with the district DataFrame on district_id
    merged_df = pd.merge(account_df, district_df, on='district_id')
    
    # Filter the merged DataFrame to include only rows where A2 is 'Prachatice'
    prachatice_accounts = merged_df[merged_df['A2'] == 'Prachatice']
    
    # Select the required columns: account_id and date
    result = prachatice_accounts[['account_id', 'date']]
    
    return result"
qwen_before_adaptive,before,adaptive,qwen,121,1,1,False,ok,1,"import pandas as pd

def get_account_info(account_df, district_df):
    # Merge account and district dataframes on district_id
    merged_df = pd.merge(account_df, district_df, on='district_id')
    
    # Filter rows where A2 is 'Prachatice'
    prachatice_accounts = merged_df[merged_df['A2'] == 'Prachatice']
    
    # Select account_id and date columns
    result = prachatice_accounts[['account_id', 'date']]
    
    return result"
qwen_before_adaptive,before,adaptive,qwen,121,2,1,False,ok,0,"def get_account_info(practice_accounts):
    practice_accounts = practice_accounts[practice_accounts['district_id'] == 'Prachatice']
    result = practice_accounts[['account_id', 'date']]
    return result"
qwen_before_adaptive,before,adaptive,qwen,121,3,1,False,ok,1,"import pandas as pd

def get_account_info(practice_accounts):
    # Merge the account and district tables on district_id
    merged_df = pd.merge(account, practice_accounts, on='district_id')
    
    # Filter the merged DataFrame to include only rows where A2 is 'Prachatice'
    filtered_df = merged_df[merged_df['A2'] == 'Prachatice']
    
    # Select the required columns: account_id and date
    result_df = filtered_df[['account_id', 'date']]
    
    return result_df"
qwen_before_adaptive,before,adaptive,qwen,121,4,1,False,ok,0,"import pandas as pd

def get_account_info(practice_accounts):
    # Filter accounts from 'Prachatice'
    practice_accounts = practice_accounts[practice_accounts['district_id'] == 'Prachatice']
    
    # Select required columns
    result = practice_accounts[['account_id', 'date']]
    
    return result"
qwen_before_adaptive,before,adaptive,qwen,122,0,2,False,ok,2,"def get_district_and_region_for_loan(loan_id):
    # Merge loan with account to get district_id
    merged_loan_account = pd.merge(loan, account, on='account_id')
    
    # Filter the row where loan_id is 4990
    specific_loan = merged_loan_account[merged_loan_account['loan_id'] == loan_id]
    
    # Get the district_id from the filtered row
    district_id = specific_loan['district_id'].values[0]
    
    # Merge district to get A2 (region) and A15 (district)
    final_merged = pd.merge(specific_loan, district, on='district_id')
    
    # Extract A2 (region) and A15 (district)
    region = final_merged['A2'].values[0]
    district = final_merged['A15'].values[0]
    
    return region, district

# Example usage
region, district = get_district_and_region_for_loan('4990')
print(f""Region: {region}, District: {district}"")"
qwen_before_adaptive,before,adaptive,qwen,122,1,2,False,ok,2,"import pandas as pd

def get_district_and_region(loan_id):
    # Merge loan DataFrame with account DataFrame on account_id
    merged_loan_account = pd.merge(loan, account, on='account_id')
    
    # Filter the merged DataFrame to find the row corresponding to the given loan_id
    filtered_df = merged_loan_account[merged_loan_account['loan_id'] == loan_id]
    
    # Extract district_id from the filtered DataFrame
    district_id = filtered_df['district_id'].iloc[0]
    
    # Merge district DataFrame with the filtered DataFrame on district_id
    final_merged_df = pd.merge(filtered_df, district, on='district_id')
    
    # Select the required columns (district and region) and return them
    result = final_merged_df[['district', 'A1']]
    return result"
qwen_before_adaptive,before,adaptive,qwen,122,2,2,False,ok,2,"import pandas as pd

def get_loan_district_region(loan_id):
    # Merge loan DataFrame with account DataFrame to get district_id
    merged_df = pd.merge(loan[loan['loan_id'] == loan_id], account, on='account_id')
    # Merge result with district DataFrame to get district details
    district_info = pd.merge(merged_df, district, on='district_id')
    # Extract required columns
    result = district_info[['district_id', 'A2', 'A3', 'A4', 'A5', 'A6', 'A7', 'A8', 'A9', 'A10', 'A11', 'A12', 'A13', 'A14', 'A15', 'A16']]
    return result

# Example usage
loan_id = 4990
result = get_loan_district_region(loan_id)
print(result)"
qwen_before_adaptive,before,adaptive,qwen,122,3,2,False,ok,2,"import pandas as pd

def get_loan_district_region(loan_id):
    # Merge loan DataFrame with account DataFrame to get district_id
    merged_df = pd.merge(loan, account, on='account_id')
    
    # Filter the merged DataFrame to get the row corresponding to the given loan_id
    result = merged_df[merged_df['loan_id'] == loan_id]
    
    # Get the district_id from the result
    district_id = result.iloc[0]['district_id']
    
    # Merge the result with district DataFrame to get A1 to A16 columns
    final_result = pd.merge(result, district, on='district_id')
    
    # Select the required columns (district and region)
    district_name = final_result.iloc[0]['A1']  # Assuming A1 contains the district name
    region = final_result.iloc[0]['A16']  # Assuming A16 contains the region information
    
    return district_name, region"
qwen_before_adaptive,before,adaptive,qwen,122,4,2,False,ok,2,"import pandas as pd

def get_loan_district_region(loan_id):
    # Merge loan DataFrame with account DataFrame to get district_id
    merged_df = pd.merge(loan[loan['loan_id'] == loan_id], account, on='account_id')
    # Merge the result with district DataFrame to get A1 to A16 columns
    result_df = pd.merge(merged_df, district, on='district_id')
    # Select the required columns
    return result_df[['district_id', 'A1', 'A2', 'A3', 'A4', 'A5', 'A6', 'A7', 'A8', 'A9', 'A10', 'A11', 'A12', 'A13', 'A14', 'A15', 'A16']]"
qwen_before_adaptive,before,adaptive,qwen,123,0,2,False,ok,2,"import pandas as pd

def get_loan_details(df_account, df_district, df_loan):
    # Filter loans with amount greater than 300,000
    filtered_loans = df_loan[df_loan['amount'] > 300000]
    
    # Merge loan details with account details to get account_id and district_id
    merged_df = pd.merge(filtered_loans, df_account[['account_id', 'district_id']], on='account_id')
    
    # Merge result with district details to get district information
    final_df = pd.merge(merged_df, df_district[['district_id', 'A2', 'A3', 'A4', 'A5', 'A6', 'A7', 'A8', 'A9', 'A10', 'A11', 'A12', 'A13', 'A14', 'A15', 'A16']], on='district_id')
    
    return final_df[['account_id', 'A2', 'A3', 'A4', 'A5', 'A6', 'A7', 'A8', 'A9', 'A10', 'A11', 'A12', 'A13', 'A14', 'A15', 'A16']]"
qwen_before_adaptive,before,adaptive,qwen,123,1,2,False,ok,2,"import pandas as pd

def get_loan_details(loan_df, account_df, district_df):
    # Filter loans with amount greater than 300,000
    filtered_loans = loan_df[loan_df['amount'] > 300000]
    
    # Merge loan details with account details to get account_id and district_id
    merged_with_account = pd.merge(filtered_loans, account_df[['account_id', 'district_id']], on='account_id')
    
    # Merge result with district details to get district information
    final_result = pd.merge(merged_with_account, district_df[['district_id', 'A2', 'A3', 'A4', 'A5', 'A6', 'A7', 'A8', 'A9', 'A10', 'A11', 'A12', 'A13', 'A14', 'A15', 'A16']], on='district_id')
    
    return final_result[['account_id', 'district_id', 'A2', 'A3', 'A4', 'A5', 'A6', 'A7', 'A8', 'A9', 'A10', 'A11', 'A12', 'A13', 'A14', 'A15', 'A16']]"
qwen_before_adaptive,before,adaptive,qwen,123,2,2,False,ok,1,"import pandas as pd

def get_loan_details(loan_df, account_df):
    # Merge loan and account dataframes on account_id
    merged_df = pd.merge(loan_df, account_df, on='account_id')
    
    # Filter rows where loan amount is greater than 300,000
    filtered_df = merged_df[merged_df['amount'] > 300000]
    
    # Select required columns: account_id, district_id, and region (assuming region is in district table)
    result_df = filtered_df[['account_id', 'district_id']]
    
    return result_df"
qwen_before_adaptive,before,adaptive,qwen,123,3,2,False,ok,1,"import pandas as pd

def get_loan_details(loan_df, account_df, district_df):
    # Merge loan and account dataframes on account_id
    merged_df = pd.merge(loan_df, account_df, on='account_id')
    
    # Filter rows where loan amount is greater than 300,000
    filtered_df = merged_df[merged_df['amount'] > 300000]
    
    # Select required columns: account_id, district_id from the filtered dataframe
    result = filtered_df[['account_id', 'district_id']]
    
    return result"
qwen_before_adaptive,before,adaptive,qwen,123,4,2,False,ok,2,"import pandas as pd

def get_loan_details(loan_df, account_df):
    # Filter loans with amount greater than 300,000
    filtered_loans = loan_df[loan_df['amount'] > 300000]
    
    # Merge with account to get district_id
    merged_with_account = pd.merge(filtered_loans, account_df[['account_id', 'district_id']], on='account_id')
    
    # Assuming district DataFrame is available and contains columns 'district_id' and other region-related columns (A2-A16)
    # For demonstration, let's assume we want to select all region-related columns from district table
    final_df = pd.merge(merged_with_account, district_df[['district_id', 'A2', 'A3', 'A4', 'A5', 'A6', 'A7', 'A8', 'A9', 'A10', 'A11', 'A12', 'A13', 'A14', 'A15', 'A16']], on='district_id')
    
    return final_df[['account_id', 'district_id', 'A2', 'A3', 'A4', 'A5', 'A6', 'A7', 'A8', 'A9', 'A10', 'A11', 'A12', 'A13', 'A14', 'A15', 'A16']]"
qwen_before_adaptive,before,adaptive,qwen,124,0,2,False,ok,2,"import pandas as pd

def average_salary_for_long_loans(loans_df, clients_df, districts_df):
    # Filter loans with duration of 60 months
    long_loans = loans_df[loans_df['duration'] == 60]
    
    # Merge with clients to get district information
    long_loans_with_clients = pd.merge(long_loans, clients_df, left_on='account_id', right_on='district_id')
    
    # Group by district and calculate average salary
    average_salaries = long_loans_with_clients.groupby('district_id')['salary'].mean().reset_index()
    
    # Merge with districts DataFrame to get district names
    result = pd.merge(average_salaries, districts_df[['district_id', 'A2']], left_on='district_id', right_on='district_id')
    
    # Rename columns for clarity
    result.rename(columns={'A2': 'district_name'}, inplace=True)
    
    return result"
qwen_before_adaptive,before,adaptive,qwen,124,1,2,False,ok,3,"import pandas as pd

def get_loan_info_with_avg_salary(account_df, district_df, loan_df, client_df):
    # Merge account and loan dataframes on account_id
    merged_account_loan = pd.merge(account_df, loan_df, on='account_id')
    
    # Filter loans with duration of 60 months
    filtered_loans = merged_account_loan[merged_account_loan['duration'] == 60]
    
    # Merge filtered loans with client dataframe to get district information
    merged_filtered_clients = pd.merge(filtered_loans, client_df, on='district_id')
    
    # Merge with district dataframe to get average salary
    final_merged = pd.merge(merged_filtered_clients, district_df, on='district_id')
    
    # Group by loan_id, district_id and calculate average salary
    result = final_merged.groupby(['loan_id', 'district_id']).agg(avg_salary=('amount', 'mean')).reset_index()
    
    return result"
qwen_before_adaptive,before,adaptive,qwen,124,2,2,False,ok,2,"import pandas as pd

def calculate_average_salary_for_long_loans(account_df, district_df, loan_df):
    # Merge account and district dataframes to get district information for each account
    merged_df = pd.merge(account_df, district_df, on='district_id')
    
    # Filter loans with a duration of 60 months
    long_loan_df = loan_df[loan_df['duration'] == 60]
    
    # Merge loan data with the merged dataframe to include district information
    combined_df = pd.merge(long_loan_df, merged_df, left_on='account_id', right_on='account_id')
    
    # Group by district and calculate the average salary
    average_salary_by_district = combined_df.groupby('district_id')['A1'].mean().reset_index()
    
    # Rename columns for clarity
    average_salary_by_district.columns = ['district_id', 'average_salary']
    
    return average_salary_by_district"
qwen_before_adaptive,before,adaptive,qwen,124,3,2,False,ok,1,"import pandas as pd

def calculate_average_salary_for_long_loans(account_df, district_df, loan_df):
    # Merge account and loan dataframes on account_id
    merged_data = pd.merge(account_df, loan_df, on='account_id')
    
    # Filter loans with duration of 60 months
    long_loans = merged_data[merged_data['duration'] == 60]
    
    # Group by district_id and calculate average salary
    average_salaries = long_loans.groupby('district_id')['amount'].mean().reset_index()
    
    return average_salaries"
qwen_before_adaptive,before,adaptive,qwen,124,4,2,False,ok,2,"import pandas as pd

def get_loan_avg_salary(df_account, df_district, df_loan):
    # Merge account and district dataframes on district_id
    merged_df = pd.merge(df_account, df_district, on='district_id')
    
    # Filter loans with duration of 60 months
    filtered_loans = df_loan[df_loan['duration'] == 60]
    
    # Merge filtered loans with merged dataframe to get district information
    final_df = pd.merge(filtered_loans, merged_df, left_on='account_id', right_on='account_id')
    
    # Calculate average salary for each district
    avg_salary_by_district = final_df.groupby('district')['A1'].mean().reset_index()
    
    return avg_salary_by_district"
qwen_before_adaptive,before,adaptive,qwen,125,0,2,False,ok,2,"import pandas as pd

def calculate_unemployment_rate_increment():
    # Filter loans that are still running
    running_loans = loan[loan['status'] == 'running']
    
    # Join with account data to get district information
    joined_data = pd.merge(running_loans, account, on='account_id')
    
    # Join with district data to get A2 (unemployment rate) information
    joined_data = pd.merge(joined_data, district, on='district_id')
    
    # Filter clients who are in debt
    in_debt_clients = joined_data[joined_data['amount'] > 0]
    
    # Calculate the average unemployment rate in 1995 and 1996
    avg_1995 = in_debt_clients[in_debt_clients['date'].dt.year == 1995]['A2'].mean()
    avg_1996 = in_debt_clients[in_debt_clients['date'].dt.year == 1996]['A2'].mean()
    
    # Calculate the percentage increase in unemployment rate
    percentage_increase = ((avg_1996 - avg_1995) / avg_1995) * 100
    
    return percentage_increase"
qwen_before_adaptive,before,adaptive,qwen,125,1,2,False,ok,2,"import pandas as pd

def calculate_unemployment_rate_increment():
    # Filter loans that are still running
    running_loans = loan[loan['status'] == 'running']
    
    # Join running loans with account data
    joined_data = pd.merge(running_loans, account, on='account_id')
    
    # Join the result with district data
    district_data = pd.merge(joined_data, district, on='district_id')
    
    # Filter clients who are in debt
    debt_clients = district_data[district_data['payments'] > 0]
    
    # Get the district IDs of these clients
    district_ids = debt_clients['district_id'].unique()
    
    # Extract unemployment rates for 1995 and 1996
    unemployment_1995 = district.loc[district_ids, ['A2', 'A3', 'A4', 'A5', 'A6', 'A7', 'A8', 'A9', 'A10', 'A11', 'A12', 'A13', 'A14', 'A15', 'A16']]
    unemployment_1996 = district.loc[district_ids, ['A2', 'A3', 'A4', 'A5', 'A6', 'A7', 'A8', 'A9', 'A10', 'A11', 'A12', 'A13', 'A14', 'A15', 'A16']].shift(-1)
    
    # Calculate the increment
    unemployment_increment = (unemployment_1996 - unemployment_1995).mean(axis=0)
    
    return unemployment_increment"
qwen_before_adaptive,before,adaptive,qwen,125,2,2,False,ok,2,"import pandas as pd

def calculate_unemployment_rate_increment():
    # Merge loan and account dataframes on account_id
    merged_data = pd.merge(loan, account, on='account_id')
    
    # Filter for loans that are still running and clients who are in debt
    filtered_data = merged_data[(merged_data['status'] == 'running') & (merged_data['amount'] > 0)]
    
    # Merge the result with district dataframe on district_id
    final_data = pd.merge(filtered_data, district, on='district_id')
    
    # Calculate the unemployment rate increment from 1995 to 1996
    final_data['unemployment_rate_1995'] = final_data['A2']
    final_data['unemployment_rate_1996'] = final_data['A3']
    final_data['unemployment_rate_increment'] = final_data['unemployment_rate_1996'] - final_data['unemployment_rate_1995']
    
    return final_data[['district_id', 'A1', 'unemployment_rate_increment']]"
qwen_before_adaptive,before,adaptive,qwen,125,3,2,False,ok,2,"import pandas as pd

def calculate_unemployment_rate_increase():
    # Merge loan and account dataframes on account_id
    merged_data = pd.merge(loan, account, on='account_id')
    
    # Filter for loans that are still running (status is 'running') and clients who are in debt
    filtered_data = merged_data[(merged_data['status'] == 'running') & (merged_data['amount'] > 0)]
    
    # Merge the result with district dataframe on district_id
    final_data = pd.merge(filtered_data, district, on='district_id')
    
    # Calculate the unemployment rate increase from 1995 to 1996
    final_data['unemployment_rate_1995'] = final_data['A2']
    final_data['unemployment_rate_1996'] = final_data['A3']
    final_data['unemployment_rate_increase'] = final_data['unemployment_rate_1996'] - final_data['unemployment_rate_1995']
    
    return final_data[['district', 'state', 'unemployment_rate_increase']]"
qwen_before_adaptive,before,adaptive,qwen,125,4,2,False,ok,4,"import pandas as pd

def calculate_unemployment_rate_increment(loan, account, district, client):
    # Filter active loans
    active_loans = loan[loan['status'] == 'active']
    
    # Join with account to get district information
    active_loans_with_account = pd.merge(active_loans, account, left_on='account_id', right_on='account_id')
    
    # Join with district to get A1-A16 columns
    active_loans_with_district = pd.merge(active_loans_with_account, district, left_on='district_id', right_on='district_id')
    
    # Join with client to get client details including district_id
    active_loans_with_client = pd.merge(active_loans_with_district, client, left_on='client_id', right_on='client_id')
    
    # Calculate the number of loans per district in 1995 and 1996
    loans_1995 = active_loans_with_client[(active_loans_with_client['date'].dt.year == 1995)]
    loans_1996 = active_loans_with_client[(active_loans_with_client['date'].dt.year == 1996)]
    
    # Group by district and sum the number of loans
    loans_by_district_1995 = loans_1995.groupby('district_id').size().reset_index(name='num_loans_1995')
    loans_by_district_1996 = loans_1996.groupby('district_id').size().reset_index(name='num_loans_1996')
    
    # Merge the two dataframes on district_id
    combined_data = pd.merge(loans_by_district_1995, loans_by_district_1996, on='district_id')
    
    # Calculate the percentage increase in unemployment rate
    combined_data['unemployment_rate_increase'] = ((combined_data['num_loans_1996'] - combined_data['num_loans_1995']) / combined_data['num_loans_1995']) * 100
    
    return combined_data[['A1', 'A2', 'A3', 'A4', 'A5', 'A6', 'A7', 'A8', 'A9', 'A10', 'A11', 'A12', 'A13', 'A14', 'A15', 'A16', 'unemployment_rate_increase']]"
qwen_before_adaptive,before,adaptive,qwen,126,0,1,False,ok,0,"import pandas as pd

def calculate_decin_percentage(accounts_df, districts_df):
    decin_districts = districts_df[districts_df['A2'] == 'Decin']
    decin_accounts = accounts_df[accounts_df['district_id'].isin(decin_districts['district_id'])]
    total_accounts_1993 = accounts_df[(accounts_df['date'].dt.year == 1993)]['account_id'].nunique()
    decin_accounts_1993 = decin_accounts[(decin_accounts['date'].dt.year == 1993)]['account_id'].nunique()
    percentage = (decin_accounts_1993 / total_accounts_1993) * 100
    return percentage"
qwen_before_adaptive,before,adaptive,qwen,126,1,1,False,ok,0,"import pandas as pd

def calculate_decin_account_percentage(account_df, district_df):
    decin_district_id = district_df[district_df['A2'] == 'Decin']['district_id'].values[0]
    decin_accounts = account_df[(account_df['district_id'] == decin_district_id) & (account_df['date'].str.contains('1993'))]
    total_accounts = account_df[account_df['date'].str.contains('1993')]
    percentage = (len(decin_accounts) / len(total_accounts)) * 100
    return percentage"
qwen_before_adaptive,before,adaptive,qwen,126,2,1,False,ok,0,"import pandas as pd

def calculate_decin_percentage(account_df, district_df):
    decin_accounts = account_df[(account_df['district_id'] == district_df[district_df['A2'] == 'Decin']['district_id'].values[0]) & 
                               (pd.to_datetime(account_df['date']).dt.year == 1993)]
    total_1993_accounts = account_df[pd.to_datetime(account_df['date']).dt.year == 1993]
    percentage = (len(decin_accounts) / len(total_1993_accounts)) * 100
    return percentage"
qwen_before_adaptive,before,adaptive,qwen,126,3,1,False,ok,1,"import pandas as pd

def calculate_decin_account_percentage(account_df, district_df):
    # Merge account_df and district_df on district_id
    merged_df = pd.merge(account_df, district_df, on='district_id')
    
    # Filter rows where the year in the date column is 1993
    filtered_df = merged_df[merged_df['date'].dt.year == 1993]
    
    # Count the number of accounts in 'Decin' district
    decin_count = filtered_df[filtered_df['A2'] == 'Decin']['account_id'].count()
    
    # Count the total number of accounts opened in 1993
    total_count = filtered_df['account_id'].count()
    
    # Calculate the percentage
    percentage = (decin_count / total_count) * 100
    
    return percentage"
qwen_before_adaptive,before,adaptive,qwen,126,4,1,False,ok,0,"import pandas as pd

def calculate_decin_percentage(accounts_df, districts_df):
    decin_accounts = accounts_df[(accounts_df['date'].str.contains('1993')) & (districts_df.loc[accounts_df['district_id'], 'A2'] == 'Decin')]
    total_1993_accounts = accounts_df[accounts_df['date'].str.contains('1993')].shape[0]
    percentage = (decin_accounts.shape[0] / total_1993_accounts) * 100 if total_1993_accounts > 0 else 0
    return percentage"
qwen_before_adaptive,before,adaptive,qwen,127,0,0,False,ok,0,"import pandas as pd

def get_monthly_issuance(account):
    # Convert the 'date' column to datetime format if not already
    account['date'] = pd.to_datetime(account['date'])
    
    # Extract year and month from the 'date' column
    account['year_month'] = account['date'].dt.to_period('M')
    
    # Group by 'account_id' and 'year_month' to count the number of records per group
    monthly_counts = account.groupby(['account_id', 'year_month']).size().reset_index(name='count')
    
    return monthly_counts"
qwen_before_adaptive,before,adaptive,qwen,127,1,0,False,ok,0,"import pandas as pd

def get_monthly_issuance(account):
    # Convert the 'date' column to datetime format if it's not already
    account['date'] = pd.to_datetime(account['date'])
    
    # Extract the year and month from the 'date' column
    account['year_month'] = account['date'].dt.to_period('M')
    
    # Group by 'account_id' and 'year_month', then count the number of rows in each group
    monthly_counts = account.groupby(['account_id', 'year_month']).size().reset_index(name='count')
    
    return monthly_counts"
qwen_before_adaptive,before,adaptive,qwen,127,2,0,False,ok,0,"import pandas as pd

def get_monthly_statement_issuance(account_df):
    # Convert the 'date' column to datetime format
    account_df['date'] = pd.to_datetime(account_df['date'])
    
    # Extract month and year from the 'date' column
    account_df['month_year'] = account_df['date'].dt.to_period('M')
    
    # Group by 'account_id' and 'month_year', then count the number of rows in each group
    result = account_df.groupby(['account_id', 'month_year']).size().reset_index(name='statement_count')
    
    return result"
qwen_before_adaptive,before,adaptive,qwen,127,3,0,False,ok,0,"import pandas as pd

def get_monthly_issuance(df):
    # Convert the 'date' column to datetime format
    df['date'] = pd.to_datetime(df['date'])
    
    # Extract year and month from the 'date' column
    df['year_month'] = df['date'].dt.to_period('M')
    
    # Group by 'account_id' and 'year_month', then filter groups with more than one row
    result = df.groupby(['account_id', 'year_month']).filter(lambda x: len(x) > 1)
    
    # Select unique account IDs
    return result[['account_id']].drop_duplicates()"
qwen_before_adaptive,before,adaptive,qwen,127,4,0,False,ok,0,"import pandas as pd

def get_monthly_issuance(accounts):
    # Convert the 'date' column to datetime format
    accounts['date'] = pd.to_datetime(accounts['date'])
    
    # Extract month and year from the date
    accounts['month_year'] = accounts['date'].dt.to_period('M')
    
    # Group by 'account_id' and 'month_year', then count the number of rows in each group
    monthly_counts = accounts.groupby(['account_id', 'month_year']).size().reset_index(name='count')
    
    return monthly_counts"
qwen_before_adaptive,before,adaptive,qwen,128,0,1,False,ok,1,"import pandas as pd

def get_female_clients_by_district(client_df, district_df):
    # Filter clients who are female
    female_clients = client_df[client_df['gender'] == 'female']
    
    # Merge with district information
    merged_data = pd.merge(female_clients, district_df, on='district_id')
    
    # Group by district and count the number of female clients
    district_counts = merged_data.groupby('district_id').size().reset_index(name='female_count')
    
    # Sort by female_count in descending order and select the top 9
    top_n_districts = district_counts.sort_values(by='female_count', ascending=False).head(9)
    
    return top_n_districts"
qwen_before_adaptive,before,adaptive,qwen,128,1,1,False,ok,1,"import pandas as pd

def get_top_n_female_districts(df_client, df_district, n=9):
    # Merge the two dataframes on 'district_id'
    merged_df = pd.merge(df_client, df_district, on='district_id')
    
    # Filter for female account holders
    female_clients = merged_df[merged_df['gender'] == 'female']
    
    # Group by 'district_id' and count the number of females in each district
    district_counts = female_clients.groupby('district_id').size()
    
    # Sort the counts in descending order and select the top n districts
    top_n_districts = district_counts.sort_values(ascending=False).head(n)
    
    return top_n_districts"
qwen_before_adaptive,before,adaptive,qwen,128,2,1,False,ok,1,"import pandas as pd

def top_n_female_districts(n=9):
    # Filter the DataFrame to include only female clients
    female_clients = client[client['gender'] == 'female']
    
    # Merge the filtered clients with the district information
    merged_df = female_clients.merge(district, on='district_id')
    
    # Group by district and count the number of female clients in each district
    district_counts = merged_df.groupby('district_id').size().reset_index(name='count')
    
    # Sort the districts by the count in descending order
    sorted_districts = district_counts.sort_values(by='count', ascending=False)
    
    # Select the top n districts
    top_districts = sorted_districts.head(n)
    
    return top_districts[['district_id', 'count']]"
qwen_before_adaptive,before,adaptive,qwen,128,3,1,False,ok,1,"import pandas as pd

def get_female_clients_per_district(client_df, district_df):
    # Merge client and district dataframes on district_id
    merged_df = pd.merge(client_df, district_df, on='district_id')
    
    # Filter for female clients
    female_clients = merged_df[merged_df['gender'] == 'female']
    
    # Group by district_id and count the number of female clients in each district
    female_clients_per_district = female_clients.groupby('district_id').size().reset_index(name='female_clients_count')
    
    # Sort the results by the count of female clients in descending order
    sorted_female_clients = female_clients_per_district.sort_values(by='female_clients_count', ascending=False)
    
    # Get the top 9 districts
    top_nine_districts = sorted_female_clients.head(9)
    
    return top_nine_districts"
qwen_before_adaptive,before,adaptive,qwen,128,4,1,False,ok,1,"import pandas as pd

def get_female_clients_per_district():
    # Merge client and district tables on district_id
    merged_df = pd.merge(client, district, on='district_id')
    
    # Filter for female clients
    female_clients = merged_df[merged_df['gender'] == 'female']
    
    # Group by district_id and count the number of female clients
    female_counts = female_clients.groupby('district_id').size()
    
    # Sort the counts in descending order and take the top 9
    top_nine_districts = female_counts.sort_values(ascending=False).head(9)
    
    return top_nine_districts"
qwen_before_adaptive,before,adaptive,qwen,129,0,2,False,ok,1,"import pandas as pd

def top_withdrawals_by_district(df_account, df_trans):
    # Filter transactions for January 1996 and non-credit card withdrawals
    filtered_df = df_trans[(df_trans['date'].dt.month == 1) & (df_trans['date'].dt.year == 1996) & 
                           (df_trans['type'] != 'Kreditní kart') & 
                           (df_trans['operation'] == 'Výběr')]
    
    # Group by district name and sum the amounts
    result = filtered_df.merge(df_account[['district_id', 'A2']], left_on='account_id', right_on='district_id')
    result.rename(columns={'A2': 'district_name'}, inplace=True)
    grouped_result = result.groupby('district_name')['amount'].sum().reset_index()
    
    # Get the top ten districts with the highest total withdrawal amounts
    top_ten = grouped_result.nlargest(10, 'amount')
    
    return top_ten"
qwen_before_adaptive,before,adaptive,qwen,129,1,2,False,ok,1,"import pandas as pd

def top_withdrawals_by_district(df_account, df_trans):
    # Filter transactions for January 1996 and non-credit card operations
    filtered_df = df_trans[(df_trans['date'].dt.month == 1) & (df_trans['date'].dt.year == 1996) & (df_trans['type'] != 'Kredit')]
    
    # Group by district and sum the withdrawal amounts
    result = filtered_df.groupby('district_id')['amount'].sum().reset_index()
    
    # Join with district table to get district names
    result = result.merge(df_account[['district_id', 'A2']], left_on='district_id', right_on='district_id')
    
    # Sort by total withdrawal amount in descending order and select top 10
    top_10 = result.sort_values(by='amount', ascending=False).head(10)
    
    return top_10"
qwen_before_adaptive,before,adaptive,qwen,129,2,2,False,ok,2,"import pandas as pd

def get_top_withdrawals_by_district(district_df, account_df, trans_df):
    # Filter transactions for January 1996 and non-credit card operations
    filtered_trans = trans_df[(trans_df['date'].dt.month == 1) & 
                              (trans_df['date'].dt.year == 1996) & 
                              (trans_df['type'] != 'Kreditní kart')]
    
    # Join with account to get district information
    joined_data = pd.merge(filtered_trans, account_df, on='account_id')
    
    # Group by district and sum the amounts of withdrawals
    district_withdrawals = joined_data.groupby('district_id')['amount'].sum().reset_index()
    
    # Merge with district table to get district names
    district_withdrawals = pd.merge(district_withdrawals, district_df[['district_id', 'A2']], on='district_id')
    
    # Sort by total withdrawal amount in descending order and select top 10
    top_withdrawals = district_withdrawals.sort_values(by='amount', ascending=False).head(10)
    
    return top_withdrawals"
qwen_before_adaptive,before,adaptive,qwen,129,3,2,False,ok,2,"import pandas as pd

def get_top_withdrawals_by_district(df_account, df_trans):
    # Filter transactions for January 1996 and non-credit card withdrawals
    filtered_df = df_trans[(df_trans['date'].dt.month == 1) & (df_trans['date'].dt.year == 1996) & (df_trans['type'] != 'Kreditovana kartice')]
    
    # Join with account to get district information
    joined_df = pd.merge(filtered_df, df_account[['account_id', 'district_id']], on='account_id')
    
    # Group by district and sum up the amounts of withdrawals
    aggregated_df = joined_df.groupby('district_id')['amount'].sum().reset_index()
    
    # Merge with district table to get district names
    final_df = pd.merge(aggregated_df, df_district[['district_id', 'A2']], on='district_id')
    
    # Sort by amount in descending order and select top 10
    result = final_df.sort_values(by='amount', ascending=False).head(10)
    
    return result"
qwen_before_adaptive,before,adaptive,qwen,129,4,2,False,ok,1,"import pandas as pd

def top_withdrawals_by_district(df_account, df_trans):
    # Filter transactions for January 1996 and non-credit card withdrawals
    filtered_df = df_trans[(df_trans['date'].dt.month == 1) & 
                          (df_trans['date'].dt.year == 1996) & 
                          (df_trans['type'] == 'VYBER') & 
                          (df_trans['operation'] != 'Kreditkarty')]
    
    # Join with account DataFrame to get district information
    joined_df = pd.merge(filtered_df, df_account, on='account_id')
    
    # Group by district name and sum the amounts
    grouped_df = joined_df.groupby('A2')['amount'].sum().reset_index()
    
    # Sort by total amount in descending order and select top 10
    result = grouped_df.sort_values(by='amount', ascending=False).head(10)
    
    return result"
qwen_before_adaptive,before,adaptive,qwen,130,0,2,True,ok,0,"import pandas as pd

def count_non_credit_card_holders_in_south_bohemia():
    south_bohemia_districts = ['South Bohemia', 'Other Districts']
    non_credit_card_types = ['SAVING', 'DEPOSIT']

    south_bohemia_clients = client[client['district_id'].isin(south_bohemia_districts)]
    disp_saving_deposit = disp[(disp['type'] == 'SAVING') | (disp['type'] == 'DEPOSIT')]
    
    disp_saving_deposit_filtered = disp_saving_deposit[disp_saving_deposit['client_id'].isin(south_bohemia_clients['client_id'])]
    
    non_credit_card_holders = disp_saving_deposit_filtered[~disp_saving_deposit_filtered['account_id'].isin(account['account_id'])]
    
    return len(non_credit_card_holders)

# Call the function and print the result
print(count_non_credit_card_holders_in_south_bohemia())"
qwen_before_adaptive,before,adaptive,qwen,130,1,2,True,ok,0,"import pandas as pd

def count_non_credit_card_holders(df_district, df_client, df_disp, df_account):
    south_bohemian_clients = df_client[df_client['district_id'] == 'South Bohemia']['client_id']
    non_credit_card_accounts = df_disp[(df_disp['type'] != 'credit card') & (df_disp['client_id'].isin(south_bohemian_clients))]['account_id']
    return len(non_credit_card_accounts)

# Assuming the DataFrames are already defined and loaded
result = count_non_credit_card_holders(df_district, df_client, df_disp, df_account)
print(result)"
qwen_before_adaptive,before,adaptive,qwen,130,2,2,True,ok,0,"import pandas as pd

def count_non_credit_card_holders(df_district, df_client, df_disp, df_account):
    south_bohemian_accounts = df_account[df_account['district_id'] == 'South Bohemia']
    non_credit_card_accounts = south_bohemian_accounts[south_bohemian_accounts['type'] != 'credit card']
    non_credit_card_clients = non_credit_card_accounts['client_id'].unique()
    return len(non_credit_card_clients)"
qwen_before_adaptive,before,adaptive,qwen,130,3,2,True,ok,0,"import pandas as pd

def count_non_credit_card_holders(df_district, df_client, df_disp, df_account):
    south_bohemian_clients = df_district[df_district['A2'] == 'South Bohemia']['district_id']
    non_credit_card_accounts = df_disp[(df_disp['type'] != 'credit card') & (df_disp['account_id'].isin(df_account['account_id']))]
    non_credit_card_holder_ids = non_credit_card_accounts['client_id']
    non_credit_card_holders_in_south_bohemia = non_credit_card_holder_ids[non_credit_card_holder_ids.isin(south_bohemian_clients)]
    return len(non_credit_card_holders_in_south_bohemia)

# Assuming the dataframes are already defined and loaded
result = count_non_credit_card_holders(df_district, df_client, df_disp, df_account)
print(result)"
qwen_before_adaptive,before,adaptive,qwen,130,4,2,True,ok,1,"import pandas as pd

def count_non_credit_card_holders():
    # Join client and disp tables to get clients who have accounts
    client_disp = pd.merge(client, disp, on='client_id')
    
    # Filter accounts where type is 'CC' (credit card)
    credit_cards = client_disp[client_disp['type'] == 'CC']
    
    # Get the client IDs who have credit cards
    credit_card_holders = set(credit_cards['client_id'])
    
    # Get all clients from South Bohemia
    south_bohemian_clients = client[client['district_id'].isin(['A2', 'A3', 'A4', 'A5', 'A6', 'A7', 'A8', 'A9', 'A10', 'A11', 'A12', 'A13', 'A14', 'A15', 'A16'])]['client_id']
    
    # Calculate the number of clients who do not have credit cards
    non_credit_card_holders = len(south_bohemian_clients - credit_card_holders)
    
    return non_credit_card_holders"
qwen_before_adaptive,before,adaptive,qwen,131,0,2,False,ok,1,"import pandas as pd

def highest_active_loan_district(account_df, district_df, loan_df):
    # Merge account and loan dataframes on account_id
    merged_df = pd.merge(account_df, loan_df, on='account_id')
    
    # Filter to include only active loans
    active_loans_df = merged_df[merged_df['status'] == 'active']
    
    # Group by district_id and sum the number of active loans
    district_loan_counts = active_loans_df.groupby('district_id').size().reset_index(name='active_loan_count')
    
    # Find the district with the highest number of active loans
    highest_active_district = district_loan_counts.loc[district_loan_counts['active_loan_count'].idxmax()]
    
    return highest_active_district['district_id']"
qwen_before_adaptive,before,adaptive,qwen,131,1,2,False,ok,1,"import pandas as pd

def highest_active_loan_district(account, loan):
    # Merge account and loan dataframes on account_id
    merged_df = pd.merge(account, loan, on='account_id')
    
    # Filter out loans with status 'active'
    active_loans = merged_df[merged_df['status'] == 'active']
    
    # Group by district_id and count the number of active loans in each district
    district_counts = active_loans.groupby('district_id').size()
    
    # Find the district with the highest number of active loans
    highest_active_district = district_counts.idxmax()
    
    return highest_active_district"
qwen_before_adaptive,before,adaptive,qwen,131,2,2,False,ok,1,"import pandas as pd

def highest_active_loan_district(account_df, district_df, loan_df):
    # Merge account and loan dataframes on account_id
    merged_df = pd.merge(account_df, loan_df, on='account_id')
    
    # Filter out loans that are not active
    active_loans_df = merged_df[merged_df['status'] == 'active']
    
    # Group by district_id and count the number of active loans in each district
    district_loan_count = active_loans_df.groupby('district_id').size().reset_index(name='loan_count')
    
    # Find the district with the highest number of active loans
    max_loan_district = district_loan_count.loc[district_loan_count['loan_count'].idxmax()]
    
    return max_loan_district['district_id']

# Example usage
# Assuming account_df, district_df, and loan_df are already defined
# result = highest_active_loan_district(account_df, district_df, loan_df)
# print(result)"
qwen_before_adaptive,before,adaptive,qwen,131,3,2,False,ok,1,"import pandas as pd

def highest_active_loan_district(account_df, district_df, loan_df):
    # Merge account and loan dataframes on account_id
    merged_df = pd.merge(account_df, loan_df, on='account_id')
    
    # Filter out non-active loans
    active_loans_df = merged_df[merged_df['status'] == 'active']
    
    # Group by district_id and count the number of active loans in each district
    district_loan_counts = active_loans_df.groupby('district_id').size()
    
    # Find the district with the highest number of active loans
    highest_active_loan_district = district_loan_counts.idxmax()
    
    return highest_active_loan_district"
qwen_before_adaptive,before,adaptive,qwen,131,4,2,False,ok,1,"import pandas as pd

def highest_active_loan_district(account, loan):
    # Merge account and loan dataframes on account_id
    merged_df = pd.merge(account, loan, on='account_id')
    
    # Filter out records where loan status is 'active'
    active_loans = merged_df[merged_df['status'] == 'active']
    
    # Group by district_id and count the number of active loans in each district
    district_counts = active_loans.groupby('district_id').size()
    
    # Find the district with the highest number of active loans
    highest_active_district = district_counts.idxmax()
    
    return highest_active_district"
qwen_before_adaptive,before,adaptive,qwen,132,0,3,True,ok,1,"import pandas as pd

def average_loan_amount_by_male_borrowers(client, loan):
    # Merge client and loan dataframes on client_id
    merged_df = pd.merge(client, loan, left_on='client_id', right_on='account_id')
    
    # Filter for male borrowers
    male_borrowers = merged_df[merged_df['gender'] == 'male']
    
    # Calculate the average loan amount
    avg_loan_amount = male_borrowers['amount'].mean()
    
    return avg_loan_amount"
qwen_before_adaptive,before,adaptive,qwen,132,1,3,True,ok,1,"import pandas as pd

def avg_loan_amount_male_borrowers():
    # Joining client and loan tables based on client_id
    joined_data = pd.merge(client, loan, on='client_id')
    
    # Filtering data to include only male borrowers
    male_borrowers = joined_data[joined_data['gender'] == 'Male']
    
    # Calculating the average loan amount for male borrowers
    avg_amount = male_borrowers['amount'].mean()
    
    return avg_amount"
qwen_before_adaptive,before,adaptive,qwen,132,2,3,True,ok,1,"import pandas as pd

def average_loan_amount_by_male_borrowers():
    # Merge client and loan dataframes on client_id
    merged_data = pd.merge(client, loan, on='client_id')
    
    # Filter data to include only male borrowers
    male_borrowers = merged_data[merged_data['gender'] == 'Male']
    
    # Calculate the average loan amount for male borrowers
    avg_loan_amount = male_borrowers['amount'].mean()
    
    return avg_loan_amount"
qwen_before_adaptive,before,adaptive,qwen,132,3,3,True,ok,1,"import pandas as pd

def avg_loan_amount_by_male_borrowers():
    # Merge client and loan tables on client_id
    merged_df = pd.merge(client, loan, on='client_id')
    
    # Filter rows where gender is 'male'
    male_clients = merged_df[merged_df['gender'] == 'male']
    
    # Calculate the average loan amount for male clients
    avg_amount = male_clients['amount'].mean()
    
    return avg_amount"
qwen_before_adaptive,before,adaptive,qwen,132,4,3,True,ok,1,"import pandas as pd

def average_loan_amount_by_male_borrowers(client_df, loan_df):
    # Merge client and loan dataframes on client_id
    merged_data = pd.merge(client_df, loan_df, left_on='client_id', right_on='account_id')
    
    # Filter for male borrowers
    male_borrowers = merged_data[merged_data['gender'] == 'Male']
    
    # Calculate the average loan amount for male borrowers
    average_amount = male_borrowers['amount'].mean()
    
    return average_amount"
qwen_before_adaptive,before,adaptive,qwen,133,0,0,False,ok,0,"import pandas as pd

def get_high_unemployment_districts(df):
    # Assuming 'A2' contains the unemployment rate and 'A3' contains the district name
    df['unemployment_rate'] = df['A2'].astype(float)
    df['district_name'] = df['A3']
    
    # Filter data for the year 1996
    filtered_df = df[df['year'] == 1996]
    
    # Sort by unemployment rate in descending order
    sorted_df = filtered_df.sort_values(by='unemployment_rate', ascending=False)
    
    # Get the top 10 districts with the highest unemployment rate
    top_10_districts = sorted_df.head(10)
    
    # Select the required columns
    result = top_10_districts[['branch_location', 'district_name']]
    
    return result"
qwen_before_adaptive,before,adaptive,qwen,133,1,0,False,ok,0,"import pandas as pd

def get_highest_unemployment_rate_districts(df):
    # Filter data for the year 1996
    df_1996 = df[df['A1'] == '1996']
    
    # Calculate the total population and employment in 1996
    df_1996['Total_Population'] = df_1996[['A2', 'A3', 'A4', 'A5', 'A6', 'A7', 'A8', 'A9', 'A10', 'A11', 'A12', 'A13', 'A14', 'A15', 'A16']].sum(axis=1)
    df_1996['Employment'] = df_1996['A16']
    
    # Calculate the unemployment rate
    df_1996['Unemployment_Rate'] = (df_1996['Total_Population'] - df_1996['Employment']) / df_1996['Total_Population']
    
    # Find the district with the highest unemployment rate
    max_unemployment_rate_index = df_1996['Unemployment_Rate'].idxmax()
    
    # Get the branch location and district name of the district with the highest unemployment rate
    branch_location = df_1996.loc[max_unemployment_rate_index, 'A1']
    district_name = df_1996.loc[max_unemployment_rate_index, 'A2']
    
    return branch_location, district_name"
qwen_before_adaptive,before,adaptive,qwen,133,2,0,False,ok,0,"import pandas as pd

def get_highest_unemployment_districts(df):
    # Assuming 'A1' contains the unemployment rate data for 1996
    df['A1'] = pd.to_numeric(df['A1'], errors='coerce')
    highest_unemployment = df.nlargest(1, 'A1')
    result = highest_unemployment[['A2', 'A1']]
    return result"
qwen_before_adaptive,before,adaptive,qwen,133,3,0,False,ok,0,"import pandas as pd

def get_highest_unemployment_districts():
    # Assuming 'loan_status' DataFrame has columns 'district_id', 'unemployment_rate', 'branch_location', 'district_name'
    # Filter data for the year 1996
    filtered_data = loan_status[loan_status['year'] == 1996]
    
    # Sort by unemployment rate in descending order
    sorted_data = filtered_data.sort_values(by='unemployment_rate', ascending=False)
    
    # Select top districts
    top_districts = sorted_data.head()
    
    return top_districts[['branch_location', 'district_name']]"
qwen_before_adaptive,before,adaptive,qwen,133,4,0,False,ok,0,"import pandas as pd

def get_high_unemployment_districts(df):
    # Filter data for the year 1996
    df_1996 = df[df['year'] == 1996]
    
    # Sort by unemployment rate in descending order
    sorted_df = df_1996.sort_values(by='unemployment_rate', ascending=False)
    
    # Select the top districts
    top_districts = sorted_df.head(5)
    
    # Extract branch location and district name
    result = top_districts[['branch_location', 'district_name']]
    
    return result"
qwen_before_adaptive,before,adaptive,qwen,134,0,1,False,ok,0,"import pandas as pd

def count_accounts_in_largest_crime_district(df_account, df_district):
    # Filter accounts from 1996
    df_account_1996 = df_account[df_account['date'].dt.year == 1996]
    
    # Group by district and sum the frequency to get total accounts per district
    account_counts = df_account_1996.groupby('district_id')['frequency'].sum().reset_index()
    
    # Find the district with the largest number of accounts
    max_account_district = account_counts.loc[account_counts['frequency'].idxmax()]['district_id']
    
    # Join with district table to get the district name if needed
    result = account_counts[account_counts['district_id'] == max_account_district]
    
    return result"
qwen_before_adaptive,before,adaptive,qwen,134,1,1,False,ok,0,"import pandas as pd

def count_accounts_in_largest_crime_branch(df_account, df_district):
    # Filter the data for the year 1996
    df_1996 = df_account[df_account['date'].dt.year == 1996]
    
    # Group by district and sum the frequencies to get total accounts per district
    account_counts = df_1996.groupby('district_id')['frequency'].sum().reset_index()
    
    # Find the district with the maximum number of accounts
    max_accounts_distr = account_counts.loc[account_counts['frequency'].idxmax(), 'district_id']
    
    # Get the corresponding branch (A2) from the district table
    branch = df_district.loc[df_district['district_id'] == max_accounts_distr, 'A2'].values[0]
    
    # Return the branch and the number of accounts
    return branch, max_accounts_distr"
qwen_before_adaptive,before,adaptive,qwen,134,2,1,False,ok,0,"import pandas as pd

def count_accounts_in_crime_branch(df_district, df_account):
    # Filter the data for the year 1996
    df_1996 = df_account[df_account['date'].dt.year == 1996]
    
    # Group by district and count the number of accounts opened in each district
    account_counts = df_1996.groupby('district_id').size()
    
    # Find the district with the highest number of accounts opened
    max_accounts_district = account_counts.idxmax()
    
    # Get the total number of accounts opened in the district with the most accounts
    total_accounts = account_counts.loc[max_accounts_district]
    
    return total_accounts"
qwen_before_adaptive,before,adaptive,qwen,134,3,1,False,ok,0,"import pandas as pd

def calculate_accounts_opened():
    # Filter the data for the year 1996
    filtered_data = account[account['date'].dt.year == 1996]
    
    # Group by district and sum the frequency to find the total number of crimes per district
    crime_counts = filtered_data.groupby('district_id')['frequency'].sum()
    
    # Find the district with the maximum number of crimes
    max_crime_district = crime_counts.idxmax()
    
    # Get the accounts opened in the district with the maximum number of crimes
    accounts_in_max_crime_district = account[account['district_id'] == max_crime_district]
    
    # Count the number of accounts opened in that district
    num_accounts_opened = accounts_in_max_crime_district.shape[0]
    
    return num_accounts_opened"
qwen_before_adaptive,before,adaptive,qwen,134,4,1,False,ok,0,"import pandas as pd

def count_accounts_in_largest_crime_branch(df_account, df_district):
    # Filter accounts opened in 1996
    df_account_1996 = df_account[df_account['date'].dt.year == 1996]
    
    # Group by district and sum the frequency to get total accounts per district
    accounts_per_district = df_account_1996.groupby('district_id')['frequency'].sum().reset_index()
    
    # Find the district with the largest number of accounts
    max_accounts_did = accounts_per_district.loc[accounts_per_district['frequency'].idxmax(), 'district_id']
    
    # Get the corresponding A1 column value from the district table
    largest_crime_branch_A1 = df_district.loc[df_district['district_id'] == max_accounts_did, 'A1'].values[0]
    
    return largest_crime_branch_A1"
qwen_before_adaptive,before,adaptive,qwen,135,0,1,False,ok,1,"import pandas as pd

def calculate_negative_balance_accounts(trans_df, account_df):
    # Filter transactions for credit card withdrawals
    withdrawal_transactions = trans_df[(trans_df['type'] == 'Výdej') & (trans_df['operation'] == 'VKR')]
    
    # Merge withdrawal transactions with account details to get district information
    merged_data = pd.merge(withdrawal_transactions, account_df, on='account_id')
    
    # Filter accounts with monthly issuance and negative balance after withdrawal
    negative_balance_accounts = merged_data[(merged_data['frequency'] == 1) & (merged_data['balance'] < 0)]
    
    # Get unique account IDs with negative balance
    result = negative_balance_accounts[['account_id']].drop_duplicates()
    
    return result"
qwen_before_adaptive,before,adaptive,qwen,135,1,1,False,ok,1,"import pandas as pd

def count_negative_balances_after_withdrawal(df_trans, df_account):
    # Filter transactions to only include credit card withdrawals
    credit_card_withdrawals = df_trans[(df_trans['type'] == 'Vytížení') & (df_trans['bank'] == 'Credit Card')]
    
    # Merge the transaction data with account data to get district_id and other relevant information
    merged_data = pd.merge(credit_card_withdrawals, df_account, on='account_id')
    
    # Filter accounts with monthly issuance
    monthly_issuance_accounts = merged_data[merged_data['frequency'] == 'monthly']
    
    # Count the number of unique accounts with negative balances after the withdrawal
    negative_balance_count = monthly_issuance_accounts[monthly_issuance_accounts['balance'] < 0]['account_id'].nunique()
    
    return negative_balance_count"
qwen_before_adaptive,before,adaptive,qwen,135,2,1,False,ok,1,"import pandas as pd

def count_negative_balance_accounts(trans_df, account_df):
    # Filter transactions to include only credit card withdrawals
    credit_card_withdrawals = trans_df[(trans_df['type'] == 'credit card') & (trans_df['operation'] == 'withdrawal')]
    
    # Merge transactions with account details to get district information
    merged_df = pd.merge(credit_card_withdrawals, account_df, on='account_id')
    
    # Filter accounts with monthly issuance and negative balance
    negative_balance_accounts = merged_df[(merged_df['frequency'] == 'monthly') & (merged_df['balance'] < 0)]
    
    # Count unique account IDs meeting the criteria
    result_count = negative_balance_accounts['account_id'].nunique()
    
    return result_count"
qwen_before_adaptive,before,adaptive,qwen,135,3,1,False,ok,1,"import pandas as pd

def count_negative_balances_after_withdrawal(trans_df, account_df):
    # Filter transactions for credit card withdrawals
    withdrawal_df = trans_df[(trans_df['type'] == 'withdrawal') & (trans_df['operation'] == 'credit_card')]
    
    # Join with account data to get district information
    joined_df = pd.merge(withdrawal_df, account_df, on='account_id')
    
    # Calculate the number of accounts with negative balances after withdrawal
    negative_balance_count = joined_df[joined_df['balance'] < 0].shape[0]
    
    return negative_balance_count"
qwen_before_adaptive,before,adaptive,qwen,135,4,1,False,ok,1,"import pandas as pd

def calculate_negative_balance_accounts(trans_df, account_df):
    # Filter transactions to only include credit card withdrawals
    credit_card_withdrawals = trans_df[(trans_df['type'] == 'CC') & (trans_df['operation'] == 'VÝBER')]
    
    # Merge the filtered transactions with the account DataFrame to get district_id and frequency
    merged_df = pd.merge(credit_card_withdrawals, account_df, on='account_id')
    
    # Group by district_id and filter groups with a negative balance and monthly issuance
    negative_balance_accounts = merged_df.groupby('district_id').filter(lambda x: (x['balance'] < 0) & (x['frequency'] == 'monthly'))
    
    # Return the count of unique accounts meeting the criteria
    return len(negative_balance_accounts['account'].unique())"
qwen_before_adaptive,before,adaptive,qwen,136,0,1,False,ok,1,"import pandas as pd

def count_approved_loans(start_date, end_date, min_amount):
    # Filter accounts based on frequency and date range
    filtered_accounts = account[(account['frequency'] == 'monthly') & 
                               (start_date <= account['date']) & 
                               (account['date'] <= end_date)]
    
    # Join filtered accounts with loans DataFrame to get loan details
    joined_data = pd.merge(filtered_accounts, loan, on='account_id')
    
    # Filter loans based on amount and status
    result = joined_data[(joined_data['amount'] >= min_amount) & 
                        (joined_data['status'] == 'approved')]
    
    return len(result)

# Example usage
start_date = pd.to_datetime('1/1/1995')
end_date = pd.to_datetime('12/31/1997')
min_amount = 250000
count = count_approved_loans(start_date, end_date, min_amount)
print(count)"
qwen_before_adaptive,before,adaptive,qwen,136,1,1,False,ok,1,"import pandas as pd

def count_approved_loans(df_account, df_loan):
    # Filter accounts between 1/1/1995 and 12/31/1997 with monthly statement issuance
    filtered_accounts = df_account[(df_account['date'] >= '1995-01-01') & 
                                  (df_account['date'] <= '1997-12-31') & 
                                  (df_account['frequency'] == 'monthly')]
    
    # Join the filtered accounts with the loan DataFrame
    merged_df = pd.merge(filtered_accounts, df_loan, on='account_id')
    
    # Filter loans with an amount of at least 250,000
    high_amount_loans = merged_df[merged_df['amount'] >= 250000]
    
    # Count the number of approved loans
    approved_count = high_amount_loans[high_amount_loans['status'] == 'approved'].shape[0]
    
    return approved_count"
qwen_before_adaptive,before,adaptive,qwen,136,2,1,False,ok,1,"import pandas as pd

def count_approved_loans(df_account, df_loan):
    # Filter accounts between 1/1/1995 and 12/31/1997
    filtered_accounts = df_account[(df_account['date'] >= '1995-01-01') & (df_account['date'] <= '1997-12-31')]
    
    # Merge the filtered accounts with the loans DataFrame
    merged_df = pd.merge(filtered_accounts, df_loan, on='account_id')
    
    # Filter loans where amount is at least 250,000 and status is 'approved'
    filtered_loans = merged_df[(merged_df['amount'] >= 250000) & (merged_df['status'] == 'approved')]
    
    # Count the number of unique loans that meet the criteria
    result_count = len(filtered_loans.drop_duplicates(subset=['loan_id']))
    
    return result_count"
qwen_before_adaptive,before,adaptive,qwen,136,3,1,False,ok,0,"import pandas as pd

def count_approved_loans(start_date, end_date, min_amount):
    # Filter the loan DataFrame based on the given conditions
    filtered_loans = loan[(loan['date'] >= start_date) & 
                         (loan['date'] <= end_date) & 
                         (loan['amount'] >= min_amount) & 
                         (loan['status'] == 'approved')]
    
    # Group by account_id and count the number of loans
    result = filtered_loans.groupby('account_id').size().reset_index(name='count')
    
    return result"
qwen_before_adaptive,before,adaptive,qwen,136,4,1,False,ok,1,"import pandas as pd

def count_approved_loans(account_df, loan_df):
    # Filter accounts between 1/1/1995 and 12/31/1997
    filtered_accounts = account_df[(account_df['date'] >= '1995-01-01') & (account_df['date'] <= '1997-12-31')]
    
    # Merge filtered accounts with loans
    merged_df = pd.merge(filtered_accounts, loan_df, on='account_id')
    
    # Filter loans where amount is at least 250,000 and status is 'approved'
    approved_loans = merged_df[(merged_df['amount'] >= 250000) & (merged_df['status'] == 'approved')]
    
    # Count the number of unique loans that meet the criteria
    result_count = len(approved_loans['loan_id'].unique())
    
    return result_count"
qwen_before_adaptive,before,adaptive,qwen,137,0,2,False,ok,0,"import pandas as pd

def count_running_contracts_in_branch_1(account_df):
    # Filter accounts in branch location 1 and with active loans
    filtered_accounts = account_df[(account_df['district_id'] == 'Branch_1') & (account_df['status'] == 'active')]
    return len(filtered_accounts)"
qwen_before_adaptive,before,adaptive,qwen,137,1,2,False,ok,1,"def count_running_contracts(branch_location):
    # Filter accounts in the specified branch location
    branch_accounts = account[account['district_id'] == branch_location]
    
    # Merge branch accounts with loans to get all loans related to these accounts
    branch_loans = pd.merge(branch_accounts, loan, on='account_id')
    
    # Filter loans to only include those with a status of 'running'
    running_loans = branch_loans[branch_loans['status'] == 'running']
    
    # Count the number of unique accounts with running contracts
    num_running_contracts = len(running_loans['account_id'].unique())
    
    return num_running_contracts"
qwen_before_adaptive,before,adaptive,qwen,137,2,2,False,ok,0,"def count_running_contracts(branch_location):
    branch_districts = ['A2', 'A3', 'A4', 'A5']  # Assuming these districts correspond to Branch location 1
    running_accounts = account[(account['district_id'].isin(branch_districts)) & (account['frequency'] == 'running')]
    return running_accounts['account_id'].nunique()"
qwen_before_adaptive,before,adaptive,qwen,137,3,2,False,ok,0,"import pandas as pd

def count_running_contracts(branch_location):
    # Assuming the branch_location is stored in the 'district' table under column 'A1'
    filtered_districts = district[district['A1'] == branch_location]
    filtered_accounts = account[account['district_id'].isin(filtered_districts['district_id'])]
    running_loans = loan[(loan['status'] == 'running') & (loan['account_id'].isin(filtered_accounts['account_id']))]
    return len(running_loans)"
qwen_before_adaptive,before,adaptive,qwen,137,4,2,False,ok,0,"import pandas as pd

def count_running_contracts(df_account, df_loan):
    # Filter accounts in Branch location 1
    branch_accounts = df_account[df_account['district_id'] == 'Branch1']
    
    # Filter loans with status 'running'
    running_loans = df_loan[df_loan['status'] == 'running']
    
    # Count unique accounts with running contracts
    running_contract_count = len(branch_accounts[branch_accounts['account_id'].isin(running_loans['account_id'])])
    
    return running_contract_count"
qwen_before_adaptive,before,adaptive,qwen,138,0,1,False,ok,0,"def count_male_clients_in_top_crime_branch(df_client, df_district):
    # Assuming 'crime_data' is a DataFrame containing crime information with columns 'district_id', 'year', and 'crime_type'
    # Filter data for the year 1995 and select the top branch based on the second-highest number of crimes
    top_branch = crime_data[(crime_data['year'] == 1995) & (crime_data['crime_type'].str.contains('second_highest'))]['district_id'].values[0]
    
    # Filter clients from the top branch and count males
    male_clients_count = df_client[(df_client['district_id'] == top_branch) & (df_client['gender'] == 'male')].shape[0]
    
    return male_clients_count"
qwen_before_adaptive,before,adaptive,qwen,138,1,1,False,ok,0,"import pandas as pd

def count_male_clients_in_crime_branch(clients_df, districts_df):
    # Assuming 'crime_data' is a DataFrame containing crime information with columns 'district_id', 'year', and 'crime_type'
    crime_data = pd.read_csv('path_to_crime_data.csv')  # Replace with actual path to crime data
    
    # Filter crimes from 1995
    crime_1995 = crime_data[crime_data['year'] == 1995]
    
    # Find the district with the second-highest number of crimes in 1995
    second_highest_district = crime_1995['district_id'].value_counts().nlargest(2).index[-1]
    
    # Filter clients in the district with the second-highest number of crimes in 1995
    clients_in_second_highest_district = clients_df[clients_df['district_id'] == second_highest_district]
    
    # Count the number of male clients
    male_clients_count = clients_in_second_highest_district[clients_in_second_highest_district['gender'] == 'male']['client_id'].count()
    
    return male_clients_count"
qwen_before_adaptive,before,adaptive,qwen,138,2,1,False,ok,0,"def count_male_clients_in_second_highest_crime_branch():
    # Calculate the total number of crimes per district in 1995
    crime_counts = branch[branch['year'] == 1995].groupby('district_id')['crime_id'].count()
    
    # Find the district with the second-highest number of crimes
    second_highest_district = crime_counts.nlargest(2).index[-1]
    
    # Filter clients from the second-highest crime district and count males
    male_clients_count = client[(client['district_id'] == second_highest_district) & (client['gender'] == 'male')]['client_id'].count()
    
    return male_clients_count"
qwen_before_adaptive,before,adaptive,qwen,138,3,1,False,ok,1,"import pandas as pd

def count_male_clients_in_second_highest_crime_branch(clients_df, districts_df):
    # Assuming crime_data is a DataFrame containing the crime data with columns 'client_id', 'crime_year', and 'district_id'
    crime_data = pd.read_csv('path_to_crime_data.csv')
    
    # Filter the crime data for the year 1995
    crime_1995 = crime_data[crime_data['crime_year'] == 1995]
    
    # Group by district_id and count the number of crimes
    crime_counts = crime_1995.groupby('district_id').size().reset_index(name='crime_count')
    
    # Find the district with the second-highest number of crimes
    second_highest_district = crime_counts.nlargest(2, 'crime_count')['district_id'].iloc[-1]
    
    # Merge the clients_df with the districts_df to get the gender information
    merged_df = pd.merge(clients_df, districts_df, on='district_id')
    
    # Filter the clients from the second-highest crime district and count the males
    male_clients_count = merged_df[(merged_df['district_id'] == second_highest_district) & (merged_df['gender'] == 'Male')].shape[0]
    
    return male_clients_count"
qwen_before_adaptive,before,adaptive,qwen,138,4,1,False,ok,1,"def count_male_clients_in_second_highest_crime_branch(clients_df, districts_df):
    # Merge the client and district dataframes on district_id
    merged_df = pd.merge(clients_df, districts_df, on='district_id')
    
    # Filter the data for the year 1995
    filtered_df = merged_df[merged_df['birth_date'].dt.year == 1995]
    
    # Group by the second-highest crime branch (assuming 'A1' to 'A16' represent crime categories)
    crime_counts = filtered_df[['gender', 'A1', 'A2', 'A3', 'A4', 'A5', 'A6', 'A7', 'A8', 'A9', 'A10', 'A11', 'A12', 'A13', 'A14', 'A15', 'A16']].groupby('gender').sum()
    
    # Find the second-highest crime category
    second_highest_category = crime_counts.loc[:, ['A1', 'A2', 'A3', 'A4', 'A5', 'A6', 'A7', 'A8', 'A9', 'A10', 'A11', 'A12', 'A13', 'A14', 'A15', 'A16']].idxmax(axis=1).mode()[0]
    
    # Count the number of male clients in the second-highest crime category
    male_count = crime_counts.loc['Male', second_highest_category]
    
    return male_count"
qwen_before_adaptive,before,adaptive,qwen,139,0,1,True,ok,1,"def count_high_level_credit_cards(df_card, df_disp):
    # Filter rows where the disposition type is 'OWNER'
    owner_dispositions = df_disp[df_disp['type'] == 'OWNER']
    
    # Merge the filtered disposition data with the card data on disp_id
    merged_data = pd.merge(owner_dispositions, df_card, on='disp_id')
    
    # Count the number of unique card_ids in the merged data
    count_high_level_cards = len(merged_data['card_id'].unique())
    
    return count_high_level_cards"
qwen_before_adaptive,before,adaptive,qwen,139,1,1,True,ok,1,"import pandas as pd

def count_high_level_credit_cards(df_card, df_disp):
    # Merge the two dataframes on 'disp_id'
    merged_df = pd.merge(df_card, df_disp, on='disp_id')
    
    # Filter rows where the type is 'OWNER' and the card type is 'CREDIT'
    filtered_df = merged_df[(merged_df['type_x'] == 'CREDIT') & (merged_df['type_y'] == 'OWNER')]
    
    # Count the number of unique card IDs in the filtered dataframe
    result = len(filtered_df['card_id'].unique())
    
    return result"
qwen_before_adaptive,before,adaptive,qwen,139,2,1,True,ok,1,"def count_high_level_credit_cards():
    # Filter the 'card' DataFrame to get only high-level credit cards
    high_level_cards = card[card['type'] == 'CREDIT']
    
    # Merge the filtered 'card' DataFrame with the 'disp' DataFrame on 'card_id'
    merged_df = pd.merge(high_level_cards, disp, left_on='card_id', right_on='account_id')
    
    # Count the number of rows where the 'type' column in the 'disp' DataFrame is 'OWNER'
    owner_count = merged_df[merged_df['type_x'] == 'OWNER'].shape[0]
    
    return owner_count"
qwen_before_adaptive,before,adaptive,qwen,139,3,1,True,ok,1,"import pandas as pd

def count_high_level_credit_cards(cards_df, disp_df):
    # Merge the two dataframes on 'disp_id'
    merged_df = pd.merge(cards_df, disp_df, on='disp_id')
    
    # Filter rows where the card type is 'CREDIT' and the disposition type is 'OWNER'
    filtered_df = merged_df[(merged_df['type_x'] == 'CREDIT') & (merged_df['type_y'] == 'OWNER')]
    
    # Count the number of unique card IDs in the filtered dataframe
    count = filtered_df['card_id'].nunique()
    
    return count"
qwen_before_adaptive,before,adaptive,qwen,139,4,1,True,ok,1,"def count_high_level_credit_cards(df_card, df_disp):
    # Merge the card and disp DataFrames on 'disp_id'
    merged_df = pd.merge(df_card, df_disp, on='disp_id')
    
    # Filter rows where 'type' in 'card' is 'CREDIT' and 'type' in 'disp' is 'OWNER'
    filtered_df = merged_df[(merged_df['type_x'] == 'CREDIT') & (merged_df['type_y'] == 'OWNER')]
    
    # Count the number of unique 'client_id's in the filtered DataFrame
    result = len(filtered_df['client_id'].unique())
    
    return result"
qwen_before_adaptive,before,adaptive,qwen,140,0,1,False,ok,0,"def count_accounts_in_pisek(account_df, district_df):
    pisek_district = district_df[district_df['district_name'] == 'Pisek'].iloc[0]['district_id']
    return account_df[account_df['district_id'] == pisek_district].shape[0]"
qwen_before_adaptive,before,adaptive,qwen,140,1,1,False,ok,0,"def count_accounts_in_pisek(account, district):
    pisek_district = district[district['district_name'] == 'Pisek']
    pisek_account_ids = set(pisek_district['district_id'])
    return len(account[account['district_id'].isin(pisek_account_ids)])"
qwen_before_adaptive,before,adaptive,qwen,140,2,1,False,ok,0,"import pandas as pd

def count_accounts_in_pisek(account_df, district_df):
    pisek_district = district_df[district_df['district_id'] == 'Pisek']
    pisek_account_ids = pisek_district['account_id'].tolist()
    return account_df[account_df['account_id'].isin(pisek_account_ids)].shape[0]"
qwen_before_adaptive,before,adaptive,qwen,140,3,1,False,ok,0,"import pandas as pd

def count_accounts_in_pisek(account_df, district_df):
    pisek_district = district_df[district_df['A2'] == 'Pisek']
    pisek_account_ids = pisek_district['district_id'].values
    pisek_accounts = account_df[account_df['district_id'].isin(pisek_account_ids)]
    return len(pisek_accounts)

# Example usage:
# result = count_accounts_in_pisek(account, district)
# print(result)"
qwen_before_adaptive,before,adaptive,qwen,140,4,1,False,ok,0,"import pandas as pd

def count_accounts_in_pisek(account_df, district_df):
    pisek_district = district_df[district_df['district_id'] == 'Pisek']
    pisek_account_ids = pisek_district['account_id'].tolist()
    pisek_accounts = account_df[account_df['account_id'].isin(pisek_account_ids)]
    return len(pisek_accounts)"
qwen_before_adaptive,before,adaptive,qwen,141,0,2,False,ok,1,"import pandas as pd

def find_large_transactions(districts_df, trans_df):
    # Filter transactions where amount is greater than $10,000 and year is 1997
    large_trans = trans_df[(trans_df['amount'] > 10000) & (trans_df['date'].str.contains(r'/1997/'))]
    
    # Merge the filtered transactions with the districts DataFrame to get district information
    result = pd.merge(large_trans, districts_df, left_on='district_id', right_index=True)
    
    return result[['district_id', 'A2', 'A3', 'A4', 'A5', 'A6', 'A7', 'A8', 'A9', 'A10', 'A11', 'A12', 'A13', 'A14', 'A15', 'A16']]"
qwen_before_adaptive,before,adaptive,qwen,141,1,2,False,ok,1,"import pandas as pd

def find_large_transactions(districts_df, trans_df):
    # Filter transactions from 1997 and greater than $10,000
    filtered_trans = trans_df[(trans_df['date'].dt.year == 1997) & (trans_df['amount'] > 10000)]
    
    # Merge the filtered transactions with the districts DataFrame to get district information
    large_transaction_districts = pd.merge(filtered_trans, districts_df, on='district_id')
    
    # Get unique districts that meet the criteria
    result = large_transaction_districts[['district_id', 'A2', 'A3', 'A4', 'A5', 'A6', 'A7', 'A8', 'A9', 'A10', 'A11', 'A12', 'A13', 'A14', 'A15', 'A16']].drop_duplicates()
    
    return result"
qwen_before_adaptive,before,adaptive,qwen,141,2,2,False,ok,1,"import pandas as pd

def find_high_value_transactions(df_account, df_trans):
    # Filter transactions greater than USS$10,000 in 1997
    high_value_transactions = df_trans[(df_trans['date'].dt.year == 1997) & (df_trans['amount'] > 10000)]
    
    # Merge with account DataFrame to get district information
    merged_data = pd.merge(high_value_transactions, df_account[['account_id', 'district_id']], on='account_id')
    
    # Get unique districts with high value transactions
    high_value_districts = merged_data['district_id'].unique()
    
    return high_value_districts"
qwen_before_adaptive,before,adaptive,qwen,141,3,2,False,ok,0,"import pandas as pd

def get_districts_with_large_transactions(df_account, df_trans):
    # Filter transactions from 1997
    df_trans_1997 = df_trans[df_trans['date'].dt.year == 1997]
    
    # Filter transactions greater than USS$10,000
    large_transactions = df_trans_1997[df_trans_1997['amount'] > 10000]
    
    # Get the unique districts with large transactions
    districts_with_large_transactions = large_transactions['district_id'].unique()
    
    return districts_with_large_transactions"
qwen_before_adaptive,before,adaptive,qwen,141,4,2,False,ok,1,"import pandas as pd

def find_high_transaction_districts(trans_df, district_df):
    # Filter transactions from 1997 and greater than $10,000
    filtered_trans = trans_df[(trans_df['date'].dt.year == 1997) & (trans_df['amount'] > 10000)]
    
    # Merge with district DataFrame to get district information
    merged_df = pd.merge(filtered_trans, district_df, left_on='district_id', right_on='district_id')
    
    # Get unique districts that meet the criteria
    high_transaction_districts = merged_df['district_id'].unique()
    
    return high_transaction_districts"
qwen_before_adaptive,before,adaptive,qwen,142,0,2,False,ok,1,"import pandas as pd

def find_accounts_for_household_payment_in_pisek(trans_df, district_df):
    pisek_districts = ['Pisek', 'Prachatice', 'Karlovy Vary']  # Assuming these districts are part of Pisek region
    household_payment_operation = 'Úplata domácích platek'
    
    # Filter transactions for household payment operations
    household_payments = trans_df[trans_df['operation'] == household_payment_operation]
    
    # Join with district table to get district information for each transaction
    household_payments_with_district = pd.merge(household_payments, district_df, left_on='district_id', right_index=True)
    
    # Filter for transactions in Pisek region
    pisek_transactions = household_payments_with_district[household_payments_with_district['A2'].isin(pisek_districts)]
    
    # Get unique account IDs from the filtered transactions
    unique_account_ids = pisek_transactions['account_id'].unique()
    
    return unique_account_ids"
qwen_before_adaptive,before,adaptive,qwen,142,1,2,False,ok,2,"import pandas as pd

def get_accounts_for_household_payment_in_pisek(trans_df, account_df, district_df):
    # Filter transactions for 'Uplati do domu' operations
    household_payment_trans = trans_df[trans_df['operation'] == 'Uplati do domu']
    
    # Join with account to get account details
    household_payment_accounts = household_payment_trans.merge(account_df, on='account_id')
    
    # Join with district to filter by 'Pisek'
    pisek_accounts = household_payment_accounts.merge(district_df, on='district_id')
    pisek_accounts = pisek_accounts[pisek_accounts['A2'] == 'Pisek']
    
    return pisek_accounts[['account_id']]"
qwen_before_adaptive,before,adaptive,qwen,142,2,2,False,ok,0,"import pandas as pd

def find_accounts_for_household_payment_in_pisek(trans, account, district):
    # Filter transactions for household payments in Pisek
    pisek_districts = ['Pisek', 'Písek']  # Assuming these are the correct spellings in the dataset
    household_payment_transactions = trans[(trans['type'] == 'U') & (trans['operation'].isin(['Zaměstnání', 'Zaměstnaná'])) & 
                                         (trans['district_id'].isin(pisek_districts))]
    
    # Get unique account IDs from the filtered transactions
    account_ids_with_household_payments = household_payment_transactions['account_id'].unique()
    
    return account_ids_with_household_payments"
qwen_before_adaptive,before,adaptive,qwen,142,3,2,False,ok,0,"import pandas as pd

def get_household_payment_orders_in_pisek(trans, district):
    pisek_districts = district[district['A3'] == 'Pisek'].index
    household_payment_orders = trans[(trans['type'] == 'household payment') & (trans['account_id'].isin(pisek_districts))]
    return household_payment_orders[['account_id', 'date', 'amount']]"
qwen_before_adaptive,before,adaptive,qwen,142,4,2,False,ok,1,"import pandas as pd

def get_household_payment_accounts(df_trans, df_account, df_district):
    # Filter transactions for 'U' (household payment) and 'Pisek'
    household_payment = df_trans[(df_trans['type'] == 'U') & (df_trans['k_symbol'] == 'Pisek')]
    
    # Merge to get the district information for each transaction
    household_payment_with_district = household_payment.merge(df_account, on='account_id')
    
    # Get the unique accounts from the filtered data
    household_payment_accounts = household_payment_with_district['account'].unique()
    
    return household_payment_accounts"
qwen_before_adaptive,before,adaptive,qwen,143,0,1,True,ok,1,"import pandas as pd

def get_accounts_with_gold_credit_cards(disp_df, card_df):
    # Filter the card DataFrame to include only gold credit cards
    gold_cards = card_df[card_df['type'] == 'gold']
    
    # Merge the disp and gold_cards DataFrames on disp_id to get the accounts
    result = pd.merge(gold_cards, disp_df, on='disp_id')
    
    # Select the unique account_ids from the merged DataFrame
    accounts_with_gold_cards = result['account_id'].unique()
    
    return accounts_with_gold_cards"
qwen_before_adaptive,before,adaptive,qwen,143,1,1,True,ok,1,"def get_accounts_with_gold_credit_cards(disp_df, card_df):
    # Merge the disp and card DataFrames on disp_id to link each account with its card information
    merged_df = pd.merge(disp_df, card_df, on='disp_id')
    
    # Filter the DataFrame to include only rows where the card type is 'gold'
    gold_card_accounts = merged_df[merged_df['type'] == 'gold']['account_id']
    
    return gold_card_accounts"
qwen_before_adaptive,before,adaptive,qwen,143,2,1,True,ok,1,"def get_accounts_with_gold_credit_cards(disp_df, card_df):
    # Filter the card DataFrame to find records with 'gold' credit cards
    gold_cards = card_df[card_df['type'] == 'gold']
    
    # Merge the filtered card DataFrame with the disp DataFrame on 'disp_id'
    merged_df = pd.merge(gold_cards, disp_df, on='disp_id')
    
    # Select the unique account_ids from the merged DataFrame
    accounts_with_gold_cards = merged_df['account_id'].unique()
    
    return accounts_with_gold_cards"
qwen_before_adaptive,before,adaptive,qwen,143,3,1,True,ok,1,"import pandas as pd

def get_accounts_with_gold_credit_cards(disp, card):
    # Merge the 'disp' and 'card' tables on 'disp_id'
    merged_df = pd.merge(disp, card, on='disp_id')
    
    # Filter rows where the card type is 'gold'
    gold_cards_df = merged_df[merged_df['type'] == 'gold']
    
    # Select the unique account IDs from the filtered DataFrame
    accounts_with_gold_cards = gold_cards_df['account_id'].unique()
    
    return accounts_with_gold_cards"
qwen_before_adaptive,before,adaptive,qwen,143,4,1,True,ok,1,"def get_accounts_with_gold_credit_cards(disp, card):
    # Filter the card DataFrame to find rows where the card type is 'Gold'
    gold_cards = card[card['type'] == 'Gold']
    
    # Merge the gold_cards DataFrame with the disp DataFrame on 'disp_id' to get the account IDs
    accounts_with_gold_cards = pd.merge(gold_cards, disp, on='disp_id', how='inner')
    
    # Select the unique account IDs from the merged DataFrame
    unique_account_ids = accounts_with_gold_cards[['account_id']].drop_duplicates()
    
    return unique_account_ids"
qwen_before_adaptive,before,adaptive,qwen,144,0,3,True,ok,1,"import pandas as pd

def calculate_average_credit_card_amount(df_card, df_disp, df_account, df_trans):
    # Filter transactions for the year 2021 and credit card type
    filtered_trans = df_trans[(df_trans['date'].dt.year == 2021) & (df_trans['type'] == 'credit')]
    
    # Join the transaction data with the account data to get district information
    joined_data = pd.merge(filtered_trans, df_account, on='account_id')
    
    # Calculate the average amount of credit card transactions per month
    avg_amount_per_month = joined_data.groupby(joined_data['date'].dt.to_period('M'))['amount'].mean().reset_index()
    
    return avg_amount_per_month"
qwen_before_adaptive,before,adaptive,qwen,144,1,3,True,ok,0,"import pandas as pd

def calculate_average_credit_card_amount(trans_df):
    # Filter transactions from the year 2021 and of type 'credit'
    filtered_trans = trans_df[(trans_df['date'].dt.year == 2021) & (trans_df['type'] == 'credit')]
    
    # Calculate the average amount of these transactions
    average_amount = filtered_trans['amount'].mean()
    
    return average_amount"
qwen_before_adaptive,before,adaptive,qwen,144,2,3,True,ok,1,"import pandas as pd

def avg_credit_card_amount(df_trans, df_account):
    # Filter transactions for the year 2021 and credit card operations
    filtered_df = df_trans[(df_trans['date'].dt.year == 2021) & (df_trans['type'] == 'credit')]
    
    # Merge with account data to get district information
    merged_df = pd.merge(filtered_df, df_account, on='account_id')
    
    # Calculate the average amount per transaction
    avg_amount = merged_df['amount'].mean()
    
    return avg_amount"
qwen_before_adaptive,before,adaptive,qwen,144,3,3,True,ok,1,"import pandas as pd

def avg_credit_card_amount_2021(df_trans, df_account):
    # Filter transactions from the year 2021 and type 'Kredit'
    filtered_df = df_trans[(df_trans['date'].dt.year == 2021) & (df_trans['type'] == 'Kredit')]
    
    # Merge with account data to get account details
    merged_df = pd.merge(filtered_df, df_account, on='account_id')
    
    # Calculate the average amount
    avg_amount = merged_df['amount'].mean()
    
    return avg_amount"
qwen_before_adaptive,before,adaptive,qwen,144,4,3,True,ok,0,"import pandas as pd

def avg_credit_card_amount():
    # Filter transactions for credit card operations and year 2021
    credit_card_transactions = trans[(trans['type'] == 'credit') & (trans['date'].dt.year == 2021)]
    
    # Calculate the average amount of credit card transactions
    avg_amount = credit_card_transactions['amount'].mean()
    
    return avg_amount"
qwen_before_adaptive,before,adaptive,qwen,145,0,1,False,ok,0,"import pandas as pd

def find_accounts_with_low_credit_card_transactions(trans_df, account_df):
    # Filter transactions for credit card and year 1998
    credit_card_trans = trans_df[(trans_df['type'] == 'Kredit') & (trans_df['date'].dt.year == 1998)]
    
    # Calculate the average transaction amount for credit cards in 1998
    avg_amount = credit_card_trans['amount'].mean()
    
    # Identify accounts with transactions less than the average
    low_transaction_accounts = credit_card_trans[credit_card_trans['amount'] < avg_amount]['account_id']
    
    return low_transaction_accounts"
qwen_before_adaptive,before,adaptive,qwen,145,1,1,False,ok,0,"import pandas as pd

def find_under_average_transactions(df_trans, df_account):
    # Filter transactions for the year 1998 and credit card operations
    trans_1998 = df_trans[(df_trans['date'].dt.year == 1998) & (df_trans['type'] == 'credit')]
    
    # Calculate the average transaction amount for the filtered data
    avg_amount = trans_1998['amount'].mean()
    
    # Identify accounts with transactions less than the average amount
    under_avg_accounts = trans_1998[trans_1998['amount'] < avg_amount]['account_id']
    
    return under_avg_accounts.unique()"
qwen_before_adaptive,before,adaptive,qwen,145,2,1,False,ok,0,"import pandas as pd

def get_low_transaction_accounts(trans_df, account_df):
    # Filter transactions from 1998 and credit card operations
    filtered_trans = trans_df[(trans_df['date'].dt.year == 1998) & (trans_df['type'] == 'credit')]
    
    # Calculate the average transaction amount
    avg_amount = filtered_trans['amount'].mean()
    
    # Filter accounts with transactions less than the average amount
    low_transaction_accounts = filtered_trans[filtered_trans['amount'] < avg_amount]['account_id']
    
    return low_transaction_accounts.unique()

# Assuming trans_df and account_df are already defined
result = get_low_transaction_accounts(trans_df, account_df)
print(result)"
qwen_before_adaptive,before,adaptive,qwen,145,3,1,False,ok,0,"import pandas as pd

def find_under_average_transactions(trans_df, account_df):
    # Filter transactions from 1998 and of type 'credit'
    filtered_trans = trans_df[(trans_df['date'].dt.year == 1998) & (trans_df['type'] == 'credit')]
    
    # Calculate the average transaction amount for the filtered data
    avg_amount = filtered_trans['amount'].mean()
    
    # Find transactions where the amount is less than the average
    under_avg_trans = filtered_trans[filtered_trans['amount'] < avg_amount]
    
    # Get unique account IDs from these transactions
    result_account_ids = under_avg_trans['account_id'].unique()
    
    return result_account_ids"
qwen_before_adaptive,before,adaptive,qwen,145,4,1,False,ok,0,"import pandas as pd

def find_accounts_with_low_credit_card_transactions(trans_df, account_df):
    # Filter transactions from 1998
    trans_1998 = trans_df[trans_df['date'].dt.year == 1998]
    
    # Filter credit card transactions
    credit_card_trans = trans_1998[trans_1998['type'] == 'Kredit']
    
    # Calculate the average transaction amount for credit cards in 1998
    avg_amount = credit_card_trans['amount'].mean()
    
    # Filter transactions below the average amount
    low_amount_trans = credit_card_trans[credit_card_trans['amount'] < avg_amount]
    
    # Get unique account IDs from these transactions
    accounts_with_low_credit_card_transactions = low_amount_trans['account_id'].unique()
    
    return accounts_with_low_credit_card_transactions"
qwen_before_adaptive,before,adaptive,qwen,146,0,3,True,ok,0,"import pandas as pd

def find_female_loan_holders_with_credit_cards(client, disp, account, loan, card):
    # Filter clients who are female
    female_clients = client[client['gender'] == 'female']
    
    # Get account holders who own credit cards
    credit_card_holders = disp[(disp['type'] == 'ccard') & (disp['client_id'].isin(female_clients['client_id']))]
    
    # Get accounts held by credit card holders
    credit_card_accounts = account[account['account_id'].isin(credit_card_holders['account_id'])]
    
    # Get loans associated with these accounts
    loans_with_credit_cards = loan[loan['account_id'].isin(credit_card_accounts['account_id'])]
    
    return loans_with_credit_cards"
qwen_before_adaptive,before,adaptive,qwen,146,1,3,True,ok,4,"import pandas as pd

def female_cardholders_with_loans():
    # Merge client and disp tables to get client information related to their accounts
    client_disp = pd.merge(client, disp, on='client_id')
    
    # Filter for female clients
    female_clients = client_disp[client_disp['gender'] == 'female']
    
    # Merge the filtered female clients with the account table to get their accounts
    female_accounts = pd.merge(female_clients, account, on='account_id')
    
    # Merge the accounts with the card table to filter for credit card holders
    credit_cards = pd.merge(female_accounts, card, on='disp_id', suffixes=('', '_card'))
    credit_card_holders = credit_cards[credit_cards['type_card'] == 'credit']
    
    # Merge the credit card holders with the loan table to check for loans
    female_credit_card_holders_with_loans = pd.merge(credit_card_holders, loan, on='account_id')
    
    return female_credit_card_holders_with_loans[['client_id', 'gender', 'birth_date', 'district_id']]"
qwen_before_adaptive,before,adaptive,qwen,146,2,3,True,ok,4,"import pandas as pd

def female_cardholders_with_loans(client, disp, account, loan, card):
    # Join the necessary tables to get the required information
    joined_data = pd.merge(client, disp, on='client_id')
    joined_data = pd.merge(joined_data, account, on='account_id')
    joined_data = pd.merge(joined_data, loan, on='account_id')
    joined_data = pd.merge(joined_data, card, on='disp_id')
    
    # Filter for female clients who own credit cards and have loans
    result = joined_data[(joined_data['gender'] == 'female') & (joined_data['type'] == 'credit card') & (joined_data['status'].isin(['active', 'completed']))]
    
    return result[['client_id']].drop_duplicates()"
qwen_before_adaptive,before,adaptive,qwen,146,3,3,True,ok,0,"import pandas as pd

def find_female_loan_holders_with_credit_cards(clients, disps, accounts, loans, cards):
    # Filter female clients
    female_clients = clients[clients['gender'] == 'female']
    
    # Get clients with credit cards
    clients_with_credit_cards = disps[disps['type'].isin(['cc', 'cr'])]['client_id'].unique()
    
    # Get clients with loans
    clients_with_loans = loans['account_id'].unique()
    
    # Find intersection of female clients with credit cards and loans
    female_loan_holders_with_credit_cards = female_clients[female_clients['client_id'].isin(clients_with_credit_cards & clients_with_loans)]
    
    return female_loan_holders_with_credit_cards[['client_id', 'gender']]"
qwen_before_adaptive,before,adaptive,qwen,146,4,3,True,ok,4,"import pandas as pd

def find_female_loan_holders_with_credit_cards(client_df, disp_df, loan_df):
    # Filter clients to get only females
    female_clients = client_df[client_df['gender'] == 'female']
    
    # Join female clients with their disps (accounts)
    female_disps = female_clients.merge(disp_df, left_on='client_id', right_on='client_id')
    
    # Join disps with accounts to get account details
    female_accounts = female_disps.merge(account_df, left_on='account_id', right_on='account_id')
    
    # Join accounts with loans to get loan details
    female_loans = female_accounts.merge(loan_df, left_on='account_id', right_on='account_id')
    
    # Join disps with cards to check for credit cards
    female_cards = female_disps.merge(card_df, left_on='disp_id', right_on='disp_id')
    
    # Filter for credit cards
    female_credit_cards = female_cards[female_cards['type'] == 'credit card']
    
    # Get unique client IDs of females with both loans and credit cards
    result = female_credit_cards[['client_id']].drop_duplicates()
    
    return result"
qwen_before_adaptive,before,adaptive,qwen,147,0,1,False,ok,0,"def count_female_clients_in_south_bohemia(clients_df, districts_df):
    # Filter clients who are female and from the district of South Bohemia
    south_bohemia_districts = ['A2', 'A3', 'A4', 'A5', 'A6', 'A7', 'A8', 'A9', 'A10', 'A11', 'A12', 'A13', 'A14', 'A15', 'A16']
    filtered_clients = clients_df[(clients_df['gender'] == 'female') & (clients_df['district_id'].isin(south_bohemia_districts))]
    
    # Count the number of female clients in the filtered data
    return len(filtered_clients)"
qwen_before_adaptive,before,adaptive,qwen,147,1,1,False,ok,1,"import pandas as pd

def count_female_clients_in_south_bohemia(client_df, district_df):
    south_bohemia_districts = ['A2', 'A3', 'A4', 'A5', 'A6', 'A7', 'A8', 'A9', 'A10', 'A11', 'A12', 'A13', 'A14', 'A15', 'A16']
    south_bohemia_mask = district_df['district_id'].isin(south_bohemia_districts)
    female_clients_mask = client_df['gender'] == 'Female'
    filtered_data = client_df[female_clients_mask].merge(district_df[south_bohemia_mask], left_on='district_id', right_on='district_id')
    return len(filtered_data)

# Assuming client_df and district_df are already defined
result = count_female_clients_in_south_bohemia(client_df, district_df)
print(result)"
qwen_before_adaptive,before,adaptive,qwen,147,2,1,False,ok,0,"import pandas as pd

def count_female_clients_in_south_bohemia(client_df, district_df):
    # Assuming 'district' column in client_df contains the district_id
    south_bohemia_districts = ['A2', 'A3', 'A4', 'A5']  # Replace with actual districts in South Bohemia
    female_clients = client_df[(client_df['gender'] == 'female') & (client_df['district_id'].isin(south_bohemia_districts))]
    return len(female_clients)

# Example usage:
# result = count_female_clients_in_south_bohemia(client, district)
# print(result)"
qwen_before_adaptive,before,adaptive,qwen,147,3,1,False,ok,0,"def count_female_clients_in_south_bohemia(clients_df, districts_df):
    south_bohemia_districts = ['A2', 'A3', 'A4', 'A5', 'A6', 'A7', 'A8', 'A9', 'A10', 'A11', 'A12', 'A13', 'A14', 'A15', 'A16']
    filtered_districts = districts_df[districts_df['district_id'].isin(south_bohemia_districts)]
    filtered_clients = clients_df[clients_df['district_id'].isin(filtered_districts['district_id']) & (clients_df['gender'] == 'female')]
    return len(filtered_clients)"
qwen_before_adaptive,before,adaptive,qwen,147,4,1,False,ok,0,"def count_female_clients_in_south_bohemia(clients_df, districts_df):
    south_bohemia_districts = ['A1', 'A2', 'A3', 'A4', 'A5', 'A6']
    filtered_districts = districts_df[districts_df['district_id'].isin(south_bohemia_districts)]
    filtered_clients = clients_df[clients_df['gender'] == 'female']
    result = filtered_clients[filtered_clients['district_id'].isin(filtered_districts['district_id'])]
    return len(result)"
qwen_before_adaptive,before,adaptive,qwen,148,0,2,True,ok,0,"import pandas as pd

def get_eligible_accounts_for_loans(district_df, account_df):
    # Filter the district DataFrame to find the district ID for 'Tabor'
    tabor_district = district_df[district_df['A2'] == 'Tabor']['district_id'].values[0]
    
    # Filter the account DataFrame to find accounts in the 'Tabor' district
    eligible_accounts = account_df[account_df['district_id'] == tabor_district]
    
    return eligible_accounts"
qwen_before_adaptive,before,adaptive,qwen,148,1,2,True,ok,0,"import pandas as pd

def get_eligible_accounts(district_df, account_df):
    tabor_district = district_df[district_df['A2'] == 'Tabor']
    eligible_accounts = account_df[account_df['district_id'].isin(tabor_district['district_id'])]
    return eligible_accounts"
qwen_before_adaptive,before,adaptive,qwen,148,2,2,True,ok,1,"import pandas as pd

def get_eligible_accounts_for_loans():
    # Assuming the dataframes 'district', 'account', and 'disp' are already loaded
    eligible_accounts = pd.merge(account, district, left_on='district_id', right_on='district_id')
    eligible_accounts = eligible_accounts[eligible_accounts['A2'] == 'Tabor']
    return eligible_accounts[['account_id']]"
qwen_before_adaptive,before,adaptive,qwen,148,3,2,True,ok,0,"import pandas as pd

def get_eligible_accounts_for_loans(district_df, account_df):
    # Filter the district DataFrame to find the district_id for 'Tabor'
    tabor_district = district_df[district_df['A2'] == 'Tabor']['district_id'].values[0]
    
    # Filter the account DataFrame to find accounts in the 'Tabor' district
    eligible_accounts = account_df[account_df['district_id'] == tabor_district]['account_id']
    
    return eligible_accounts"
qwen_before_adaptive,before,adaptive,qwen,148,4,2,True,ok,1,"def get_eligible_accounts_for_loans():
    # Merge district and account tables on district_id
    merged_df = pd.merge(district, account, on='district_id')
    
    # Filter rows where A2 is 'Tabor'
    tabor_districts = merged_df[merged_df['A2'] == 'Tabor']
    
    # Get unique account_ids from the filtered DataFrame
    eligible_accounts = tabor_districts['account_id'].unique()
    
    return eligible_accounts"
qwen_before_adaptive,before,adaptive,qwen,149,0,2,True,ok,1,"import pandas as pd

def get_uneligible_loan_accounts_and_income(district_df, account_df, disp_df):
    # Filter accounts with frequency less than 2
    uneligible_accounts = account_df[account_df['frequency'] < 2]
    
    # Join with district to get district_id for each account
    joined_accounts = pd.merge(uneligible_accounts, district_df[['district_id', 'A1']], left_on='district_id', right_on='district_id')
    
    # Group by district_id and calculate average income (assuming A1 represents income)
    avg_income_by_district = joined_accounts.groupby('district_id')['A1'].mean().reset_index()
    
    # Filter districts with average income between $8000 and $9000
    eligible_districts = avg_income_by_district[(avg_income_by_district['A1'] > 8000) & (avg_income_by_district['A1'] <= 9000)]
    
    # Get unique account types from eligible districts
    eligible_account_types = disp_df[disp_df['client_id'].isin(eligible_districts['district_id'])]['type'].unique()
    
    return eligible_account_types, eligible_districts"
qwen_before_adaptive,before,adaptive,qwen,149,1,2,True,ok,2,"import pandas as pd

def get_uneligible_account_types_and_income():
    # Join the necessary tables to get the required information
    joined_data = pd.merge(account, disp, on='account_id')
    joined_data = pd.merge(joined_data, district, on='district_id')
    
    # Filter accounts that are not eligible for loans (type != 'loan')
    uneligible_accounts = joined_data[joined_data['type'] != 'loan']['disp_id'].unique()
    
    # Calculate the average income for districts with incomes between $8000 and $9000
    filtered_districts = district[(district['A8'] > 8000) & (district['A8'] <= 9000)]
    avg_income_per_district = filtered_districts.groupby('district_id')['A8'].mean()
    
    return uneligible_accounts.tolist(), avg_income_per_district.to_dict()

# Call the function and print the results
uneligible_types, avg_incomes = get_uneligible_account_types_and_income()
print(""Uneligible Account Types:"", uneligible_types)
print(""Average Income per District:"", avg_incomes)"
qwen_before_adaptive,before,adaptive,qwen,149,2,2,True,ok,2,"import pandas as pd

def get_uneligible_account_types_and_average_income():
    # Join the necessary tables to get the required information
    joined_df = pd.merge(account, disp, on='account_id')
    joined_df = pd.merge(joined_df, district, on='district_id')
    
    # Filter accounts that are not eligible for loans
    uneligible_accounts = joined_df[joined_df['type'] != 'loan_eligible']
    
    # Calculate the average income of residents in the district where the account is located
    avg_income = joined_df.groupby('A2')['A1'].mean()
    
    # Select districts where the average income is between $8000 and $9000
    eligible_districts = avg_income[(avg_income > 8000) & (avg_income <= 9000)]
    
    # Get the account types from the eligible districts
    result = uneligible_accounts[uneligible_accounts['district_id'].isin(eligible_districts.index)]['type'].unique()
    
    return result, eligible_districts"
qwen_before_adaptive,before,adaptive,qwen,149,3,2,True,ok,2,"import pandas as pd

def get_uneligible_loan_accounts_and_avg_income(data):
    # Join disp and account tables to get account types
    disp_account = data['disp'].merge(data['account'], on='account_id')
    
    # Filter out account types that are not eligible for loans
    uneligible_types = disp_account[~disp_account['type'].isin(['mortgage', 'loan'])]['type']
    
    # Join district and account tables to get district information
    district_account = data['district'].merge(data['account'], on='district_id')
    
    # Calculate average income per district
    avg_income_per_district = district_account.groupby('A2')['A10'].mean()
    
    # Filter districts with average income between 8000 and 9000
    eligible_districs = avg_income_per_district[(avg_income_per_district > 8000) & (avg_income_per_district <= 9000)]
    
    # Get account IDs from eligible districts
    eligible_accounts = district_account[district_account['A2'].isin(eligible_districs.index)]['account_id']
    
    # Get account types from eligible accounts
    eligible_loan_accounts = disp_account[disp_account['account_id'].isin(eligible_accounts)]['type']
    
    return uneligible_types, eligible_loan_accounts"
qwen_before_adaptive,before,adaptive,qwen,149,4,2,True,ok,1,"def get_uneligible_account_types_and_income():
    # Filter accounts with type 'not_eligible'
    uneligible_accounts = disp[disp['type'] == 'not_eligible']
    
    # Join with account table to get district information
    uneligible_accounts_with_district = pd.merge(uneligible_accounts, account, on='account_id')
    
    # Group by district_id and calculate average income
    avg_income_by_district = account.groupby('district_id')['A2'].mean()
    
    # Filter districts with average income between 8000 and 9000
    eligible_districs = avg_income_by_district[(avg_income_by_district >= 8000) & (avg_income_by_district <= 9000)].index
    
    # Filter uneligible accounts to only include those in eligible districts
    final_result = uneligible_accounts_with_district[uneligible_accounts_with_district['district_id'].isin(eligible_districs)]
    
    return final_result[['type', 'A2']]"
qwen_before_adaptive,before,adaptive,qwen,150,0,2,False,ok,1,"import pandas as pd

def count_transactions_with_partner_bank_ab():
    # Assuming 'district' DataFrame is available and contains the region information
    north_bohemia_accounts = district[district['A2'] == 'North Bohemia']['district_id']
    
    # Filter transactions where the partner's bank is 'AB'
    filtered_transactions = trans[trans['bank'] == 'AB']
    
    # Merge the filtered transactions with the account data to get district IDs
    merged_data = pd.merge(filtered_transactions, account, on='account_id')
    
    # Further filter to include only those transactions from North Bohemia
    result = merged_data[merged_data['district_id'].isin(north_bohemia_accounts)]
    
    return len(result)"
qwen_before_adaptive,before,adaptive,qwen,150,1,2,False,ok,0,"import pandas as pd

def count_transactions_with_partner_bank_ab(df_client, df_account, df_trans):
    # Filter clients from North Bohemia
    north_bohemia_clients = df_client[df_client['district_id'] == 'North Bohemia']
    
    # Get accounts of clients from North Bohemia
    north_bohemia_accounts = df_account[df_account['client_id'].isin(north_bohemia_clients['client_id'])]
    
    # Filter transactions where the partner's bank is AB
    filtered_transactions = df_trans[(df_trans['bank'] == 'AB') & (df_trans['operation'] == 'partner')]
    
    # Count the number of unique accounts that made such transactions
    unique_accounts_count = len(filtered_transactions['account_id'].unique())
    
    return unique_accounts_count"
qwen_before_adaptive,before,adaptive,qwen,150,2,2,False,ok,1,"import pandas as pd

def count_transactions_with_partner_bank_ab():
    # Filter accounts in North Bohemia
    north_bohemia_accounts = accounts[accounts['district_id'].isin(district[district['A2'] == 'North Bohemia']['district_id'])]
    
    # Merge accounts with transactions
    merged_data = pd.merge(north_bohemia_accounts, trans, on='account_id')
    
    # Filter transactions where the partner's bank is AB
    filtered_transactions = merged_data[merged_data['bank'] == 'AB']
    
    # Count the number of unique accounts
    num_accounts = len(filtered_transactions['account_id'].unique())
    
    return num_accounts"
qwen_before_adaptive,before,adaptive,qwen,150,3,2,False,ok,1,"import pandas as pd

def count_transactions_with_partner_bank_ab():
    # Join account and trans tables on account_id
    joined_df = pd.merge(account, trans, on='account_id')
    
    # Filter rows where partner's bank is 'AB'
    filtered_df = joined_df[joined_df['bank'] == 'AB']
    
    # Get unique account IDs from the filtered DataFrame
    unique_account_ids = filtered_df['account_id'].unique()
    
    # Count the number of unique accounts
    num_accounts = len(unique_account_ids)
    
    return num_accounts"
qwen_before_adaptive,before,adaptive,qwen,150,4,2,False,ok,2,"def count_transactions_with_partner_bank_AB():
    # Joining the necessary tables to get the required information
    joined_data = pd.merge(account, trans, on='account_id')
    joined_data = pd.merge(joined_data, district, on='district_id')
    
    # Filtering the data based on the conditions
    filtered_data = joined_data[(joined_data['A2'] == 'North Bohemia') & (joined_data['bank'] == 'AB')]
    
    # Counting the number of unique accounts meeting the criteria
    result = len(filtered_data['account_id'].unique())
    
    return result"
qwen_before_adaptive,before,adaptive,qwen,151,0,2,False,ok,2,"import pandas as pd

def get_districts_with_withdrawals(district, account, trans):
    # Filter transactions to only include withdrawals
    withdrawals = trans[trans['type'] == 'W']
    
    # Merge the filtered withdrawals with the account DataFrame to get district information
    district_with_withdrawals = pd.merge(withdrawals, account, on='account_id')
    
    # Merge the result with the district DataFrame to get district names
    district_names = pd.merge(district_with_withdrawals, district, on='district_id')
    
    # Get unique district names
    unique_district_names = district_names['A2'].unique()
    
    return unique_district_names"
qwen_before_adaptive,before,adaptive,qwen,151,1,2,False,ok,1,"import pandas as pd

def get_withdrawal_districts(account_df, trans_df):
    # Filter transactions to include only withdrawals
    withdrawal_trans = trans_df[trans_df['type'] == 'withdrawal']
    
    # Merge the withdrawal transactions with the account data to get district IDs
    withdrawal_accounts = pd.merge(withdrawal_trans, account_df[['account_id', 'district_id']], on='account_id')
    
    # Get unique districts from the filtered accounts
    withdrawal_districts = withdrawal_accounts['district_id'].unique()
    
    return withdrawal_districts"
qwen_before_adaptive,before,adaptive,qwen,151,2,2,False,ok,1,"import pandas as pd

def get_withdrawal_districts(account_df, trans_df):
    # Filter transactions to only include withdrawals
    withdrawal_trans = trans_df[trans_df['type'] == 'W']
    
    # Merge the filtered transactions with the account data to get district information
    withdrawal_accounts = pd.merge(withdrawal_trans, account_df, on='account_id')
    
    # Get unique districts from the withdrawal accounts
    withdrawal_districts = withdrawal_accounts['district_id'].unique()
    
    return withdrawal_districts"
qwen_before_adaptive,before,adaptive,qwen,151,3,2,False,ok,0,"def get_withdrawal_districts(account_df, trans_df):
    withdrawal_trans = trans_df[trans_df['type'] == 'VÝJEM']
    withdrawal_accounts = withdrawal_trans['account_id'].unique()
    withdrawal_districts = account_df.loc[account_df['account_id'].isin(withdrawal_accounts), 'district_id'].unique()
    return withdrawal_districts"
qwen_before_adaptive,before,adaptive,qwen,151,4,2,False,ok,1,"import pandas as pd

def get_districts_with_withdrawals(district_df, account_df, trans_df):
    # Merge account and transaction dataframes to find transactions related to each account
    merged_data = pd.merge(account_df, trans_df, on='account_id')
    
    # Filter for transactions where the operation is 'VÝJEM' (withdrawal in Czech)
    withdrawals = merged_data[merged_data['operation'] == 'VÝJEM']
    
    # Get unique district IDs from the withdrawal transactions
    district_ids_with_withdrawals = withdrawals['district_id'].unique()
    
    # Map district IDs to district names using the district dataframe
    district_names = district_df.loc[district_ids_with_withdrawals, 'A2']
    
    return district_names"
qwen_before_adaptive,before,adaptive,qwen,152,0,1,False,ok,1,"import pandas as pd

def calculate_average_crimes(district_df, account_df):
    # Filter districts with more than 4000 crimes in 1995
    filtered_districts = district_df[district_df['A1'] == 1995].groupby('district_id').sum().reset_index()
    filtered_districts = filtered_districts[filtered_districts.sum(axis=1) > 4000]
    
    # Filter accounts opened since 1997
    filtered_accounts = account_df[account_df['date'].dt.year >= 1997]
    
    # Join the filtered data to get the average number of crimes in the specified conditions
    result = pd.merge(filtered_districts, filtered_accounts[['district_id', 'account_id']], on='district_id')
    average_crimes = result.groupby('district_id').size().mean()
    
    return average_crimes"
qwen_before_adaptive,before,adaptive,qwen,152,1,1,False,ok,0,"import pandas as pd

def calculate_average_crimes(district_df, account_df):
    # Filter districts with more than 4000 crimes in 1995
    high_crime_districts = district_df[(district_df['A2'] == '1995') & (district_df['A3'] > 4000)]['district_id']
    
    # Filter accounts opened since 1997 in those districts
    filtered_accounts = account_df[(account_df['date'].dt.year >= 1997) & (account_df['district_id'].isin(high_crime_districts))]
    
    # Calculate the average number of accounts per district
    avg_accounts_per_district = filtered_accounts.groupby('district_id').size().mean()
    
    return avg_accounts_per_district"
qwen_before_adaptive,before,adaptive,qwen,152,2,1,False,ok,0,"import pandas as pd

def calculate_average_crimes(df_district, df_account):
    # Filter districts with more than 4000 crimes in 1995
    filtered_districts = df_district[df_district['A1'] > 4000]
    
    # Get the district_ids of these filtered districts
    district_ids = filtered_districts['district_id']
    
    # Filter accounts opened since 1997
    filtered_accounts = df_account[(df_account['date'].dt.year >= 1997) & (df_account['district_id'].isin(district_ids))]
    
    # Calculate the average number of accounts per district in the filtered data
    average_accounts_per_district = filtered_accounts.groupby('district_id').size().mean()
    
    return average_accounts_per_district"
qwen_before_adaptive,before,adaptive,qwen,152,3,1,False,ok,1,"import pandas as pd

def calculate_average_crimes():
    # Filter districts based on the condition
    filtered_districts = district[district['A1'] > 4000]
    
    # Merge the filtered districts with the account data
    merged_data = pd.merge(filtered_districts, account, on='district_id')
    
    # Convert the date column to datetime format
    merged_data['date'] = pd.to_datetime(merged_data['date'])
    
    # Filter accounts opened after or in the year 1997
    filtered_accounts = merged_data[merged_data['date'].dt.year >= 1997]
    
    # Calculate the average number of crimes
    average_crimes = filtered_accounts.groupby('district_id')['frequency'].mean()
    
    return average_crimes"
qwen_before_adaptive,before,adaptive,qwen,152,4,1,False,ok,1,"import pandas as pd

def calculate_crime_feature(account_df, district_df):
    # Filter accounts opened after or in 1997
    filtered_accounts = account_df[account_df['date'].dt.year >= 1997]
    
    # Merge filtered accounts with district data to get district information
    merged_data = pd.merge(filtered_accounts, district_df, on='district_id')
    
    # Calculate the sum of crimes in each district in 1995
    crime_sum_by_district = merged_data[merged_data['date'].dt.year == 1995].groupby('district_id')['frequency'].sum()
    
    # Filter districts with more than 4000 crimes in 1995
    high_crime_districts = crime_sum_by_district[crime_sum_by_district > 4000]
    
    # Return the mean number of crimes in these districts
    return high_crime_districts.mean()"
qwen_before_adaptive,before,adaptive,qwen,153,0,1,True,ok,0,"import pandas as pd

def count_eligible_cards(cards_df):
    # Filter the DataFrame to include only 'classic' cards
    classic_cards = cards_df[cards_df['type'] == 'classic']
    
    # Count the number of 'classic' cards
    eligible_cards_count = len(classic_cards)
    
    return eligible_cards_count"
qwen_before_adaptive,before,adaptive,qwen,153,1,1,True,ok,0,"def count_eligible_cards(cards_df):
    # Filter the DataFrame to include only rows where the card type is 'classic'
    classic_cards = cards_df[cards_df['type'] == 'classic']
    
    # Count the number of unique client IDs associated with these classic cards
    eligible_clients = classic_cards['client_id'].nunique()
    
    return eligible_clients"
qwen_before_adaptive,before,adaptive,qwen,153,2,1,True,ok,0,"def count_eligible_classic_cards(cards_df):
    return (cards_df['type'] == 'classic') & (cards_df['issued']).sum()"
qwen_before_adaptive,before,adaptive,qwen,153,3,1,True,ok,0,"import pandas as pd

def count_eligible_classic_cards(cards_df):
    # Filter the DataFrame to include only rows where the card type is 'classic'
    classic_cards = cards_df[cards_df['type'] == 'classic']
    
    # Count the number of 'classic' cards
    num_eligible_cards = len(classic_cards)
    
    return num_eligible_cards"
qwen_before_adaptive,before,adaptive,qwen,153,4,1,True,ok,0,"import pandas as pd

def count_eligible_classic_cards(card_df, disp_df):
    # Filter the card DataFrame to include only classic cards and those issued before 2015
    classic_cards = card_df[(card_df['type'] == 'classic') & (card_df['issued'] < 2015)]
    
    # Get the disp_ids of these classic cards
    classic_disp_ids = classic_cards['disp_id']
    
    # Join with the disp DataFrame to get the client_ids associated with these disp_ids
    eligible_clients = disp_df[disp_df['disp_id'].isin(classic_disp_ids)]['client_id']
    
    # Count the number of unique clients who have classic cards issued before 2015
    num_eligible_clients = len(eligible_clients.unique())
    
    return num_eligible_clients"
qwen_before_adaptive,before,adaptive,qwen,154,0,1,False,ok,0,"def count_male_clients_in_district(df_client, df_district):
    # Filter clients who are in 'Hl.m. Praha' district and are male
    filtered_clients = df_client[(df_client['district_id'] == 'Hl.m. Praha') & (df_client['gender'] == 'male')]
    
    # Count the number of such clients
    count = len(filtered_clients)
    
    return count"
qwen_before_adaptive,before,adaptive,qwen,154,1,1,False,ok,0,"def count_male_clients_in_district(clients_df, districts_df, district_name):
    # Filter the clients DataFrame to include only those from the specified district
    district_clients = clients_df[clients_df['district_id'].isin(districts_df[districts_df['A2'] == district_name]['district_id'])]
    
    # Further filter to include only male clients
    male_clients_in_district = district_clients[district_clients['gender'] == 'Male']
    
    # Return the count of male clients
    return len(male_clients_in_district)

# Example usage:
# Assuming `clients` and `districts` are your DataFrames
# result = count_male_clients_in_district(clients, districts, 'Hl.m. Praha')
# print(result)"
qwen_before_adaptive,before,adaptive,qwen,154,2,1,False,ok,0,"import pandas as pd

def count_male_clients_in_hl_m_praha(df_client, df_district):
    hl_m_praha_mask = (df_client['district_id'] == 1) & (df_client['gender'] == 'male')
    return df_client[hl_m_praha_mask].shape[0]"
qwen_before_adaptive,before,adaptive,qwen,154,3,1,False,ok,0,"import pandas as pd

def count_male_clients_in_praha():
    # Assuming 'client' and 'district' DataFrames are already loaded
    praha_district = district[district['A1'] == 'Hl.m. Praha']
    male_clients_in_praha = client[(client['gender'] == 'male') & (client['district_id'].isin(praha_district['district_id']))]
    return len(male_clients_in_praha)

# Example usage
result = count_male_clients_in_praha()
print(result)"
qwen_before_adaptive,before,adaptive,qwen,154,4,1,False,ok,0,"def count_male_clients_in_hl_praha(client_df, district_df):
    hl_praha_mask = district_df['district_id'] == 'Hl.m. Praha'
    hl_praha_district = district_df[hl_praha_mask]
    client_ids_in_hl_praha = hl_praha_district['client_id']
    
    male_clients_in_hl_praha = client_df[(client_df['client_id'].isin(client_ids_in_hl_praha)) & (client_df['gender'] == 'male')]
    
    return len(male_clients_in_hl_praha)"
qwen_before_adaptive,before,adaptive,qwen,155,0,0,False,ok,0,"import pandas as pd

def calculate_gold_cards_issued_before_1998(cards):
    gold_cards = cards[cards['type'] == 'Gold']
    total_gold_cards = len(gold_cards)
    gold_cards_issued_before_1998 = len(gold_cards[gold_cards['issued'].dt.year < 1998])
    percentage = (gold_cards_issued_before_1998 / total_gold_cards) * 100
    return percentage"
qwen_before_adaptive,before,adaptive,qwen,155,1,0,False,ok,0,"def calculate_gold_cards_issued_before_1998(cards_df):
    gold_cards = cards_df[cards_df['type'] == 'Gold']
    total_gold_cards = len(gold_cards)
    gold_cards_issued_before_1998 = gold_cards[gold_cards['issued'].dt.year < 1998]
    percentage = (len(gold_cards_issued_before_1998) / total_gold_cards) * 100
    return percentage"
qwen_before_adaptive,before,adaptive,qwen,155,2,0,False,ok,0,"import pandas as pd

def calculate_gold_cards_issued_before_1998(loan_data):
    # Filter the DataFrame to include only 'Gold' cards
    gold_cards = loan_data[loan_data['type'] == 'Gold']
    
    # Convert the 'issued' column to datetime format if not already
    gold_cards['issued'] = pd.to_datetime(gold_cards['issued'])
    
    # Count the number of 'Gold' cards issued before 1998
    gold_cards_before_1998 = gold_cards[gold_cards['issued'].dt.year < 1998]
    
    # Calculate the percentage of 'Gold' cards issued before 1998
    percentage_before_1998 = (len(gold_cards_before_1998) / len(gold_cards)) * 100
    
    return percentage_before_1998"
qwen_before_adaptive,before,adaptive,qwen,155,3,0,False,ok,0,"import pandas as pd

def gold_cards_issued_before_1998(card):
    gold_cards = card[card['type'] == 'Gold']
    total_gold_cards = len(gold_cards)
    gold_cards_issued_before_1998 = gold_cards[gold_cards['issued'].dt.year < 1998]
    percentage = (len(gold_cards_issued_before_1998) / total_gold_cards) * 100
    return percentage"
qwen_before_adaptive,before,adaptive,qwen,155,4,0,False,ok,0,"import pandas as pd

def gold_cards_issued_before_1998(issued):
    gold_cards = issued[issued['type'] == 'Gold']
    total_gold_cards = len(gold_cards)
    issued_before_1998 = gold_cards[gold_cards['year'] < 1998]
    percentage = (len(issued_before_1998) / total_gold_cards) * 100
    return percentage"
qwen_before_adaptive,before,adaptive,qwen,156,0,2,True,ok,1,"import pandas as pd

def find_owner_of_largest_loan():
    # Merge the loan and account tables on account_id
    merged_df = pd.merge(loan, account, on='account_id')
    
    # Find the account with the largest loan amount
    largest_loan_account = merged_df.loc[merged_df['amount'].idxmax(), 'account_id']
    
    # Get the disp_id of the account with the largest loan amount
    disp_id = merged_df.loc[merged_df['account_id'] == largest_loan_account, 'disp_id'].values[0]
    
    # Get the client_id associated with the disp_id
    client_id = disp.loc[disp['disp_id'] == disp_id, 'client_id'].values[0]
    
    return client_id"
qwen_before_adaptive,before,adaptive,qwen,156,1,2,True,ok,1,"import pandas as pd

def find_owner_of_largest_loan_amount():
    # Merge loan and account dataframes on 'account_id'
    merged_df = pd.merge(loan, account, on='account_id')
    
    # Find the index of the row with the largest loan amount
    max_loan_index = merged_df['amount'].idxmax()
    
    # Get the client_id from the dataframe at the found index
    owner_client_id = merged_df.loc[max_loan_index, 'client_id']
    
    return owner_client_id"
qwen_before_adaptive,before,adaptive,qwen,156,2,2,True,ok,2,"def find_owner_of_largest_loan():
    # Merge the relevant tables to get the required information
    merged_df = pd.merge(loan, account, on='account_id')
    merged_df = pd.merge(merged_df, disp, on='disp_id')
    
    # Find the account with the largest loan amount
    largest_loan_account = merged_df.loc[merged_df['amount'].idxmax(), 'client_id']
    
    return largest_loan_account"
qwen_before_adaptive,before,adaptive,qwen,156,3,2,True,ok,1,"def get_owner_of_largest_loan_amount():
    # Joining the necessary tables to get the required information
    joined_data = pd.merge(loan, account, on='account_id')
    # Finding the maximum loan amount
    max_loan_amount = joined_data['amount'].max()
    # Filtering the data to get the row with the maximum loan amount
    result = joined_data[joined_data['amount'] == max_loan_amount]
    # Getting the client_id of the owner of the account with the largest loan amount
    client_id = result['client_id'].values[0]
    return client_id"
qwen_before_adaptive,before,adaptive,qwen,156,4,2,True,ok,2,"import pandas as pd

def find_owner_of_largest_loan_amount(disp, account, loan):
    # Merge the dataframes to get the necessary information
    merged_df = pd.merge(disp, account, on='account_id')
    merged_df = pd.merge(merged_df, loan, on='account_id')
    
    # Find the account with the largest loan amount
    max_loan_account = merged_df.loc[merged_df['amount'].idxmax(), 'client_id']
    
    return max_loan_account"
qwen_before_adaptive,before,adaptive,qwen,157,0,1,False,ok,0,"import pandas as pd

def count_committed_crimes(account_id):
    # Assuming 'committed_crimes' DataFrame contains the necessary data
    # and has columns 'account_id', 'district_id', and 'crime_year'
    committed_crimes = pd.DataFrame({
        'account_id': [532, 532, 532, 532],
        'district_id': [1, 2, 3, 4],
        'crime_year': [1995, 1995, 1996, 1997]
    })
    
    filtered_data = committed_crimes[(committed_crimes['account_id'] == account_id) & (committed_crimes['crime_year'] == 1995)]
    return len(filtered_data)

# Example usage
result = count_committed_crimes(532)
print(result)"
qwen_before_adaptive,before,adaptive,qwen,157,1,1,False,ok,1,"import pandas as pd

def count_committed_crimes(account_id):
    # Assuming the database connection and data loading are handled elsewhere
    district_df = pd.read_sql_table('district', con=engine)
    account_df = pd.read_sql_table('account', con=engine)
    
    # Merge the district and account dataframes on district_id
    merged_df = pd.merge(district_df, account_df, on='district_id')
    
    # Filter the dataframe to only include the specified account_id and the year 1995
    filtered_df = merged_df[(merged_df['account_id'] == account_id) & (merged_df['date'].dt.year == 1995)]
    
    # Count the number of rows in the filtered dataframe, which represents the number of committed crimes
    return len(filtered_df)

# Example usage
num_crimes = count_committed_crimes(532)
print(num_crimes)"
qwen_before_adaptive,before,adaptive,qwen,157,2,1,False,ok,0,"import pandas as pd

def count_committed_crimes(account_id):
    # Assuming 'committed_crimes' DataFrame contains the necessary data
    committed_crimes = pd.DataFrame({
        'account_id': [532],
        'district_id': [1],  # Replace with actual district_id if known
        'frequency': [2],
        'date': ['1995']
    })
    
    # Filter the DataFrame to get the relevant rows
    filtered_data = committed_crimes[(committed_crimes['account_id'] == account_id) & 
                                   (committed_crimes['date'].str.contains('1995'))]
    
    # Count the number of committed crimes
    num_committed_crimes = len(filtered_data)
    
    return num_committed_crimes

# Example usage
account_id = 532
result = count_committed_crimes(account_id)
print(f""Number of committed crimes in 1995 for account {account_id}: {result}"")"
qwen_before_adaptive,before,adaptive,qwen,157,3,1,False,ok,0,"import pandas as pd

def count_committed_crimes(account_id):
    # Filter the account DataFrame to get the district_id for the given account_id
    district_info = account[account['account_id'] == account_id]
    if district_info.empty:
        return 0
    
    district_id = district_info.iloc[0]['district_id']
    
    # Assuming there is a crime table named 'crime' with columns 'district_id', 'year', and 'crime_count'
    # Filter the crime DataFrame to get the number of committed crimes in 1995 in the given district
    crime_info = crime[(crime['district_id'] == district_id) & (crime['year'] == 1995)]
    
    # Sum up the crime counts for the filtered data
    total_crimes = crime_info['crime_count'].sum()
    
    return total_crimes

# Example usage
result = count_committed_crimes(532)
print(result)"
qwen_before_adaptive,before,adaptive,qwen,157,4,1,False,ok,0,"import pandas as pd

def count_committed_crimes(account_id):
    # Assuming 'district' and 'account' DataFrames are already defined
    account_data = account[account['account_id'] == account_id]
    if account_data.empty:
        return 0
    district_id = account_data['district_id'].iloc[0]
    district_data = district[district['district_id'] == district_id]
    committed_crimes = district_data['A1']
    return committed_crimes.sum()

# Example usage
result = count_committed_crimes(532)
print(result)"
qwen_before_adaptive,before,adaptive,qwen,158,0,2,False,ok,1,"def get_district_id_for_order(order_id):
    # Merge the 'order' DataFrame with the 'account' DataFrame on 'account_id'
    merged_df = pd.merge(order, account, on='account_id')
    
    # Filter the DataFrame to find the row where 'order_id' matches the input
    result = merged_df[merged_df['order_id'] == order_id]
    
    # Return the 'district_id' from the filtered row
    return result['district_id'].values[0]"
qwen_before_adaptive,before,adaptive,qwen,158,1,2,False,ok,0,"def get_district_id_for_order(order_id):
    return order[order['order_id'] == order_id]['account_id'].values[0]"
qwen_before_adaptive,before,adaptive,qwen,158,2,2,False,ok,0,"def get_district_id_for_order(order_id):
    # Assuming 'order' DataFrame is named df_order
    result = df_order[df_order['order_id'] == order_id]['account_id'].values[0]
    return result

# Example usage:
district_id = get_district_id_for_order(33333)
print(f""The district ID of the account that placed the order with ID 33333 is: {district_id}"")"
qwen_before_adaptive,before,adaptive,qwen,158,3,2,False,ok,0,"def get_district_id_of_order(order_id):
    return order[order['order_id'] == order_id]['account_id'].map(account.set_index('account_id')['district_id']).iloc[0]"
qwen_before_adaptive,before,adaptive,qwen,158,4,2,False,ok,0,"def get_district_id_for_order(order_id):
    return order[order['order_id'] == order_id]['account_id'].values[0]
    district_info = account[account['account_id'] == get_district_id_for_order(order_id)]
    return district_info['district_id'].values[0]"
qwen_before_adaptive,before,adaptive,qwen,159,0,3,True,ok,0,"import pandas as pd

def list_withdrawals_in_cash(client_id):
    # Filter transactions for the specified client and type 'W' (withdrawal) and operation 'VYBER KAS'
    withdrawal_transactions = trans[(trans['client_id'] == client_id) & 
                                   (trans['type'] == 'W') & 
                                   (trans['operation'] == 'VYBER KAS')]
    
    return withdrawal_transactions[['date', 'amount']]"
qwen_before_adaptive,before,adaptive,qwen,159,1,3,True,ok,0,"def list_withdrawals_in_cash(client_id):
    # Filter the transactions to find withdrawals in cash made by the specified client
    withdrawals = trans[(trans['client_id'] == client_id) & (trans['type'] == 'withdrawal') & (trans['operation'] == 'cash')]
    return withdrawals

# Example usage:
# result = list_withdrawals_in_cash(3356)
# print(result)"
qwen_before_adaptive,before,adaptive,qwen,159,2,3,True,ok,0,"import pandas as pd

def list_withdrawals_in_cash(trans_df, client_id):
    # Filter the transactions DataFrame to include only those made by the specified client
    client_transactions = trans_df[trans_df['client_id'] == client_id]
    
    # Filter the transactions to include only withdrawals and cash operations
    withdrawals = client_transactions[(client_transactions['type'] == 'withdrawal') & (client_transactions['operation'] == 'cash')]
    
    return withdrawals

# Assuming the transaction DataFrame is named 'trans'
result = list_withdrawals_in_cash(trans, 3356)
print(result)"
qwen_before_adaptive,before,adaptive,qwen,159,3,3,True,ok,1,"import pandas as pd

def get_cash_withdrawals(client_id):
    # Join disp and trans tables to find withdrawal operations
    disp_trans = pd.merge(disp, trans, on='account_id')
    
    # Filter for specific client and withdrawal type
    client_withdrawals = disp_trans[(disp_trans['client_id'] == client_id) & (disp_trans['type'] == 'W') & (disp_trans['operation'] == 'V')]
    
    # Select only the required columns
    result = client_withdrawals[['date', 'amount']]
    
    return result

# Example usage
client_id = 3356
cash_withdrawals = get_cash_withdrawals(client_id)
print(cash_withdrawals)"
qwen_before_adaptive,before,adaptive,qwen,159,4,3,True,ok,0,"def list_withdrawals_in_cash(client_id):
    # Filter transactions for the specified client and type 'W' (withdrawal)
    withdrawals = trans[(trans['client_id'] == client_id) & (trans['type'] == 'W')]
    
    # Further filter to include only cash transactions (k_symbol is empty or 'CS')
    cash_withdrawals = withdrawals[withdrawals['k_symbol'].isin(['', 'CS'])]
    
    return cash_withdrawals[['date', 'amount']]"
qwen_before_adaptive,before,adaptive,qwen,160,0,1,False,ok,0,"import pandas as pd

def count_under_200k_loans(accounts_df, loans_df):
    # Filter accounts where the loan amount is less than 200000
    filtered_loans = loans_df[loans_df['amount'] < 200000]
    
    # Group by 'account_id' and count the number of unique 'district_id'
    result = filtered_loans.groupby('account_id')['district_id'].nunique().reset_index()
    
    return result"
qwen_before_adaptive,before,adaptive,qwen,160,1,1,False,ok,1,"def count_under_200k_loans_per_week():
    # Filter loans with amount less than 200000
    filtered_loans = loan[loan['amount'] < 200000]
    
    # Merge with account data to get district information
    merged_data = pd.merge(filtered_loans, account, on='account_id')
    
    # Group by week and count unique accounts
    weekly_counts = merged_data.groupby(merged_data['date'].dt.to_period('W'))['district_id'].nunique()
    
    return weekly_counts"
qwen_before_adaptive,before,adaptive,qwen,160,2,1,False,ok,1,"import pandas as pd

def count_weekly_issuance_accounts_with_small_loans(loan_df, account_df):
    # Filter loans with amount less than 200000
    small_loans = loan_df[loan_df['amount'] < 200000]
    
    # Merge loan data with account data to get district_id for each loan
    merged_data = pd.merge(small_loans, account_df, on='account_id')
    
    # Group by district_id and count unique accounts
    weekly_issuance_counts = merged_data.groupby('district_id')['account_id'].nunique()
    
    return weekly_issuance_counts"
qwen_before_adaptive,before,adaptive,qwen,160,3,1,False,ok,1,"import pandas as pd

def count_under_200k_loans(df_loan, df_account):
    # Merge the two dataframes on 'account_id'
    merged_df = pd.merge(df_loan, df_account, on='account_id')
    
    # Filter the rows where 'amount' is less than 200000 and 'frequency' is 'weekly'
    filtered_df = merged_df[(merged_df['amount'] < 200000) & (merged_df['frequency'] == 'weekly')]
    
    # Count the number of unique 'district_id's in the filtered dataframe
    result = len(filtered_df['district_id'].unique())
    
    return result"
qwen_before_adaptive,before,adaptive,qwen,160,4,1,False,ok,1,"import pandas as pd

def count_low_loan_accounts(loan_df, account_df):
    # Filter loans with amount less than 200000
    low_loan_mask = loan_df['amount'] < 200000
    
    # Merge loan and account dataframes on account_id
    merged_df = pd.merge(loan_df[low_loan_mask], account_df, on='account_id')
    
    # Count unique accounts with low loan amounts
    result = len(merged_df['account_id'].unique())
    
    return result"
qwen_before_adaptive,before,adaptive,qwen,161,0,2,True,ok,2,"import pandas as pd

def get_credit_card_type(client_id):
    # Join the necessary tables to find the credit card type for the given client ID
    result = pd.merge(client, disp, left_on='client_id', right_on='disp_id')
    result = pd.merge(result, card, left_on='disp_id', right_on='disp_id')
    filtered_result = result[result['client_id'] == client_id]
    return filtered_result['type'].unique()[0] if not filtered_result.empty else None"
qwen_before_adaptive,before,adaptive,qwen,161,1,2,True,ok,2,"def get_credit_card_type(client_id):
    # Join the relevant tables to find the card type for the given client ID
    result = pd.merge(card, disp, on='disp_id')
    result = pd.merge(result, client, on='client_id')
    filtered_result = result[result['client_id'] == client_id]
    return filtered_result['type'].unique()"
qwen_before_adaptive,before,adaptive,qwen,161,2,2,True,ok,1,"def get_credit_card_type(client_id):
    # Merge disp and card tables on disp_id
    merged_disp_card = pd.merge(disp, card, on='disp_id')
    
    # Filter rows where client_id matches the input
    filtered_rows = merged_disp_card[merged_disp_card['client_id'] == client_id]
    
    # Extract the first card type (assuming one-to-one relationship)
    card_type = filtered_rows.iloc[0]['type']
    
    return card_type"
qwen_before_adaptive,before,adaptive,qwen,161,3,2,True,ok,0,"def get_credit_card_type(client_id):
    client_disp = client[client['client_id'] == client_id]['disp_id'].values[0]
    card_info = card[card['disp_id'] == client_disp]
    return card_info['type'].unique()"
qwen_before_adaptive,before,adaptive,qwen,161,4,2,True,ok,0,"def get_credit_card_type(client_id):
    # Filter the card DataFrame to find cards owned by the given client_id
    client_cards = card[card['disp_id'].isin(disp[disp['client_id'] == client_id]['disp_id'])]
    
    # Get the types of these cards
    card_types = client_cards['type']
    
    return card_types"
qwen_before_adaptive,before,adaptive,qwen,162,0,1,False,ok,1,"import pandas as pd

def get_client_region(client_id):
    # Merge the 'client' and 'district' DataFrames on 'district_id'
    merged_df = pd.merge(client, district, on='district_id')
    
    # Filter the DataFrame to find the row where 'client_id' matches the input
    result_row = merged_df[merged_df['client_id'] == client_id]
    
    # Extract the 'A2' column value from the filtered row
    region = result_row['A2'].values[0] if not result_row.empty else None
    
    return region

# Example usage
client_id = 3541
region = get_client_region(client_id)
print(f""The region of the client with id {client_id} is {region}."")"
qwen_before_adaptive,before,adaptive,qwen,162,1,1,False,ok,1,"def get_client_region(client_id):
    # Merge the client and district DataFrames on district_id
    merged_df = pd.merge(client, district, on='district_id')
    # Filter the DataFrame to find the row where client_id matches the input
    result = merged_df[merged_df['client_id'] == client_id]
    # Return the region (A2) of the client
    return result['A2'].values[0]"
qwen_before_adaptive,before,adaptive,qwen,162,2,1,False,ok,0,"def get_client_region(client_id):
    client = client[client['client_id'] == client_id]
    district_id = client['district_id'].values[0]
    district = district[district['district_id'] == district_id]
    return district.iloc[0]['A2']"
qwen_before_adaptive,before,adaptive,qwen,162,3,1,False,ok,0,"def get_client_region(client_id):
    client = client[client['client_id'] == client_id]
    district = district[district['district_id'] == client['district_id'].values[0]]
    return district.iloc[0]['A2']"
qwen_before_adaptive,before,adaptive,qwen,162,4,1,False,ok,1,"import pandas as pd

def get_client_region(client_id):
    # Merge the 'client' and 'district' DataFrames on 'district_id'
    merged_df = pd.merge(client, district, on='district_id')
    # Filter the DataFrame to find the row where 'client_id' matches the input
    result = merged_df[merged_df['client_id'] == client_id]
    # Return the 'A2' column value from the filtered row, which represents the region
    return result['A2'].values[0]

# Example usage
client_id = 3541
region = get_client_region(client_id)
print(f""The region of client {client_id} is: {region}"")"
qwen_before_adaptive,before,adaptive,qwen,163,0,2,False,ok,1,"import pandas as pd

def district_with_most_loans_finished(df_account, df_loan):
    # Merge account and loan dataframes on account_id
    merged_df = pd.merge(df_account, df_loan, on='account_id')
    
    # Filter records where the loan status is 'finished with no problems'
    filtered_df = merged_df[merged_df['status'] == 'finished with no problems']
    
    # Group by district_id and count the number of loans in each district
    district_counts = filtered_df.groupby('district_id').size()
    
    # Find the district with the maximum number of loans
    district_with_max_loans = district_counts.idxmax()
    
    return district_with_max_loans"
qwen_before_adaptive,before,adaptive,qwen,163,1,2,False,ok,1,"import pandas as pd

def most_successful_district(accounts, loans):
    # Merge accounts and loans dataframes to get loan details for each account
    merged_df = pd.merge(accounts, loans, on='account_id')
    
    # Filter the merged dataframe to include only completed loans without issues
    successful_loans = merged_df[(merged_df['status'] == 'finished') & (merged_df['payments'] == merged_df['duration'])]
    
    # Group by district_id and count the number of successful accounts per district
    success_counts = successful_loans.groupby('district_id').size()
    
    # Find the district with the maximum number of successful accounts
    most_successful_district = success_counts.idxmax()
    
    return most_successful_district"
qwen_before_adaptive,before,adaptive,qwen,163,2,2,False,ok,2,"import pandas as pd

def district_with_most_loans_finished_without_problems():
    # Merge the necessary tables to get the required information
    merged_df = pd.merge(account, loan, on='account_id')
    merged_df = pd.merge(merged_df, district, on='district_id')
    
    # Filter the DataFrame to include only those records where the loan status is 'finished without problems'
    filtered_df = merged_df[merged_df['status'] == 'finished without problems']
    
    # Group by district and count the number of accounts in each district
    result = filtered_df.groupby('A2').size().reset_index(name='count')
    
    # Find the district with the maximum count
    district_with_max_count = result.loc[result['count'].idxmax(), 'A2']
    
    return district_with_max_count"
qwen_before_adaptive,before,adaptive,qwen,163,3,2,False,ok,1,"import pandas as pd

def district_with_most_successful_loans():
    # Merge the necessary tables to get the required information
    merged_df = pd.merge(account, loan, on='account_id')
    successful_loans = merged_df[merged_df['status'] == 'finished']
    
    # Group by district and count the number of successful loans
    district_counts = successful_loans.groupby('district_id').size()
    
    # Find the district with the maximum count of successful loans
    district_with_max_success = district_counts.idxmax()
    
    return district_with_max_success"
qwen_before_adaptive,before,adaptive,qwen,163,4,2,False,ok,2,"import pandas as pd

def district_with_most_loan_contracts_finished(dataframes):
    # Merge dataframes to get the necessary information
    merged_data = pd.merge(dataframes['account'], dataframes['loan'], on='account_id')
    merged_data = pd.merge(merged_data, dataframes['district'], on='district_id')
    
    # Filter for loan contracts finished with no problems
    filtered_data = merged_data[merged_data['status'] == 'finished']
    
    # Group by district and count the number of accounts
    result = filtered_data.groupby('district_id').size().reset_index(name='count')
    
    # Find the district with the most accounts
    max_count_district = result.loc[result['count'].idxmax(), 'district_id']
    
    return max_count_district"
qwen_before_adaptive,before,adaptive,qwen,164,0,3,True,ok,0,"def get_order_placer(order_id):
    query = f""SELECT T1.client_id FROM client AS T1 JOIN disp AS T2 ON T1.client_id = T2.client_id WHERE T2.account_id IN (SELECT account_id FROM order WHERE order_id = {order_id})""
    result = pd.read_sql(query, conn)  # Assuming 'conn' is the database connection object
    return result['client_id'].iloc[0]"
qwen_before_adaptive,before,adaptive,qwen,164,1,3,True,ok,0,"def find_order_placer(order_id):
    order_info = order[order['order_id'] == order_id]
    if not order_info.empty:
        account_id = order_info['account_id'].values[0]
        client_info = client[client['client_id'] == disp[disp['account_id'] == account_id]['client_id'].values[0]]
        return client_info['gender'].values[0], client_info['birth_date'].values[0], client_info['district_id'].values[0]
    else:
        return None

# Example usage
placer_info = find_order_placer(32423)
print(placer_info)"
qwen_before_adaptive,before,adaptive,qwen,164,2,3,True,ok,1,"def find_order_placer(order_id):
    # Join the order table with the client table on account_id to get the client details
    order_client = pd.merge(order, client, left_on='account_id', right_on='client_id')
    
    # Filter the DataFrame to get the row where order_id matches the input
    result = order_client[order_client['order_id'] == order_id]
    
    # Extract the name of the client who placed the order
    if not result.empty:
        return result[['first_name', 'last_name']].values[0]
    else:
        return None

# Example usage
order_id = 32423
placer = find_order_placer(order_id)
print(f""The order with ID {order_id} was placed by {placer}."")"
qwen_before_adaptive,before,adaptive,qwen,164,3,3,True,ok,0,"def get_order_placer(order_id):
    query = f""SELECT T1.account_id FROM order AS T1 JOIN client AS T2 ON T1.account_id = T2.account_id WHERE T1.order_id = {order_id}""
    return pd.read_sql(query, con=engine)['account_id'].iloc[0]"
qwen_before_adaptive,before,adaptive,qwen,164,4,3,True,ok,0,"def find_order_placer(order_id):
    order = orders[orders['order_id'] == order_id]
    if not order.empty:
        return order.iloc[0]['account_id']
    else:
        return None"
qwen_before_adaptive,before,adaptive,qwen,165,0,2,False,ok,0,"import pandas as pd

def get_transactions_from_district_5(district_df, account_df, trans_df):
    district_5_accounts = district_df[district_df['district_id'] == 5]['account_id']
    district_5_trans = trans_df[trans_df['account_id'].isin(district_5_accounts)]
    return district_5_trans"
qwen_before_adaptive,before,adaptive,qwen,165,1,2,False,ok,2,"import pandas as pd

def get_transactions_from_district_5(district_df, account_df, trans_df):
    # Merge district and account dataframes on district_id
    district_account_merged = pd.merge(district_df, account_df, on='district_id')
    
    # Filter accounts from district 5
    district_5_accounts = district_account_merged[district_account_merged['A5'] == 'district_5']['account_id']
    
    # Merge the filtered accounts with the transaction dataframe
    result = pd.merge(trans_df, district_5_accounts, on='account_id')
    
    return result"
qwen_before_adaptive,before,adaptive,qwen,165,2,2,False,ok,0,"def get_transactions_from_district_5(account_df, trans_df):
    return trans_df[trans_df['account_id'].isin(account_df[account_df['district_id'] == 5]['account_id'])]"
qwen_before_adaptive,before,adaptive,qwen,165,3,2,False,ok,0,"def get_transactions_from_district_5(trans, account, district):
    district_5_accounts = district[district['district_id'] == 5]['account_id']
    filtered_trans = trans[trans['account_id'].isin(district_5_accounts)]
    return filtered_trans"
qwen_before_adaptive,before,adaptive,qwen,165,4,2,False,ok,0,"import pandas as pd

def get_transactions_from_district_5(account_df, trans_df):
    district_5_accounts = account_df[account_df['district_id'] == 5]['account_id']
    transactions_from_district_5 = trans_df[trans_df['account_id'].isin(district_5_accounts)]
    return transactions_from_district_5"
qwen_before_adaptive,before,adaptive,qwen,166,0,1,False,ok,0,"import pandas as pd

def count_accounts_in_jesenik(district_df, account_df):
    jesenik_district_id = district_df[district_df['A2'] == 'Jesenik']['district_id'].values[0]
    jesenik_accounts = account_df[account_df['district_id'] == jesenik_district_id]
    return len(jesenik_accounts)

# Example usage:
# Assuming district and account DataFrames are already loaded
# jesenik_account_count = count_accounts_in_jesenik(district, account)
# print(jesenik_account_count)"
qwen_before_adaptive,before,adaptive,qwen,166,1,1,False,ok,0,"import pandas as pd

def count_accounts_in_jesenik(district_df, account_df):
    jesenik_district_id = district_df[district_df['A2'] == 'Jesenik']['district_id'].values[0]
    jesenik_accounts = account_df[account_df['district_id'] == jesenik_district_id]
    return len(jesenik_accounts)"
qwen_before_adaptive,before,adaptive,qwen,166,2,1,False,ok,0,"import pandas as pd

def count_accounts_from_jesenik(district_df, account_df):
    jesenik_district = district_df[district_df['A2'] == 'Jeseník']
    jesenik_account_ids = jesenik_district['district_id'].unique()
    jesenik_accounts = account_df[account_df['district_id'].isin(jesenik_account_ids)]
    return jesenik_accounts.shape[0]"
qwen_before_adaptive,before,adaptive,qwen,166,3,1,False,ok,0,"import pandas as pd

def count_accounts_from_jesenik(district_df, account_df):
    jesenik_district = district_df[district_df['A2'] == 'Jesenik']
    jesenik_account_ids = jesenik_district['district_id'].unique()
    jesenik_accounts = account_df[account_df['district_id'].isin(jesenik_account_ids)]
    return jesenik_accounts.shape[0]"
qwen_before_adaptive,before,adaptive,qwen,166,4,1,False,ok,0,"import pandas as pd

def count_accounts_from_jesenik(district_df, account_df):
    jesenik_district_id = district_df[district_df['A2'] == 'Jesenik']['district_id'].values[0]
    jesenik_accounts = account_df[account_df['district_id'] == jesenik_district_id]
    return len(jesenik_accounts)"
qwen_before_adaptive,before,adaptive,qwen,167,0,1,True,ok,1,"import pandas as pd

def get_junior_credit_card_issued_after_1996(card_df, disp_df):
    # Filter the card DataFrame to include only junior credit cards issued after 1996
    junior_cards = card_df[(card_df['type'] == 'junior') & (card_df['issued'].dt.year > 1996)]
    
    # Merge the filtered card DataFrame with the disp DataFrame on card_id and disp_id
    merged_df = pd.merge(junior_cards, disp_df, left_on='card_id', right_on='disp_id')
    
    # Select the unique client_ids from the merged DataFrame
    client_ids = merged_df['client_id'].unique()
    
    return client_ids"
qwen_before_adaptive,before,adaptive,qwen,167,1,1,True,ok,0,"import pandas as pd

def get_junior_credit_card_clients(card_df, disp_df):
    # Filter junior credit cards (type == 'junior')
    junior_cards = card_df[card_df['type'] == 'junior']
    
    # Get the account IDs of junior credit cards issued after 1996
    junior_accounts_after_1996 = junior_cards[junior_cards['issued'].dt.year > 1996]['account_id']
    
    # Map these account IDs to client IDs
    junior_client_ids = disp_df[disp_df['account_id'].isin(junior_accounts_after_1996)]['client_id']
    
    return junior_client_ids.unique()"
qwen_before_adaptive,before,adaptive,qwen,167,2,1,True,ok,0,"import pandas as pd

def get_junior_credit_card_issuance(client_disp):
    # Filter junior credit cards issued after 1996
    junior_cards = client_disp[(client_disp['type'] == 'junior') & (client_disp['issued'].dt.year > 1996)]
    
    # Get unique client IDs from the filtered data
    client_ids = junior_cards['client_id'].unique()
    
    return client_ids"
qwen_before_adaptive,before,adaptive,qwen,167,3,1,True,ok,0,"import pandas as pd

def get_junior_credit_card_issuers(df_card, df_disp):
    # Filter for junior credit cards (type = 'junior') and issued after 1996
    junior_cards = df_card[(df_card['type'] == 'junior') & (df_card['issued'].str[:4] > '1996')]
    # Get the client IDs from the filtered junior credit cards
    junior_client_ids = junior_cards['client_id']
    return junior_client_ids"
qwen_before_adaptive,before,adaptive,qwen,167,4,1,True,ok,1,"import pandas as pd

def get_junior_credit_card_issued_after_1996(card_df, disp_df):
    # Filter junior credit cards and issued after 1996
    junior_cards = card_df[(card_df['type'] == 'junior') & (card_df['issued'].dt.year > 1996)]
    # Merge with disp table to get client_ids
    result = junior_cards.merge(disp_df[['card_id', 'client_id']], on='card_id')
    return result['client_id'].unique()"
qwen_before_adaptive,before,adaptive,qwen,168,0,1,False,ok,1,"import pandas as pd

def calculate_women_percentage():
    # Calculate the average salary per district
    avg_salary_per_district = district.groupby('district_id')['A1'].mean()
    
    # Filter districts with an average salary over 10000
    high_salary_districts = avg_salary_per_district[avg_salary_per_district > 10000].index
    
    # Join the client and district DataFrames on district_id
    joined_df = pd.merge(client, district, on='district_id')
    
    # Filter clients from high salary districts
    filtered_clients = joined_df[joined_df['district_id'].isin(high_salary_districts)]
    
    # Calculate the percentage of women among the filtered clients
    women_percentage = (filtered_clients['gender'] == 'female').mean() * 100
    
    return women_percentage"
qwen_before_adaptive,before,adaptive,qwen,168,1,1,False,ok,1,"import pandas as pd

def calculate_female_percentage():
    # Calculate the average salary per district
    avg_salary_per_district = district.groupby('district_id')['A1'].mean()
    
    # Filter districts with an average salary over 10000
    high_salary_districts = avg_salary_per_district[avg_salary_per_district > 10000].index
    
    # Join the client and district dataframes to get district information for each client
    client_with_district = pd.merge(client, district, on='district_id')
    
    # Filter clients who opened accounts in high salary districts
    high_salary_clients = client_with_district[client_with_district['district_id'].isin(high_salary_districts)]
    
    # Calculate the percentage of female clients among high salary clients
    female_percentage = (high_salary_clients['gender'] == 'female').mean() * 100
    
    return female_percentage"
qwen_before_adaptive,before,adaptive,qwen,168,2,1,False,ok,1,"import pandas as pd

def calculate_female_percentage():
    # Calculate the average salary per district
    avg_salary_per_district = district.groupby('district_id')['A1'].mean()
    
    # Filter districts with an average salary over 10000
    high_salary_districts = avg_salary_per_district[avg_salary_per_district > 10000].index
    
    # Join client and district dataframes on district_id
    merged_data = pd.merge(client, district, on='district_id')
    
    # Filter clients from high salary districts
    filtered_clients = merged_data[merged_data['district_id'].isin(high_salary_districts)]
    
    # Calculate the percentage of female clients
    female_percentage = (filtered_clients[filtered_clients['gender'] == 'F']['client_id'].count() / 
                        filtered_clients['client_id'].count()) * 100
    
    return female_percentage"
qwen_before_adaptive,before,adaptive,qwen,168,3,1,False,ok,0,"import pandas as pd

def calculate_female_percentage(df_client, df_district):
    # Calculate the average salary per district
    avg_salary_per_district = df_district.groupby('district_id')['A1'].mean()
    
    # Filter districts with average salary over 10000
    high_salary_districts = avg_salary_per_district[avg_salary_per_district > 10000].index
    
    # Join client data with high salary districts
    filtered_clients = df_client[df_client['district_id'].isin(high_salary_districts)]
    
    # Calculate the percentage of female clients
    female_percentage = (filtered_clients['gender'] == 'female').mean() * 100
    
    return female_percentage"
qwen_before_adaptive,before,adaptive,qwen,168,4,1,False,ok,1,"def calculate_female_percentage_over_10000_average_salary():
    # Join the district and client tables on district_id
    joined_df = pd.merge(district, client, on='district_id')
    
    # Calculate the average salary per district
    avg_salary_per_district = joined_df.groupby('district_id')['A1'].mean()
    
    # Filter districts with an average salary over 10000
    high_salary_districts = avg_salary_per_district[avg_salary_per_district > 10000].index
    
    # Filter clients from these districts
    filtered_clients = joined_df[joined_df['district_id'].isin(high_salary_districts)]
    
    # Calculate the percentage of female clients
    female_percentage = (filtered_clients['gender'] == 'Female').mean() * 100
    
    return female_percentage"
qwen_before_adaptive,before,adaptive,qwen,169,0,3,True,ok,1,"import pandas as pd

def calculate_loan_growth_rate(male_clients_df, loan_df):
    # Filter male clients born between 1996 and 1997
    male_clients = male_clients_df[(male_clients_df['birth_date'].dt.year >= 1996) & (male_clients_df['birth_date'].dt.year <= 1997)]
    
    # Join loan data with client data to get the gender of each loan
    joined_data = pd.merge(loan_df, male_clients[['client_id']], how='inner', left_on='account_id', right_on='account_id')
    
    # Group by year and sum the loan amounts for each gender
    yearly_loan_amounts = joined_data.groupby(joined_data['date'].dt.year)['amount'].sum()
    
    # Calculate the growth rate from 1996 to 1997
    growth_rate = (yearly_loan_amounts[1997] - yearly_loan_amounts[1996]) / yearly_loan_amounts[1996]
    
    return growth_rate"
qwen_before_adaptive,before,adaptive,qwen,169,1,3,True,ok,2,"import pandas as pd

def calculate_loan_growth_rate():
    # Merge the necessary tables to get the required information
    merged_df = pd.merge(loan, account, on='account_id')
    merged_df = pd.merge(merged_df, client, on='client_id')
    
    # Filter the data for male clients born between 1996 and 1997
    filtered_df = merged_df[(merged_df['gender'] == 'M') & 
                           (merged_df['birth_date'].dt.year >= 1996) & 
                           (merged_df['birth_date'].dt.year <= 1997)]
    
    # Calculate the total amount of loans in 1996 and 1997
    total_amount_1996 = filtered_df[filtered_df['date'].dt.year == 1996]['amount'].sum()
    total_amount_1997 = filtered_df[filtered_df['date'].dt.year == 1997]['amount'].sum()
    
    # Calculate the growth rate
    growth_rate = ((total_amount_1997 - total_amount_1996) / total_amount_1996) * 100
    
    return growth_rate"
qwen_before_adaptive,before,adaptive,qwen,169,2,3,True,ok,1,"import pandas as pd

def calculate_loan_growth_rate(male_clients_df, loan_df):
    # Filter male clients born between 1996 and 1997
    male_clients = male_clients_df[(male_clients_df['birth_date'].dt.year >= 1996) & (male_clients_df['birth_date'].dt.year <= 1997)]
    
    # Merge loan data with male clients to get loan information for these clients
    merged_data = pd.merge(male_clients, loan_df, left_on='client_id', right_on='account_id')
    
    # Calculate the total amount of loans for each year
    annual_loans = merged_data.groupby(merged_data['date'].dt.year)['amount'].sum().reset_index()
    
    # Calculate the growth rate
    growth_rate = (annual_loans.iloc[1]['amount'] - annual_loans.iloc[0]['amount']) / annual_loans.iloc[0]['amount']
    
    return growth_rate"
qwen_before_adaptive,before,adaptive,qwen,169,3,3,True,ok,1,"import pandas as pd

def calculate_loan_growth_rate(male_clients):
    # Filter data for male clients born between 1996 and 1997
    filtered_clients = client[(client['gender'] == 'male') & 
                            (client['birth_date'].dt.year >= 1996) & 
                            (client['birth_date'].dt.year <= 1997)]
    
    # Merge client data with loan data
    merged_data = pd.merge(filtered_clients, loan, on='account_id')
    
    # Calculate the total amount of loans for each year
    yearly_loans = merged_data.groupby(merged_data['date'].dt.year)['amount'].sum()
    
    # Calculate the growth rate
    growth_rate = yearly_loans.pct_change() * 100
    
    return growth_rate"
qwen_before_adaptive,before,adaptive,qwen,169,4,3,True,ok,3,"import pandas as pd

def calculate_loan_growth_rate():
    # Merge the necessary tables to get the required information
    merged_df = pd.merge(loan, account, on='account_id')
    merged_df = pd.merge(merged_df, disp, on='disp_id')
    merged_df = pd.merge(merged_df, client, on='client_id')

    # Filter the data for male clients born between 1996 and 1997
    filtered_df = merged_df[(merged_df['gender'] == 'M') & 
                           (merged_df['birth_date'].dt.year >= 1996) & 
                           (merged_df['birth_date'].dt.year <= 1997)]

    # Calculate the total amount of loans for each year
    yearly_amounts = filtered_df.groupby(filtered_df['date'].dt.year)['amount'].sum()

    # Calculate the growth rate
    growth_rate = (yearly_amounts.iloc[-1] - yearly_amounts.iloc[0]) / yearly_amounts.iloc[0]

    return growth_rate"
qwen_before_adaptive,before,adaptive,qwen,170,0,0,False,ok,0,"import pandas as pd

def count_credit_card_withdrawals_after_1995(trans):
    # Filter transactions for credit card withdrawals and after 1995
    filtered_transactions = trans[(trans['type'] == 'VYBER') & (trans['date'].str.contains(r'/96/'))]
    # Count the number of such transactions
    return len(filtered_transactions)"
qwen_before_adaptive,before,adaptive,qwen,170,1,0,False,ok,0,"def count_credit_card_withdrawals_after_1995(df):
    # Filter transactions for credit card withdrawals and dates after 1995
    filtered_df = df[(df['type'] == 'kredit') & (pd.to_datetime(df['date']).dt.year > 1995)]
    # Count the number of such transactions
    return len(filtered_df)"
qwen_before_adaptive,before,adaptive,qwen,170,2,0,False,ok,0,"import pandas as pd

def count_credit_card_withdrawals_after_1995(trans):
    # Filter transactions where type is 'výdaj' (withdrawal) and bank is 'Credit card'
    filtered_transactions = trans[(trans['type'] == 'výdaj') & (trans['bank'] == 'Credit card')]
    # Convert the date column to datetime format
    filtered_transactions['date'] = pd.to_datetime(filtered_transactions['date'], format='%Y-%m-%d')
    # Filter transactions made after 1995
    post_1995_transactions = filtered_transactions[filtered_transactions['date'].dt.year > 1995]
    # Count the number of transactions
    return len(post_1995_transactions)"
qwen_before_adaptive,before,adaptive,qwen,170,3,0,False,ok,0,"def count_credit_card_withdrawals_after_1995(trans):
    # Filter transactions where type is 'VYBER' (withdrawal) and year in date is after 1995
    filtered_trans = trans[(trans['type'] == 'VYBER') & (trans['date'].str.contains(r'/[0-9]{4}$', regex=True))]
    # Extract year from date column and convert to integer
    filtered_trans['year'] = filtered_trans['date'].apply(lambda x: int(x.split('/')[2]))
    # Count the number of transactions where year is greater than 1995
    count = filtered_trans[filtered_trans['year'] > 1995].shape[0]
    return count"
qwen_before_adaptive,before,adaptive,qwen,170,4,0,False,ok,0,"import pandas as pd

def count_credit_card_withdrawals_after_1995(trans):
    # Filter transactions where the type is 'VYBER' (withdrawal) and the date is after '1995'
    filtered_transactions = trans[(trans['type'] == 'VYBER') & (trans['date'].dt.year > 1995)]
    # Count the number of such transactions
    return len(filtered_transactions)"
qwen_before_adaptive,before,adaptive,qwen,171,0,0,False,ok,0,"import pandas as pd

def calculate_crime_difference(east_bohemia_df, north_bohemia_df):
    east_bohemia_count = east_bohemia_df['A1'].sum()
    north_bohemia_count = north_bohemia_df['A1'].sum()
    return north_bohemia_count - east_bohemia_count"
qwen_before_adaptive,before,adaptive,qwen,171,1,0,False,ok,0,"def calculate_crime_difference(df):
    east_bohemia = df[(df['A2'] == 'East Bohemia') & (df['A1'] == '1996')]
    north_bohemia = df[(df['A2'] == 'North Bohemia') & (df['A1'] == '1996')]
    
    crime_difference = east_bohemia['A3'].sum() - north_bohemia['A3'].sum()
    return crime_difference"
qwen_before_adaptive,before,adaptive,qwen,171,2,0,False,ok,0,"def calculate_crime_difference(df):
    east_bohemia_count = df.loc[df['A2'] == 'East Bohemia', 'A9'].sum()
    north_bohemia_count = df.loc[df['A2'] == 'North Bohemia', 'A9'].sum()
    return north_bohemia_count - east_bohemia_count"
qwen_before_adaptive,before,adaptive,qwen,171,3,0,False,ok,0,"def calculate_crime_difference(df):
    east_bohemia = df[(df['A1'] == 'East Bohemia') & (df['A2'] == '1996')]['A9'].sum()
    north_bohemia = df[(df['A1'] == 'North Bohemia') & (df['A2'] == '1996')]['A9'].sum()
    return north_bohemia - east_bohemia"
qwen_before_adaptive,before,adaptive,qwen,171,4,0,False,ok,0,"import pandas as pd

def calculate_crime_difference(east_bohemia_df, north_bohemia_df):
    # Calculate total crimes in each region
    east_total_crimes = east_bohemia_df['A3'].sum()
    north_total_crimes = north_bohemia_df['A3'].sum()
    
    # Calculate the difference
    crime_difference = east_total_crimes - north_total_crimes
    
    return crime_difference"
qwen_before_adaptive,before,adaptive,qwen,172,0,0,True,ok,0,"import pandas as pd

def count_owner_disposition(account_range):
    filtered_df = disp[(disp['account_id'] >= account_range[0]) & (disp['account_id'] <= account_range[1])]
    result = filtered_df[filtered_df['type'].isin(['owner', 'disponent'])].shape[0]
    return result

# Example usage
feature_value = count_owner_disposition((1, 10))
print(feature_value)"
qwen_before_adaptive,before,adaptive,qwen,172,1,0,True,ok,0,"import pandas as pd

def count_owner_disposition(account_range):
    filtered_df = disp[(disp['account_id'].between(account_range[0], account_range[1])) & 
                      (disp['type'].isin(['owner', 'disponent']))]
    return len(filtered_df)

# Example usage
result = count_owner_disposition((1, 10))
print(result)"
qwen_before_adaptive,before,adaptive,qwen,172,2,0,True,ok,0,"import pandas as pd

def count_owner_disposition(account_range):
    filtered_data = disp[(disp['account_id'] >= account_range[0]) & (disp['account_id'] <= account_range[1])]
    owner_count = filtered_data[filtered_data['type'] == 'owner'].shape[0]
    disposition_count = filtered_data[filtered_data['type'] == 'disposition'].shape[0]
    return owner_count, disposition_count

# Example usage
owner_count, disposition_count = count_owner_disposition((1, 10))
print(f""Owner disposals: {owner_count}, Disposition disposals: {disposition_count}"")"
qwen_before_adaptive,before,adaptive,qwen,172,3,0,True,ok,0,"import pandas as pd

def count_owner_disposition(account_range):
    filtered_df = disp[(disp['account_id'].between(account_range[0], account_range[1])) & 
                      (disp['type'].isin(['owner', 'disponent']))]
    return len(filtered_df)

# Example usage:
result = count_owner_disposition((1, 10))
print(result)"
qwen_before_adaptive,before,adaptive,qwen,172,4,0,True,ok,0,"def count_owner_disposition(account_range):
    filtered_data = disp[(disp['account_id'].between(account_range[0], account_range[1])) & (disp['type'].isin(['owner', 'disponent']))]
    return len(filtered_data)"
qwen_before_adaptive,before,adaptive,qwen,173,0,1,False,ok,0,"import pandas as pd

def calculate_features(account_df, order_df):
    # Calculate how often account number 3 requests an account statement
    account_3_requests = account_df[(account_df['account_id'] == 3) & (account_df['k_symbol'] == 'Vydání účetního výpisu')]['date'].nunique()
    
    # Calculate the total amount debited from account number 3
    total_amount_debited = order_df[order_df['bank_to'] == 3]['amount'].sum()
    
    return account_3_requests, total_amount_debited"
qwen_before_adaptive,before,adaptive,qwen,173,1,1,False,ok,0,"import pandas as pd

def calculate_features(account_df, order_df):
    # Calculate how often account number 3 requests an account statement to be released
    account_statement_requests = account_df[(account_df['account_id'] == 3) & (account_df['k_symbol'] == 'POUZEJ')]['date'].nunique()
    
    # Calculate the total amount debited for account number 3
    total_amount_debited = order_df[order_df['account_from'] == 3]['amount'].sum()
    
    return account_statement_requests, total_amount_debited

# Assuming the tables are already loaded into pandas DataFrames named 'account' and 'order'
account_statement_requests, total_amount_debited = calculate_features(account, order)
print(f""Account statement requests for account 3: {account_statement_requests}"")
print(f""Total amount debited from account 3: {total_amount_debited}"")"
qwen_before_adaptive,before,adaptive,qwen,173,2,1,False,ok,0,"import pandas as pd

def compute_features(account_df, order_df):
    # Calculate how often account number 3 requests an account statement to be released
    account_3_requests = account_df[account_df['account_id'] == 3]['date'].nunique()
    
    # Calculate the total amount debited from account 3
    total_amount_debited = order_df[(order_df['account_from'] == 3) & (order_df['k_symbol'] == 'DEBIT')]['amount'].sum()
    
    return account_3_requests, total_amount_debited

# Assuming account_df and order_df are already defined
account_3_requests, total_amount_debited = compute_features(account_df, order_df)
print(f""Account 3 requested an account statement {account_3_requests} times."")
print(f""The total amount debited from account 3 is {total_amount_debited}."")"
qwen_before_adaptive,before,adaptive,qwen,173,3,1,False,ok,0,"import pandas as pd

def compute_features(account_df, order_df):
    # Calculate how often account number 3 requests an account statement to be released
    account_3_requests = account_df[account_df['account_id'] == 3]['frequency'].sum()
    
    # Calculate the total amount debited from account 3
    total_debit_from_account_3 = order_df[(order_df['bank_to'] == 3) & (order_df['k_symbol'] != 'POJISTENI')]['amount'].sum()
    
    return account_3_requests, total_debit_from_account_3

# Assuming the tables are already loaded as pandas DataFrames named `account` and `order`
result = compute_features(account, order)
print(result)"
qwen_before_adaptive,before,adaptive,qwen,173,4,1,False,ok,0,"import pandas as pd

def analyze_loan_features(account_df, order_df):
    # Filter the account DataFrame for account_id 3
    account_3 = account_df[account_df['account_id'] == 3]
    
    # Calculate the frequency of requests for account statements from account 3
    statement_requests = account_3['frequency'].sum()
    
    # Filter the order DataFrame for transactions involving account 3 and sum up the amounts debited
    debits_for_account_3 = order_df[(order_df['bank_to'] == 3) | (order_df['account_to'] == 3)]['amount'].sum()
    
    return statement_requests, debits_for_account_3"
qwen_before_adaptive,before,adaptive,qwen,174,0,2,True,ok,1,"def get_birth_year(account_owner_id):
    # Merge client and disp tables to find the client associated with the given account owner ID
    merged_df = pd.merge(client, disp, on='client_id')
    # Filter the DataFrame to only include rows where the client_id matches the account owner ID
    filtered_df = merged_df[merged_df['client_id'] == account_owner_id]
    # Extract the birth_date column from the filtered DataFrame
    birth_date = filtered_df['birth_date'].iloc[0]
    # Convert the birth_date to a datetime object and extract the year
    birth_year = birth_date.year
    return birth_year"
qwen_before_adaptive,before,adaptive,qwen,174,1,2,True,ok,0,"def get_birth_year(account_owner_id):
    # Joining client and disp tables to find the client details of the given account owner ID
    client_info = client[client['client_id'] == account_owner_id]
    
    # Extracting the birth date from the joined data
    birth_date = client_info['birth_date'].values[0]
    
    # Converting the birth date string to a datetime object and extracting the year
    birth_year = pd.to_datetime(birth_date).year
    
    return birth_year"
qwen_before_adaptive,before,adaptive,qwen,174,2,2,True,ok,0,"def get_birth_year(account_owner_id):
    # Filter the client DataFrame to find the birth date of the specified client ID
    birth_date = client[client['client_id'] == account_owner_id]['birth_date'].values[0]
    # Extract the year from the birth date
    birth_year = pd.to_datetime(birth_date).year
    return birth_year

# Example usage:
# account_owner_id = 130
# print(get_birth_year(account_owner_id))"
qwen_before_adaptive,before,adaptive,qwen,174,3,2,True,ok,1,"def get_birth_year(account_owner_id):
    # Join the client and disp tables to find the client_id of the account owner
    joined_df = client.merge(disp, on='client_id')
    # Filter the DataFrame to only include the row where the client_id matches the account_owner_id
    filtered_df = joined_df[joined_df['client_id'] == account_owner_id]
    # Extract the birth_date column from the filtered DataFrame
    birth_date = filtered_df['birth_date'].values[0]
    # Convert the birth_date string to a datetime object and extract the year
    birth_year = pd.to_datetime(birth_date).year
    return birth_year"
qwen_before_adaptive,before,adaptive,qwen,174,4,2,True,ok,1,"import pandas as pd

def get_birth_year(client_id):
    # Merge client and disp tables on client_id to get the account_id associated with the client
    merged_df = pd.merge(client, disp, on='client_id')
    
    # Filter the DataFrame to only include the row where the client_id is 130
    filtered_df = merged_df[merged_df['client_id'] == client_id]
    
    # Get the birth_date from the filtered DataFrame
    birth_date = filtered_df['birth_date'].values[0]
    
    # Extract the year from the birth_date
    birth_year = birth_date.year
    
    return birth_year"
qwen_before_adaptive,before,adaptive,qwen,175,0,1,True,ok,0,"import pandas as pd

def count_owner_accounts_with_statement_request(account_df, disp_df):
    # Filter the disp DataFrame to get rows where type is 'own' and there is a corresponding account in account_df
    filtered_disp = disp_df[(disp_df['type'] == 'own') & (disp_df['account_id'].isin(account_df['account_id']))]
    
    # Get unique account IDs from the filtered disp DataFrame
    unique_account_ids = filtered_disp['account_id'].unique()
    
    return len(unique_account_ids)"
qwen_before_adaptive,before,adaptive,qwen,175,1,1,True,ok,1,"import pandas as pd

def count_owner_dispositions(df_account, df_disp):
    # Filter the 'disp' DataFrame to include only those rows where the type is 'owner'
    owner_dispositions = df_disp[df_disp['type'] == 'owner']
    
    # Merge the filtered 'disp' DataFrame with the 'account' DataFrame on 'account_id'
    merged_df = pd.merge(owner_dispositions, df_account, on='account_id')
    
    # Count the number of unique 'account_id's in the merged DataFrame
    result = len(merged_df['account_id'].unique())
    
    return result"
qwen_before_adaptive,before,adaptive,qwen,175,2,1,True,ok,0,"import pandas as pd

def count_owner_accounts_with_statement_request(account_df, disp_df):
    # Filter the disp DataFrame to include only rows where the type is 'OWNER' and 'STATEMENT_REQUEST'
    filtered_disp = disp_df[(disp_df['type'] == 'OWNER') & (disp_df['type'] == 'STATEMENT_REQUEST')]
    
    # Get unique account IDs from the filtered disp DataFrame
    unique_account_ids = filtered_disp['account_id'].unique()
    
    # Count the number of unique account IDs
    count = len(unique_account_ids)
    
    return count"
qwen_before_adaptive,before,adaptive,qwen,175,3,1,True,ok,0,"import pandas as pd

def count_owner_accounts_with_statement_request(account_df, disp_df):
    # Filter accounts with 'owner' disposition
    owner_disp_accounts = disp_df[disp_df['type'] == 'owner']['account_id']
    
    # Filter accounts where a statement request has been made
    statement_request_accounts = account_df[account_df['date'].notna()]['account_id']
    
    # Find intersection of both sets to get accounts meeting both criteria
    result = owner_disp_accounts.intersection(statement_request_accounts)
    
    return len(result)"
qwen_before_adaptive,before,adaptive,qwen,175,4,1,True,ok,1,"import pandas as pd

def count_owner_dispositions_with_requests(account_df, disp_df):
    # Filter accounts with 'owner' disposition
    owner_accounts = disp_df[disp_df['type'] == 'owner']['account_id']
    
    # Join with account table to get district_id for each account
    joined_df = pd.merge(owner_accounts, account_df, on='account_id')
    
    # Count unique accounts
    result = len(joined_df['district_id'].unique())
    
    return result"
qwen_before_adaptive,before,adaptive,qwen,176,0,3,True,ok,3,"import pandas as pd

def calculate_debt_and_payment_status(client_id):
    # Join loan and account tables to get the total amount of debt for each account
    loan_account = loan.merge(account, on='account_id')
    
    # Filter the data for the specific client
    client_data = loan_account[loan_account['client_id'] == client_id]
    
    # Calculate the total amount of debt for the client
    total_debt = client_data['amount'].sum()
    
    # Join loan table with disp and client tables to get payment information
    loan_disp_client = loan.merge(disp, on='account_id').merge(client, on='client_id')
    
    # Filter the data for the specific client
    client_payment_data = loan_disp_client[loan_disp_client['client_id'] == client_id]
    
    # Check if all payments are made (assuming 'status' column indicates payment status)
    payment_status = ""Fully Paid"" if client_payment_data['status'].max() == 'Paid' else ""Not Fully Paid""
    
    return total_debt, payment_status

# Example usage
client_id = 992
debt, status = calculate_debt_and_payment_status(client_id)
print(f""Client {client_id} has a total debt of ${debt:.2f} and is {status}."")"
qwen_before_adaptive,before,adaptive,qwen,176,1,3,True,ok,1,"import pandas as pd

def get_client_debt_and_payment_status(client_id):
    # Join loan and account tables to get the amount of debt per account
    loan_account = loan.merge(account, on='account_id')
    
    # Filter the data for the specific client
    client_loan = loan_account[loan_account['client_id'] == client_id]
    
    # Calculate the total debt for the client
    total_debt = client_loan['amount'].sum()
    
    # Get the payment status of the client
    client_payments = client_loan[['loan_id', 'status']]
    
    return total_debt, client_payments

# Example usage
client_id = 992
total_debt, client_payments = get_client_debt_and_payment_status(client_id)
print(f""Total Debt: {total_debt}"")
print(""Payment Status:"")
print(client_payments)"
qwen_before_adaptive,before,adaptive,qwen,176,2,3,True,ok,3,"import pandas as pd

def get_client_debt_and_payment_status(client_id):
    # Join loan and account tables to get the amount of debt
    loan_account = loan.merge(account, on='account_id')
    client_debt = loan_account[loan_account['client_id'] == client_id]['amount'].sum()
    
    # Join loan table with account and disp tables to get payment status
    loan_disp = loan.merge(account, on='account_id').merge(disp, on='account_id')
    client_payments = loan_disp[(loan_disp['client_id'] == client_id) & (loan_disp['type'] == 'loan')]['payments']
    total_payments = client_payments.sum() if not client_payments.empty else 0
    
    return client_debt, total_payments"
qwen_before_adaptive,before,adaptive,qwen,176,3,3,True,ok,2,"import pandas as pd

def calculate_debt_and_payment_status(client_id):
    # Joining necessary tables to get the required information
    client_info = client[client['client_id'] == client_id]
    account_info = account.merge(client_info, on='district_id')
    loan_info = loan.merge(account_info, on='account_id')
    
    # Calculating the total debt for the client
    total_debt = loan_info[loan_info['client_id'] == client_id]['amount'].sum()
    
    # Checking the payment status
    payment_status = 'Fully Paid' if loan_info[loan_info['client_id'] == client_id]['status'].all() == 'fully paid' else 'Not Fully Paid'
    
    return total_debt, payment_status

# Example usage
client_id = 992
debt, status = calculate_debt_and_payment_status(client_id)
print(f""Client {client_id} has a total debt of ${debt} and is {status}."")"
qwen_before_adaptive,before,adaptive,qwen,176,4,3,True,ok,3,"import pandas as pd

def get_client_debt_and_payment_status(df_client, df_disp, df_account, df_loan):
    # Joining the dataframes to get the required information
    joined_df = pd.merge(df_client, df_disp, on='client_id')
    joined_df = pd.merge(joined_df, df_account, on='account_id')
    joined_df = pd.merge(joined_df, df_loan, on='account_id')
    
    # Filtering the dataframe for client_id 992
    client_992_df = joined_df[joined_df['client_id'] == 992]
    
    # Calculating the total debt
    total_debt = client_992_df['amount'].sum()
    
    # Getting the payment status
    payment_status = client_992_df['status'].value_counts().idxmax()
    
    return total_debt, payment_status"
qwen_before_adaptive,before,adaptive,qwen,177,0,3,True,ok,3,"def get_transaction_details(client_number, transaction_number):
    # Join the necessary tables to get the required information
    joined_data = pd.merge(trans, account, on='account_id')
    joined_data = pd.merge(joined_data, disp, on='disp_id')
    joined_data = pd.merge(joined_data, client, on='client_id')
    
    # Filter the data based on the given client and transaction numbers
    filtered_data = joined_data[(joined_data['client_id'] == client_number) & (joined_data['trans_id'] == transaction_number)]
    
    # Calculate the sum of amounts for the transactions related to the given transaction
    total_sum = filtered_data['amount'].sum()
    
    # Determine if the owner of the account is a man or a woman
    owner_gender = 'Man' if filtered_data['gender'].values[0] == 'M' else 'Woman'
    
    return total_sum, owner_gender

# Example usage:
# total_sum, owner_gender = get_transaction_details(4, 851)
# print(f""Total sum: {total_sum}, Owner gender: {owner_gender}"")"
qwen_before_adaptive,before,adaptive,qwen,177,1,3,True,ok,0,"def get_transaction_details(transaction_id):
    # Filter the transactions DataFrame to find the specific transaction
    transaction = trans[trans['trans_id'] == transaction_id]
    
    # Get the account_id of the transaction
    account_id = transaction['account_id'].values[0]
    
    # Find the owner of the account using the account_id and disp DataFrame
    owner_disp = disp[disp['account_id'] == account_id]['client_id'].values[0]
    owner_gender = client[client['client_id'] == owner_disp]['gender'].values[0]
    
    # Calculate the sum of all transactions for the same account
    total_sum = trans[trans['account_id'] == account_id]['amount'].sum()
    
    return total_sum, owner_gender

# Example usage
transaction_id = 851
total_sum, owner_gender = get_transaction_details(transaction_id)
print(f""Total sum for transaction {transaction_id}: {total_sum}"")
print(f""Owner gender: {'Male' if owner_gender == 'M' else 'Female'}"")"
qwen_before_adaptive,before,adaptive,qwen,177,2,3,True,ok,0,"import pandas as pd

def get_transaction_details(transaction_id, client_id):
    # Get the transaction details
    transaction = trans[trans['trans_id'] == transaction_id]
    
    # Get the account owner's gender
    account_owner_gender = client.loc[client['client_id'] == transaction['account_id'].iloc[0], 'gender'].values[0]
    
    # Calculate the sum of transactions following the given transaction
    following_transactions = trans[(trans['date'] > transaction['date'].iloc[0]) & (trans['account_id'] == transaction['account_id'].iloc[0])]
    sum_following_transactions = following_transactions['amount'].sum()
    
    return sum_following_transactions, account_owner_gender

# Example usage
transaction_id = 851
client_id = 4
result = get_transaction_details(transaction_id, client_id)
print(f""Sum of following transactions: {result[0]}, Account owner gender: {result[1]}"")"
qwen_before_adaptive,before,adaptive,qwen,177,3,3,True,ok,0,"import pandas as pd

def get_transaction_details(client_id, transaction_id):
    # Filter transactions for the specific client and transaction ID
    client_transactions = trans[(trans['client_id'] == client_id) & (trans['trans_id'] == transaction_id)]
    
    # Sum the amounts of all transactions for the specified client and transaction ID
    total_sum = client_transactions['amount'].sum()
    
    # Find the gender of the client who owns the account
    client_info = client[client['client_id'] == client_id]
    gender = client_info['gender'].values[0]
    
    return total_sum, gender

# Example usage
client_id = 4
transaction_id = 851
total_sum, gender = get_transaction_details(client_id, transaction_id)
print(f""Total sum of transactions: {total_sum}, Gender of the owner: {gender}"")"
qwen_before_adaptive,before,adaptive,qwen,177,4,3,True,ok,0,"import pandas as pd

def get_transaction_details(transaction_id, client_id):
    # Filter transactions to find the specific transaction
    specific_transaction = trans[trans['trans_id'] == transaction_id]
    
    # Get the account ID of the specific transaction
    account_id = specific_transaction['account_id'].values[0]
    
    # Filter accounts to find the account associated with the transaction
    account_info = account[account['account_id'] == account_id]
    
    # Get the district ID of the account
    district_id = account_info['district_id'].values[0]
    
    # Filter clients to find the client who owns the account
    client_info = client[(client['client_id'] == client_id) & (client['district_id'] == district_id)]
    
    # Get the gender of the client
    gender = client_info['gender'].values[0]
    
    # Calculate the sum of transactions for the account after the specific transaction
    subsequent_transactions = trans[(trans['account_id'] == account_id) & (trans['date'] > specific_transaction['date'])]
    total_sum = subsequent_transactions['amount'].sum()
    
    return total_sum, gender

# Example usage
transaction_id = 851
client_id = 4
total_sum, gender = get_transaction_details(transaction_id, client_id)
print(f""Total sum of transactions after {transaction_id} for client {client_id}: {total_sum}"")
print(f""The owner of the account is {'a man' if gender == 'M' else 'a woman'}"")"
qwen_before_adaptive,before,adaptive,qwen,178,0,2,True,ok,1,"import pandas as pd

def get_credit_card_type(client_id):
    # Merge disp and card tables to get the card type for each display ID
    merged_disp_card = pd.merge(disp, card, on='disp_id')
    
    # Filter the merged DataFrame to only include the rows where the client_id matches
    filtered_df = merged_disp_card[merged_disp_card['client_id'] == client_id]
    
    # Get the unique types of credit cards possessed by the client
    credit_card_types = filtered_df['type'].unique()
    
    return credit_card_types"
qwen_before_adaptive,before,adaptive,qwen,178,1,2,True,ok,1,"import pandas as pd

def get_credit_card_type_for_client(client_id):
    # Merge disp and card tables on disp_id to get card details for each display
    merged_disp_card = pd.merge(disp, card, on='disp_id')
    
    # Filter the merged DataFrame to only include the rows where the client_id matches
    filtered_df = merged_disp_card[merged_disp_card['client_id'] == client_id]
    
    # Extract the card types for the given client
    card_types = filtered_df['type'].unique()
    
    return card_types"
qwen_before_adaptive,before,adaptive,qwen,178,2,2,True,ok,1,"import pandas as pd

def get_credit_card_type(client_number):
    # Merge disp and card tables to get card types for each display
    merged_disp_card = pd.merge(disp, card, on='disp_id')
    
    # Filter the merged DataFrame for the specific client number
    client_cards = merged_disp_card[merged_disp_card['client_id'] == client_number]
    
    # Get unique card types for the client
    card_types = client_cards['type'].unique()
    
    return card_types

# Example usage
client_number = 9
credit_card_types = get_credit_card_type(client_number)
print(credit_card_types)"
qwen_before_adaptive,before,adaptive,qwen,178,3,2,True,ok,2,"import pandas as pd

def get_credit_card_type_for_client(df_client, df_disp, df_card, client_id):
    # Merge client and disp tables on client_id to find all accounts associated with the client
    merged_client_disp = pd.merge(df_client, df_disp, left_on='client_id', right_on='client_id')
    
    # Filter the merged DataFrame to only include the specified client_id
    filtered_df = merged_client_disp[merged_client_disp['client_id'] == client_id]
    
    # Merge the filtered DataFrame with the card table on disp_id to find the type of cards associated with the accounts
    result = pd.merge(filtered_df, df_card, left_on='disp_id', right_on='disp_id')
    
    # Return the types of credit cards the client possesses
    return result['type'].unique()

# Example usage
client_data = pd.DataFrame({'client_id': [1, 2, 3], 'gender': ['Male', 'Female', 'Male'], 'birth_date': ['1990-05-15', '1985-07-20', '1992-03-05'], 'district_id': [101, 102, 103]})
disp_data = pd.DataFrame({'disp_id': [1, 2, 3], 'client_id': [1, 1, 2], 'account_id': [101, 102, 103], 'type': ['Savings', 'Credit Card', 'Debit Card']})
card_data = pd.DataFrame({'card_id': [1, 2], 'disp_id': [1, 2], 'type': ['Visa', 'MasterCard'], 'issued': [True, False]})

client_id = 9
credit_card_types = get_credit_card_type_for_client(client_data, disp_data, card_data, client_id)
print(credit_card_types)"
qwen_before_adaptive,before,adaptive,qwen,178,4,2,True,ok,1,"def get_credit_card_type(client_number):
    # Join disp and card tables to find the card information associated with the client
    card_info = disp.merge(card, left_on='disp_id', right_on='disp_id')
    
    # Filter the results to only include the client of interest
    client_cards = card_info[card_info['client_id'] == client_number]
    
    # Return the type of the first card found (assuming each client has at least one credit card)
    return client_cards.iloc[0]['type']"
qwen_before_adaptive,before,adaptive,qwen,179,0,3,True,ok,0,"import pandas as pd

def calculate_total_payment_for_client_617(client_df, disp_df, account_df, trans_df):
    # Filter transactions made by client 617 in 1998
    client_617_transactions = trans_df[(trans_df['client_id'] == 617) & (trans_df['date'].str.contains('1998'))]
    
    # Calculate the total payment
    total_payment = client_617_transactions['amount'].sum()
    
    return total_payment"
qwen_before_adaptive,before,adaptive,qwen,179,1,3,True,ok,0,"def calculate_total_payment_for_client_617(trans_df):
    # Filter transactions made by client 617 in 1998
    filtered_trans = trans_df[(trans_df['client_id'] == 617) & (trans_df['date'].dt.year == 1998)]
    
    # Calculate the total payment by summing up the amounts of the transactions
    total_payment = filtered_trans['amount'].sum()
    
    return total_payment"
qwen_before_adaptive,before,adaptive,qwen,179,2,3,True,ok,0,"def calculate_total_payment(client_id, year):
    # Filter transactions for the specific client and year
    filtered_transactions = trans[(trans['client_id'] == client_id) & (trans['date'].dt.year == year)]
    
    # Calculate the total payment made by the client in the specified year
    total_payment = filtered_transactions[filtered_transactions['operation'] == 'VYBER']['amount'].sum()
    
    return total_payment

# Example usage
total_payment_617_1998 = calculate_total_payment(617, 1998)
print(f""Total payment made by client 617 in 1998: {total_payment_617_1998}"")"
qwen_before_adaptive,before,adaptive,qwen,179,3,3,True,ok,0,"import pandas as pd

def calculate_total_payment_for_client_617(client_df, trans_df):
    # Filter transactions for client ID 617 and year 1998
    filtered_trans = trans_df[(trans_df['client_id'] == 617) & (trans_df['date'].dt.year == 1998)]
    
    # Calculate the total payment amount
    total_payment = filtered_trans['amount'].sum()
    
    return total_payment"
qwen_before_adaptive,before,adaptive,qwen,179,4,3,True,ok,0,"import pandas as pd

def calculate_total_payment_for_client_617(client_df, trans_df):
    # Filter transactions made by client 617 in 1998
    filtered_transactions = trans_df[(trans_df['client_id'] == 617) & (trans_df['date'].dt.year == 1998)]
    
    # Calculate the total payment amount
    total_payment = filtered_transactions['amount'].sum()
    
    return total_payment"
qwen_before_adaptive,before,adaptive,qwen,180,0,2,True,ok,1,"import pandas as pd

def get_clients_info(clients_df, districts_df, disps_df, accounts_df):
    # Filter clients born between 1983 and 1987
    filtered_clients = clients_df[(clients_df['birth_date'].dt.year >= 1983) & (clients_df['birth_date'].dt.year <= 1987)]
    
    # Get district IDs for East Bohemia
    east_bohemia_districts = districts_df[districts_df['A1'] == 'East Bohemia']['district_id']
    
    # Filter accounts with branches in East Bohemia
    filtered_accounts = accounts_df[accounts_df['district_id'].isin(east_bohemia_districts)]
    
    # Merge filtered clients with filtered accounts to get the required information
    result = pd.merge(filtered_clients, filtered_accounts, on='client_id')
    
    return result[['client_id', 'gender', 'birth_date']]"
qwen_before_adaptive,before,adaptive,qwen,180,1,2,True,ok,2,"import pandas as pd

def get_clients_in_east_bohemia():
    # Filter clients born between 1983 and 1987
    filtered_clients = client[(client['birth_date'].dt.year >= 1983) & (client['birth_date'].dt.year <= 1987)]
    
    # Join with district to filter by East Bohemia (assuming A1 == 'East Bohemia')
    east_bohemia_districts = district[district['A1'] == 'East Bohemia']
    filtered_clients_with_district = pd.merge(filtered_clients, east_bohemia_districts, left_on='district_id', right_index=True)
    
    # Join with disp to get account information
    filtered_clients_with_accounts = pd.merge(filtered_clients_with_district, disp, on='client_id')
    
    # Get unique client IDs
    result = filtered_clients_with_accounts[['client_id']].drop_duplicates()
    
    return result"
qwen_before_adaptive,before,adaptive,qwen,180,2,2,True,ok,2,"import pandas as pd

def get_clients_in_east_bohemia():
    # Filter clients born between 1983 and 1987
    clients_filtered = client[(client['birth_date'].dt.year >= 1983) & (client['birth_date'].dt.year <= 1987)]
    
    # Get the district IDs for East Bohemia
    east_bohemia_districts = district[district['A1'] == 'East Bohemia']['district_id']
    
    # Join clients with districts to filter by East Bohemia
    clients_with_districts = clients_filtered.merge(district, on='district_id')
    clients_in_east_bohemia = clients_with_districts[clients_with_districts['district_id'].isin(east_bohemia_districts)]
    
    # Join clients with accounts to ensure they have an account
    clients_with_accounts = clients_in_east_bohemia.merge(account, on='client_id')
    
    # Select the required columns
    result = clients_with_accounts[['client_id', 'gender', 'birth_date']]
    
    return result"
qwen_before_adaptive,before,adaptive,qwen,180,3,2,True,ok,2,"import pandas as pd

def get_clients_in_east_bohemia():
    # Filter clients born between 1983 and 1987
    clients = client[(client['birth_date'].dt.year >= 1983) & (client['birth_date'].dt.year <= 1987)]
    
    # Join with district to filter by region 'East Bohemia'
    clients_with_district = pd.merge(clients, district, on='district_id')
    east_bohemia_clients = clients_with_district[clients_with_district['A2'] == 'East Bohemia']
    
    # Join with disp to get account information
    disp_with_clients = pd.merge(east_bohemia_clients, disp, on='client_id')
    
    # Select required columns
    result = disp_with_clients[['client_id', 'disp_id']]
    
    return result"
qwen_before_adaptive,before,adaptive,qwen,180,4,2,True,ok,2,"import pandas as pd

def get_clients_in_east_bohemia():
    # Assuming the dataframes are already loaded
    east_bohemia_districts = ['A2', 'A3', 'A4']  # Define the districts considered as East Bohemia
    
    # Filter clients born between 1983 and 1987
    filtered_clients = client[(client['birth_date'].dt.year >= 1983) & (client['birth_date'].dt.year <= 1987)]
    
    # Join with district to filter by East Bohemia districts
    filtered_clients_with_district = filtered_clients.merge(district, on='district_id')
    east_bohemia_clients = filtered_clients_with_district[filtered_clients_with_district['district_id'].isin(east_bohemia_districts)]
    
    # Join with disp to filter by account branch
    east_bohemia_clients_with_disp = east_bohemia_clients.merge(disp, on='client_id')
    
    # Select only the required columns
    result = east_bohemia_clients_with_disp[['client_id']]
    
    return result"
qwen_before_adaptive,before,adaptive,qwen,181,0,2,True,ok,1,"import pandas as pd

def get_female_clients_with_largest_loans(clients_df, loan_df):
    # Merge clients and loan dataframes on client_id
    merged_df = pd.merge(clients_df, loan_df, left_on='client_id', right_on='account_id')
    
    # Filter for female clients
    female_clients_df = merged_df[merged_df['gender'] == 'female']
    
    # Sort by loan amount in descending order and select top 3
    top_3_female_clients = female_clients_df.nlargest(3, 'amount')
    
    # Return the client_ids of the top 3 female clients
    return top_3_female_clients[['client_id']]"
qwen_before_adaptive,before,adaptive,qwen,181,1,2,True,ok,1,"def get_female_clients_with_largest_loans(clients, loans):
    # Merge clients and loans dataframes on 'client_id'
    merged_df = pd.merge(clients, loans, left_on='client_id', right_on='account_id')
    
    # Filter for female clients
    female_clients_df = merged_df[merged_df['gender'] == 'female']
    
    # Sort the DataFrame by loan amount in descending order
    sorted_df = female_clients_df.sort_values(by='amount', ascending=False)
    
    # Select the top 3 clients
    top_3_clients = sorted_df.head(3)
    
    # Return the client_ids of the top 3 clients
    return top_3_clients[['client_id']]"
qwen_before_adaptive,before,adaptive,qwen,181,2,2,True,ok,1,"import pandas as pd

def get_female_clients_with_largest_loans(client_df, loan_df):
    # Merge client and loan dataframes on account_id
    merged_df = pd.merge(client_df, loan_df, left_on='client_id', right_on='account_id')
    
    # Filter for female clients
    female_clients_df = merged_df[merged_df['gender'] == 'female']
    
    # Sort by loan amount in descending order and select top 3
    top_3_female_clients = female_clients_df.sort_values(by='amount', ascending=False).head(3)
    
    # Return the client_ids of the top 3 females
    return top_3_female_clients[['client_id']]"
qwen_before_adaptive,before,adaptive,qwen,181,3,2,True,ok,1,"def get_female_clients_with_largest_loans(df_client, df_loan):
    # Merge client and loan dataframes on client_id
    merged_df = pd.merge(df_client, df_loan, left_on='client_id', right_on='account_id')
    
    # Filter for female clients
    female_clients = merged_df[merged_df['gender'] == 'female']
    
    # Sort by loan amount in descending order and select top 3
    top_3_female_clients = female_clients.sort_values(by='amount', ascending=False).head(3)
    
    # Return the client_ids of the top 3 female clients
    return top_3_female_clients[['client_id']]"
qwen_before_adaptive,before,adaptive,qwen,181,4,2,True,ok,1,"def get_female_clients_with_largest_loans(client_df, loan_df):
    # Merge client and loan dataframes on client_id
    merged_df = pd.merge(client_df, loan_df, left_on='client_id', right_on='account_id')
    
    # Filter for female clients
    female_clients_df = merged_df[merged_df['gender'] == 'female']
    
    # Sort by loan amount in descending order and select top 3
    top_3_females = female_clients_df.sort_values(by='amount', ascending=False).head(3)
    
    return top_3_females[['client_id']]"
qwen_before_adaptive,before,adaptive,qwen,182,0,3,True,ok,3,"import pandas as pd

def count_eligible_customers(trans, account, disp, client):
    # Merge tables to get necessary information
    merged_df = pd.merge(trans, account, on='account_id')
    merged_df = pd.merge(merged_df, disp, on='disp_id')
    merged_df = pd.merge(merged_df, client, on='client_id')
    
    # Filter data based on conditions
    eligible_customers = merged_df[(merged_df['gender'] == 'M') & 
                                  (merged_df['birth_date'].dt.year >= 1974) & 
                                  (merged_df['birth_date'].dt.year <= 1976) & 
                                  (merged_df['type'] == 'payment') & 
                                  (merged_df['k_symbol'] == 'Housing') & 
                                  (merged_df['amount'] > 4000)]
    
    # Count the number of unique customer IDs
    result = len(eligible_customers['client_id'].unique())
    
    return result"
qwen_before_adaptive,before,adaptive,qwen,182,1,3,True,ok,2,"import pandas as pd

def calculate_feature(trans_df, account_df, disp_df, client_df, card_df):
    # Merge dataframes to get necessary information
    merged_df = pd.merge(trans_df, disp_df, on='account_id')
    merged_df = pd.merge(merged_df, client_df, on='client_id')
    
    # Filter data based on conditions
    filtered_df = merged_df[(merged_df['type'] == 'payment') & 
                           (merged_df['k_symbol'] == 'Housing') & 
                           (merged_df['amount'] > 4000) & 
                           (merged_df['gender'] == 'M') & 
                           (merged_df['birth_date'].dt.year >= 1974) & 
                           (merged_df['birth_date'].dt.year <= 1976)]
    
    # Count the number of such transactions
    result = len(filtered_df)
    
    return result"
qwen_before_adaptive,before,adaptive,qwen,182,2,3,True,ok,3,"def count_eligible_customers(trans_df, account_df, disp_df, client_df):
    # Merge the necessary tables to get the required information
    merged_df = pd.merge(trans_df, account_df, on='account_id')
    merged_df = pd.merge(merged_df, disp_df, on='account_id')
    merged_df = pd.merge(merged_df, client_df, on='client_id')
    
    # Filter the data based on the conditions
    filtered_df = merged_df[(merged_df['type'] == 'payment') & 
                           (merged_df['k_symbol'].str.contains('house')) & 
                           (merged_df['amount'] > 4000) & 
                           (merged_df['gender'] == 'M') & 
                           (merged_df['birth_date'].dt.year >= 1974) & 
                           (merged_df['birth_date'].dt.year <= 1976)]
    
    # Count the number of eligible customers
    return len(filtered_df)"
qwen_before_adaptive,before,adaptive,qwen,182,3,3,True,ok,2,"import pandas as pd

def count_high_value_home_payments(df_trans, df_account, df_disp, df_client):
    # Filter transactions for payments on homes over $4000
    high_value_payments = df_trans[(df_trans['type'] == 'U') & (df_trans['amount'] > 4000) & (df_trans['k_symbol'] == 'POJISTENI')]
    
    # Join to get account details
    high_value_payments_with_accounts = pd.merge(high_value_payments, df_account, on='account_id')
    
    # Join to get client details
    high_value_payments_with_clients = pd.merge(high_value_payments_with_accounts, df_client, on='district_id')
    
    # Filter for male clients born between 1974 and 1976
    filtered_customers = high_value_payments_with_clients[
        (high_value_payments_with_clients['gender'] == 'M') &
        (high_value_payments_with_clients['birth_date'].dt.year >= 1974) &
        (high_value_payments_with_clients['birth_date'].dt.year <= 1976)
    ]
    
    return len(filtered_customers)"
qwen_before_adaptive,before,adaptive,qwen,182,4,3,True,ok,3,"import pandas as pd

def count_eligible_customers(df_trans, df_account, df_disp, df_client):
    # Filter transactions for payments made on homes
    home_payments = df_trans[(df_trans['type'] == 'PO') & (df_trans['k_symbol'] == 'HO')]
    
    # Join with account to get district_id
    home_payments_with_acc = home_payments.merge(df_account[['account_id', 'district_id']], on='account_id')
    
    # Join with disp to get disp_id
    home_payments_with_disp = home_payments_with_acc.merge(df_disp[['disp_id', 'client_id']], on='disp_id')
    
    # Join with client to filter by gender and birth year
    eligible_customers = home_payments_with_disp.merge(df_client[['client_id', 'gender', 'birth_date']], on='client_id')
    eligible_customers = eligible_customers[(eligible_customers['gender'] == 'M') & 
                                          (eligi_customers['birth_date'].dt.year >= 1974) & 
                                          (eligi_customers['birth_date'].dt.year <= 1976)]
    
    # Filter transactions for amounts greater than $4000
    eligible_customers = eligible_customers[eligible_customers['amount'] > 4000]
    
    return len(eligible_customers)"
qwen_before_adaptive,before,adaptive,qwen,183,0,1,False,ok,0,"import pandas as pd

def count_accounts_opened_after_1996(accounts_df, districts_df):
    # Filter accounts in Beroun
    beroun_accounts = accounts_df[accounts_df['district_id'] == 'Beroun']
    
    # Convert date column to datetime format
    beroun_accounts['date'] = pd.to_datetime(beroun_accounts['date'])
    
    # Filter accounts opened after 1996
    filtered_accounts = beroun_accounts[beroun_accounts['date'].dt.year > 1996]
    
    # Count the number of accounts
    return len(filtered_accounts)

# Example usage:
# count = count_accounts_opened_after_1996(accounts, districts)
# print(count)"
qwen_before_adaptive,before,adaptive,qwen,183,1,1,False,ok,0,"import pandas as pd

def count_accounts_opened_after_1996(account_df, district_df):
    # Filter accounts in Beroun and opened after 1996
    filtered_accounts = account_df[(account_df['district_id'] == 'Beroun') & (pd.to_datetime(account_df['date']).dt.year > 1996)]
    
    # Return the count of such accounts
    return len(filtered_accounts)"
qwen_before_adaptive,before,adaptive,qwen,183,2,1,False,ok,0,"import pandas as pd

def count_accounts_opened_after_1996():
    # Filter accounts in Beroun and open after 1996
    filtered_accounts = account[(account['district_id'] == 'Beroun') & (pd.to_datetime(account['date']).dt.year > 1996)]
    
    # Count the number of such accounts
    account_count = len(filtered_accounts)
    
    return account_count"
qwen_before_adaptive,before,adaptive,qwen,183,3,1,False,ok,0,"import pandas as pd

def count_accounts_opened_after_1996(account_df):
    # Filter accounts in Beroun and opened after 1996
    filtered_accounts = account_df[(account_df['district_id'] == 'Beroun') & (account_df['date'].dt.year > 1996)]
    # Count the number of such accounts
    return len(filtered_accounts)"
qwen_before_adaptive,before,adaptive,qwen,183,4,1,False,ok,0,"import pandas as pd

def count_accounts_opened_after_1996():
    # Filter accounts in Beroun and opened after 1996
    filtered_accounts = account[(account['district_id'] == 'Beroun') & (account['date'].dt.year > 1996)]
    
    # Count the number of such accounts
    count = len(filtered_accounts)
    
    return count"
qwen_before_adaptive,before,adaptive,qwen,184,0,2,True,ok,2,"def count_female_junior_credit_cardholders():
    # Filter clients who are female
    female_clients = client[client['gender'] == 'female']
    
    # Join disp and card tables to get the type of cards
    disp_card = pd.merge(disp, card, on='disp_id')
    
    # Filter junior credit cards
    junior_credit_cards = disp_card[disp_card['type'] == 'junior credit card']
    
    # Join female clients with junior credit cards through disp table
    female_junior_credit_cardholders = pd.merge(female_clients, junior_credit_cards, left_on='client_id', right_on='client_id')
    
    # Count the number of unique female customers with junior credit cards
    return len(female_junior_credit_cardholders)"
qwen_before_adaptive,before,adaptive,qwen,184,1,2,True,ok,2,"import pandas as pd

def count_female_junior_credit_cards(client_df, disp_df, card_df):
    # Merge client and disp tables on client_id
    merged_client_disp = pd.merge(client_df, disp_df, on='client_id')
    
    # Filter for female clients
    female_clients = merged_client_disp[merged_client_disp['gender'] == 'female']
    
    # Merge filtered female clients with card table on disp_id
    merged_female_card = pd.merge(female_clients, card_df, on='disp_id')
    
    # Filter for junior credit cards
    junior_credit_cards = merged_female_card[merged_female_card['type'] == 'junior credit card']
    
    # Count the number of unique female customers with junior credit cards
    result = junior_credit_cards['client_id'].nunique()
    
    return result"
qwen_before_adaptive,before,adaptive,qwen,184,2,2,True,ok,2,"import pandas as pd

def count_female_junior_credit_cards(clients, disps, cards):
    # Filter clients to only include females
    female_clients = clients[clients['gender'] == 'female']
    
    # Join disps and cards to get the card type for each disp
    disps_with_cards = disps.merge(cards, on='disp_id')
    
    # Filter disps_with_cards to only include junior credit cards
    junior_credit_cards = disps_with_cards[(disps_with_cards['type'] == 'credit') & (cards['type'] == 'junior')]
    
    # Merge female_clients with junior_credit_cards on client_id to get the count of female customers with junior credit cards
    result = female_clients.merge(junior_credit_cards, left_on='client_id', right_on='client_id')
    
    return len(result)"
qwen_before_adaptive,before,adaptive,qwen,184,3,2,True,ok,2,"import pandas as pd

def count_female_junior_credit_card_customers(client, disp, card):
    # Filter clients who are female and have an account
    female_clients = client[client['gender'] == 'F']
    accounts = disp.merge(female_clients, on='client_id')
    
    # Filter junior credit cards
    junior_cards = card[(card['type'] == 'junior') & (card['issued'] == 1)]
    
    # Merge to get the intersection of female clients with junior credit cards
    result = junior_cards.merge(accounts, on='disp_id')
    
    return len(result)"
qwen_before_adaptive,before,adaptive,qwen,184,4,2,True,ok,2,"def count_female_junior_credit_card_customers(client_df, disp_df, card_df):
    # Filter female clients
    female_clients = client_df[client_df['gender'] == 'F']
    
    # Join client and disp tables to get accounts
    client_disp_merged = pd.merge(female_clients, disp_df, on='client_id')
    
    # Join card table to filter junior credit cards
    filtered_cards = pd.merge(client_disp_merged, card_df, on='disp_id')
    junior_credit_cards = filtered_cards[(filtered_cards['type'] == 'credit') & (filtered_cards['issued'] == 'junior')]
    
    # Count unique female customers with junior credit cards
    result = junior_credit_cards['client_id'].nunique()
    
    return result"
qwen_before_adaptive,before,adaptive,qwen,185,0,1,False,ok,1,"def calculate_female_proportion(prague_branch_accounts):
    prague_branch_accounts = prague_branch_accounts.merge(
        district[['district_id', 'A1']], 
        left_on='district_id', 
        right_on='district_id'
    )
    prague_branch_accounts['female_proportion'] = prague_branch_accounts.apply(
        lambda row: (row['gender'] == 'F') / len(row['client_id']), 
        axis=1
    )
    return prague_branch_accounts['female_proportion'].mean()"
qwen_before_adaptive,before,adaptive,qwen,185,1,1,False,ok,0,"def calculate_female_proportion(prague_branch_accounts):
    prague_female_clients = prague_branch_accounts[prague_branch_accounts['gender'] == 'female']
    female_proportion = len(prague_female_clients) / len(prague_branch_accounts)
    return female_proportion"
qwen_before_adaptive,before,adaptive,qwen,185,2,1,False,ok,0,"import pandas as pd

def calculate_female_ratio(prague_clients):
    # Filter clients from the Prague branch
    prague_clients = prague_clients[prague_clients['district_id'] == 'Prague']
    
    # Calculate the ratio of female clients
    female_ratio = prague_clients['gender'].value_counts(normalize=True)['Female']
    
    return female_ratio"
qwen_before_adaptive,before,adaptive,qwen,185,3,1,False,ok,0,"def calculate_female_proportion(prague_branch_accounts, clients):
    prague_branch_accounts = prague_branch_accounts[prague_branch_accounts['district_id'] == 'Prague']
    female_clients = clients[clients['gender'] == 'female']
    prague_females = prague_branch_accounts[prague_branch_accounts['client_id'].isin(female_clients['client_id'])]
    proportion = len(prague_females) / len(prague_branch_accounts)
    return proportion"
qwen_before_adaptive,before,adaptive,qwen,185,4,1,False,ok,0,"import pandas as pd

def calculate_female_proportion(prague_clients):
    total_female = prague_clients[prague_clients['gender'] == 'female'].shape[0]
    total_customers = prague_clients.shape[0]
    female_proportion = total_female / total_customers if total_customers > 0 else 0
    return female_proportion"
qwen_before_adaptive,before,adaptive,qwen,186,0,2,True,ok,0,"def calculate_weekly_statement_request_percentage(male_clients, account_requests):
    # Filter for male clients who requested weekly statements
    filtered_male_clients = male_clients[male_clients['account_id'].isin(account_requests[account_requests['frequency'] == 'W']['account_id'])]
    
    # Calculate the percentage
    percentage = (len(filtered_male_clients) / len(male_clients)) * 100
    
    return percentage"
qwen_before_adaptive,before,adaptive,qwen,186,1,2,True,ok,1,"import pandas as pd

def calculate_weekly_statement_request_percentage(clients_df, accounts_df, disps_df):
    # Filter for male clients and their accounts
    male_clients = clients_df[clients_df['gender'] == 'male']
    male_accounts = accounts_df.merge(male_clients[['client_id', 'district_id']], on='district_id')
    
    # Filter for accounts with weekly statement requests
    weekly_statement_requests = disps_df[(disps_df['type'] == 'REQ') & (accounts_df['frequency'] == 'W')]
    
    # Calculate the total number of male clients
    total_male_clients = len(male_clients)
    
    # Calculate the number of male clients who requested weekly statements
    male_clients_with_weekly_statements = len(weekly_statement_requests[weekly_statement_requests['client_id'].isin(male_clients['client_id'])])
    
    # Calculate the percentage
    percentage = (male_clients_with_weekly_statements / total_male_clients) * 100
    
    return percentage"
qwen_before_adaptive,before,adaptive,qwen,186,2,2,True,ok,1,"import pandas as pd

def calculate_weekly_statement_percentage(clients_df, accounts_df, disps_df):
    # Merge clients and disps to get the gender of clients who requested statements
    clients_disps = pd.merge(clients_df, disps_df, on='client_id')
    
    # Filter for weekly statements (assuming 'type' column indicates statement type)
    weekly_statements = clients_disps[clients_disps['type'] == 'weekly']
    
    # Calculate the percentage of male clients among those who requested weekly statements
    total_male_clients = clients_df[clients_df['gender'] == 'male']['client_id'].nunique()
    total_clients_requesting_weekly_statements = weekly_statements['client_id'].nunique()
    
    if total_clients_requesting_weekly_statements == 0:
        return 0
    
    percentage = (total_male_clients / total_clients_requesting_weekly_statements) * 100
    return percentage"
qwen_before_adaptive,before,adaptive,qwen,186,3,2,True,ok,2,"import pandas as pd

def calculate_weekly_statement_request_percentage():
    # Joining the necessary tables to get the required information
    merged_df = pd.merge(client, disp, on='client_id')
    merged_df = pd.merge(merged_df, account, on='account_id')
    
    # Filtering for male clients and weekly statement requests
    male_clients_weekly_requests = merged_df[(merged_df['gender'] == 'male') & (merged_df['frequency'] == 'weekly')]
    
    # Calculating the percentage of male clients making weekly statement requests
    total_male_clients = len(male_clients_weekly_requests)
    total_male_clients_with_accounts = len(merged_df[merged_df['gender'] == 'male'])
    percentage = (total_male_clients / total_male_clients_with_accounts) * 100
    
    return percentage"
qwen_before_adaptive,before,adaptive,qwen,186,4,2,True,ok,1,"import pandas as pd

def calculate_weekly_statement_percentage():
    # Merge client and disp tables on client_id
    merged_data = pd.merge(client, disp, on='client_id')
    
    # Filter for male clients and weekly statement requests
    filtered_data = merged_data[(merged_data['gender'] == 'male') & (merged_data['type'] == 'W')]
    
    # Calculate the percentage of male clients requesting weekly statements
    percentage = (filtered_data.shape[0] / client[client['gender'] == 'male'].shape[0]) * 100
    
    return percentage"
qwen_before_adaptive,before,adaptive,qwen,187,0,1,True,ok,1,"import pandas as pd

def count_owner_clients():
    # Merge the 'account' and 'disp' tables on 'account_id'
    merged_df = pd.merge(account, disp, on='account_id')
    
    # Filter rows where 'type' is 'Owner' and 'frequency' is 'weekly'
    filtered_df = merged_df[(merged_df['type'] == 'Owner') & (merged_df['frequency'] == 'weekly')]
    
    # Count the number of unique 'client_id's in the filtered DataFrame
    owner_client_count = filtered_df['client_id'].nunique()
    
    return owner_client_count"
qwen_before_adaptive,before,adaptive,qwen,187,1,1,True,ok,1,"import pandas as pd

def count_owner_clients():
    # Merge the 'account' and 'disp' tables on 'account_id'
    merged_df = pd.merge(account, disp, on='account_id')
    
    # Filter rows where 'type' is 'Owner' and 'frequency' is 5 (weekly)
    filtered_df = merged_df[(merged_df['type'] == 'Owner') & (merged_df['frequency'] == 5)]
    
    # Count the number of unique 'client_id's in the filtered DataFrame
    owner_client_count = len(filtered_df['client_id'].unique())
    
    return owner_client_count"
qwen_before_adaptive,before,adaptive,qwen,187,2,1,True,ok,1,"import pandas as pd

def count_owner_clients():
    # Join the 'account' and 'disp' tables on 'account_id'
    joined_df = pd.merge(account, disp, on='account_id')
    
    # Filter rows where 'type' is 'Owner' and 'frequency' is 'weekly'
    filtered_df = joined_df[(joined_df['type'] == 'Owner') & (joined_df['frequency'] == 'weekly')]
    
    # Count the number of unique 'client_id's in the filtered DataFrame
    count = filtered_df['client_id'].nunique()
    
    return count"
qwen_before_adaptive,before,adaptive,qwen,187,3,1,True,ok,0,"import pandas as pd

def count_owner_clients(df_account, df_disp):
    # Filter the accounts where the frequency is 'weekly' and the type is 'OWNER'
    filtered_accounts = df_account[(df_account['frequency'] == 'weekly') & (df_disp['type'] == 'OWNER')]
    
    # Get unique client IDs from the filtered accounts
    owner_client_ids = filtered_accounts['client_id'].unique()
    
    return len(owner_client_ids)"
qwen_before_adaptive,before,adaptive,qwen,187,4,1,True,ok,1,"import pandas as pd

def count_owner_clients(df_account, df_disp):
    # Filter rows where type is 'Owner' and frequency is 7 (weekly)
    filtered_df = df_disp[df_disp['type'] == 'Owner'].merge(df_account, on='account_id')
    owner_weekly_clients = filtered_df[filtered_df['frequency'] == 7]
    
    return len(owner_weekly_clients)"
qwen_before_adaptive,before,adaptive,qwen,188,0,1,False,ok,1,"import pandas as pd

def get_lowest_approved_amount_accounts(loan_df, account_df):
    # Filter loans with duration greater than 24 months
    valid_loans = loan_df[loan_df['duration'] > 24]
    
    # Merge valid loans with account data to get account details
    merged_data = pd.merge(valid_loans, account_df, on='account_id')
    
    # Filter accounts opened before 1997
    filtered_accounts = merged_data[merged_data['date_y'] < '1997']
    
    # Group by account_id and find the minimum approved amount
    result = filtered_accounts.groupby('account_id')['amount'].min().reset_index()
    
    return result"
qwen_before_adaptive,before,adaptive,qwen,188,1,1,False,ok,1,"import pandas as pd

def get_lowest_amount_accounts(loan_df, account_df):
    # Filter loans with validity more than 24 months
    valid_loans = loan_df[loan_df['duration'] > 24]
    
    # Merge loan data with account data on account_id
    merged_data = pd.merge(valid_loans, account_df, on='account_id')
    
    # Filter accounts opened before 1997
    filtered_data = merged_data[merged_data['date_x'].dt.year < 1997]
    
    # Find the minimum approved amount among these accounts
    min_amount = filtered_data['amount'].min()
    
    # Get the accounts with the minimum approved amount
    result = filtered_data[filtered_data['amount'] == min_amount][['account_id', 'district_id', 'frequency']]
    
    return result"
qwen_before_adaptive,before,adaptive,qwen,188,2,1,False,ok,0,"import pandas as pd

def get_lowest_approved_amount_accounts(loan_df, account_df):
    # Filter accounts with loan validity more than 24 months
    valid_accounts = loan_df[loan_df['duration'] > 24]['account_id']
    
    # Filter accounts opened before 1997
    old_accounts = account_df[account_df['date'].dt.year < 1997]['account_id']
    
    # Combine the two filters
    target_accounts = valid_accounts.intersection(old_accounts)
    
    # Get the minimum approved amount for these accounts
    min_amount = loan_df.loc[loan_df['account_id'].isin(target_accounts), 'amount'].min()
    
    # Get the accounts with the minimum approved amount
    result = loan_df[(loan_df['account_id'].isin(target_accounts)) & (loan_df['amount'] == min_amount)][['account_id', 'amount']]
    
    return result"
qwen_before_adaptive,before,adaptive,qwen,188,3,1,False,ok,1,"import pandas as pd

def get_lowest_amount_accounts(df_loan, df_account):
    # Filter loans with validity more than 24 months
    valid_loans = df_loan[df_loan['duration'] > 24]
    
    # Join valid loans with account details
    joined_df = pd.merge(valid_loans, df_account, on='account_id')
    
    # Filter accounts opened before 1997
    filtered_df = joined_df[joined_df['date_x'].dt.year < 1997]
    
    # Group by account_id and find the minimum approved amount
    result = filtered_df.groupby('account_id')['amount'].min().reset_index()
    
    return result"
qwen_before_adaptive,before,adaptive,qwen,188,4,1,False,ok,2,"import pandas as pd

def get_lowest_approved_amount_accounts(loan_df, account_df):
    # Filter loans with validity more than 24 months
    valid_loans = loan_df[loan_df['duration'] > 24]
    
    # Join valid loans with account details
    joined_data = pd.merge(valid_loans, account_df, on='account_id')
    
    # Filter accounts opened before 1997
    filtered_data = joined_data[joined_data['date'].dt.year < 1997]
    
    # Find the minimum approved amount for each account
    min_amounts = filtered_data.groupby('account_id')['amount'].min().reset_index()
    
    # Merge back to get all relevant columns
    result = pd.merge(filtered_data, min_amounts, on='account_id', suffixes=('', '_min'))
    
    # Filter to get only the rows with the minimum approved amount
    final_result = result[result['amount'] == result['amount_min']]
    
    return final_result[['account_id', 'district_id', 'frequency', 'date_x', 'amount_x', 'duration', 'payments_x', 'status']]"
qwen_before_adaptive,before,adaptive,qwen,189,0,2,True,ok,3,"import pandas as pd

def get_oldest_female_clients_lowest_salary_accounts(clients_df, districts_df, accounts_df, disps_df):
    # Filter female clients
    female_clients = clients_df[clients_df['gender'] == 'female']
    
    # Calculate age of each client
    current_year = pd.Timestamp.now().year
    female_clients['age'] = current_year - pd.to_datetime(female_clients['birth_date']).dt.year
    
    # Merge clients with their respective accounts
    female_accounts = pd.merge(female_clients, disps_df, left_on='client_id', right_on='client_id')
    female_accounts = pd.merge(female_accounts, accounts_df, left_on='account_id', right_on='account_id')
    
    # Group by client and calculate the average salary (assuming A2 represents salary)
    avg_salary_by_client = female_accounts.groupby('client_id')['A2'].mean().reset_index()
    
    # Join the average salary back to the main DataFrame
    female_accounts = pd.merge(female_accounts, avg_salary_by_client, on='client_id')
    
    # Sort by age in descending order and then by average salary in ascending order
    sorted_accounts = female_accounts.sort_values(by=['age', 'A2'], ascending=[False, True])
    
    # Get the top 1 account per client
    result = sorted_accounts.drop_duplicates(subset='client_id', keep='first')[['account_id']]
    
    return result"
qwen_before_adaptive,before,adaptive,qwen,189,1,2,True,ok,2,"import pandas as pd

def get_female_clients_oldest_lowest_salary_accounts(client_df, district_df, account_df, disp_df):
    # Filter female clients
    female_clients = client_df[client_df['gender'] == 'female']
    
    # Merge client and district dataframes to get additional district information
    client_district = pd.merge(female_clients, district_df, on='district_id')
    
    # Calculate age of each client
    current_year = 2023  # Assuming the current year is 2023 for calculation purposes
    client_district['age'] = current_year - client_district['birth_date'].dt.year
    
    # Group by client_id and calculate average salary (assuming A1 is the salary column in district table)
    avg_salary = client_district.groupby('client_id')['A1'].mean().reset_index()
    
    # Merge average salary back to client data
    client_avg_salary = pd.merge(client_district, avg_salary, on='client_id', suffixes=('', '_avg'))
    
    # Sort by age in descending order and then by average salary in ascending order
    sorted_clients = client_avg_salary.sort_values(by=['age', 'A1_avg'], ascending=[False, True])
    
    # Get the top 1 account number for the oldest and lowest average salary female client
    result = sorted_clients.head(1)['account_id'].values[0]
    
    return result"
qwen_before_adaptive,before,adaptive,qwen,189,2,2,True,ok,1,"import pandas as pd

def get_female_clients_oldest_lowest_salary_accounts(clients, districts, accounts, disps):
    # Filter female clients
    female_clients = clients[clients['gender'] == 'female']
    
    # Calculate age of each client
    current_year = 2023  # Assuming the current year is 2023 for calculation purposes
    female_clients['age'] = current_year - female_clients['birth_date'].dt.year
    
    # Join with disps to get account information
    female_accounts = female_clients.merge(disps, on='client_id')
    
    # Group by account_id and calculate the average salary for each account
    avg_salary_by_account = female_accounts.groupby('account_id')['A1', 'A2', 'A3', 'A4', 'A5', 'A6', 'A7', 'A8', 'A9', 'A10', 'A11', 'A12', 'A13', 'A14', 'A15', 'A16'].mean().reset_index()
    
    # Find the minimum average salary
    min_avg_salary = avg_salary_by_account.min(axis=0)
    
    # Get the account ids with the minimum average salary
    min_salary_accounts = avg_salary_by_account[avg_salary_by_account.eq(min_avg_salary).any(axis=1)]['account_id']
    
    return min_salary_accounts"
qwen_before_adaptive,before,adaptive,qwen,189,3,2,True,ok,2,"import pandas as pd

def get_female_clients_with_lowest_salary():
    # Filter female clients
    female_clients = client[client['gender'] == 'female']
    
    # Get the oldest female clients
    oldest_female_clients = female_clients.sort_values(by='birth_date').head(1)
    
    # Join with district to get additional information if needed
    oldest_female_clients_with_district = oldest_female_clients.merge(district, on='district_id')
    
    # Join with account to get account details
    accounts_of_oldest_female_clients = oldest_female_clients_with_district.merge(account, on='district_id')
    
    return accounts_of_oldest_female_clients[['account_id']]"
qwen_before_adaptive,before,adaptive,qwen,189,4,2,True,ok,2,"import pandas as pd

def get_oldest_female_clients_lowest_salary_accounts(client_df, district_df, account_df, disp_df):
    # Merge dataframes to get all necessary information
    merged_df = pd.merge(client_df, disp_df, on='client_id')
    merged_df = pd.merge(merged_df, account_df, on='account_id')
    
    # Filter for female clients
    female_clients = merged_df[merged_df['gender'] == 'female']
    
    # Calculate age from birth_date
    current_year = pd.Timestamp.now().year
    female_clients['age'] = current_year - female_clients['birth_date'].dt.year
    
    # Group by client_id and calculate average salary (assuming there's an 'income' column in disp_df)
    avg_salary = female_clients.groupby('client_id')['income'].mean()
    
    # Get the client with the lowest average salary
    lowest_avg_salary_client = avg_salary.idxmin()
    
    # Filter accounts of the client with the lowest average salary
    result = female_clients[female_clients['client_id'] == lowest_avg_salary_client]['account_id']
    
    return result"
qwen_before_adaptive,before,adaptive,qwen,190,0,1,False,ok,1,"import pandas as pd

def count_clients_born_in_1920_in_east_bohemia(client_df, district_df):
    # Filter clients born in 1920
    clients_1920 = client_df[(client_df['birth_date'].dt.year == 1920)]
    
    # Assuming 'A1' to 'A16' represent districts and 'east_bohemia' is one of them
    east_bohemia_districts = ['A1', 'A2', 'A3']  # Example districts, adjust as needed
    
    # Join client data with district data to get district information
    joined_data = pd.merge(clients_1920, district_df, on='district_id')
    
    # Count clients in east Bohemia districts
    count_east_bohemia = joined_data[joined_data['district_id'].isin(east_bohemia_districts)].shape[0]
    
    return count_east_bohemia"
qwen_before_adaptive,before,adaptive,qwen,190,1,1,False,ok,1,"def count_clients_born_in_1920_east_bohemia(client_df, district_df):
    # Filter clients born in 1920
    clients_1920 = client_df[(client_df['birth_date'].dt.year == 1920)]
    
    # Filter districts considered part of east Bohemia (assuming A1 to A5 based on the schema)
    east_bohemia_districts = district_df[district_df[['A1', 'A2', 'A3', 'A4', 'A5']].any(axis=1)]
    
    # Merge clients and districts on district_id
    merged_df = pd.merge(clients_1920, east_bohemia_districts, on='district_id')
    
    # Count the number of unique clients
    return len(merged_df['client_id'].unique())"
qwen_before_adaptive,before,adaptive,qwen,190,2,1,False,ok,1,"def count_clients_born_in_1920_in_east_bohemia(clients, districts):
    # Filter clients born in 1920
    clients_1920 = clients[clients['birth_date'].dt.year == 1920]
    
    # Assuming 'east_bohemia' is identified by a specific condition or value in the 'A1' column of the districts DataFrame
    east_bohemia_districts = districts[districts['A1'] == 'east_bohemia']
    
    # Join clients and districts on district_id to get the district information for each client
    joined_data = pd.merge(clients_1920, districts, left_on='district_id', right_on='district_id')
    
    # Count the number of clients in east Bohemia
    count_east_bohemia = len(joined_data[joined_data['A1'] == 'east_bohemia'])
    
    return count_east_bohemia"
qwen_before_adaptive,before,adaptive,qwen,190,3,1,False,ok,1,"import pandas as pd

def count_clients_born_in_1920_in_east_bohemia(clients_df, districts_df):
    # Filter clients born in 1920
    clients_1920 = clients_df[clients_df['birth_date'].dt.year == 1920]
    
    # Join with districts to get the A2 value
    joined_df = pd.merge(clients_1920, districts_df, on='district_id')
    
    # Count clients in east Bohemia (assuming A2 is 'east Bohemia' for simplicity)
    count_east_bohemia = joined_df[joined_df['A2'] == 'east Bohemia'].shape[0]
    
    return count_east_bohemia"
qwen_before_adaptive,before,adaptive,qwen,190,4,1,False,ok,0,"import pandas as pd

def count_clients_born_in_1920_east_bohemia(clients_df, districts_df):
    # Filter clients born in 1920
    clients_1920 = clients_df[clients_df['birth_date'].dt.year == 1920]
    
    # Extract district IDs from the filtered clients
    district_ids_1920 = clients_1920['district_id']
    
    # Filter districts to find those in east Bohemia (assuming A1, A2, A3, A4, A5, A6 are part of east Bohemia)
    east_bohemia_districts = districts_df[(districts_df['A1'] == 1) | (districts_df['A2'] == 1) | 
                                        (districts_df['A3'] == 1) | (districts_df['A4'] == 1) | 
                                        (districts_df['A5'] == 1) | (districts_df['A6'] == 1)]
    
    # Find common district IDs between clients born in 1920 and east Bohemia districts
    common_district_ids = district_ids_1920[district_ids_1920.isin(east_bohemia_districts['district_id'])]
    
    # Count the number of unique clients
    return len(common_district_ids.unique())

# Assuming the data is already loaded into 'clients' and 'districts' DataFrames
result = count_clients_born_in_1920_east_bohemia(clients, districts)
print(result)"
qwen_before_adaptive,before,adaptive,qwen,191,0,1,False,ok,0,"import pandas as pd

def count_prepayment_accounts(account_df, loan_df):
    # Filter the loan DataFrame to include only those with a duration of 24 months and weekly statements
    filtered_loans = loan_df[(loan_df['duration'] == 24) & (account_df['frequency'] == 'weekly')]
    
    # Get unique account IDs from the filtered loans
    unique_account_ids = filtered_loans['account_id'].unique()
    
    # Count the number of unique account IDs
    count = len(unique_account_ids)
    
    return count"
qwen_before_adaptive,before,adaptive,qwen,191,1,1,False,ok,0,"import pandas as pd

def count_prepayment_accounts(account_df, loan_df):
    # Filter the loan DataFrame to include only those with a duration of 24 months and weekly statements
    filtered_loans = loan_df[(loan_df['duration'] == 24) & (account_df['frequency'] == 'weekly')]
    
    # Get the unique account IDs from the filtered loans
    unique_account_ids = filtered_loans['account_id'].unique()
    
    return len(unique_account_ids)"
qwen_before_adaptive,before,adaptive,qwen,191,2,1,False,ok,1,"import pandas as pd

def count_prepayment_accounts(account_df, loan_df):
    # Merge the account and loan dataframes on account_id
    merged_df = pd.merge(account_df, loan_df, on='account_id')
    
    # Filter the dataframe to only include loans with a duration of 24 months and weekly statements
    filtered_df = merged_df[(merged_df['duration'] == 24) & (merged_df['frequency'] == 'weekly')]
    
    # Count the number of unique loan accounts
    num_accounts = len(filtered_df['loan_id'].unique())
    
    return num_accounts"
qwen_before_adaptive,before,adaptive,qwen,191,3,1,False,ok,1,"import pandas as pd

def count_prepayment_accounts(account_df, loan_df):
    # Filter accounts with weekly issuance of statements
    weekly_accounts = account_df[account_df['frequency'] == 'weekly']
    
    # Merge with loan data to get loans associated with these accounts
    merged_data = pd.merge(weekly_accounts, loan_df, on='account_id')
    
    # Filter loans with a duration of 24 months and status indicating pre-payment
    prepayment_loans = merged_data[(merged_data['duration'] == 24) & (merged_data['status'] == 'pre-payment')]
    
    # Count the number of unique loan accounts
    return len(prepayment_loans['loan_id'].unique())"
qwen_before_adaptive,before,adaptive,qwen,191,4,1,False,ok,1,"import pandas as pd

def count_prepayment_accounts(account_df, loan_df):
    # Filter accounts with weekly issuance of statements
    weekly_accounts = account_df[account_df['frequency'] == 'weekly']
    
    # Filter loans with a duration of 24 months and status 'prepayment'
    prepayment_loans = loan_df[(loan_df['duration'] == 24) & (loan_df['status'] == 'prepayment')]
    
    # Find the intersection of weekly accounts and prepayment loans
    prepayment_accounts = pd.merge(weekly_accounts, prepayment_loans, on='account_id')
    
    # Count the number of unique loan accounts
    num_loan_accounts = len(prepayment_accounts)
    
    return num_loan_accounts"
qwen_before_adaptive,before,adaptive,qwen,192,0,1,False,ok,1,"import pandas as pd

def average_loan_amount_running_contract(account_df, loan_df):
    # Merge account and loan dataframes on account_id
    merged_df = pd.merge(account_df, loan_df, on='account_id', how='left')
    
    # Filter rows where loan status is 'running'
    running_loans_df = merged_df[merged_df['status'] == 'running']
    
    # Calculate the average loan amount for running contracts
    avg_loan_amount = running_loans_df['amount'].mean()
    
    return avg_loan_amount"
qwen_before_adaptive,before,adaptive,qwen,192,1,1,False,ok,1,"import pandas as pd

def calculate_average_loan_amount(df_account, df_loan):
    # Merge the two dataframes on 'account_id'
    merged_df = pd.merge(df_account, df_loan, on='account_id', how='inner')
    
    # Filter the rows where the loan status is 'running'
    running_loans = merged_df[merged_df['status'] == 'running']
    
    # Calculate the average amount of the running loans
    average_amount = running_loans['amount'].mean()
    
    return average_amount"
qwen_before_adaptive,before,adaptive,qwen,192,2,1,False,ok,1,"import pandas as pd

def calculate_running_loan_amount(account_df, loan_df):
    # Merge account and loan dataframes on account_id
    merged_df = pd.merge(account_df, loan_df, on='account_id')
    
    # Filter loans that are still on running contract
    running_loans = merged_df[merged_df['status'] == 'running']
    
    # Calculate the average amount of running loans
    avg_running_loan_amount = running_loans['amount'].mean()
    
    return avg_running_loan_amount"
qwen_before_adaptive,before,adaptive,qwen,192,3,1,False,ok,1,"import pandas as pd

def calculate_running_contract_average_amount(account_df, loan_df):
    # Merge the account and loan dataframes on account_id
    merged_df = pd.merge(account_df, loan_df, on='account_id')
    
    # Filter the dataframe to include only loans that are still on running contract
    running_loans = merged_df[merged_df['status'] == 'running']
    
    # Calculate the average amount of running contracts
    average_amount = running_loans['amount'].mean()
    
    return average_amount"
qwen_before_adaptive,before,adaptive,qwen,192,4,1,False,ok,1,"import pandas as pd

def calculate_average_loan_amount(loan_df, account_df):
    # Merge loan and account dataframes on account_id
    merged_df = pd.merge(loan_df, account_df, on='account_id')
    
    # Filter rows where the loan status is 'running'
    running_loans = merged_df[merged_df['status'] == 'running']
    
    # Calculate the average amount of running loans
    average_loan_amount = running_loans['amount'].mean()
    
    return average_loan_amount"
qwen_before_adaptive,before,adaptive,qwen,193,0,2,True,ok,1,"import pandas as pd

def get_eligible_clients(account_df, district_df, disp_df):
    # Filter accounts where frequency is 2 (indicating permanent orders)
    permanent_orders = account_df[account_df['frequency'] == 2]
    
    # Join with disp table to get client IDs associated with these accounts
    eligible_disp = pd.merge(permanent_orders, disp_df, on='account_id')
    
    # Get unique client IDs from the filtered disp DataFrame
    eligible_client_ids = set(eligible_disp['client_id'])
    
    # Filter district table to get districts associated with these client IDs
    eligible_districts = district_df[district_df['district_id'].isin(eligible_client_ids)]
    
    # Select the required columns
    result = eligible_districts[['district_id', 'A2']]
    
    return result"
qwen_before_adaptive,before,adaptive,qwen,193,1,2,True,ok,1,"import pandas as pd

def get_eligible_clients(account_df, district_df, disp_df):
    # Filter clients who can only issue permanent orders or apply for loans
    eligible_disp = disp_df[(disp_df['type'] == 'P') | (disp_df['type'] == 'L')]
    
    # Get unique client IDs from the filtered disp DataFrame
    eligible_client_ids = eligible_disp['client_id'].unique()
    
    # Join account and disp DataFrames to get district information for eligible clients
    eligible_accounts = account_df[account_df['account_id'].isin(eligible_client_ids)]
    result = pd.merge(eligible_accounts, district_df, left_on='district_id', right_on='district_id')
    
    # Select required columns
    result = result[['account_id', 'district_id']]
    
    return result"
qwen_before_adaptive,before,adaptive,qwen,193,2,2,True,ok,1,"import pandas as pd

def get_eligible_clients(account, district):
    # Filter accounts where the frequency is 1 (right to issue permanent orders)
    permanent_orders = account[account['frequency'] == 1]
    
    # Join with district table to get district information
    eligible_districts = pd.merge(permanent_orders, district, on='district_id')
    
    # Get unique client IDs from the eligible districts
    eligible_client_ids = eligible_districts['client_id'].unique()
    
    # Filter disp table to get clients who can apply for loans
    loan_applicants = disp[disp['type'] == 'loan']
    
    # Get unique client IDs from loan applicants
    loan_applicant_ids = loan_applicants['client_id'].unique()
    
    # Find intersection of eligible client IDs and loan applicant IDs
    eligible_clients = set(eligible_client_ids) & set(loan_applicant_ids)
    
    # Create a DataFrame with client ID and district ID
    result = pd.DataFrame({
        'client_id': list(eligible_clients),
        'district_id': [permanent_orders.loc[permanent_orders['client_id'] == client_id, 'district_id'].values[0] for client_id in eligible_clients]
    })
    
    return result"
qwen_before_adaptive,before,adaptive,qwen,193,3,2,True,ok,1,"import pandas as pd

def get_eligible_clients(account_df, district_df, disp_df):
    # Filter accounts where frequency is 1 (permanent orders)
    permanent_orders = account_df[account_df['frequency'] == 1]
    
    # Join with disp table to get client IDs
    perm_disp = pd.merge(permanent_orders, disp_df, on='account_id')
    
    # Get unique client IDs who have permanent orders
    eligible_client_ids = perm_disp['client_id'].unique()
    
    # Filter districts based on eligibility criteria
    eligible_districts = district_df[district_df['district_id'].isin(eligible_client_ids)]
    
    # Select required columns
    result = eligible_districts[['district_id', 'A2']]
    
    return result"
qwen_before_adaptive,before,adaptive,qwen,193,4,2,True,ok,0,"import pandas as pd

def get_eligible_clients(account, district):
    # Filter accounts with frequency greater than 1 (indicating more than one transaction)
    high_freq_accounts = account[account['frequency'] > 1]
    
    # Get unique account IDs from high frequency accounts
    high_freq_account_ids = high_freq_accounts['account_id'].unique()
    
    # Filter districts where all accounts are in the high frequency list
    eligible_districts = district[district['district_id'].isin(high_freq_account_ids)]
    
    # Select distinct account_id and district_id from eligible districts
    result = eligible_districts[['account_id', 'district_id']].drop_duplicates()
    
    return result"
qwen_before_adaptive,before,adaptive,qwen,194,0,2,True,ok,2,"import pandas as pd

def get_high_credit_card_clients(disp, card, client, account):
    # Filter clients with high-level credit cards
    high_level_cards = card[card['type'] == 'high']
    
    # Join disp and card to get disp_id for high-level credit cards
    disp_with_high_cards = disp.merge(high_level_cards, on='disp_id')
    
    # Join disp_with_high_cards and client to get client details
    client_details = disp_with_high_cards.merge(client, on='client_id')
    
    # Calculate age from birth_date
    client_details['age'] = (pd.to_datetime('now') - pd.to_datetime(client_details['birth_date'])).astype('<m8[Y]')
    
    return client_details[['client_id', 'gender', 'district_id', 'age']]"
qwen_before_adaptive,before,adaptive,qwen,194,1,2,True,ok,1,"import pandas as pd

def get_eligible_clients(client_df, card_df):
    # Filter clients with high-level credit cards
    high_level_cards = card_df[card_df['type'] == 'high_level']
    
    # Join with client DataFrame to get client details
    eligible_clients = pd.merge(high_level_cards, client_df, left_on='disp_id', right_on='disp_id')
    
    # Calculate age from birth_date
    eligible_clients['age'] = (pd.Timestamp.now() - pd.to_datetime(eligible_clients['birth_date'])).days // 365
    
    # Select required columns
    result = eligible_clients[['client_id', 'age']]
    
    return result"
qwen_before_adaptive,before,adaptive,qwen,194,2,2,True,ok,2,"import pandas as pd

def get_eligible_clients(df_disp, df_card, df_client, df_account):
    # Filter for clients with high-level credit cards
    high_level_cards = df_card[df_card['type'] == 'high-level']
    
    # Merge high-level credit cards with their corresponding display records
    merged_disp = pd.merge(high_level_cards, df_disp, on='disp_id')
    
    # Merge the result with client information to get client details
    client_details = pd.merge(merged_disp, df_client, on='client_id')
    
    # Calculate the age of each client
    client_details['age'] = (pd.Timestamp.now() - client_details['birth_date']).days // 365
    
    return client_details[['client_id', 'age']]"
qwen_before_adaptive,before,adaptive,qwen,194,3,2,True,ok,2,"import pandas as pd

def get_eligible_clients(df_disp, df_card, df_client, df_account):
    # Merge disp and card tables to find clients with high level credit cards
    df_high_level_cards = df_disp.merge(df_card, on='disp_id', suffixes=('_disp', '_card'))
    
    # Filter for high level credit cards (assuming 'high' is represented by a specific value in the 'type' column)
    df_high_level_cards = df_high_level_cards[df_high_level_cards['type_card'] == 'high']
    
    # Merge with client table to get client details
    df_eligible_clients = df_high_level_cards.merge(df_client, on='client_id')
    
    # Calculate age from birth_date
    df_eligible_clients['age'] = (pd.to_datetime('now') - pd.to_datetime(df_eligible_clients['birth_date'])).astype('<m8[Y]')
    
    # Select required columns
    result = df_eligible_clients[['client_id', 'age']]
    
    return result"
qwen_before_adaptive,before,adaptive,qwen,194,4,2,True,ok,2,"import pandas as pd

def get_eligible_clients(df_disp, df_card, df_client, df_account):
    # Merge disp, card, and client dataframes to get necessary information
    merged_df = pd.merge(df_disp, df_card, on='disp_id')
    merged_df = pd.merge(merged_df, df_client, on='client_id')
    
    # Filter for high-level credit cards (assuming 'type' in card table indicates the card level)
    high_level_cards = merged_df[merged_df['card_type'] == 'high_level']
    
    # Calculate the age of the clients
    current_year = pd.Timestamp.now().year
    high_level_cards['age'] = current_year - high_level_cards['birth_date'].dt.year
    
    # Return the required columns
    return high_level_cards[['client_id', 'age']]"
