file,phase,condition,model,question_id,repeat_idx,hop_diameter,gold_has_disp,step1_status,n_merge,code
qwen_before_uniform,before,uniform,qwen,89,0,1,False,ok,1,"import pandas as pd

def count_accounts_in_east_bohemia(accounts_df, district_df):
    # Filter accounts where the transaction date is before the issuance date
    filtered_accounts = accounts_df[accounts_df['date'] < accounts_df['issuance_date']]
    
    # Merge with district table to get district information
    merged_df = pd.merge(filtered_accounts, district_df, on='district_id')
    
    # Filter for accounts in East Bohemia region (assuming 'A1' column indicates the region)
    east_bohemia_accounts = merged_df[merged_df['A1'] == 'East Bohemia']
    
    return east_bohemia_accounts.shape[0]

# Assuming 'accounts' and 'district' are already defined as per the database schema
result = count_accounts_in_east_bohemia(accounts, district)
print(result)"
qwen_before_uniform,before,uniform,qwen,89,1,1,False,ok,0,"import pandas as pd

def count_accounts_staying_in_east_bohemia():
    # Assuming 'district' DataFrame has a column 'A2' representing the region
    east_bohemia_mask = district['A2'] == 'East Bohemia'
    east_bohemia_districts = district[east_bohemia_mask]['district_id']
    
    # Assuming 'account' DataFrame has columns 'district_id' and 'date'
    account_in_east_bohemia = account[account['district_id'].isin(east_bohemia_districts)]
    
    # Filter accounts where the last transaction is before the issuance
    account_before_issuance = account_in_east_bohemia.sort_values(by='date').drop_duplicates(subset='account_id', keep='first')
    
    return len(account_before_issuance)"
qwen_before_uniform,before,uniform,qwen,89,2,1,False,ok,1,"import pandas as pd

def count_accounts_in_east_bohemia(df_district, df_account):
    # Filter accounts where frequency is 'issuance' and date is after 'transaction'
    filtered_accounts = df_account[(df_account['frequency'] == 'issuance') & (df_account['date'] > 'transaction')]
    
    # Join with district data to get district information
    joined_data = pd.merge(filtered_accounts, df_district, on='district_id')
    
    # Filter for East Bohemia region
    east_bohemia_accounts = joined_data[joined_data['A1'] == 'East Bohemia']
    
    # Count the number of unique accounts
    num_accounts = len(east_bohemia_accounts['account_id'].unique())
    
    return num_accounts"
qwen_before_uniform,before,uniform,qwen,89,3,1,False,ok,1,"import pandas as pd

def count_accounts_in_east_bohemia_after_transaction(accounts_df, district_df):
    # Filter accounts where frequency is 'issuance' and date is after 'transaction'
    filtered_accounts = accounts_df[(accounts_df['frequency'] == 'issuance') & (accounts_df['date'] > 'transaction')]
    
    # Join the filtered accounts with the district DataFrame to get the district information
    joined_data = pd.merge(filtered_accounts, district_df, on='district_id')
    
    # Count the number of accounts in East Bohemia region
    east_bohemia_count = joined_data[joined_data['A1'].isin(['East Bohemia'])].shape[0]
    
    return east_bohemia_count"
qwen_before_uniform,before,uniform,qwen,89,4,1,False,ok,1,"import pandas as pd

def count_accounts_in_east_bohemia():
    # Filter accounts where frequency is 'issuance' and date is before the transaction date
    filtered_accounts = account[(account['frequency'] == 'issuance') & (account['date'] < account['date'])]
    
    # Join the filtered accounts with the district table to get district information
    joined_data = pd.merge(filtered_accounts, district, on='district_id')
    
    # Filter the joined data to only include accounts in East Bohemia region
    east_bohemia_accounts = joined_data[joined_data['A2'].isin(['East Bohemia', 'East Bohemian Region'])]
    
    # Count the number of unique accounts in East Bohemia region
    count = len(east_bohemia_accounts['account_id'].unique())
    
    return count"
qwen_before_uniform,before,uniform,qwen,90,0,2,False,ok,1,"import pandas as pd

def count_eligible_accounts(account_df, loan_df):
    # Merge the account and loan DataFrames on 'account_id'
    merged_df = pd.merge(account_df, loan_df, on='account_id')
    
    # Filter the DataFrame to include only accounts from Prague
    prague_accounts = merged_df[merged_df['district_id'] == 'Prague']
    
    # Count the number of unique accounts eligible for loans
    eligible_account_count = len(prague_accounts['account_id'].unique())
    
    return eligible_account_count"
qwen_before_uniform,before,uniform,qwen,90,1,2,False,ok,1,"import pandas as pd

def count_eligible_accounts(prague_districts):
    # Filter accounts in Prague
    prague_accounts = account[account['district_id'].isin(prague_districts)]
    
    # Join accounts with loans to get loan statuses
    merged_df = pd.merge(prague_accounts, loan, on='account_id')
    
    # Count accounts with at least one loan and non-default status
    eligible_accounts = merged_df[merged_df['status'] != 'default']
    
    return len(eligible_accounts)"
qwen_before_uniform,before,uniform,qwen,90,2,2,False,ok,1,"def count_eligible_accounts(prague_district_id):
    eligible_accounts = loan.merge(account, on='account_id')
    eligible_accounts = eligible_accounts[eligible_accounts['district_id'] == prague_district_id]
    return len(eligible_accounts)"
qwen_before_uniform,before,uniform,qwen,90,3,2,False,ok,1,"import pandas as pd

def count_eligible_accounts(prague_district_id):
    # Filter accounts in Prague
    prague_accounts = account[account['district_id'] == prague_district_id]
    
    # Merge accounts with loan data to get loan statuses
    merged_data = pd.merge(prague_accounts, loan, on='account_id')
    
    # Count distinct accounts with at least one loan application
    eligible_accounts_count = len(merged_data['account_id'].unique())
    
    return eligible_accounts_count"
qwen_before_uniform,before,uniform,qwen,90,4,2,False,ok,0,"import pandas as pd

def count_eligible_accounts(prague_data):
    # Filter accounts in Prague
    prague_accounts = prague_data[prague_data['district_id'] == 'Prague']
    
    # Get unique account IDs from Prague
    prague_account_ids = prague_accounts['account_id'].unique()
    
    # Filter loans for these accounts
    eligible_loans = loan[loan['account_id'].isin(prague_account_ids)]
    
    # Count distinct accounts with eligible loans
    eligible_count = len(eligible_loans['account_id'].unique())
    
    return eligible_count"
qwen_before_uniform,before,uniform,qwen,91,0,0,False,ok,1,"import pandas as pd

def compare_unemployment_ratio(df_account, df_district):
    # Merge account and district dataframes on district_id
    merged_df = pd.merge(df_account, df_district, on='district_id')
    
    # Filter data for the years 1995 and 1996
    df_1995 = merged_df[merged_df['date'].dt.year == 1995]
    df_1996 = merged_df[merged_df['date'].dt.year == 1996]
    
    # Calculate the average unemployment ratio for each year
    avg_unemp_1995 = df_1995.groupby('A1')['frequency'].mean()
    avg_unemp_1996 = df_1996.groupby('A1')['frequency'].mean()
    
    return avg_unemp_1995, avg_unemp_1996"
qwen_before_uniform,before,uniform,qwen,91,1,0,False,ok,0,"import pandas as pd

def calculate_unemployment_ratio():
    # Assuming 'district' DataFrame contains the unemployment data
    avg_1995 = district[district['A1'] == '1995']['A2'].mean()
    avg_1996 = district[district['A1'] == '1996']['A2'].mean()
    
    if avg_1995 > avg_1996:
        return ""1995 has a higher unemployment ratio""
    elif avg_1995 < avg_1996:
        return ""1996 has a higher unemployment ratio""
    else:
        return ""Both years have the same unemployment ratio""

# Call the function to get the result
result = calculate_unemployment_ratio()
print(result)"
qwen_before_uniform,before,uniform,qwen,91,2,0,False,ok,0,"import pandas as pd

def calculate_unemployment_ratio():
    # Load data from database into pandas DataFrames (assuming they are already loaded)
    district_df = pd.read_sql_table('district', con=your_database_connection)
    account_df = pd.read_sql_table('account', con=your_database_connection)

    # Filter data for years 1995 and 1996
    year_1995_data = account_df[(account_df['date'].dt.year == 1995) & (account_df['frequency'] == 'unemployed')]
    year_1996_data = account_df[(account_df['date'].dt.year == 1996) & (account_df['frequency'] == 'unemployed')]

    # Calculate the total number of unemployed individuals for each year
    total_unemployed_1995 = len(year_1995_data)
    total_unemployed_1996 = len(year_1996_data)

    # Calculate the total population in each district for each year
    total_population_1995 = district_df['A15']
    total_population_1996 = district_df['A15']

    # Calculate the unemployment rate for each year
    unemployment_rate_1995 = (total_unemployed_1995 / total_population_1995) * 100
    unemployment_rate_1996 = (total_unemployed_1996 / total_population_1996) * 100

    # Compare the unemployment rates
    if unemployment_rate_1995 > unemployment_rate_1996:
        return ""The unemployment rate was higher in 1995.""
    elif unemployment_rate_1995 < unemployment_rate_1996:
        return ""The unemployment rate was higher in 1996.""
    else:
        return ""The unemployment rates were the same in both years.""

# Call the function to get the result
result = calculate_unemployment_ratio()
print(result)"
qwen_before_uniform,before,uniform,qwen,91,3,0,False,ok,0,"def compare_unemployment_ratio(df_district):
    # Calculate the average unemployment ratio for each year
    avg_1995 = df_district[df_district['A1'] == '1995']['A2'].astype(float).mean()
    avg_1996 = df_district[df_district['A1'] == '1996']['A2'].astype(float).mean()
    
    # Compare the two averages and return the result
    if avg_1995 > avg_1996:
        return ""1995""
    elif avg_1995 < avg_1996:
        return ""1996""
    else:
        return ""Both years have the same average unemployment ratio""

# Assuming df_district is the DataFrame containing the data from the 'district' table
result = compare_unemployment_ratio(df_district)
print(f""The year with the higher average unemployment ratio is: {result}"")"
qwen_before_uniform,before,uniform,qwen,91,4,0,False,ok,0,"import pandas as pd

def compare_unemployment_ratio():
    # Assuming 'district' DataFrame contains the unemployment data
    avg_1995 = district[district['A1'] == '1995']['A2'].astype(float).mean()
    avg_1996 = district[district['A1'] == '1996']['A2'].astype(float).mean()
    
    if avg_1995 > avg_1996:
        return ""1995 has a higher average unemployment ratio.""
    elif avg_1995 < avg_1996:
        return ""1996 has a higher average unemployment ratio.""
    else:
        return ""Both years have the same average unemployment ratio.""

# Call the function to get the result
result = compare_unemployment_ratio()
print(result)"
qwen_before_uniform,before,uniform,qwen,92,0,1,False,ok,0,"import pandas as pd

def count_districts_with_female_salary():
    # Calculate the average salary for each district
    avg_salary = client.groupby('district_id')['A2'].mean()
    
    # Filter districts where the average salary is between 6000 and 10000
    filtered_districts = avg_salary[(avg_salary > 6000) & (avg_salary < 10000)]
    
    # Count the number of such districts
    num_districts = len(filtered_districts)
    
    return num_districts"
qwen_before_uniform,before,uniform,qwen,92,1,1,False,ok,1,"def count_districts_with_female_salary_range():
    # Calculate the average salary for females in each district
    avg_salary_females = client.merge(district, on='district_id')
    avg_salary_females['female_avg_salary'] = avg_salary_females.groupby('A1')['salary'].transform('mean')
    
    # Filter districts where the average salary of females is between 6000 and 10000
    filtered_districts = avg_salary_females[(avg_salary_females['female_avg_salary'] > 6000) & (avg_salary_females['female_avg_salary'] < 10000)]
    
    # Count the number of such districts
    num_districts = len(filtered_districts['district_id'].unique())
    
    return num_districts"
qwen_before_uniform,before,uniform,qwen,92,2,1,False,ok,0,"def count_districts_with_female_salary():
    # Calculate the average salary for each district
    avg_salary_by_district = df_client.groupby('district_id')['salary'].mean().reset_index()
    
    # Filter districts where the average salary is between 6000 and 10000
    filtered_districts = avg_salary_by_district[(avg_salary_by_district['salary'] > 6000) & (avg_salary_by_district['salary'] < 10000)]
    
    # Get the number of such districts
    num_districts = len(filtered_districts)
    
    return num_districts"
qwen_before_uniform,before,uniform,qwen,92,3,1,False,ok,1,"import pandas as pd

def count_districts_with_female_salary():
    # Assuming 'client' and 'district' DataFrames are already loaded
    merged_df = pd.merge(client, district, on='district_id')
    
    # Calculate the average salary for each district
    avg_salary_per_district = merged_df.groupby('district_id')['A1'].mean()
    
    # Filter districts where the average salary is between 6000 and 10000
    filtered_districts = avg_salary_per_district[(avg_salary_per_district > 6000) & (avg_salary_per_district < 10000)]
    
    # Count the number of such districts
    num_districts = len(filtered_districts)
    
    return num_districts"
qwen_before_uniform,before,uniform,qwen,92,4,1,False,ok,0,"import pandas as pd

def count_districts_with_female_salary():
    # Assuming 'salary' column exists in the 'client' DataFrame and represents the average salary
    female_clients = client[client['gender'] == 'female']
    female_avg_salaries = female_clients.groupby('district_id')['salary'].mean()
    filtered_districts = female_avg_salaries[(female_avg_salaries > 6000) & (female_avg_salaries < 10000)]
    return len(filtered_districts)

# Call the function and print the result
result = count_districts_with_female_salary()
print(result)"
qwen_before_uniform,before,uniform,qwen,93,0,1,False,ok,1,"import pandas as pd

def calculate_feature(df_client, df_district):
    # Merge client and district dataframes on district_id
    merged_df = pd.merge(df_client, df_district, on='district_id')
    
    # Filter for male customers from North Bohemia with average salary > 8000
    filtered_df = merged_df[(merged_df['gender'] == 'male') & 
                           (merged_df['A2'] == 'North Bohemia') & 
                           (merged_df['A3'] == 'average_salary') > 8000]
    
    # Calculate the number of such customers
    result = len(filtered_df)
    
    return result"
qwen_before_uniform,before,uniform,qwen,93,1,1,False,ok,1,"import pandas as pd

def count_male_customers_north_bohemia(df_client, df_district):
    # Assuming 'North Bohemia' is represented by a specific value in the 'A2' column of the 'district' DataFrame
    north_bohemia_condition = (df_district['A2'] == 'North Bohemia')
    
    # Assuming 'male' is represented by a specific value in the 'gender' column of the 'client' DataFrame
    male_condition = (df_client['gender'] == 'male')
    
    # Assuming 'salary' is calculated from other columns and stored in a new column 'average_salary'
    df_client['average_salary'] = ...  # Replace with actual calculation
    
    # Joining the two DataFrames on 'district_id'
    merged_df = pd.merge(df_client, df_district, on='district_id')
    
    # Applying the conditions and filtering the data
    filtered_df = merged_df[(north_bohemia_condition) & (male_condition) & (merged_df['average_salary'] > 8000)]
    
    # Counting the number of unique male customers meeting the criteria
    result = len(filtered_df.drop_duplicates(subset=['client_id']))
    
    return result"
qwen_before_uniform,before,uniform,qwen,93,2,1,False,ok,0,"def count_male_customers_north_bohemia_above_8000_salary(clients_df, districts_df):
    north_bohemia_mask = districts_df['A1'] == 'North Bohemia'
    high_salary_mask = clients_df['salary'] > 8000
    male_clients_mask = clients_df['gender'] == 'Male'
    
    filtered_clients = clients_df[male_clients_mask & high_salary_mask]
    north_bohemia_clients = filtered_clients[filtered_clients['district_id'].isin(north_bohemia_mask[districts_df].index)]
    
    return len(north_bohemia_clients)"
qwen_before_uniform,before,uniform,qwen,93,3,1,False,ok,0,"import pandas as pd

def calculate_feature(client_df, district_df):
    # Filter clients based on gender and district
    filtered_clients = client_df[(client_df['gender'] == 'male') & (client_df['district_id'].isin(district_df[district_df['A2'] == 'North Bohemia']['district_id']))]
    
    # Calculate average salary for the filtered clients
    average_salary = filtered_clients['salary'].mean()
    
    return average_salary > 8000"
qwen_before_uniform,before,uniform,qwen,93,4,1,False,ok,1,"import pandas as pd

def count_male_customers_with_high_salary(df_client, df_district):
    # Merge client and district dataframes on district_id
    merged_df = pd.merge(df_client, df_district, on='district_id')
    
    # Filter for male customers living in North Bohemia with average salary > 8000
    filtered_df = merged_df[(merged_df['gender'] == 'male') & 
                           (merged_df['A1'] == 'North Bohemia') & 
                           ((merged_df[['A2', 'A3', 'A4', 'A5', 'A6', 'A7', 'A8', 'A9', 'A10', 'A11', 'A12', 'A13', 'A14', 'A15', 'A16']] >= 8000).all(axis=1))]
    
    # Count the number of such customers
    result_count = len(filtered_df)
    
    return result_count"
qwen_before_uniform,before,uniform,qwen,94,0,3,True,ok,1,"import pandas as pd

def calculate_feature(account_df, district_df):
    # Merge account and district dataframes on district_id
    merged_df = pd.merge(account_df, district_df, on='district_id')
    
    # Calculate average salary per account_id
    avg_salary_per_account = merged_df.groupby('account_id')['A1'].mean().reset_index()
    
    # Filter for female clients (assuming 'A2' column indicates gender and 'F' is female)
    female_clients = avg_salary_per_account[avg_salary_per_account['A2'] == 'F']
    
    # Find the lowest and highest average salary among female clients
    lowest_avg_salary = female_clients['A1'].min()
    highest_avg_salary = female_clients['A1'].max()
    
    # Calculate the gap between the lowest and highest average salary
    salary_gap = highest_avg_salary - lowest_avg_salary
    
    return female_clients['account_id'], salary_gap"
qwen_before_uniform,before,uniform,qwen,94,1,3,True,ok,1,"import pandas as pd

def calculate_salary_gap(account_df, district_df):
    # Merge the two dataframes on district_id
    merged_df = pd.merge(account_df, district_df, on='district_id')
    
    # Calculate the average salary for each account_id
    avg_salary = merged_df.groupby('account_id')['A1'].mean().reset_index()
    
    # Find the female accounts (assuming 'A1' column indicates gender, 1 for female)
    female_accounts = avg_salary[avg_salary['A1'] == 1]
    
    # Find the oldest and youngest female accounts based on frequency
    oldest_female_account = female_accounts.sort_values(by='frequency', ascending=False).head(1)
    youngest_female_account = female_accounts.sort_values(by='frequency', ascending=True).head(1)
    
    # Calculate the gap between the lowest and highest average salary among female accounts
    salary_gap = female_accounts['A1'].max() - female_accounts['A1'].min()
    
    return oldest_female_account['account_id'], youngest_female_account['account_id'], salary_gap"
qwen_before_uniform,before,uniform,qwen,94,2,3,True,ok,1,"import pandas as pd

def calculate_feature(account_df, district_df):
    # Merge account and district dataframes on district_id
    merged_df = pd.merge(account_df, district_df, on='district_id')
    
    # Calculate average salary for each account
    merged_df['average_salary'] = merged_df[['A2', 'A3', 'A4', 'A5', 'A6', 'A7', 'A8', 'A9', 'A10', 'A11', 'A12', 'A13', 'A14', 'A15', 'A16']].mean(axis=1)
    
    # Filter for female clients
    female_clients = merged_df[merged_df['A1'] == 1]
    
    # Find the oldest and lowest average salary among female clients
    oldest_lowest_avg_salary = female_clients[female_clients['date'] == female_clients['date'].min()]['average_salary'].min()
    
    # Find the highest average salary among all clients
    highest_avg_salary = merged_df['average_salary'].max()
    
    # Calculate the gap
    gap = highest_avg_salary - oldest_lowest_avg_salary
    
    return oldest_lowest_avg_salary, highest_avg_salary, gap"
qwen_before_uniform,before,uniform,qwen,94,3,3,True,ok,1,"import pandas as pd

def calculate_salary_gap(account_df, district_df):
    # Merge account and district dataframes on district_id
    merged_df = pd.merge(account_df, district_df, on='district_id')
    
    # Filter for female clients (assuming 'A1' column indicates gender, 'F' for female)
    female_clients = merged_df[merged_df['A1'] == 'F']
    
    # Calculate the average salary for each client
    female_clients['average_salary'] = female_clients.groupby('account_id')['A2'].transform('mean')
    
    # Find the oldest and youngest clients based on date
    oldest_client = female_clients.loc[female_clients['date'].idxmin()]
    youngest_client = female_clients.loc[female_clients['date'].idxmax()]
    
    # Calculate the salary gap
    salary_gap = oldest_client['average_salary'] - youngest_client['average_salary']
    
    return oldest_client['account_id'], youngest_client['account_id'], salary_gap"
qwen_before_uniform,before,uniform,qwen,94,4,3,True,ok,1,"import pandas as pd

def calculate_salary_gap(account_df, district_df):
    # Merge the dataframes on district_id
    merged_df = pd.merge(account_df, district_df, on='district_id')
    
    # Filter for female clients (assuming 'A1' column indicates gender, where 0 is female)
    female_clients = merged_df[merged_df['A1'] == 0]
    
    # Calculate the average salary per account
    avg_salary_per_account = female_clients.groupby('account_id')['A2'].mean().reset_index()
    
    # Find the max and min average salaries
    max_avg_salary = avg_salary_per_account['A2'].max()
    min_avg_salary = avg_salary_per_account['A2'].min()
    
    # Calculate the gap
    salary_gap = max_avg_salary - min_avg_salary
    
    return salary_gap"
qwen_before_uniform,before,uniform,qwen,95,0,3,True,ok,1,"import pandas as pd

def get_youngest_highest_salary_accounts(account_df, disp_df):
    # Join the account and disp DataFrames on account_id
    merged_df = pd.merge(account_df, disp_df, on='account_id')
    
    # Group by client_id to calculate the average salary per client
    avg_salary_per_client = merged_df.groupby('client_id')['salary'].mean().reset_index()
    
    # Get the maximum average salary
    max_avg_salary = avg_salary_per_client['salary'].max()
    
    # Filter clients with the maximum average salary
    max_salary_clients = avg_salary_per_client[avg_salary_per_client['salary'] == max_avg_salary]['client_id']
    
    # Get the accounts of these clients
    result = merged_df[merged_df['client_id'].isin(max_salary_clients)]['account_id'].unique()
    
    return result"
qwen_before_uniform,before,uniform,qwen,95,1,3,True,ok,1,"import pandas as pd

def get_youngest_highest_salary_accounts(account_df, disp_df):
    # Merge account and disp tables on account_id
    merged_df = pd.merge(account_df, disp_df, on='account_id')
    
    # Group by client_id to calculate average salary per client
    avg_salary_df = merged_df.groupby('client_id')['type'].mean().reset_index()
    
    # Find the maximum average salary
    max_avg_salary = avg_salary_df['type'].max()
    
    # Filter clients with the maximum average salary
    top_clients = avg_salary_df[avg_salary_df['type'] == max_avg_salary]['client_id']
    
    # Get the accounts of these clients
    result = merged_df[merged_df['client_id'].isin(top_clients)]['account_id'].unique()
    
    return result"
qwen_before_uniform,before,uniform,qwen,95,2,3,True,ok,1,"import pandas as pd

def get_youngest_highest_salary_accounts(account_df, disp_df):
    # Merge account and disp dataframes on account_id
    merged_df = pd.merge(account_df, disp_df, on='account_id')
    
    # Group by client_id to calculate average salary and find the youngest
    grouped_df = merged_df.groupby('client_id').agg({
        'date': 'min',  # Youngest account
        'salary': 'mean'  # Average salary
    }).reset_index()
    
    # Sort by youngest date and then by highest average salary
    sorted_df = grouped_df.sort_values(by=['date', 'salary'], ascending=[True, False])
    
    # Get the account_id of the top result
    result_account_id = sorted_df['account_id'].iloc[0]
    
    return result_account_id"
qwen_before_uniform,before,uniform,qwen,95,3,3,True,ok,1,"import pandas as pd

def get_youngest_highest_salary_accounts(account_df, disp_df):
    # Merge the two dataframes on 'account_id'
    merged_df = pd.merge(account_df, disp_df, on='account_id')
    
    # Group by 'client_id' and calculate the average salary and minimum date (youngest age)
    grouped_df = merged_df.groupby('client_id').agg({
        'date': 'min',  # This will give us the earliest date which is the youngest age
        'salary': 'mean'  # Assuming there's a column named 'salary' in the 'disp' table
    }).reset_index()
    
    # Find the maximum average salary
    max_salary = grouped_df['salary'].max()
    
    # Filter the dataframe to get accounts with the maximum average salary
    result_df = grouped_df[grouped_df['salary'] == max_salary]
    
    # Return the account numbers of these clients
    return result_df['account_id']"
qwen_before_uniform,before,uniform,qwen,95,4,3,True,ok,1,"import pandas as pd

def get_youngest_highest_salary_accounts(account_df, disp_df):
    # Merge the two dataframes on 'account_id'
    merged_df = pd.merge(account_df, disp_df, on='account_id')
    
    # Group by 'client_id' to calculate the average salary and find the minimum age
    grouped_df = merged_df.groupby('client_id').agg({
        'date': lambda x: (pd.Timestamp.now() - x.min()).days / 365,
        'type': 'mean'
    }).reset_index()
    
    # Find the minimum age and the corresponding client_ids
    min_age = grouped_df['date'].min()
    young_clients = grouped_df[grouped_df['date'] == min_age]['client_id']
    
    # Filter the original dataframe to get the accounts of the youngest clients
    result = merged_df[merged_df['client_id'].isin(young_clients)]['account_id'].unique()
    
    return result"
qwen_before_uniform,before,uniform,qwen,96,0,1,True,ok,1,"import pandas as pd

def count_owner_customers(df_account, df_disp):
    # Merge the two dataframes on 'account_id'
    merged_df = pd.merge(df_account, df_disp, on='account_id')
    
    # Filter rows where 'type' is 'OWNER' and 'frequency' is 'WEEKLY'
    filtered_df = merged_df[(merged_df['type'] == 'OWNER') & (merged_df['frequency'] == 'WEEKLY')]
    
    # Count the number of unique 'client_id's in the filtered dataframe
    result = len(filtered_df['client_id'].unique())
    
    return result"
qwen_before_uniform,before,uniform,qwen,96,1,1,True,ok,1,"import pandas as pd

def count_owner_customers():
    # Join disp and account tables on account_id
    joined_df = pd.merge(disp, account, on='account_id')
    
    # Filter rows where type is 'Owner' and frequency is 'weekly'
    filtered_df = joined_df[(joined_df['type'] == 'Owner') & (joined_df['frequency'] == 'weekly')]
    
    # Count distinct clients
    owner_count = len(filtered_df['client_id'].unique())
    
    return owner_count"
qwen_before_uniform,before,uniform,qwen,96,2,1,True,ok,1,"import pandas as pd

def count_owner_customers():
    # Join the 'account' and 'disp' tables on 'account_id'
    merged_df = pd.merge(account, disp, on='account_id')
    
    # Filter rows where 'type' is 'Owner' and 'frequency' is 'weekly'
    filtered_df = merged_df[(merged_df['type'] == 'Owner') & (merged_df['frequency'] == 'weekly')]
    
    # Count the number of unique 'client_id's in the filtered DataFrame
    count = filtered_df['client_id'].nunique()
    
    return count"
qwen_before_uniform,before,uniform,qwen,96,3,1,True,ok,1,"import pandas as pd

def count_owner_customers():
    # Join the 'account' and 'disp' tables on 'account_id'
    merged_df = pd.merge(account, disp, on='account_id')
    
    # Filter rows where 'type' is 'OWNER' and 'frequency' is 'WEEKLY'
    filtered_df = merged_df[(merged_df['type'] == 'OWNER') & (merged_df['frequency'] == 'WEEKLY')]
    
    # Count the number of unique 'client_id's in the filtered DataFrame
    owner_customer_count = filtered_df['client_id'].nunique()
    
    return owner_customer_count"
qwen_before_uniform,before,uniform,qwen,96,4,1,True,ok,1,"import pandas as pd

def count_weekly_owner_customers(account_df, disp_df):
    # Merge the two dataframes on account_id
    merged_df = pd.merge(account_df, disp_df, on='account_id')
    
    # Filter rows where type is 'OWNER' and frequency is 'WEEKLY'
    filtered_df = merged_df[(merged_df['type'] == 'OWNER') & (merged_df['frequency'] == 'WEEKLY')]
    
    # Count the number of unique customer IDs
    num_customers = len(filtered_df['client_id'].unique())
    
    return num_customers"
qwen_before_uniform,before,uniform,qwen,97,0,1,True,ok,1,"import pandas as pd

def get_client_ids():
    # Join disp and account tables on account_id
    joined_df = pd.merge(disp, account, on='account_id')
    
    # Filter rows where type is 'Disponent' and date is not null
    filtered_df = joined_df[(joined_df['type'] == 'Disponent') & (joined_df['date'].notnull())]
    
    # Get unique client ids from the filtered dataframe
    client_ids = filtered_df['client_id'].unique()
    
    return client_ids"
qwen_before_uniform,before,uniform,qwen,97,1,1,True,ok,1,"import pandas as pd

def get_client_ids():
    # Merge the 'account' and 'disp' tables on 'account_id'
    merged_df = pd.merge(account, disp, on='account_id')
    
    # Filter rows where 'type' is 'Disponent'
    disponent_df = merged_df[merged_df['type'] == 'Disponent']
    
    # Select the unique 'client_id' from the filtered DataFrame
    client_ids = disponent_df['client_id'].unique()
    
    return client_ids"
qwen_before_uniform,before,uniform,qwen,97,2,1,True,ok,1,"import pandas as pd

def get_clients_with_statement_of_issuance_after_transaction():
    # Merge the 'disp' and 'account' tables on 'account_id'
    merged_df = pd.merge(disp, account, on='account_id')
    
    # Filter rows where 'type' is 'Disponent' and 'frequency' is greater than 0
    filtered_df = merged_df[(merged_df['type'] == 'Disponent') & (merged_df['frequency'] > 0)]
    
    # Get unique 'client_id's from the filtered DataFrame
    client_ids = filtered_df['client_id'].unique()
    
    return client_ids"
qwen_before_uniform,before,uniform,qwen,97,3,1,True,ok,0,"import pandas as pd

def get_clients_with_statement_of_issuance_after_transaction():
    # Assuming 'disp' DataFrame has columns ['client_id', 'account_id', 'type']
    # and 'account' DataFrame has columns ['account_id', 'date']
    
    # Filter clients with type 'Disponent'
    disponents = disp[disp['type'] == 'Disponent']['client_id'].unique()
    
    # Get transactions dates for these clients
    transactions_dates = account[account['account_id'].isin(disponents)]['date'].min()
    
    # Get clients who chose statement of issuance after the last transaction
    result = disp[(disp['client_id'].isin(disponents)) & (disp['date'] > transactions_dates)]['client_id'].unique()
    
    return result"
qwen_before_uniform,before,uniform,qwen,97,4,1,True,ok,1,"import pandas as pd

def get_client_ids_for_statement_of_issuance():
    # Merge the 'account' and 'disp' tables on 'account_id'
    merged_df = pd.merge(account, disp, on='account_id')
    
    # Filter rows where 'type' is 'Dispositif'
    filtered_df = merged_df[merged_df['type'] == 'Dispositif']
    
    # Get unique 'client_id's from the filtered DataFrame
    client_ids = filtered_df['client_id'].unique()
    
    return client_ids"
qwen_before_uniform,before,uniform,qwen,98,0,1,False,ok,1,"import pandas as pd

def find_lowest_amount_accounts():
    # Filter loans approved in 1997
    approved_loans = loan[loan['date'].str.contains(r'1997')]
    
    # Find accounts with the lowest approved amount
    min_amount_account = approved_loans.loc[approved_loans.groupby('account_id')['amount'].idxmin()]
    
    # Join with account table to get district_id and other details
    result = pd.merge(min_amount_account[['account_id', 'district_id']], account, on='account_id')
    
    return result"
qwen_before_uniform,before,uniform,qwen,98,1,1,False,ok,0,"import pandas as pd

def get_lowest_approved_amount_accounts():
    # Filter loans approved in 1997
    approved_1997 = loan[loan['date'].dt.year == 1997]
    
    # Find the minimum approved amount among these accounts
    min_amount = approved_1997['amount'].min()
    
    # Filter accounts with the minimum approved amount
    accounts_with_min_amount = approved_1997[approved_1997['amount'] == min_amount]['account_id']
    
    # Get the district IDs of these accounts
    district_ids = account.loc[accounts_with_min_amount, 'district_id']
    
    return district_ids"
qwen_before_uniform,before,uniform,qwen,98,2,1,False,ok,1,"import pandas as pd

def find_lowest_approved_amount_accounts():
    # Filter loans approved in 1997
    approved_loans_1997 = loan[loan['date'].dt.year == 1997]
    
    # Find the minimum approved amount among these loans
    min_amount = approved_loans_1997['amount'].min()
    
    # Get accounts with the minimum approved amount
    low_amount_accounts = approved_loans_1997[approved_loans_1997['amount'] == min_amount]['account_id']
    
    # Join with account table to get district_id and other details
    result = pd.merge(low_amount_accounts, account, on='account_id')
    
    return result[['account_id', 'district_id', 'frequency']]"
qwen_before_uniform,before,uniform,qwen,98,3,1,False,ok,1,"import pandas as pd

def find_lowest_amount_accounts():
    # Filter loans approved in 1997
    approved_loans = loan[loan['date'].str.contains('1997')]
    
    # Group by account_id and sum up the amounts to find total approved amount per account
    total_amount_per_account = approved_loans.groupby('account_id')['amount'].sum().reset_index()
    
    # Find the minimum total amount
    min_total_amount = total_amount_per_account['amount'].min()
    
    # Filter accounts with the minimum total amount
    lowest_amount_accounts = total_amount_per_account[total_amount_per_account['amount'] == min_total_amount]['account_id']
    
    # Join with the account DataFrame to get district_id and other details
    result = pd.merge(lowest_amount_accounts, account, on='account_id')
    
    return result[['account_id', 'district_id', 'frequency']]"
qwen_before_uniform,before,uniform,qwen,98,4,1,False,ok,1,"import pandas as pd

def get_lowest_amount_accounts():
    # Filter loans approved in 1997
    approved_loans = loan[loan['date'].dt.year == 1997]
    
    # Group by account_id and find the minimum amount
    min_amounts = approved_loans.groupby('account_id')['amount'].min().reset_index()
    
    # Merge with the original DataFrame to get all relevant columns
    result = pd.merge(min_amounts, approved_loans, on=['account_id', 'amount'], how='left')
    
    # Select the required columns
    result = result[['account_id', 'district_id', 'frequency', 'date', 'amount', 'duration', 'payments', 'status']]
    
    return result"
qwen_before_uniform,before,uniform,qwen,99,0,1,False,ok,1,"import pandas as pd

def get_high_approved_amount_accounts():
    # Filter loans with duration greater than 12 months
    valid_loans = loan[loan['duration'] > 12]
    
    # Merge with account data to get account details
    merged_data = pd.merge(valid_loans, account, on='account_id')
    
    # Filter accounts opened in 1993
    filtered_accounts = merged_data[(merged_data['date'].dt.year == 1993)]
    
    # Group by account_id and find the max approved amount
    result = filtered_accounts.groupby('account_id')['amount'].max().reset_index()
    
    return result"
qwen_before_uniform,before,uniform,qwen,99,1,1,False,ok,1,"import pandas as pd

def get_high_amount_accounts():
    # Filter loans with duration greater than 12 months
    valid_loans = loan[loan['duration'] > 12]
    
    # Join valid loans with account data to get account details
    joined_data = pd.merge(valid_loans, account, on='account_id')
    
    # Filter accounts opened in 1993
    filtered_accounts = joined_data[joined_data['date'].dt.year == 1993]
    
    # Group by account_id and sum up the approved amounts
    aggregated_data = filtered_accounts.groupby('account_id')['amount'].sum().reset_index()
    
    # Sort by the sum of amounts in descending order and select the top accounts
    high_amount_accounts = aggregated_data.sort_values(by='amount', ascending=False).head()
    
    return high_amount_accounts"
qwen_before_uniform,before,uniform,qwen,99,2,1,False,ok,1,"import pandas as pd

def get_high_amount_accounts():
    # Filter loans with validity more than 12 months
    valid_loans = loan[loan['date'] - loan['duration'] > '1993-01-01']
    
    # Filter accounts opened in 1993
    accounts_1993 = account[account['date'].dt.year == 1993]
    
    # Merge valid loans with accounts
    merged_df = pd.merge(valid_loans, accounts_1993, on='account_id')
    
    # Find the highest approved amount per account
    high_amount_accounts = merged_df.groupby('account_id')['amount'].max().reset_index()
    
    return high_amount_accounts"
qwen_before_uniform,before,uniform,qwen,99,3,1,False,ok,1,"import pandas as pd

def get_high_amount_accounts(loan_df, account_df):
    # Filter loans with duration greater than 12 months
    filtered_loans = loan_df[loan_df['duration'] > 12]
    
    # Merge with account data to get additional information
    merged_data = pd.merge(filtered_loans, account_df, on='account_id')
    
    # Filter accounts opened in 1993
    accounts_1993 = merged_data[merged_data['date'].dt.year == 1993]
    
    # Group by account_id and sum up the amounts
    aggregated_data = accounts_1993.groupby('account_id')['amount'].sum().reset_index()
    
    # Sort by amount in descending order and select the top 10 accounts
    result = aggregated_data.sort_values(by='amount', ascending=False).head(10)
    
    return result"
qwen_before_uniform,before,uniform,qwen,99,4,1,False,ok,1,"import pandas as pd

def get_highest_approved_amount_accounts():
    # Filter accounts with loan validity more than 12 months
    valid_accounts = loan[loan['duration'] > 12]
    
    # Join the loan and account dataframes on account_id
    joined_df = pd.merge(valid_accounts, account, on='account_id')
    
    # Filter accounts opened in 1993
    filtered_df = joined_df[joined_df['date'].dt.year == 1993]
    
    # Group by account_id and find the max approved amount
    result = filtered_df.groupby('account_id')['amount'].max().reset_index()
    
    return result"
qwen_before_uniform,before,uniform,qwen,100,0,1,False,ok,0,"import pandas as pd

def count_female_customers_before_1950_in_sokolow(df_client, df_district):
    # Filter clients based on gender, birth year, and district name
    filtered_clients = df_client[
        (df_client['gender'] == 'female') &
        (df_client['birth_date'].dt.year < 1950) &
        (df_client['district_id'].isin(df_district[df_district['A2'] == 'Sokolow']['district_id']))
    ]
    
    # Count the number of filtered clients
    return len(filtered_clients)"
qwen_before_uniform,before,uniform,qwen,100,1,1,False,ok,0,"def count_female_customers_born_before_1950_in_sokolow(df_client, df_district):
    # Filter clients born before 1950 and in Sokolow
    filtered_clients = df_client[(df_client['birth_date'].dt.year < 1950) & (df_client['district_id'] == 'Sokolow')]
    
    # Count female customers among the filtered clients
    female_count = filtered_clients[filtered_clients['gender'] == 'female'].shape[0]
    
    return female_count"
qwen_before_uniform,before,uniform,qwen,100,2,1,False,ok,0,"def count_female_customers_born_before_1950_in_sokolow(df_client, df_district):
    # Filter clients based on gender, birth year, and district name
    filtered_clients = df_client[(df_client['gender'] == 'female') & 
                                (df_client['birth_date'].dt.year < 1950) & 
                                (df_client['district_id'].isin(df_district[df_district['A2'] == 'Sokolow']['district_id']))]
    
    # Count the number of filtered clients
    result_count = len(filtered_clients)
    
    return result_count"
qwen_before_uniform,before,uniform,qwen,100,3,1,False,ok,0,"import pandas as pd

def count_female_customers_before_1950_in_sokolow():
    # Filter clients based on gender, birth year, and district
    filtered_clients = client[(client['gender'] == 'Female') & 
                            (client['birth_date'].dt.year < 1950) & 
                            (client['district_id'] == 'Sokolow')]
    
    # Count the number of unique female customers
    count = len(filtered_clients)
    
    return count"
qwen_before_uniform,before,uniform,qwen,100,4,1,False,ok,0,"import pandas as pd

def count_female_customers_born_before_1950_in_sokolow():
    # Filter clients based on the conditions
    filtered_clients = client[(client['gender'] == 'female') & (client['birth_date'].dt.year < 1950) & (client['district_id'] == 'Sokolow')]
    
    # Count the number of unique female clients meeting the criteria
    count = len(filtered_clients)
    
    return count"
qwen_before_uniform,before,uniform,qwen,101,0,0,False,ok,0,"import pandas as pd

def get_earliest_trading_accounts(trans_df):
    # Filter transactions from 1995
    trans_1995 = trans_df[trans_df['date'].dt.year == 1995]
    
    # Find the earliest trading date in 1995
    earliest_date = trans_1995['date'].min()
    
    # Get accounts with the earliest trading date
    earliest_trading_accounts = trans_1995[trans_1995['date'] == earliest_date]['account_id']
    
    return earliest_trading_accounts"
qwen_before_uniform,before,uniform,qwen,101,1,0,False,ok,0,"import pandas as pd

def get_earliest_trading_accounts(trans):
    # Filter transactions from 1995
    trans_1995 = trans[trans['date'].str.contains('1995')]
    
    # Find the earliest trading date in 1995
    earliest_date = trans_1995['date'].min()
    
    # Get the accounts with the earliest trading date in 1995
    earliest_accounts = trans_1995[trans_1995['date'] == earliest_date]['account_id']
    
    return earliest_accounts.unique()"
qwen_before_uniform,before,uniform,qwen,101,2,0,False,ok,0,"import pandas as pd

def get_earliest_trading_accounts(trans):
    # Filter transactions from the year 1995
    trans_1995 = trans[trans['date'].str.contains(r'1995')]
    
    # Find the earliest trading date in 1995
    earliest_date = trans_1995['date'].min()
    
    # Get accounts with the earliest trading date
    earliest_accounts = trans_1995[trans_1995['date'] == earliest_date]['account_id']
    
    return earliest_accounts"
qwen_before_uniform,before,uniform,qwen,101,3,0,False,ok,0,"import pandas as pd

def find_earliest_trading_accounts(trans):
    # Filter transactions from the year 1995
    trans_1995 = trans[trans['date'].str.contains('1995')]
    
    # Find the earliest trading date in 1995
    earliest_date = trans_1995['date'].min()
    
    # Get the accounts with the earliest trading date in 1995
    earliest_accounts = trans_1995[trans_1995['date'] == earliest_date]['account_id']
    
    return earliest_accounts.unique()"
qwen_before_uniform,before,uniform,qwen,101,4,0,False,ok,0,"import pandas as pd

def find_accounts_with_earliest_trading_date(trans):
    # Filter transactions from 1995
    filtered_trans = trans[trans['date'].str.contains(r'1995')]
    
    # Find the minimum trading date in 1995
    min_date = filtered_trans['date'].min()
    
    # Get the accounts with the earliest trading date in 1995
    accounts_with_min_date = filtered_trans[filtered_trans['date'] == min_date]['account_id']
    
    return accounts_with_min_date"
qwen_before_uniform,before,uniform,qwen,102,0,1,False,ok,0,"import pandas as pd

def get_accounts_with_conditions(trans_df, account_df):
    # Filter accounts opened before 1997
    filtered_account_df = account_df[account_df['date'] < '1997']
    
    # Get unique account IDs from the filtered DataFrame
    account_ids_before_1997 = filtered_account_df['account_id'].unique()
    
    # Filter transactions to only include those with account IDs in the list and amount > 3000
    condition_filtered_trans_df = trans_df[(trans_df['account_id'].isin(account_ids_before_1997)) & (trans_df['amount'] > 3000)]
    
    # Get unique account IDs from the conditionally filtered transactions
    result_account_ids = condition_filtered_trans_df['account_id'].unique()
    
    return result_account_ids"
qwen_before_uniform,before,uniform,qwen,102,1,1,False,ok,1,"import pandas as pd

def get_eligible_accounts(trans_df, account_df):
    # Filter transactions to include only those from accounts opened before 1997
    filtered_trans = trans_df[trans_df['date'] < '1997']
    
    # Join the filtered transactions with the account data to get account details
    merged_data = pd.merge(filtered_trans, account_df, on='account_id')
    
    # Filter the merged data to include only accounts with more than $3000
    eligible_accounts = merged_data[merged_data['balance'] > 3000]
    
    # Select distinct account IDs
    result = eligible_accounts[['account_id']].drop_duplicates()
    
    return result"
qwen_before_uniform,before,uniform,qwen,102,2,1,False,ok,0,"import pandas as pd

def filter_accounts(trans_df, account_df):
    # Filter accounts opened before 1997
    filtered_accounts = account_df[account_df['date'].dt.year < 1997]
    
    # Get unique account IDs from the filtered accounts
    valid_account_ids = filtered_accounts['account_id']
    
    # Filter transactions where the account ID is in the valid list and the amount is greater than 3000
    result = trans_df[(trans_df['account_id'].isin(valid_account_ids)) & (trans_df['amount'] > 3000)]
    
    return result"
qwen_before_uniform,before,uniform,qwen,102,3,1,False,ok,0,"import pandas as pd

def filter_accounts(trans_df, acc_df):
    # Filter accounts opened before 1997
    filtered_acc = acc_df[acc_df['date'] < '1997']
    
    # Get unique account IDs from the filtered accounts
    account_ids = filtered_acc['account_id'].unique()
    
    # Filter transactions for these account IDs where the amount is greater than 3000 USD
    result = trans_df[(trans_df['account_id'].isin(account_ids)) & (trans_df['amount'] > 3000)]
    
    return result"
qwen_before_uniform,before,uniform,qwen,102,4,1,False,ok,1,"import pandas as pd

def filter_accounts(trans_df, account_df):
    # Filter accounts opened before 1997
    filtered_accounts = account_df[account_df['date'] < '1998-01-01']
    
    # Join transactions and filtered accounts to get the required information
    merged_df = pd.merge(filtered_accounts, trans_df, left_on='account_id', right_on='account_id')
    
    # Filter accounts with a balance greater than 3000 USD
    result = merged_df[merged_df['balance'] > 3000]
    
    return result[['account_id']].drop_duplicates()"
qwen_before_uniform,before,uniform,qwen,103,0,2,True,ok,0,"import pandas as pd

def get_client_id_by_card_issue_date(df_client, df_disp, target_date):
    # Convert the date string to datetime format
    target_date = pd.to_datetime(target_date)
    
    # Filter the disp DataFrame to find the client who issued the card on the target date
    filtered_disp = df_disp[df_disp['disp_id'] == target_date]
    
    # Extract the client_id from the filtered DataFrame
    client_id = filtered_disp['client_id'].values[0] if not filtered_disp.empty else None
    
    return client_id"
qwen_before_uniform,before,uniform,qwen,103,1,2,True,ok,0,"import pandas as pd

def find_client_id_by_card_issue_date(clients_df, disps_df, issue_date):
    # Convert the issue date to datetime format
    disps_df['issue_date'] = pd.to_datetime(disps_df['issue_date'], format='%Y/%m/%d')
    
    # Filter the DataFrame to get the client ID of the person who issued the card on the given date
    client_id = disps_df[disps_df['issue_date'] == issue_date]['client_id'].values
    
    return client_id"
qwen_before_uniform,before,uniform,qwen,103,2,2,True,ok,0,"import pandas as pd

def get_client_id_by_card_issue_date(clients_df, disps_df, issue_date):
    # Convert the issue date to datetime format
    disps_df['issue_date'] = pd.to_datetime(disps_df['issue_date'])
    
    # Filter the DataFrame to find the client who issued their card on the given date
    filtered_df = disps_df[(disps_df['issue_date'].dt.year == issue_date.year) &
                          (disps_df['issue_date'].dt.month == issue_date.month) &
                          (disps_df['issue_date'].dt.day == issue_date.day)]
    
    # Extract the client_id from the filtered DataFrame
    client_id = filtered_df['client_id'].values[0]
    
    return client_id"
qwen_before_uniform,before,uniform,qwen,103,3,2,True,ok,0,"import pandas as pd

def find_client_id_by_card_issue_date(card_issue_date):
    # Assuming 'disp' DataFrame has columns 'client_id', 'account_id', and 'type'
    # Assuming 'card_issue_date' is in 'YYYY-MM-DD' format
    filtered_df = disp[(disp['type'] == 'CARD') & (disp['account_id'].astype(str).str.contains(card_issue_date))]
    return filtered_df['client_id']"
qwen_before_uniform,before,uniform,qwen,103,4,2,True,ok,0,"def find_client_issued_card_on_specific_date(clients_df, disps_df):
    specific_date = '1994-03-03'
    filtered_disps = disps_df[disps_df['disp_id'].astype(str).str.contains(specific_date)]
    return filtered_disps['client_id']"
qwen_before_uniform,before,uniform,qwen,104,0,1,False,ok,0,"def find_account_open_date(account_id):
    # Filter transactions to find the specific one
    specific_transaction = trans[(trans['account_id'] == account_id) & 
                               (trans['amount'] == 840) & 
                               (trans['date'] == '1998-10-14')]
    
    if not specific_transaction.empty:
        # Find the minimum date from the account's transactions to determine when it was opened
        open_date = account[account['account_id'] == account_id]['date'].min()
        return open_date
    else:
        return None"
qwen_before_uniform,before,uniform,qwen,104,1,1,False,ok,1,"import pandas as pd

def find_account_open_date(transaction_amount, transaction_date):
    # Filter transactions for the given amount and date
    filtered_transactions = trans[(trans['amount'] == transaction_amount) & (trans['date'] == transaction_date)]
    
    # Get the unique account IDs from the filtered transactions
    account_ids = filtered_transactions['account_id'].unique()
    
    # Find the minimum date for each account ID to determine when it was opened
    account_open_dates = account[account['account_id'].isin(account_ids)][['account_id', 'date']]
    account_open_dates = account_open_dates.groupby('account_id').min().reset_index()
    
    # Merge the open dates with the filtered transactions to get the opening date for the specific transaction
    result = pd.merge(filtered_transactions, account_open_dates, on='account_id')
    
    return result[['account_id', 'date_x']].rename(columns={'date_x': 'open_date'})"
qwen_before_uniform,before,uniform,qwen,104,2,1,False,ok,0,"import pandas as pd

def find_account_open_date(transaction_amount, transaction_date):
    # Filter transactions to find the specific transaction
    specific_transaction = trans[(trans['amount'] == transaction_amount) & (trans['date'] == transaction_date)]
    
    # Get the account ID from the specific transaction
    account_id = specific_transaction['account_id'].values[0]
    
    # Find the opening date of the account
    account_open_date = account.loc[account['account_id'] == account_id, 'date'].min()
    
    return account_open_date

# Example usage
transaction_amount = 840
transaction_date = '1998-10-14'
open_date = find_account_open_date(transaction_amount, transaction_date)
print(f""The account was opened on: {open_date}"")"
qwen_before_uniform,before,uniform,qwen,104,3,1,False,ok,0,"import pandas as pd

def find_account_open_date(transaction_amount, transaction_date):
    filtered_transactions = trans[(trans['amount'] == transaction_amount) & (trans['date'] == transaction_date)]
    if not filtered_transactions.empty:
        account_ids = filtered_transactions['account_id'].unique()
        account_info = account[account['account_id'].isin(account_ids)][['account_id', 'date']]
        return account_info.drop_duplicates().sort_values(by='date').head(1)['date']
    else:
        return None"
qwen_before_uniform,before,uniform,qwen,104,4,1,False,ok,0,"def find_account_open_date(account_df, trans_df, account_id, amount, date):
    filtered_trans = trans_df[(trans_df['account_id'] == account_id) & 
                             (trans_df['amount'] == amount) & 
                             (trans_df['date'] == date)]
    if not filtered_trans.empty:
        return account_df.loc[account_df['account_id'] == account_id, 'date'].values[0]
    else:
        return None"
qwen_before_uniform,before,uniform,qwen,105,0,1,False,ok,0,"import pandas as pd

def get_district_id_for_loan_approved_on_date(loan_df, account_df, target_date):
    # Filter the loan DataFrame to find the loan approved on the target date
    approved_loan = loan_df[(loan_df['date'] == target_date) & (loan_df['status'] == 'approved')]
    
    # Get the account_id from the filtered loan DataFrame
    account_id = approved_loan['account_id'].values[0]
    
    # Use the account_id to filter the account DataFrame and get the district_id
    district_id = account_df.loc[account_df['account_id'] == account_id, 'district_id'].values[0]
    
    return district_id

# Example usage:
# district_id = get_district_id_for_loan_approved_on_date(loan, account, '1994-08-25')
# print(district_id)"
qwen_before_uniform,before,uniform,qwen,105,1,1,False,ok,0,"import pandas as pd

def get_loan_account_opened_district(loan_date):
    # Filter the loan DataFrame to find the loan with the given date and status 'approved'
    loan_info = loan[loan['date'] == loan_date & loan['status'] == 'approved']
    
    if not loan_info.empty:
        # Get the account_id from the filtered loan information
        account_id = loan_info.iloc[0]['account_id']
        
        # Filter the account DataFrame to find the district_id associated with the account_id
        account_info = account[account['account_id'] == account_id]
        
        if not account_info.empty:
            # Return the district_id
            return account_info.iloc[0]['district_id']
        else:
            return None
    else:
        return None"
qwen_before_uniform,before,uniform,qwen,105,2,1,False,ok,0,"import pandas as pd

def get_district_id_for_loan_approval(loan_date):
    # Assuming 'loan' and 'account' DataFrames are already loaded
    filtered_account = account[account['date'] == loan_date]
    if not filtered_account.empty:
        return filtered_account.iloc[0]['district_id']
    else:
        return None

# Example usage
loan_date = '1994-08-25'
district_id = get_district_id_for_loan_approval(loan_date)
print(district_id)"
qwen_before_uniform,before,uniform,qwen,105,3,1,False,ok,1,"def get_district_id_for_loan_approval(account_df, loan_df, approval_date='1994-08-25'):
    # Merge the account and loan dataframes on account_id
    merged_df = pd.merge(account_df, loan_df, on='account_id')
    
    # Filter the merged dataframe to find the row where the loan was approved on the specified date
    filtered_row = merged_df[(merged_df['date_x'] == approval_date) & (merged_df['status'] == 'approved')]
    
    # Return the district_id from the filtered row
    return filtered_row.iloc[0]['district_id']"
qwen_before_uniform,before,uniform,qwen,105,4,1,False,ok,0,"def get_district_id_for_loan_approval(loan_date):
    # Filter the loan DataFrame to find the loan with the specified approval date
    approved_loan = loan[(loan['date'] == loan_date) & (loan['status'] == 'approved')]
    
    if not approved_loan.empty:
        # Get the account_id of the approved loan
        account_id = approved_loan.iloc[0]['account_id']
        
        # Filter the account DataFrame to find the district_id associated with the account_id
        district_info = account[account['account_id'] == account_id]
        
        if not district_info.empty:
            return district_info.iloc[0]['district_id']
    
    return None"
qwen_before_uniform,before,uniform,qwen,106,0,3,True,ok,2,"import pandas as pd

def max_transaction_amount(card_df, disp_df):
    # Filter cards issued in 1996/10/21
    filtered_cards = card_df[card_df['issued'] == '1996-10-21']
    
    # Join the filtered cards with the disp DataFrame to get the client_id and account_id
    joined_data = pd.merge(filtered_cards, disp_df, on='disp_id')
    
    # Assuming there is a transactions table or a way to get transaction amounts
    # For demonstration, let's assume we have a transactions DataFrame with columns ['account_id', 'amount']
    transactions = pd.DataFrame({
        'account_id': [101, 102, 103, 104],
        'amount': [500, 200, 750, 300]
    })
    
    # Merge the joined data with the transactions DataFrame to get the transaction amounts
    result = pd.merge(joined_data, transactions, on='account_id')
    
    # Calculate the maximum transaction amount for each client
    max_transactions = result.groupby('client_id')['amount'].max().reset_index()
    
    return max_transactions"
qwen_before_uniform,before,uniform,qwen,106,1,3,True,ok,1,"import pandas as pd

def max_transaction_amount(card_df, disp_df):
    # Filter cards issued in 1996/10/21
    filtered_cards = card_df[card_df['issued'] == '1996/10/21']
    
    # Join the filtered cards with the disp DataFrame to get client information
    joined_data = pd.merge(filtered_cards, disp_df, left_on='disp_id', right_on='disp_id')
    
    # Group by client and calculate the sum of transactions for each client
    transaction_sums = joined_data.groupby('client_id')['account_id'].sum()
    
    # Return the maximum transaction amount
    return transaction_sums.max()"
qwen_before_uniform,before,uniform,qwen,106,2,3,True,ok,1,"import pandas as pd

def max_transaction_amount(client_cards):
    # Join the card and disp tables on disp_id to get client information for each card
    joined_data = pd.merge(client_cards, disp, on='disp_id')
    
    # Filter the data to include only cards issued in 1996/10/21
    filtered_data = joined_data[joined_data['issued'] == '1996-10-21']
    
    # Group the data by client_id and find the maximum transaction amount for each client
    max_transactions = filtered_data.groupby('client_id')['amount'].max()
    
    return max_transactions.max()  # Return the maximum of these maximums"
qwen_before_uniform,before,uniform,qwen,106,3,3,True,ok,1,"import pandas as pd

def biggest_transaction_amount(card_df, disp_df):
    # Merge card and disp dataframes on disp_id to get client_id
    merged_df = pd.merge(card_df, disp_df, on='disp_id')
    
    # Filter the rows where card was opened in 1996/10/21
    filtered_df = merged_df[merged_df['issued'] == '1996-10-21']
    
    # Group by client_id and sum the amounts to get total transactions per client
    aggregated_df = filtered_df.groupby('client_id')['amount'].sum().reset_index()
    
    # Find the maximum transaction amount
    max_transaction_amount = aggregated_df['amount'].max()
    
    return max_transaction_amount"
qwen_before_uniform,before,uniform,qwen,106,4,3,True,ok,1,"import pandas as pd

def max_transaction_amount(card_df, disp_df):
    # Merge card and disp dataframes on disp_id
    merged_df = pd.merge(card_df, disp_df, on='disp_id')
    
    # Filter rows where card was opened in 1996/10/21
    filtered_df = merged_df[merged_df['issued'] == '1996-10-21']
    
    # Calculate the maximum transaction amount
    max_amount = filtered_df['amount'].max()
    
    return max_amount"
qwen_before_uniform,before,uniform,qwen,107,0,1,False,ok,1,"import pandas as pd

def get_oldest_client_gender():
    # Calculate the average salary per district
    avg_salary_per_district = district.groupby('district_id')['A1'].mean().reset_index()
    
    # Merge the average salary with the client data to find clients in the highest average salary branch
    clients_in_high_avg_branch = client.merge(avg_salary_per_district, on='district_id')
    clients_in_high_avg_branch['salary_rank'] = clients_in_high_avg_branch['A1'].rank(method='dense', ascending=False)
    
    # Find the client with the highest rank (oldest) in the highest average salary branch
    oldest_client = clients_in_high_avg_branch[clients_in_high_avg_branch['salary_rank'] == 1]
    
    # Return the gender of the oldest client
    return oldest_client['gender'].iloc[0]

# Example usage
print(get_oldest_client_gender())"
qwen_before_uniform,before,uniform,qwen,107,1,1,False,ok,0,"import pandas as pd

def get_oldest_client_gender():
    # Calculate the average salary per branch (district)
    avg_salary_per_branch = district.groupby('A1').mean()['A1']
    
    # Find the branch with the highest average salary
    highest_avg_salary_branch = avg_salary_per_branch.idxmax()
    
    # Filter clients from the branch with the highest average salary
    clients_in_highest_avg_salary_branch = client[client['district_id'] == highest_avg_salary_branch]
    
    # Sort clients by birth date and select the oldest one
    oldest_client = clients_in_highest_avg_salary_branch.sort_values(by='birth_date').iloc[0]
    
    # Return the gender of the oldest client
    return oldest_client['gender']

# Call the function and print the result
print(get_oldest_client_gender())"
qwen_before_uniform,before,uniform,qwen,107,2,1,False,ok,1,"import pandas as pd

def get_oldest_client_gender(df_client, df_district):
    # Calculate the average salary per district
    avg_salary_per_district = df_district.groupby('district_id')['A1'].mean().reset_index()
    
    # Merge the average salary with the client data to find clients in the highest average salary branch
    df_merged = pd.merge(df_client, avg_salary_per_district, on='district_id')
    highest_avg_salary_branch = df_merged['A1'].max()
    df_clients_in_highest_branch = df_merged[df_merged['A1'] == highest_avg_salary_branch]
    
    # Find the oldest client in the highest average salary branch
    oldest_client = df_clients_in_highest_branch.sort_values(by='birth_date').iloc[0]
    
    return oldest_client['gender']"
qwen_before_uniform,before,uniform,qwen,107,3,1,False,ok,1,"import pandas as pd

def get_oldest_client_gender_in_highest_salary_branch(district_df, client_df):
    # Calculate the average salary per branch (district)
    avg_salary_per_branch = district_df.groupby('district_id')['A1'].mean().reset_index()
    
    # Merge the average salary per branch with the client data to find clients in high-salary branches
    high_salary_clients = client_df.merge(avg_salary_per_branch, on='district_id')
    
    # Find the maximum average salary
    max_avg_salary = high_salary_clients['A1'].max()
    
    # Filter clients in the highest average salary branch
    highest_salary_clients = high_salary_clients[high_salary_clients['A1'] == max_avg_salary]
    
    # Find the oldest client among those in the highest average salary branch
    oldest_client = highest_salary_clients.sort_values(by='birth_date').head(1)
    
    # Return the gender of the oldest client
    return oldest_client['gender'].values[0]"
qwen_before_uniform,before,uniform,qwen,107,4,1,False,ok,0,"import pandas as pd

def get_oldest_client_gender_in_highest_salary_branch():
    # Calculate the average salary per branch
    avg_salary_per_branch = district.groupby('district_id')['A1'].mean()
    
    # Find the district with the highest average salary
    highest_avg_salary_district = avg_salary_per_branch.idxmax()
    
    # Filter clients from the district with the highest average salary
    clients_in_highest_salary_branch = client[client['district_id'] == highest_avg_salary_district]
    
    # Sort clients by birth date to find the oldest one
    oldest_client = clients_in_highest_salary_branch.sort_values(by='birth_date').iloc[-1]
    
    return oldest_client['gender']"
qwen_before_uniform,before,uniform,qwen,108,0,2,False,ok,0,"import pandas as pd

def get_first_transaction_amount_after_account_opening(loan_df, account_df):
    # Find the account_id with the largest loan amount
    max_loan_account = loan_df.loc[loan_df['amount'].idxmax(), 'account_id']
    
    # Filter the account DataFrame to only include the account with the maximum loan amount
    filtered_account_df = account_df[account_df['account_id'] == max_loan_account]
    
    # Get the earliest date the account was opened
    earliest_open_date = filtered_account_df['date'].min()
    
    # Filter the loan DataFrame to only include transactions after the account was opened
    filtered_loan_df = loan_df[(loan_df['account_id'] == max_loan_account) & (loan_df['date'] > earliest_open_date)]
    
    # Get the smallest loan amount after the account was opened
    first_transaction_amount = filtered_loan_df['amount'].min()
    
    return first_transaction_amount"
qwen_before_uniform,before,uniform,qwen,108,1,2,False,ok,1,"import pandas as pd

def get_first_transaction_amount_after_opening(account_df, loan_df):
    # Merge the two dataframes on 'account_id' to link accounts with their loans
    merged_df = pd.merge(account_df, loan_df, on='account_id', how='left')
    
    # Sort the merged dataframe by 'date' to ensure chronological order
    sorted_df = merged_df.sort_values(by=['date_x', 'date_y'])
    
    # Filter out rows where the loan status is not 'completed'
    filtered_df = sorted_df[filtered_df['status'].fillna('') == 'completed']
    
    # Group by 'account_id' and find the minimum 'amount' which corresponds to the first transaction after opening
    result = filtered_df.groupby('account_id').agg({'amount': 'min'}).reset_index()
    
    return result"
qwen_before_uniform,before,uniform,qwen,108,2,2,False,ok,1,"import pandas as pd

def get_first_transaction_amount_after_opening(account_df, loan_df):
    # Merge the dataframes on 'account_id' to link accounts with their loans
    merged_df = pd.merge(account_df, loan_df, on='account_id')
    
    # Sort the merged dataframe by 'date' to ensure chronological order
    sorted_df = merged_df.sort_values(by='date')
    
    # Find the maximum loan amount and filter the dataframe
    max_loan_amount = sorted_df['amount'].max()
    filtered_df = sorted_df[sorted_df['amount'] == max_loan_amount]
    
    # Get the earliest date among the filtered records
    earliest_date = filtered_df['date'].min()
    
    # Filter the dataframe again to get the first transaction after opening the account
    first_transaction_df = filtered_df[filtered_df['date'] > earliest_date]
    
    # Return the first transaction amount
    return first_transaction_df['amount'].iloc[0]

# Assuming the tables are already loaded into pandas DataFrames named `account_df` and `loan_df`
first_transaction_amount = get_first_transaction_amount_after_opening(account_df, loan_df)
print(first_transaction_amount)"
qwen_before_uniform,before,uniform,qwen,108,3,2,False,ok,1,"def get_first_transaction_amount_after_account_opening(loan_df, account_df):
    # Merge the loan and account dataframes on account_id
    merged_df = pd.merge(loan_df, account_df, on='account_id')
    
    # Sort the merged dataframe by date
    sorted_df = merged_df.sort_values(by=['date_x', 'date_y'])
    
    # Find the index of the row with the largest loan amount
    max_loan_index = sorted_df['amount'].idxmax()
    
    # Get the date when the account was opened for the client with the largest loan
    account_open_date = sorted_df.at[max_loan_index, 'date_y']
    
    # Filter the dataframe to only include transactions after the account was opened
    filtered_df = sorted_df[(sorted_df['date_x'] > account_open_date) & (sorted_df['date_x'] == sorted_df['date_x'])]
    
    # Return the first transaction amount after the account was opened
    return filtered_df.iloc[0]['amount']"
qwen_before_uniform,before,uniform,qwen,108,4,2,False,ok,1,"def first_transaction_amount_after_opening(loan_df, account_df):
    # Merge the loan and account dataframes on account_id
    merged_df = pd.merge(loan_df, account_df, on='account_id')
    
    # Sort the merged dataframe by date to find the first transaction after opening the account
    sorted_df = merged_df.sort_values(by=['date_x', 'date_y'])
    
    # Find the first transaction amount after opening the account
    first_transaction_amount = sorted_df['amount'].iloc[0]
    
    return first_transaction_amount"
qwen_before_uniform,before,uniform,qwen,109,0,1,False,ok,0,"def count_women_clients_jesenik(loan_data):
    jesenik_clients = loan_data[loan_data['district_id'] == 'Jesenik']
    women_in_jesenik = jesenik_clients[jesenik_clients['gender'] == 'Female']
    return len(women_in_jesenik)"
qwen_before_uniform,before,uniform,qwen,109,1,1,False,ok,0,"import pandas as pd

def count_women_clients_in_jesenik(df_client, df_district):
    jesenik_condition = (df_client['district_id'] == 'Jesenik')
    female_condition = (df_client['gender'] == 'Female')
    filtered_df = df_client[jesenik_condition & female_condition]
    return len(filtered_df)"
qwen_before_uniform,before,uniform,qwen,109,2,1,False,ok,0,"def count_women_clients_in_jesenik(df_client, df_district):
    jesenik_mask = df_client['district_id'] == 'Jesenik'
    female_mask = df_client['gender'] == 'Female'
    return (df_client[jesenik_mask & female_mask]['client_id']).count()"
qwen_before_uniform,before,uniform,qwen,109,3,1,False,ok,0,"def count_women_clients_in_jesenik(df_client, df_district):
    jesenik_districts = ['A2', 'A3', 'A4']  # Assuming these districts correspond to Jesenik branch
    female_clients = df_client[(df_client['gender'] == 'Female') & (df_client['district_id'].isin(jesenik_districts))]
    return len(female_clients)"
qwen_before_uniform,before,uniform,qwen,109,4,1,False,ok,0,"def count_women_clients_in_jesenik_branch(clients, districts):
    jesenik_districts = ['A2', 'A3', 'A4', 'A5', 'A6', 'A7', 'A8', 'A9', 'A10', 'A11', 'A12', 'A13', 'A14', 'A15', 'A16']
    jesenik_clients = clients[clients['district_id'].isin(jesenik_districts)]
    female_clients = jesenik_clients[jesenik_clients['gender'] == 'female']
    return len(female_clients)"
qwen_before_uniform,before,uniform,qwen,110,0,2,True,ok,0,"def get_disp_id_for_transaction(client_id, amount, year, month, day):
    # Filter the transactions based on the given criteria
    filtered_transactions = disp[(disp['client_id'] == client_id) & 
                                (disp['type'] == amount) & 
                                (disp['date'].dt.year == year) & 
                                (disp['date'].dt.month == month) & 
                                (disp['date'].dt.day == day)]
    
    # Return the disposition id if any matching transaction is found
    return filtered_transactions['disp_id'].values[0] if not filtered_transactions.empty else None"
qwen_before_uniform,before,uniform,qwen,110,1,2,True,ok,1,"import pandas as pd

def get_disp_id_for_transaction(df_disp, df_account, target_amount, target_date):
    # Filter the account DataFrame to find transactions matching the amount and date
    filtered_accounts = df_account[(df_account['date'] == target_date) & (df_account['frequency'] == target_amount)]
    
    # Merge the filtered accounts with the disp DataFrame to get the corresponding disp_id
    result = pd.merge(filtered_accounts, df_disp, left_on='account_id', right_on='account_id')
    
    # Return the disp_id if any matches are found, otherwise return None
    if not result.empty:
        return result.iloc[0]['disp_id']
    else:
        return None

# Example usage:
# disp_id = get_disp_id_for_transaction(df_disp, df_account, 5100, '1998/9/2')
# print(disp_id)"
qwen_before_uniform,before,uniform,qwen,110,2,2,True,ok,0,"import pandas as pd

def find_disp_id(client_id):
    # Filter the 'disp' table to find the account_id where the transaction amount is 5100 and the date is '1998/9/2'
    filtered_disp = disp[(disp['client_id'] == client_id) & (disp['type'] == '5100') & (disp['date'] == '1998/9/2')]
    
    # Get the unique account_id from the filtered data
    account_id = filtered_disp['account_id'].unique()
    
    # If there is exactly one account_id, return its corresponding disp_id; otherwise, return None
    if len(account_id) == 1:
        return disp[disp['account_id'] == account_id[0]]['disp_id'].values[0]
    else:
        return None"
qwen_before_uniform,before,uniform,qwen,110,3,2,True,ok,0,"def get_disposition_id(client_id, transaction_amount, year):
    filtered_disp = disp[(disp['client_id'] == client_id) & (disp['type'].str.contains(f'USD {transaction_amount}'))]
    filtered_account = account[(account['district_id'] == filtered_disp['district_id']) & (account['date'].dt.year == year)]
    return filtered_disp.iloc[0]['disp_id']"
qwen_before_uniform,before,uniform,qwen,110,4,2,True,ok,0,"def get_disp_id_for_transaction(client_id, amount, year, month, day):
    # Filter the transactions based on the given criteria
    filtered_transactions = disp[(disp['client_id'] == client_id) & 
                                (disp['type'].str.contains(f'{amount} USD')) & 
                                (disp['date'].dt.year == year) & 
                                (disp['date'].dt.month == month) & 
                                (disp['date'].dt.day == day)]
    
    # Get the disposition ids for the filtered transactions
    disp_ids = filtered_transactions['disp_id']
    
    return disp_ids"
qwen_before_uniform,before,uniform,qwen,111,0,1,False,ok,0,"import pandas as pd

def count_accounts_opened_in_litomerice_1996(district_df, account_df):
    litomerice_mask = district_df['A2'] == 'Litomerice'
    year_mask = (account_df['date'].dt.year == 1996) & (account_df['date'].dt.month == 1)
    filtered_accounts = account_df[account_df['district_id'].isin(district_df[litomerice_mask]['district_id'])]
    result = filtered_accounts[year_mask].shape[0]
    return result"
qwen_before_uniform,before,uniform,qwen,111,1,1,False,ok,0,"def count_accounts_opened_in_litomerice_1996(account_df, district_df):
    litomerice_district = district_df[district_df['A2'] == 'Litomerice'].iloc[0]['district_id']
    filtered_accounts = account_df[(account_df['date'].dt.year == 1996) & (account_df['district_id'] == litomerice_district)]
    return len(filtered_accounts)"
qwen_before_uniform,before,uniform,qwen,111,2,1,False,ok,0,"def count_accounts_opened_in_litomerice_1996(account_df):
    litomerice_district = account_df[account_df['A2'] == 'Litomerice']
    accounts_1996 = litomerice_district[litomerice_district['date'].dt.year == 1996]
    return accounts_1996.shape[0]"
qwen_before_uniform,before,uniform,qwen,111,3,1,False,ok,0,"def count_accounts_opened_in_litomerice_1996(account_df):
    litomerice_mask = (account_df['district_id'] == 'Litomerice') & (account_df['date'].dt.year == 1996)
    return account_df[litomerice_mask].shape[0]"
qwen_before_uniform,before,uniform,qwen,111,4,1,False,ok,0,"import pandas as pd

def count_accounts_opened_in_litomerice_1996(district_df, account_df):
    litomerice_district = district_df[district_df['A2'] == 'Litomerice'].iloc[0]['district_id']
    accounts_opened_in_litomerice_1996 = account_df[(account_df['date'].dt.year == 1996) & (account_df['district_id'] == litomerice_district)].shape[0]
    return accounts_opened_in_litomerice_1996"
qwen_before_uniform,before,uniform,qwen,112,0,1,False,ok,0,"import pandas as pd

def find_client_district(female_birth_date):
    # Filter the client DataFrame to get the female client with the specified birth date
    female_client = client[(client['gender'] == 'Female') & (client['birth_date'] == female_birth_date)]
    
    # Get the district_id of the female client
    district_id = female_client['district_id'].values[0]
    
    # Get the district information from the district DataFrame
    district_info = district.loc[district_id]
    
    return district_info"
qwen_before_uniform,before,uniform,qwen,112,1,1,False,ok,0,"def get_district_of_female_client(birth_date):
    # Filter the client DataFrame to find the female client with the given birth date
    female_client = client[(client['gender'] == 'female') & (client['birth_date'] == birth_date)]
    
    # Check if the client exists and retrieve the district_id
    if not female_client.empty:
        district_id = female_client.iloc[0]['district_id']
        
        # Retrieve the district information from the district DataFrame
        district_info = district[district['district_id'] == district_id]
        
        # Return the district name or any other relevant information
        return district_info.iloc[0]['A2']  # Assuming 'A2' contains the district name
    else:
        return None

# Example usage
birth_date = '1976-01-29'
district_name = get_district_of_female_client(birth_date)
print(f""The district where the female client opened her account is: {district_name}"")"
qwen_before_uniform,before,uniform,qwen,112,2,1,False,ok,0,"def find_district_for_client(client_df, district_df):
    # Filter the client DataFrame to get the row for the specific client
    client_info = client_df[(client_df['gender'] == 'female') & 
                           (client_df['birth_date'] == '1976-01-29')]
    
    # Get the district_id from the filtered client information
    district_id = client_info['district_id'].values[0]
    
    # Filter the district DataFrame to get the row corresponding to the district_id
    district_info = district_df[district_df['district_id'] == district_id]
    
    # Extract the required columns from the district information
    result = district_info[['A2', 'A3', 'A4', 'A5', 'A6', 'A7', 'A8', 'A9', 'A10', 'A11', 'A12', 'A13', 'A14', 'A15', 'A16']]
    
    return result

# Assuming client_df and district_df are already defined as per the database schema
result = find_district_for_client(client_df, district_df)
print(result)"
qwen_before_uniform,before,uniform,qwen,112,3,1,False,ok,0,"import pandas as pd

def get_district_for_client(df_client, df_district, gender='female', year=1976, month=1, day=29):
    # Filter the client DataFrame to find the specific client
    client_filtered = df_client[(df_client['gender'] == gender) & 
                               (df_client['birth_date'].dt.year == year) & 
                               (df_client['birth_date'].dt.month == month) & 
                               (df_client['birth_date'].dt.day == day)]
    
    if client_filtered.empty:
        return None
    
    # Get the district_id of the filtered client
    district_id = client_filtered['district_id'].values[0]
    
    # Use the district_id to filter the district DataFrame
    district_info = df_district[df_district['district_id'] == district_id]
    
    if district_info.empty:
        return None
    
    # Return the required columns from the district information
    return district_info[['A2', 'A3', 'A4', 'A5', 'A6', 'A7', 'A8', 'A9', 'A10', 'A11', 'A12', 'A13', 'A14', 'A15', 'A16']]"
qwen_before_uniform,before,uniform,qwen,112,4,1,False,ok,0,"def get_district_for_client(client_df, district_df, client_id):
    client_info = client_df[client_df['client_id'] == client_id]
    if not client_info.empty and client_info['gender'].values[0] == 'female' and client_info['birth_date'].values[0] == '1976-01-29':
        district_id = client_info['district_id'].values[0]
        return district_df[district_df['district_id'] == district_id]['A2'].values[0]
    else:
        return None"
qwen_before_uniform,before,uniform,qwen,113,0,3,True,ok,0,"import pandas as pd

def get_birthday(loan_data, account_data):
    # Filter the loan data to find the specific loan application
    specific_loan = loan_data[(loan_data['amount'] == 98832) & (loan_data['date'].dt.year == 1996)]
    
    # Get the account_id from the specific loan application
    account_id = specific_loan['account_id'].values[0]
    
    # Filter the account data to find the account information for the specific account_id
    account_info = account_data[account_data['account_id'] == account_id]
    
    # Extract the date of birth from the account information
    date_of_birth = account_info['date'].values[0]
    
    return date_of_birth"
qwen_before_uniform,before,uniform,qwen,113,1,3,True,ok,0,"def find_birthday(account_id):
    # Find the loan application record
    loan_record = loan[(loan['account_id'] == account_id) & (loan['amount'] == 98832) & (loan['date'].dt.year == 1996)]
    
    if not loan_record.empty:
        # Get the district_id from the loan record
        district_id = loan_record['district_id'].values[0]
        
        # Filter the account records to find the one matching the district_id
        account_record = account[(account['district_id'] == district_id)]
        
        if not account_record.empty:
            # Return the date of birth (birthday)
            return account_record['date'].values[0]
    
    return None"
qwen_before_uniform,before,uniform,qwen,113,2,3,True,ok,0,"def find_birthday(account_id):
    # Filter the account DataFrame to get the row for the given account_id
    account_row = account[account['account_id'] == account_id]
    
    # Extract the district_id from the filtered row
    district_id = account_row['district_id'].values[0]
    
    # Assuming there is a separate table or method to get the birthday based on district_id
    # Replace the following line with actual code to fetch the birthday
    birthday = get_birthday_from_district(district_id)  # This is a placeholder function
    
    return birthday

# Example usage
birthday = find_birthday(12345)  # Replace 12345 with the actual account_id
print(f""The birthday of the client is {birthday}"")"
qwen_before_uniform,before,uniform,qwen,113,3,3,True,ok,0,"def find_birthday(account_id):
    # Filter the account DataFrame to get the row corresponding to the given account_id
    account_info = account[account['account_id'] == account_id]
    
    # Extract the district_id from the filtered account information
    district_id = account_info['district_id'].values[0]
    
    # Assuming there is a way to map district_id to birthday (this is hypothetical)
    # Replace the following line with actual logic to get the birthday based on district_id
    birthday = get_birthday_from_district(district_id)  # This function needs to be implemented
    
    return birthday

# Example usage
birthday = find_birthday(12345)
print(f""The birthday of the client who applied for the loan is: {birthday}"")"
qwen_before_uniform,before,uniform,qwen,113,4,3,True,ok,1,"import pandas as pd

def find_birthday(account_id):
    # Merge loan and account dataframes on account_id
    merged_df = pd.merge(loan, account, on='account_id')
    
    # Filter the row where loan_id is '98832' and date is '1996/1/3'
    filtered_row = merged_df[(merged_df['loan_id'] == '98832') & (merged_df['date_x'].dt.strftime('%Y-%m-%d') == '1996-01-03')]
    
    # Extract the birthdate from the filtered row
    birthdate = filtered_row['date_y']
    
    return birthdate"
qwen_before_uniform,before,uniform,qwen,114,0,1,False,ok,0,"import pandas as pd

def get_first_client_account_id(prague_data):
    prague_accounts = prague_data[prague_data['district_id'] == 'Prague']
    first_client_account_id = prague_accounts.sort_values(by='date').head(1)['account_id'].values[0]
    return first_client_account_id"
qwen_before_uniform,before,uniform,qwen,114,1,1,False,ok,0,"import pandas as pd

def get_account_id_for_first_client(prague_district_id):
    prague_accounts = account[account['district_id'] == prague_district_id]
    first_client_account = prague_accounts.sort_values(by='date').iloc[0]['account_id']
    return first_client_account"
qwen_before_uniform,before,uniform,qwen,114,2,1,False,ok,0,"import pandas as pd

def get_account_id_for_first_client_in_prague(account_df, district_df):
    prague_districts = district_df[district_df['A1'] == 'Prague']['district_id'].values
    first_opened_account = account_df[account_df['district_id'].isin(prague_districts)].sort_values(by='date').head(1)
    return first_opened_account['account_id'].values[0]"
qwen_before_uniform,before,uniform,qwen,114,3,1,False,ok,0,"import pandas as pd

def get_first_account_id_in_prague(account_df, district_df):
    prague_districts = district_df[district_df['A2'] == 'Prague']['district_id'].values
    first_account_in_prague = account_df[account_df['district_id'].isin(prague_districts)].sort_values(by='date').head(1)
    return first_account_in_prague['account_id'].iloc[0]"
qwen_before_uniform,before,uniform,qwen,114,4,1,False,ok,0,"def get_first_account_id_in_prague(account_df, district_df):
    prague_district = district_df[district_df['A1'] == 'Prague']
    prague_accounts = account_df[account_df['district_id'].isin(prague_district['district_id'])]
    first_account_id = prague_accounts.sort_values(by='date').iloc[0]['account_id']
    return first_account_id"
qwen_before_uniform,before,uniform,qwen,115,0,1,False,ok,1,"import pandas as pd

def calculate_male_percentage_in_south_bohemia():
    # Filter the districts in south Bohemia (assuming A2 indicates south Bohemia)
    south_bohemia_districts = district[district['A2'] == 'south']
    
    # Get the total number of inhabitants in these districts
    total_population = south_bohemia_districts[['A3', 'A4', 'A5', 'A6', 'A7', 'A8', 'A9', 'A10', 'A11', 'A12', 'A13', 'A14', 'A15', 'A16']].sum().sum()
    
    # Merge the client data with the filtered district data to get the district information for each client
    client_with_district = client.merge(south_bohemia_districts, on='district_id')
    
    # Count the number of male clients in south Bohemia
    male_clients = client_with_district[client_with_district['gender'] == 'male'].shape[0]
    
    # Calculate the percentage of male clients
    male_percentage = (male_clients / total_population) * 100
    
    return male_percentage"
qwen_before_uniform,before,uniform,qwen,115,1,1,False,ok,0,"import pandas as pd

def calculate_male_percentage():
    # Filter clients from South Bohemia (assuming A13 indicates South Bohemia)
    south_bohemia_clients = client[client['A13'] == 1]
    
    # Calculate total number of clients in South Bohemia
    total_clients = len(south_bohemia_clients)
    
    # Calculate number of male clients in South Bohemia
    male_clients = south_bohemia_clients[south_bohemia_clients['gender'] == 'Male'].shape[0]
    
    # Calculate the percentage of male clients
    male_percentage = (male_clients / total_clients) * 100
    
    return male_percentage"
qwen_before_uniform,before,uniform,qwen,115,2,1,False,ok,1,"import pandas as pd

def calculate_male_percentage():
    # Assuming 'client' and 'district' DataFrames are already loaded
    # Merge client and district DataFrames on district_id
    merged_df = pd.merge(client, district, on='district_id')
    
    # Filter rows where A2 (indicating southern Bohemia) is 1
    south_bohemia_df = merged_df[merged_df['A2'] == 1]
    
    # Calculate total number of male clients in southern Bohemia
    total_males = south_bohemia_df[south_bohemia_df['gender'] == 'male']['client_id'].count()
    
    # Calculate total number of clients in southern Bohemia
    total_clients = south_bohemia_df['client_id'].count()
    
    # Calculate the percentage of male clients
    male_percentage = (total_males / total_clients) * 100
    
    return male_percentage"
qwen_before_uniform,before,uniform,qwen,115,3,1,False,ok,0,"def calculate_male_percentage():
    # Filter clients from South Bohemia
    south_bohemia_clients = client[client['district_id'].isin(district[district['A2'] == 'South Bohemia']['district_id'])]
    
    # Calculate total number of clients and males in South Bohemia
    total_clients = len(south_bohemia_clients)
    male_clients = len(south_bohemia_clients[south_bohemia_clients['gender'] == 'Male'])
    
    # Calculate the percentage of male clients
    if total_clients > 0:
        male_percentage = (male_clients / total_clients) * 100
    else:
        male_percentage = 0
    
    return male_percentage"
qwen_before_uniform,before,uniform,qwen,115,4,1,False,ok,1,"def calculate_male_percentage():
    # Join the client and district tables on district_id
    joined_data = pd.merge(client, district, on='district_id')
    
    # Filter the data to include only the south Bohemia district
    south_bohemia_data = joined_data[joined_data['A2'] == 'south Bohemia']
    
    # Calculate the total number of male clients in the south Bohemia district
    total_male_clients = south_bohemia_data[south_bohemia_data['gender'] == 'male']['client_id'].count()
    
    # Calculate the total number of clients in the south Bohemia district
    total_clients = south_bohemia_data['client_id'].count()
    
    # Calculate the percentage of male clients
    male_percentage = (total_male_clients / total_clients) * 100
    
    return male_percentage"
qwen_before_uniform,before,uniform,qwen,116,0,2,False,ok,0,"import pandas as pd

def calculate_balance_increase_rate(loan_df, account_df):
    # Filter the loan data for the specific date
    specific_date_loans = loan_df[(loan_df['date'] == '1993/7/5') & (loan_df['status'] == 'approved')]
    
    # Get the account IDs of these loans
    account_ids = specific_date_loans['account_id']
    
    # Filter the account data for the specific dates and account IDs
    filtered_account_data = account_df[(account_df['date'].isin(['1993/3/22', '1998/12/27'])) & 
                                      (account_df['account_id'].isin(account_ids))]
    
    # Pivot the data to have account IDs as index and dates as columns
    pivot_data = filtered_account_data.pivot(index='account_id', columns='date', values='balance')
    
    # Calculate the balance increase rate
    balance_increase_rate = pivot_data['1998/12/27'] / pivot_data['1993/3/22'] - 1
    
    return balance_increase_rate"
qwen_before_uniform,before,uniform,qwen,116,1,2,False,ok,0,"import pandas as pd

def calculate_increase_rate(loan_df, account_df):
    # Filter the loan data for the specific date
    loan_date = '1993-07-05'
    filtered_loan = loan_df[loan_df['date'] == loan_date]
    
    # Get the account IDs for the filtered loans
    account_ids = filtered_loan['account_id']
    
    # Filter the account data for the specific dates
    start_date = '1993-03-22'
    end_date = '1998-12-27'
    filtered_account_start = account_df[(account_df['district_id'].isin(account_ids)) & (account_df['date'] == start_date)]
    filtered_account_end = account_df[(account_df['district_id'].isin(account_ids)) & (account_df['date'] == end_date)]
    
    # Calculate the increase rate
    initial_balance = filtered_account_start['frequency'].sum()
    final_balance = filtered_account_end['frequency'].sum()
    increase_rate = (final_balance - initial_balance) / initial_balance
    
    return increase_rate"
qwen_before_uniform,before,uniform,qwen,116,2,2,False,ok,1,"import pandas as pd

def calculate_increase_rate():
    # Merge loan and account dataframes on 'account_id'
    merged_df = pd.merge(loan, account, on='account_id')
    
    # Filter the dataframe for the specific date
    filtered_df = merged_df[(merged_df['date'] == '1993/7/5') & (merged_df['status'] == 'approved')]
    
    # Get the account_id of the client whose loan was approved first in 1993/7/5
    client_account_id = filtered_df['account_id'].iloc[0]
    
    # Filter the account dataframe for the specific dates
    account_filtered_df = account[(account['account_id'] == client_account_id) & 
                                ((account['date'] == '1993/3/22') | (account['date'] == '1998/12/27'))]
    
    # Calculate the difference in balance between the two dates
    balance_difference = account_filtered_df.loc[account_filtered_df['date'] == '1998/12/27', 'balance'].values[0] - \
                         account_filtered_df.loc[account_filtered_df['date'] == '1993/3/22', 'balance'].values[0]
    
    # Calculate the increase rate
    increase_rate = balance_difference / account_filtered_df.loc[account_filtered_df['date'] == '1993/3/22', 'balance'].values[0]
    
    return increase_rate"
qwen_before_uniform,before,uniform,qwen,116,3,2,False,ok,0,"import pandas as pd

def calculate_increase_rate(loan_df, account_df):
    # Filter loans approved on or after 1993/7/5
    approved_loans = loan_df[loan_df['date'] >= '1993-07-05']
    
    # Find the first approval date
    first_approval_date = approved_loans['date'].min()
    
    # Get the account details for the first approved loan
    first_approved_account = approved_loans.iloc[0]['account_id']
    first_account_details = account_df[account_df['account_id'] == first_approved_account]
    
    # Calculate the balance difference between the specified dates
    start_date = '1993-03-22'
    end_date = '1998-12-27'
    start_balance = first_account_details[first_account_details['date'] == start_date]['balance'].values[0]
    end_balance = first_account_details[first_account_details['date'] == end_date]['balance'].values[0]
    
    # Calculate the increase rate
    increase_rate = (end_balance - start_balance) / start_balance
    
    return increase_rate"
qwen_before_uniform,before,uniform,qwen,116,4,2,False,ok,0,"import pandas as pd

def calculate_increase_rate():
    # Filter loans approved on or after '1993-07-05'
    approved_loans = loan[loan['date'] >= '1993-07-05']
    
    # Find the earliest approval date
    earliest_approval_date = approved_loans['date'].min()
    
    # Get the account details for the earliest approved loan
    earliest_account = account[account['account_id'] == approved_loans.loc[approved_loans['date'] == earliest_approval_date, 'account_id'].values[0]]
    
    # Calculate the balance increase from '1993-03-22' to '1998-12-27'
    start_balance = earliest_account['balance'].loc[earliest_account['date'] == '1993-03-22']
    end_balance = earliest_account['balance'].loc[earliest_account['date'] == '1998-12-27']
    
    # Calculate the increase rate
    increase_rate = (end_balance - start_balance) / start_balance
    
    return increase_rate"
qwen_before_uniform,before,uniform,qwen,117,0,0,False,ok,0,"import pandas as pd

def calculate_full_payment_percentage(loan_df):
    # Filter loans where status is 'Fully Paid'
    fully_paid_loans = loan_df[loan_df['status'] == 'Fully Paid']
    
    # Calculate total amount of fully paid loans
    total_fully_paid_amount = fully_paid_loans['amount'].sum()
    
    # Calculate total amount of all loans
    total_amount = loan_df['amount'].sum()
    
    # Calculate the percentage of fully paid amount
    full_payment_percentage = (total_fully_paid_amount / total_amount) * 100
    
    return full_payment_percentage"
qwen_before_uniform,before,uniform,qwen,117,1,0,False,ok,0,"def calculate_paid_loan_percentage(loan_df, account_df):
    # Filter loans where status is 'paid'
    paid_loans = loan_df[loan_df['status'] == 'paid']
    
    # Calculate total amount of paid loans
    total_paid_amount = paid_loans['amount'].sum()
    
    # Calculate total amount of all loans
    total_amount = loan_df['amount'].sum()
    
    # Calculate percentage of paid loan amount
    paid_percentage = (total_paid_amount / total_amount) * 100
    
    return paid_percentage"
qwen_before_uniform,before,uniform,qwen,117,2,0,False,ok,0,"def calculate_full_payment_percentage(loan):
    # Filter loans where status is 'Fully Paid'
    fully_paid_loans = loan[loan['status'] == 'Fully Paid']
    
    # Calculate total amount of fully paid loans
    total_full_paid_amount = fully_paid_loans['amount'].sum()
    
    # Calculate total amount of all loans
    total_loan_amount = loan['amount'].sum()
    
    # Calculate the percentage of fully paid loans
    full_payment_percentage = (total_full_paid_amount / total_loan_amount) * 100
    
    return full_payment_percentage"
qwen_before_uniform,before,uniform,qwen,117,3,0,False,ok,0,"def calculate_paid_amount_percentage(loan):
    total_amount = loan['amount'].sum()
    paid_amount = loan[loan['status'] == 'paid']['amount'].sum()
    percentage_paid = (paid_amount / total_amount) * 100
    return percentage_paid"
qwen_before_uniform,before,uniform,qwen,117,4,0,False,ok,0,"def calculate_paid_percentage(loan):
    # Filter loans that have been fully paid
    fully_paid_loans = loan[loan['status'] == 'Fully Paid']
    
    # Calculate total amount of fully paid loans
    total_paid_amount = fully_paid_loans['amount'].sum()
    
    # Calculate total amount of all loans
    total_amount = loan['amount'].sum()
    
    # Calculate the percentage of fully paid amount
    paid_percentage = (total_paid_amount / total_amount) * 100
    
    return paid_percentage"
qwen_before_uniform,before,uniform,qwen,118,0,0,False,ok,1,"def calculate_running_loans_percentage(loan_df, account_df):
    # Filter loans with amount less than 100,000
    filtered_loans = loan_df[loan_df['amount'] < 100000]
    
    # Merge filtered loans with accounts to get district information
    merged_data = pd.merge(filtered_loans, account_df, on='account_id')
    
    # Calculate the number of running loans (status is 'running')
    running_loans_count = merged_data[merged_data['status'] == 'running'].shape[0]
    
    # Calculate the total number of filtered loans
    total_filtered_loans = filtered_loans.shape[0]
    
    # Calculate the percentage of running loans
    if total_filtered_loans == 0:
        return 0
    running_loans_percentage = (running_loans_count / total_filtered_loans) * 100
    
    return running_loans_percentage"
qwen_before_uniform,before,uniform,qwen,118,1,0,False,ok,0,"def calculate_running_accounts_percentage(loan_df, account_df):
    filtered_loans = loan_df[loan_df['amount'] < 100000]
    running_loans = filtered_loans[filtered_loans['status'] == 'running']
    unique_accounts_running = running_loans['account_id'].nunique()
    total_unique_accounts = account_df['account_id'].nunique()
    percentage = (unique_accounts_running / total_unique_accounts) * 100
    return percentage"
qwen_before_uniform,before,uniform,qwen,118,2,0,False,ok,1,"import pandas as pd

def calculate_running_loans_percentage(loan_df, account_df):
    # Filter loans with amount less than 100,000
    filtered_loans = loan_df[loan_df['amount'] < 100000]
    
    # Merge with account data to get district_id and other account details
    merged_data = pd.merge(filtered_loans, account_df, on='account_id')
    
    # Filter accounts that are still running (assuming 'status' indicates running if it's not 'closed')
    running_accounts = merged_data[merged_data['status'] != 'closed']
    
    # Calculate the percentage of running accounts
    running_percentage = (len(running_accounts) / len(filtered_loans)) * 100
    
    return running_percentage"
qwen_before_uniform,before,uniform,qwen,118,3,0,False,ok,1,"def calculate_running_loans_percentage(loan_df, account_df):
    # Filter loans with amount less than 100,000
    filtered_loans = loan_df[loan_df['amount'] < 100000]
    
    # Merge the filtered loans with the account data to get district information
    merged_data = pd.merge(filtered_loans, account_df, on='account_id')
    
    # Calculate the total number of accounts with running loans
    running_accounts = merged_data[merged_data['status'] == 'running'].shape[0]
    
    # Calculate the total number of unique accounts
    total_accounts = merged_data['account_id'].nunique()
    
    # Calculate the percentage of running accounts
    running_percentage = (running_accounts / total_accounts) * 100
    
    return running_percentage"
qwen_before_uniform,before,uniform,qwen,118,4,0,False,ok,0,"import pandas as pd

def calculate_running_accounts_percentage():
    # Filter loans with amount less than USD100,000 and status 'running'
    filtered_loans = loan[(loan['amount'] < 100000) & (loan['status'] == 'running')]
    
    # Get unique account IDs from the filtered loans
    running_account_ids = filtered_loans['account_id'].unique()
    
    # Get all account IDs
    all_account_ids = loan['account_id'].unique()
    
    # Calculate the percentage of accounts that is still running
    running_percentage = (len(running_account_ids) / len(all_account_ids)) * 100
    
    return running_percentage"
qwen_before_uniform,before,uniform,qwen,119,0,1,False,ok,1,"import pandas as pd

def get_loan_status_data(account_df, district_df):
    # Filter accounts from 1993 with statement issued after transaction
    filtered_accounts = account_df[(account_df['date'].dt.year == 1993) & (account_df['frequency'] > 0)]
    
    # Merge with district DataFrame to get district name and region
    result = pd.merge(filtered_accounts, district_df, on='district_id')
    
    # Select required columns
    result = result[['account_id', 'A1', 'A14']]
    
    return result"
qwen_before_uniform,before,uniform,qwen,119,1,1,False,ok,1,"import pandas as pd

def get_loan_status_data(account_df, district_df):
    # Filter accounts from 1993
    filtered_accounts = account_df[account_df['date'].str.contains(r'1993')]
    
    # Merge with district data to get district name and region
    merged_data = pd.merge(filtered_accounts, district_df, on='district_id')
    
    # Select required columns
    result = merged_data[['account_id', 'A2', 'A1']]
    
    return result"
qwen_before_uniform,before,uniform,qwen,119,2,1,False,ok,1,"import pandas as pd

def get_loan_status_features(account_df, district_df):
    # Filter accounts from 1993
    account_1993 = account_df[account_df['date'].str.contains('1993')]
    
    # Merge with district to get district details
    merged_df = pd.merge(account_1993, district_df, on='district_id')
    
    # Filter accounts where statement is issued after transaction
    result_df = merged_df[merged_df['date_x'] > merged_df['date_y']]
    
    # Select required columns
    result_df = result_df[['account_id', 'A1', 'A2']]
    
    return result_df"
qwen_before_uniform,before,uniform,qwen,119,3,1,False,ok,1,"import pandas as pd

def get_loan_status_features(account_df, district_df):
    # Filter accounts from 1993
    account_1993 = account_df[account_df['date'].dt.year == 1993]
    
    # Merge account data with district data on district_id
    merged_data = pd.merge(account_1993, district_df, on='district_id')
    
    # Sort by date to ensure statement is issued after transaction
    merged_data_sorted = merged_data.sort_values(by=['date_x', 'date_y'])
    
    # Select required columns
    result = merged_data_sorted[['account_id', 'A1', 'A16']]
    
    return result"
qwen_before_uniform,before,uniform,qwen,119,4,1,False,ok,1,"import pandas as pd

def load_data():
    # Assume these functions load the data from the database into pandas DataFrames
    account_df = pd.read_sql_query(""SELECT * FROM account"", connection)
    district_df = pd.read_sql_query(""SELECT * FROM district"", connection)
    return account_df, district_df

def filter_accounts(account_df, district_df):
    # Filter accounts for the year 1993 and where the statement is issued after the transaction
    filtered_accounts = account_df[(account_df['date'].dt.year == 1993) & (account_df['frequency'] > 0)]
    
    # Merge with district DataFrame to get district_name and district_region
    result = pd.merge(filtered_accounts, district_df, on='district_id')
    
    # Select required columns
    result = result[['account_id', 'district_name', 'district_region']]
    
    return result

# Load data from the database
connection = ...  # Establish your database connection here
account_df, district_df = load_data()

# Filter accounts based on the given conditions
filtered_accounts = filter_accounts(account_df, district_df)

# Display the result
print(filtered_accounts)"
qwen_before_uniform,before,uniform,qwen,120,0,1,False,ok,0,"import pandas as pd

def get_account_details():
    # Filter accounts from 'east Bohemia' in the specified year range
    filtered_accounts = account[(account['date'].dt.year >= 1995) & (account['date'].dt.year <= 2000) & (account['district_id'] == 'east Bohemia')]
    
    # Group by account_id and sum up the frequency
    result = filtered_accounts.groupby('account_id')['frequency'].sum().reset_index()
    
    return result"
qwen_before_uniform,before,uniform,qwen,120,1,1,False,ok,1,"import pandas as pd

def get_account_details(start_year, end_year, district_name):
    # Filter the data for the specified year range and district
    filtered_data = account[(account['date'].dt.year >= start_year) & (account['date'].dt.year <= end_year) & 
                           (district['A2'] == district_name)]
    
    # Merge the filtered data with the district table to get district details
    merged_data = pd.merge(filtered_data, district, on='district_id')
    
    # Select the required columns
    result = merged_data[['account_id', 'frequency']]
    
    return result

# Assuming the 'date' column is in datetime format
account['date'] = pd.to_datetime(account['date'])

# Call the function with the desired parameters
result = get_account_details(1995, 2000, 'east Bohemia')

print(result)"
qwen_before_uniform,before,uniform,qwen,120,2,1,False,ok,0,"import pandas as pd

def get_accounts_in_east_bohemia():
    # Filter accounts from 'east Bohemia' between 1995 and 2000
    filtered_accounts = account[(account['date'].dt.year >= 1995) & (account['date'].dt.year <= 2000)]
    east_bohemia_accounts = filtered_accounts[filtered_accounts['district_id'] == 'east Bohemia']
    
    # Group by account_id and sum the frequency
    result = east_bohemia_accounts.groupby('account_id')['frequency'].sum().reset_index()
    
    return result"
qwen_before_uniform,before,uniform,qwen,120,3,1,False,ok,0,"import pandas as pd

def get_account_info():
    # Filter the data for the specified time period and district
    filtered_data = account[(account['date'].dt.year >= 1995) & (account['date'].dt.year <= 2000) & 
                           (account['district_id'] == 'east Bohemia')]
    
    # Select the required columns and group by account_id to calculate the frequency
    result = filtered_data[['account_id', 'frequency']].groupby('account_id').sum().reset_index()
    
    return result"
qwen_before_uniform,before,uniform,qwen,120,4,1,False,ok,0,"import pandas as pd

def get_account_frequency():
    # Filter the data for the specified time period and district
    filtered_data = account[(account['date'].dt.year >= 1995) & (account['date'].dt.year <= 2000) & (account['district_id'] == 'east Bohemia')]
    
    # Group by account_id and calculate the frequency of statement issuance
    result = filtered_data.groupby('account_id')['frequency'].sum().reset_index()
    
    return result"
qwen_before_uniform,before,uniform,qwen,121,0,1,False,ok,0,"import pandas as pd

def get_account_info(account_df, district_df):
    # Filter the district DataFrame to find the district ID for 'Prachatice'
    prachatice_district = district_df[district_df['A1'] == 'Prachatice']['district_id'].values[0]
    
    # Filter the account DataFrame to find accounts in the 'Prachatice' district
    filtered_accounts = account_df[account_df['district_id'] == prachatice_district][['account_id', 'date']]
    
    return filtered_accounts"
qwen_before_uniform,before,uniform,qwen,121,1,1,False,ok,0,"import pandas as pd

def get_account_info(account_df, district_df):
    # Filter the district DataFrame to get rows where A2 is 'Prachatice'
    prachatice_districts = district_df[district_df['A2'] == 'Prachatice']
    
    # Get the district IDs of 'Prachatice'
    prachatice_ids = prachatice_districts['district_id']
    
    # Filter the account DataFrame to get rows where district_id is in prachatice_ids
    prachatice_accounts = account_df[account_df['district_id'].isin(prachatice_ids)]
    
    # Select the required columns
    result = prachatice_accounts[['account_id', 'date']]
    
    return result"
qwen_before_uniform,before,uniform,qwen,121,2,1,False,ok,1,"import pandas as pd

def get_account_info(account_df, district_df):
    # Merge the two dataframes on district_id
    merged_df = pd.merge(account_df, district_df, on='district_id')
    
    # Filter rows where A2 is 'Prachatice'
    filtered_df = merged_df[merged_df['A2'] == 'Prachatice']
    
    # Select the required columns
    result_df = filtered_df[['account_id', 'date']]
    
    return result_df"
qwen_before_uniform,before,uniform,qwen,121,3,1,False,ok,0,"def get_account_info(practice_accounts):
    # Filter accounts from 'Prachatice'
    practice_accounts_filtered = practice_accounts[practice_accounts['district_id'].isin(['Prachatice'])]
    
    # Select account ID and account opening date
    result = practice_accounts_filtered[['account_id', 'date']]
    
    return result"
qwen_before_uniform,before,uniform,qwen,121,4,1,False,ok,1,"def get_account_info(df_account, df_district):
    # Merge the two dataframes on district_id
    merged_df = pd.merge(df_account, df_district, on='district_id')
    
    # Filter the rows where A2 is 'Prachatice'
    filtered_df = merged_df[merged_df['A2'] == 'Prachatice']
    
    # Select only the required columns
    result_df = filtered_df[['account_id', 'date']]
    
    return result_df"
qwen_before_uniform,before,uniform,qwen,122,0,2,False,ok,1,"import pandas as pd

def get_district_and_region(loan_id):
    # Assuming the dataframes are already defined as `account` and `district`
    result = account[account['account_id'] == loan_id].merge(district, on='district_id')
    return result[['district', 'A2', 'A3', 'A4', 'A5', 'A6', 'A7', 'A8', 'A9', 'A10', 'A11', 'A12', 'A13', 'A14', 'A15', 'A16']]"
qwen_before_uniform,before,uniform,qwen,122,1,2,False,ok,0,"def get_district_and_region(loan_id):
    # Assuming 'account' DataFrame has a column 'loan_id'
    district_info = account[account['loan_id'] == loan_id]
    if not district_info.empty:
        district_id = district_info.iloc[0]['district_id']
        district_row = district[district['district_id'] == district_id].iloc[0]
        return district_row['A2'], district_row['A3']
    else:
        return None, None"
qwen_before_uniform,before,uniform,qwen,122,2,2,False,ok,0,"def get_loan_location(loan_id):
    loan_data = account[account['account_id'] == loan_id]
    if not loan_data.empty:
        district_info = district[district['district_id'] == loan_data['district_id'].values[0]]
        return district_info.iloc[0]['A2'], district_info.iloc[0]['A3']
    else:
        return None, None"
qwen_before_uniform,before,uniform,qwen,122,3,2,False,ok,0,"import pandas as pd

def get_loan_location(loan_id):
    # Assuming 'account' DataFrame is named 'account_df'
    loan_data = account_df[account_df['account_id'] == loan_id]
    if not loan_data.empty:
        district_info = district_df[district_df['district_id'] == loan_data.iloc[0]['district_id']]
        return district_info[['A2', 'A3']].values.flatten()
    else:
        return None"
qwen_before_uniform,before,uniform,qwen,122,4,2,False,ok,0,"import pandas as pd

def get_loan_district_region(loan_id):
    # Assuming 'account' DataFrame has a column 'loan_id'
    loan_data = account[account['loan_id'] == loan_id]
    if not loan_data.empty:
        district_id = loan_data['district_id'].iloc[0]
        district_info = district[district['district_id'] == district_id]
        if not district_info.empty:
            return district_info.iloc[0]['A2'], district_info.iloc[0]['A3']
    return None, None

# Example usage
loan_id = 4990
district, region = get_loan_district_region(loan_id)
print(f""District: {district}, Region: {region}"")"
qwen_before_uniform,before,uniform,qwen,123,0,2,False,ok,0,"def get_loan_accounts(data):
    filtered_data = data[data['loan_amount'] > 300000]
    result = filtered_data[['account_id', 'district_id']]
    return result"
qwen_before_uniform,before,uniform,qwen,123,1,2,False,ok,1,"import pandas as pd

def get_loan_details(account_df, district_df):
    # Merge account and district dataframes on district_id
    merged_df = pd.merge(account_df, district_df, on='district_id')
    
    # Filter rows where loan amount is greater than 300,000
    filtered_df = merged_df[merged_df['loan_amount'] > 300000]
    
    # Select required columns: account_id, district, and region (assuming region is represented by A2 column)
    result_df = filtered_df[['account_id', 'district', 'A2']]
    
    return result_df"
qwen_before_uniform,before,uniform,qwen,123,2,2,False,ok,1,"import pandas as pd

def get_loan_details(account_df, district_df):
    # Merge the account and district dataframes on district_id
    merged_df = pd.merge(account_df, district_df, on='district_id')
    
    # Filter the rows where the loan amount is greater than USD300,000
    filtered_df = merged_df[merged_df['loan_amount'] > 300000]
    
    # Select the required columns
    result = filtered_df[['account_id', 'district_id', 'A2']]
    
    return result"
qwen_before_uniform,before,uniform,qwen,123,3,2,False,ok,1,"import pandas as pd

def get_loan_accounts(loan_data, district_data):
    # Merge the two datasets based on district_id
    merged_data = pd.merge(loan_data, district_data, on='district_id')
    
    # Filter the data where loan amount is greater than USD300,000
    filtered_data = merged_data[merged_data['amount'] > 300000]
    
    # Select the required columns
    result = filtered_data[['account_id', 'district_id', 'A2']]
    
    return result"
qwen_before_uniform,before,uniform,qwen,123,4,2,False,ok,1,"import pandas as pd

def get_loan_details(account_df, district_df):
    # Merge account and district dataframes on district_id
    merged_df = pd.merge(account_df, district_df, on='district_id')
    
    # Filter rows where loan amount is greater than 300,000
    filtered_df = merged_df[merged_df['loan_amount'] > 300000]
    
    # Select required columns
    result_df = filtered_df[['account_id', 'district_id', 'A2']]
    
    return result_df"
qwen_before_uniform,before,uniform,qwen,124,0,2,False,ok,1,"import pandas as pd

def calculate_average_salary(account_df, district_df):
    # Merge account_df and district_df on district_id
    merged_df = pd.merge(account_df, district_df, on='district_id')
    
    # Filter rows where the duration is 60 months
    filtered_df = merged_df[merged_df['date'] == 60]
    
    # Calculate the average salary for each district
    result = filtered_df.groupby('district_id').mean()['A1'].reset_index()
    
    # Rename columns for clarity
    result.columns = ['district', 'average_salary']
    
    return result"
qwen_before_uniform,before,uniform,qwen,124,1,2,False,ok,1,"import pandas as pd

def calculate_average_salary(account_df, district_df):
    # Merge the account and district DataFrames on 'district_id'
    merged_df = pd.merge(account_df, district_df, on='district_id')
    
    # Filter the DataFrame to include only rows where 'date' is 60 months
    filtered_df = merged_df[merged_df['date'] == 60]
    
    # Calculate the average salary for each district
    average_salary_by_district = filtered_df.groupby('district_id')[['A2', 'A3', 'A4', 'A5', 'A6', 'A7', 'A8', 'A9', 'A10', 'A11', 'A12', 'A13', 'A14', 'A15', 'A16']].mean()
    
    # Reset index to make 'district_id' a column again
    result_df = average_salary_by_district.reset_index()
    
    return result_df"
qwen_before_uniform,before,uniform,qwen,124,2,2,False,ok,1,"import pandas as pd

def compute_average_salary(account_df, district_df):
    # Merge the account and district dataframes on district_id
    merged_df = pd.merge(account_df, district_df, on='district_id')
    
    # Filter the dataframe to include only accounts with a duration of 60 months
    filtered_df = merged_df[merged_df['date'] == '60']
    
    # Calculate the average salary for each district
    average_salary = filtered_df.groupby('district_id')['A2'].mean().reset_index()
    
    # Rename columns for clarity
    average_salary.columns = ['district_id', 'average_salary']
    
    return average_salary"
qwen_before_uniform,before,uniform,qwen,124,3,2,False,ok,1,"import pandas as pd

def calculate_average_salary():
    # Assuming 'account' DataFrame has columns 'account_id', 'district_id', 'frequency', 'date'
    # and 'district' DataFrame has columns 'district_id', 'A2', 'A3', ..., 'A16'
    
    # Merge account and district DataFrames on district_id
    merged_df = pd.merge(account, district, on='district_id')
    
    # Filter rows where frequency is 60 (assuming frequency represents loan duration in months)
    filtered_df = merged_df[merged_df['frequency'] == 60]
    
    # Calculate average salary for each district
    result = filtered_df.groupby('district_id')[['A2', 'A3', 'A4', 'A5', 'A6', 'A7', 'A8', 'A9', 'A10', 'A11', 'A12', 'A13', 'A14', 'A15', 'A16']].mean()
    
    return result"
qwen_before_uniform,before,uniform,qwen,124,4,2,False,ok,1,"import pandas as pd

def compute_average_salary(account_df, district_df):
    # Merging the two dataframes on 'district_id' to get all necessary columns
    merged_df = pd.merge(account_df, district_df, on='district_id')
    
    # Filtering the dataframe for accounts with a duration of 60 months
    filtered_df = merged_df[merged_df['date'] == 60]
    
    # Calculating the average salary for each district
    result_df = filtered_df.groupby('district_id').mean(numeric_only=True).reset_index()
    
    # Renaming columns for clarity
    result_df.columns = ['district', 'average_salary']
    
    return result_df[['district', 'average_salary']]"
qwen_before_uniform,before,uniform,qwen,125,0,2,False,ok,1,"import pandas as pd

def calculate_unemployment_rate_increase():
    # Assuming 'account' DataFrame has columns 'district_id', 'frequency', 'date'
    # and 'loan' DataFrame has columns 'loan_id', 'account_id', 'date', 'amount', 'duration', 'payments', 'status'
    
    # Filter loans that are still running and client is in debt
    running_loans = loan[(loan['status'] == 'running') & (loan['payments'] < loan['amount'])]
    
    # Join loan data with account data to get district information
    joined_data = pd.merge(running_loans, account, on='account_id')
    
    # Calculate the number of districts with at least one running loan
    num_districts = len(joined_data['district_id'].unique())
    
    # Assume we have a DataFrame 'unemployment_rates' with columns 'year' and 'rate'
    # containing unemployment rates for each year
    
    # Filter unemployment rates for 1995 and 1996
    rate_1995 = unemployment_rates[unemployment_rates['year'] == 1995]['rate']
    rate_1996 = unemployment_rates[unemployment_rates['year'] == 1996]['rate']
    
    # Calculate the increase in unemployment rate
    rate_increase = rate_1996 - rate_1995
    
    return num_districts, rate_increase"
qwen_before_uniform,before,uniform,qwen,125,1,2,False,ok,1,"import pandas as pd

def calculate_unemployment_rate_increase():
    # Assuming 'loan' and 'account' DataFrames are already loaded
    # Filter loans that are still running and clients are in debt
    running_loans = loan[loan['status'] == 'running']
    in_debt_clients = running_loans.merge(account, on='account_id')
    
    # Get district IDs of clients who are in debt
    districts_in_debt = in_debt_clients['district_id'].unique()
    
    # Assume 'unemployment_rates' DataFrame contains district_id, year, and unemployment_rate
    # Filter unemployment rates for the relevant years (1995 and 1996) and districts
    relevant_years = unemployment_rates[(unemployment_rates['year'] == 1995) | (unemployment_rates['year'] == 1996)]
    relevant_districts = relevant_years[relevant_years['district_id'].isin(districts_in_debt)]
    
    # Calculate the increase in unemployment rate from 1995 to 1996
    increase_df = relevant_districts.pivot_table(index='district_id', columns='year', values='unemployment_rate')
    increase_df['increase'] = increase_df[1996] - increase_df[1995]
    
    return increase_df['increase']

# Call the function and print the result
print(calculate_unemployment_rate_increase())"
qwen_before_uniform,before,uniform,qwen,125,2,2,False,ok,1,"import pandas as pd

def calculate_unemployment_rate_increment(loan_df, account_df):
    # Filter running loans where clients are in debt
    running_loans = loan_df[(loan_df['status'] == 'running') & (loan_df['payments'] < loan_df['amount'])]
    
    # Merge with account data to get district information
    merged_data = pd.merge(running_loans, account_df, on='account_id')
    
    # Calculate the percentage unemployment rate increment from 1995 to 1996
    merged_data['year'] = merged_data['date'].dt.year
    unemployment_1995 = merged_data[merged_data['year'] == 1995]['district_id'].value_counts(normalize=True)
    unemployment_1996 = merged_data[merged_data['year'] == 1996]['district_id'].value_counts(normalize=True)
    
    # Find districts with data in both years
    common_districts = unemployment_1995.index.intersection(unemployment_1996.index)
    
    # Calculate the percentage increment
    percentage_increment = ((unemployment_1996[common_districts] - unemployment_1995[common_districts]) / unemployment_1995[common_districts]) * 100
    
    return percentage_increment"
qwen_before_uniform,before,uniform,qwen,125,3,2,False,ok,1,"import pandas as pd

def calculate_unemployment_rate_increment(loan_df, account_df):
    # Filter active loans
    active_loans = loan_df[loan_df['status'] == 'active']
    
    # Merge with account data to get district information
    merged_data = pd.merge(active_loans, account_df, on='account_id')
    
    # Filter clients in debt
    in_debt_clients = merged_data[merged_data['payments'] < 0]
    
    # Calculate unemployment rate increment from 1995 to 1996
    in_debt_clients['year'] = in_debt_clients['date'].dt.year
    unemployment_rate_1995 = in_debt_clients[in_debt_clients['year'] == 1995]['district_id'].value_counts(normalize=True)
    unemployment_rate_1996 = in_debt_clients[in_debt_clients['year'] == 1996]['district_id'].value_counts(normalize=True)
    
    # Increment calculation
    unemployment_rate_increment = (unemployment_rate_1996 - unemployment_rate_1995).dropna()
    
    return unemployment_rate_increment"
qwen_before_uniform,before,uniform,qwen,125,4,2,False,ok,1,"import pandas as pd

def calculate_unemployment_rate_increment(df_loan, df_account):
    # Filter loans that are still running and clients are in debt
    running_loans = df_loan[(df_loan['status'] == 'running') & (df_loan['amount'] > 0)]
    
    # Merge with account data to get district information
    merged_data = pd.merge(running_loans, df_account, on='account_id')
    
    # Get unique districts
    districts = merged_data['district_id'].unique()
    
    # Initialize dictionary to store unemployment rate increments
    unemployment_rate_increments = {}
    
    # Loop through each district
    for district in districts:
        district_data = merged_data[merged_data['district_id'] == district]
        
        # Calculate total population in 1995 and 1996
        pop_1995 = district_data[district_data['date'].dt.year == 1995]['frequency'].sum()
        pop_1996 = district_data[district_data['date'].dt.year == 1996]['frequency'].sum()
        
        # Calculate unemployment rates in 1995 and 1996
        unemp_rate_1995 = district_data[district_data['date'].dt.year == 1995]['frequency'] / pop_1995
        unemp_rate_1996 = district_data[district_data['date'].dt.year == 1996]['frequency'] / pop_1996
        
        # Calculate increment
        increment = (unemp_rate_1996 - unemp_rate_1995) * 100
        
        # Store the result
        unemployment_rate_increments[district] = increment
    
    return unemployment_rate_increments"
qwen_before_uniform,before,uniform,qwen,126,0,1,False,ok,1,"import pandas as pd

def calculate_decin_percentage(account_df, district_df):
    # Filter accounts opened in 1993
    filtered_accounts = account_df[account_df['date'].str.contains('1993')]
    
    # Merge with district DataFrame to get district information
    merged_df = pd.merge(filtered_accounts, district_df, on='district_id')
    
    # Filter for 'Decin' district
    decin_accounts = merged_df[merged_df['A2'] == 'Decin']
    
    # Calculate percentage
    percentage = (len(decin_accounts) / len(filtered_accounts)) * 100
    
    return percentage"
qwen_before_uniform,before,uniform,qwen,126,1,1,False,ok,1,"import pandas as pd

def calculate_decin_percentage(account_df, district_df):
    # Filter accounts opened in 1993
    filtered_accounts = account_df[account_df['date'].str.contains(r'/1993/')]

    # Merge with district information
    merged_data = pd.merge(filtered_accounts, district_df, on='district_id')

    # Count accounts from Decin district
    decin_count = merged_data[merged_data['A2'] == 'Decin']['account_id'].nunique()

    # Total count of accounts
    total_count = len(merged_data)

    # Calculate percentage
    percentage = (decin_count / total_count) * 100 if total_count > 0 else 0

    return percentage"
qwen_before_uniform,before,uniform,qwen,126,2,1,False,ok,1,"import pandas as pd

def calculate_decin_account_percentage(account_df, district_df):
    # Merge the account and district DataFrames on district_id
    merged_df = pd.merge(account_df, district_df, on='district_id')
    
    # Filter the DataFrame to include only accounts opened in 1993
    filtered_df = merged_df[merged_df['date'].dt.year == 1993]
    
    # Count the total number of accounts opened in 1993
    total_accounts_1993 = len(filtered_df)
    
    # Filter the DataFrame to include only accounts from 'Decin' district
    decin_accounts_df = filtered_df[filtered_df['A2'] == 'Decin']
    
    # Count the number of accounts from 'Decin' district
    decin_accounts_count = len(decin_accounts_df)
    
    # Calculate the percentage of accounts from 'Decin' district
    percentage_decin_accounts = (decin_accounts_count / total_accounts_1993) * 100
    
    return percentage_decin_accounts"
qwen_before_uniform,before,uniform,qwen,126,3,1,False,ok,1,"import pandas as pd

def calculate_decin_account_percentage(accounts_df, districts_df):
    # Filter accounts opened in 1993
    accounts_1993 = accounts_df[accounts_df['date'].str.contains('1993')]
    
    # Join accounts with districts to get district information
    joined_data = pd.merge(accounts_1993, districts_df, on='district_id')
    
    # Filter accounts from 'Decin' district
    decin_accounts = joined_data[joined_data['A2'] == 'Decin']
    
    # Calculate the percentage of Decin accounts
    total_accounts = len(joined_data)
    decin_count = len(decin_accounts)
    percentage = (decin_count / total_accounts) * 100
    
    return percentage"
qwen_before_uniform,before,uniform,qwen,126,4,1,False,ok,0,"import pandas as pd

def calculate_decin_account_percentage(accounts_df, districts_df):
    decin_district = districts_df[districts_df['A2'] == 'Decin']
    decin_accounts = accounts_df[accounts_df['district_id'].isin(decin_district['district_id'])]
    total_accounts_1993 = accounts_df[accounts_df['date'].str.contains('1993')].shape[0]
    decin_accounts_1993 = decin_accounts[decin_accounts['date'].str.contains('1993')].shape[0]
    percentage = (decin_accounts_1993 / total_accounts_1993) * 100
    return percentage"
qwen_before_uniform,before,uniform,qwen,127,0,0,False,ok,0,"import pandas as pd

def get_monthly_statement_issuance(account_df):
    # Convert the 'date' column to datetime format
    account_df['date'] = pd.to_datetime(account_df['date'])
    
    # Extract month and year from the 'date' column
    account_df['month_year'] = account_df['date'].dt.to_period('M')
    
    # Group by 'account_id' and 'month_year', then count the number of rows in each group
    statement_count = account_df.groupby(['account_id', 'month_year']).size().reset_index(name='statement_count')
    
    return statement_count"
qwen_before_uniform,before,uniform,qwen,127,1,0,False,ok,0,"import pandas as pd

def get_monthly_statement_issuance(account_df):
    # Convert the 'date' column to datetime format if not already
    account_df['date'] = pd.to_datetime(account_df['date'])
    
    # Extract month and year from the 'date' column
    account_df['month_year'] = account_df['date'].dt.to_period('M')
    
    # Group by 'account_id' and 'month_year', then count the number of rows in each group
    monthly_counts = account_df.groupby(['account_id', 'month_year']).size().reset_index(name='count')
    
    return monthly_counts"
qwen_before_uniform,before,uniform,qwen,127,2,0,False,ok,0,"import pandas as pd

def get_monthly_statement_issuance(account_df):
    # Convert the 'date' column to datetime format
    account_df['date'] = pd.to_datetime(account_df['date'])
    
    # Set the 'date' column as the index
    account_df.set_index('date', inplace=True)
    
    # Resample the data by month and count the number of unique accounts each month
    monthly_counts = account_df.resample('M').size().reset_index(name='count')
    
    return monthly_counts[['month', 'count']]"
qwen_before_uniform,before,uniform,qwen,127,3,0,False,ok,0,"import pandas as pd

def get_monthly_statement_issuance(account_df):
    # Convert the 'date' column to datetime format
    account_df['date'] = pd.to_datetime(account_df['date'])
    
    # Extract month from the 'date' column
    account_df['month'] = account_df['date'].dt.month
    
    # Group by 'account_id' and 'month', then filter out accounts with more than one statement per month
    result = account_df.groupby(['account_id', 'month']).filter(lambda x: len(x) > 1)['account_id'].unique()
    
    return result"
qwen_before_uniform,before,uniform,qwen,127,4,0,False,ok,1,"import pandas as pd

def get_monthly_issuance(account_df, disp_df):
    # Merge the account and disp tables on account_id
    merged_df = pd.merge(account_df, disp_df, on='account_id')
    
    # Convert the 'date' column to datetime format
    merged_df['date'] = pd.to_datetime(merged_df['date'])
    
    # Extract month from the date
    merged_df['month'] = merged_df['date'].dt.month
    
    # Group by 'account_id' and 'month', then count the number of records per group
    monthly_counts = merged_df.groupby(['account_id', 'month']).size().reset_index(name='count')
    
    return monthly_counts"
qwen_before_uniform,before,uniform,qwen,128,0,1,False,ok,1,"import pandas as pd

def get_top_n_districts(df_client, df_district, n=9):
    # Merge client and district dataframes on district_id
    merged_df = pd.merge(df_client, df_district, on='district_id')
    
    # Filter for female clients
    female_clients = merged_df[merged_df['gender'] == 'female']
    
    # Group by district_id and count the number of female clients in each district
    district_counts = female_clients.groupby('district_id').size().reset_index(name='female_count')
    
    # Sort the districts by the number of female clients in descending order
    top_districts = district_counts.sort_values(by='female_count', ascending=False).head(n)
    
    return top_districts[['district_id', 'female_count']]"
qwen_before_uniform,before,uniform,qwen,128,1,1,False,ok,1,"import pandas as pd

def top_female_account_holders(df_client, df_district):
    # Merge the two dataframes on 'district_id'
    merged_df = pd.merge(df_client, df_district, on='district_id')
    
    # Filter for female clients
    female_clients = merged_df[merged_df['gender'] == 'female']
    
    # Group by 'district_id' and count the number of female clients in each district
    district_counts = female_clients.groupby('district_id').size()
    
    # Sort the counts in descending order and get the top 9
    top_nine_districts = district_counts.sort_values(ascending=False).head(9)
    
    return top_nine_districts"
qwen_before_uniform,before,uniform,qwen,128,2,1,False,ok,1,"import pandas as pd

def top_female_account_holders():
    # Merge the client and district tables on district_id
    merged_df = pd.merge(client, district, on='district_id')
    
    # Filter for female account holders
    female_clients = merged_df[merged_df['gender'] == 'female']
    
    # Group by district and count the number of female clients in each district
    district_counts = female_clients.groupby('district_id').size()
    
    # Sort the districts by the count of female clients in descending order
    top_districts = district_counts.sort_values(ascending=False).head(9)
    
    return top_districts"
qwen_before_uniform,before,uniform,qwen,128,3,1,False,ok,1,"import pandas as pd

def top_n_female_districts(n=9):
    # Merge the client and district tables on district_id
    merged_df = pd.merge(client, district, on='district_id')
    
    # Filter for female clients
    female_clients = merged_df[merged_df['gender'] == 'female']
    
    # Group by district_id and count the number of female clients in each district
    district_counts = female_clients.groupby('district_id').size().reset_index(name='female_count')
    
    # Sort the districts by the number of female clients in descending order
    sorted_districts = district_counts.sort_values(by='female_count', ascending=False)
    
    # Select the top n districts
    top_districts = sorted_districts.head(n)
    
    return top_districts[['district_id', 'female_count']]"
qwen_before_uniform,before,uniform,qwen,128,4,1,False,ok,1,"import pandas as pd

def get_top_n_districts(df_client, df_district, n=9):
    # Merge the two dataframes on district_id
    merged_df = pd.merge(df_client, df_district, on='district_id')
    
    # Filter for female clients
    female_clients = merged_df[merged_df['gender'] == 'female']
    
    # Group by district and count the number of female clients in each district
    district_counts = female_clients.groupby('district_id').size()
    
    # Sort the districts by the number of female clients in descending order
    sorted_districts = district_counts.sort_values(ascending=False)
    
    # Get the top n districts
    top_n_districts = sorted_districts.head(n)
    
    return top_n_districts"
qwen_before_uniform,before,uniform,qwen,129,0,2,False,ok,1,"import pandas as pd

def top_withdrawals_by_district(district_df, account_df):
    # Filter the account DataFrame to include only non-credit card transactions and January 1996
    filtered_accounts = account_df[(account_df['date'].dt.month == 1) & (account_df['date'].dt.year == 1996)]
    
    # Merge the filtered accounts with the district DataFrame to get district names
    merged_data = pd.merge(filtered_accounts, district_df, on='district_id')
    
    # Group by district name and sum the frequencies to get total withdrawals per district
    top_withdrawals = merged_data.groupby('A2')['frequency'].sum().nlargest(10).reset_index()
    
    return top_withdrawals"
qwen_before_uniform,before,uniform,qwen,129,1,2,False,ok,1,"import pandas as pd

def top_ten_withdrawals_by_district(account_df, district_df):
    # Filter the account DataFrame to include only non-credit card transactions and January 1996 data
    filtered_account = account_df[(account_df['date'].dt.month == 1) & 
                                 (account_df['date'].dt.year == 1996) & 
                                 (account_df['frequency'] != 'Credit Card')]
    
    # Merge the filtered account DataFrame with the district DataFrame on district_id
    merged_data = pd.merge(filtered_account, district_df, on='district_id')
    
    # Group by district_name and sum the frequency to get total withdrawals per district
    grouped_data = merged_data.groupby('A2')['frequency'].sum().reset_index()
    
    # Sort the data in descending order and select the top 10 districts
    top_ten_distributions = grouped_data.sort_values(by='frequency', ascending=False).head(10)
    
    return top_ten_distributions"
qwen_before_uniform,before,uniform,qwen,129,2,2,False,ok,1,"import pandas as pd

def top_withdrawals_by_district(df_account, df_district):
    # Filter transactions for January 1996 and non-credit card withdrawals
    filtered_df = df_account[(df_account['date'].dt.month == 1) & (df_account['date'].dt.year == 1996)]
    
    # Merge with district table to get district names
    merged_df = pd.merge(filtered_df, df_district, on='district_id')
    
    # Group by district name and sum the frequencies to get total withdrawals
    result = merged_df.groupby('A2')['frequency'].sum().reset_index()
    
    # Sort by total withdrawals in descending order and select top 10
    top_10_withdrawals = result.sort_values(by='frequency', ascending=False).head(10)
    
    return top_10_withdrawals"
qwen_before_uniform,before,uniform,qwen,129,3,2,False,ok,1,"import pandas as pd

def top_withdrawals_by_district(df_account, df_district):
    # Filter the data for January 1996 and non-credit card transactions
    filtered_data = df_account[(df_account['date'].dt.month == 1) & 
                               (df_account['date'].dt.year == 1996) & 
                               (df_account['frequency'] != 'Credit Card')]
    
    # Merge the filtered data with the district DataFrame to get district names
    merged_data = pd.merge(filtered_data, df_district, on='district_id')
    
    # Group by district name and sum the frequencies to get total withdrawals per district
    grouped_data = merged_data.groupby('A2')['frequency'].sum().reset_index()
    
    # Sort the data in descending order and select the top 10 districts
    top_10_withdrawals = grouped_data.sort_values(by='frequency', ascending=False).head(10)
    
    return top_10_withdrawals"
qwen_before_uniform,before,uniform,qwen,129,4,2,False,ok,1,"import pandas as pd

def get_top_withdrawals(df_account, df_district):
    # Filter the data for the specific year and month
    filtered_data = df_account[(df_account['date'].dt.year == 1996) & (df_account['date'].dt.month == 1)]
    
    # Merge the account data with the district data to get district names
    merged_data = pd.merge(filtered_data, df_district, left_on='district_id', right_on='district_id')
    
    # Group by district name and sum up the non-credit card withdrawals
    top_withdrawals = merged_data.groupby('A2')['frequency'].sum().reset_index()
    
    # Sort the results in descending order and get the top 10
    top_withdrawals_sorted = top_withdrawals.sort_values(by='frequency', ascending=False).head(10)
    
    return top_withdrawals_sorted"
qwen_before_uniform,before,uniform,qwen,130,0,2,True,ok,0,"import pandas as pd

def count_unowned_credit_cards_in_south_bohemia():
    south_bohemia_clients = clients[clients['district_id'].isin(district[district['A2'] == 'South Bohemia']['district_id'])]
    unowned_clients = south_bohemia_clients[south_bohemia_clients['client_id'].isin(credit_cards['client_id']) == False]
    return len(unowned_clients)

# Assuming the dataframes `clients`, `district`, and `credit_cards` are already loaded
result = count_unowned_credit_cards_in_south_bohemia()
print(result)"
qwen_before_uniform,before,uniform,qwen,130,1,2,True,ok,0,"import pandas as pd

def count_non_credit_card_holders(df_client, df_district):
    south_bohemian_districts = ['South Bohemia']
    non_credit_card_holders = df_client[(df_client['district_id'].isin(south_bohemian_districts)) & (df_client['credit_card_ownership'] == 'No')]
    return len(non_credit_card_holders)"
qwen_before_uniform,before,uniform,qwen,130,2,2,True,ok,0,"def count_non_credit_card_holders_in_south_bohemia():
    south_bohemia_districts = ['A2', 'A3', 'A4', 'A5', 'A6', 'A7', 'A8', 'A9', 'A10', 'A11', 'A12', 'A13', 'A14', 'A15', 'A16']
    non_credit_card_owners = clients[clients['district_id'].isin(south_bohemia_districts)]['client_id'].count()
    return non_credit_card_owners"
qwen_before_uniform,before,uniform,qwen,130,3,2,True,ok,0,"def count_non_credit_card_holders():
    south_bohemian_clients = clients[clients['district_id'].isin(south_bohemian_district_ids)]
    non_credit_card_holders = south_bohemian_clients[south_bohemian_clients['credit_card_ownership'] == 'No']
    return len(non_credit_card_holders)"
qwen_before_uniform,before,uniform,qwen,130,4,2,True,ok,0,"import pandas as pd

def count_unowned_credit_cards(south_bohemian_districts):
    south_bohemian_clients = client[client['district_id'].isin(south_bohemian_districts)]
    unowned_credit_cards = south_bohemian_clients[south_bohemian_clients['credit_card_status'] == 'unowned']
    return len(unowned_credit_cards)

# Assuming 'south_bohemian_districts' is a list of districts in South Bohemia
south_bohemian_districts = [1, 2, 3]  # Example district IDs
result = count_unowned_credit_cards(south_bohemian_districts)
print(result)"
qwen_before_uniform,before,uniform,qwen,131,0,2,False,ok,1,"import pandas as pd

def highest_active_loan_district(account_df, district_df):
    # Merge the two dataframes on 'district_id'
    merged_df = pd.merge(account_df, district_df, on='district_id')
    
    # Group by 'district_id' and count the number of unique 'account_id's to get active loans
    active_loans_count = merged_df.groupby('district_id').nunique()['account_id']
    
    # Find the district with the highest number of active loans
    highest_active_district = active_loans_count.idxmax()
    
    return highest_active_district"
qwen_before_uniform,before,uniform,qwen,131,1,2,False,ok,1,"import pandas as pd

def highest_active_loan_district(account, district):
    # Group by district and sum the frequency to get total active loans per district
    district_loan_counts = account.groupby('district_id')['frequency'].sum().reset_index()
    
    # Merge the result with the district DataFrame to get district details
    district_loan_counts = district_loan_counts.merge(district, on='district_id')
    
    # Sort the districts by the total number of active loans in descending order
    district_loan_counts_sorted = district_loan_counts.sort_values(by='frequency', ascending=False)
    
    # Get the district with the highest active loan
    highest_active_loan_district = district_loan_counts_sorted.iloc[0]['district_id']
    
    return highest_active_loan_district"
qwen_before_uniform,before,uniform,qwen,131,2,2,False,ok,1,"import pandas as pd

def highest_active_loan_district(account_df, district_df):
    # Merge account and district dataframes on district_id
    merged_df = pd.merge(account_df, district_df, on='district_id')
    
    # Group by district_id and sum the frequency to get total active loans per district
    active_loans_per_district = merged_df.groupby('district_id')['frequency'].sum().reset_index()
    
    # Find the district with the highest number of active loans
    highest_active_loan_district = active_loans_per_district.loc[active_loans_per_district['frequency'].idxmax(), 'district_id']
    
    return highest_active_loan_district"
qwen_before_uniform,before,uniform,qwen,131,3,2,False,ok,1,"import pandas as pd

def highest_active_loan_district(account_df, district_df):
    # Merge account and district dataframes on district_id
    merged_df = pd.merge(account_df, district_df, on='district_id')
    
    # Group by district_id and sum the 'frequency' to get total active loans per district
    district_loans = merged_df.groupby('district_id')['frequency'].sum().reset_index()
    
    # Find the district with the highest number of active loans
    max_loan_district = district_loans.loc[district_loans['frequency'].idxmax()]
    
    return max_loan_district[['district_id', 'A2', 'A3', 'A4', 'A5', 'A6', 'A7', 'A8', 'A9', 'A10', 'A11', 'A12', 'A13', 'A14', 'A15', 'A16']]"
qwen_before_uniform,before,uniform,qwen,131,4,2,False,ok,1,"import pandas as pd

def find_highest_active_loan_district(account_df, district_df):
    # Merge the account and district DataFrames on district_id
    merged_df = pd.merge(account_df, district_df, on='district_id')
    
    # Group by district_id and calculate the sum of frequency to get the total active loans per district
    district_loan_counts = merged_df.groupby('district_id')['frequency'].sum().reset_index()
    
    # Find the district with the highest number of active loans
    highest_loan_district = district_loan_counts.loc[district_loan_counts['frequency'].idxmax()]
    
    return highest_loan_district[['district_id', 'A2', 'A3', 'A4', 'A5', 'A6', 'A7', 'A8', 'A9', 'A10', 'A11', 'A12', 'A13', 'A14', 'A15', 'A16']]"
qwen_before_uniform,before,uniform,qwen,132,0,3,True,ok,1,"import pandas as pd

def avg_loan_amount_by_male_borrowers(client_df, disp_df):
    # Merge the client and disp DataFrames on client_id
    merged_df = pd.merge(client_df, disp_df, on='client_id')
    
    # Filter the DataFrame to include only male borrowers
    male_borrowers_df = merged_df[merged_df['gender'] == 'male']
    
    # Calculate the average loan amount for male borrowers
    avg_loan_amount = male_borrowers_df.groupby('account_id')['type'].mean()
    
    return avg_loan_amount"
qwen_before_uniform,before,uniform,qwen,132,1,3,True,ok,1,"import pandas as pd

def avg_loan_amount_by_male_borrowers(client_df, disp_df):
    # Merge client and disp dataframes on client_id
    merged_df = pd.merge(client_df, disp_df, on='client_id')
    
    # Filter for male borrowers
    male_borrowers_df = merged_df[merged_df['gender'] == 'Male']
    
    # Calculate the average loan amount for male borrowers
    avg_loan_amount = male_borrowers_df.groupby('account_id')['amount'].mean()
    
    return avg_loan_amount"
qwen_before_uniform,before,uniform,qwen,132,2,3,True,ok,1,"import pandas as pd

def average_loan_amount_by_male_borrowers(client_df, disp_df):
    # Merge the client and disp dataframes on client_id
    merged_df = pd.merge(client_df, disp_df, on='client_id')
    
    # Filter the dataframe to include only male borrowers
    male_borrowers_df = merged_df[merged_df['gender'] == 'Male']
    
    # Calculate the average loan amount for male borrowers
    average_loan_amount = male_borrowers_df.groupby('account_id')['type'].mean()
    
    return average_loan_amount"
qwen_before_uniform,before,uniform,qwen,132,3,3,True,ok,1,"import pandas as pd

def average_loan_amount_by_male_borrowers(client_df, disp_df):
    # Filter clients who are male
    male_clients = client_df[client_df['gender'] == 'male']
    
    # Merge client data with disp data to get the account details of male clients
    merged_data = pd.merge(male_clients, disp_df, left_on='client_id', right_on='client_id')
    
    # Calculate the average loan amount
    average_amount = merged_data.groupby('account_id')['type'].mean()
    
    return average_amount"
qwen_before_uniform,before,uniform,qwen,132,4,3,True,ok,1,"import pandas as pd

def average_loan_amount_by_male_borrowers(client_df, disp_df):
    # Merge the client and disp DataFrames on client_id
    merged_df = pd.merge(client_df, disp_df, on='client_id')
    
    # Filter for male borrowers
    male_borrowers = merged_df[merged_df['gender'] == 'male']
    
    # Calculate the average loan amount
    avg_loan_amount = male_borrowers.groupby('account_id')['amount'].mean()
    
    return avg_loan_amount"
qwen_before_uniform,before,uniform,qwen,133,0,0,False,ok,1,"import pandas as pd

def get_highest_unemployment_rate_districts(df_account, df_district):
    # Filter accounts from 1996
    df_filtered = df_account[df_account['date'].dt.year == 1996]
    
    # Group by district_id and calculate average frequency (as an inverse proxy for unemployment rate)
    avg_frequency_by_district = df_filtered.groupby('district_id')['frequency'].mean().reset_index()
    
    # Merge with district information to get district names
    result = pd.merge(avg_frequency_by_district, df_district[['district_id', 'A2']], left_on='district_id', right_on='district_id')
    
    # Sort by average frequency in descending order and select top N districts (e.g., top 5)
    top_districts = result.sort_values(by='frequency', ascending=False).head(5)
    
    return top_districts[['A2']]"
qwen_before_uniform,before,uniform,qwen,133,1,0,False,ok,0,"import pandas as pd

def get_high_unemployment_districts(df_account):
    # Assuming the unemployment rate is calculated based on some specific criteria not provided in the question,
    # here we'll use the frequency of accounts as an example.
    df_account['year'] = pd.to_datetime(df_account['date']).dt.year
    df_1996 = df_account[df_account['year'] == 1996]
    district_counts = df_1996.groupby('district_id')['account_id'].count().reset_index()
    district_counts.columns = ['district_id', 'account_count']
    
    district_info = district_counts.sort_values(by='account_count', ascending=False).head(5)
    high_unemployment_districts = district_info['district_id'].tolist()
    
    return high_unemployment_districts"
qwen_before_uniform,before,uniform,qwen,133,2,0,False,ok,1,"import pandas as pd

def get_high_unemployment_districts():
    # Assuming 'district' DataFrame has columns 'A2', 'A3', 'A4', etc., representing different features of the district
    # Assuming 'account' DataFrame has columns 'date', 'frequency', and 'district_id'
    
    # Convert the 'date' column to datetime format
    account['date'] = pd.to_datetime(account['date'])
    
    # Filter accounts from 1996
    accounts_1996 = account[account['date'].dt.year == 1996]
    
    # Group by 'district_id' and calculate the total number of accounts in 1996
    district_counts = accounts_1996.groupby('district_id').size().reset_index(name='total_accounts')
    
    # Merge the counts with the district table to get additional district information
    high_unemployment_districts = pd.merge(district_counts, district, on='district_id')
    
    # Sort by 'total_accounts' in descending order to find districts with the highest unemployment rates
    high_unemployment_districts_sorted = high_unemployment_districts.sort_values(by='total_accounts', ascending=False)
    
    # Select the top districts (e.g., top 5)
    top_districts = high_unemployment_districts_sorted.head(5)
    
    return top_districts[['A2', 'A3', 'A4', 'total_accounts']]"
qwen_before_uniform,before,uniform,qwen,133,3,0,False,ok,1,"import pandas as pd

def highest_unemployment_rate_1996(district, account):
    # Filter accounts from 1996
    filtered_accounts = account[account['date'].dt.year == 1996]
    
    # Group by district_id and calculate the average frequency to represent unemployment rate
    avg_frequency_by_district = filtered_accounts.groupby('district_id')['frequency'].mean().reset_index()
    
    # Merge with district table to get district_name and branch_location
    result = pd.merge(avg_frequency_by_district, district, on='district_id')
    
    # Sort by average frequency in descending order and select the top N districts (e.g., top 5)
    top_districts = result.sort_values(by='frequency', ascending=False).head(5)
    
    return top_districts[['A2', 'A3', 'A4', 'A5', 'A6', 'A7', 'A8', 'A9', 'A10', 'A11', 'A12', 'A13', 'A14', 'A15', 'A16']]"
qwen_before_uniform,before,uniform,qwen,133,4,0,False,ok,1,"import pandas as pd

def get_high_unemployment_districts():
    # Assuming 'district' DataFrame has columns 'A1' as branch_location and 'A2' as district_name
    # Assuming 'account' DataFrame has columns 'date' and 'frequency'
    
    # Filter accounts from 1996
    accounts_1996 = account[account['date'].str.contains('1996')]
    
    # Group by district_id to calculate the average frequency (proxy for employment rate)
    avg_frequency_by_district = accounts_1996.groupby('district_id')['frequency'].mean().reset_index()
    
    # Merge with district DataFrame to get branch_location and district_name
    high_unemployment_districts = pd.merge(avg_frequency_by_district, district[['district_id', 'A1', 'A2']], on='district_id')
    
    # Sort by average frequency in descending order and select top N districts (e.g., 5)
    high_unemployment_districts_sorted = high_unemployment_districts.sort_values(by='frequency', ascending=False).head(5)
    
    return high_unemployment_districts_sorted[['A1', 'A2']]"
qwen_before_uniform,before,uniform,qwen,134,0,1,False,ok,0,"import pandas as pd

def count_accounts_in_largest_crime_branch(df_account, df_district):
    # Assuming 'A2' column contains the crime data and 'date' column contains the transaction dates
    df_account['year'] = pd.to_datetime(df_account['date']).dt.year
    df_account_1996 = df_account[df_account['year'] == 1996]
    
    # Find the district with the largest number of crimes
    max_crimes_district = df_account_1996['district_id'].value_counts().idxmax()
    
    # Count the number of accounts opened in that district
    accounts_count = df_account[df_account['district_id'] == max_crimes_district]['account_id'].nunique()
    
    return accounts_count"
qwen_before_uniform,before,uniform,qwen,134,1,1,False,ok,0,"import pandas as pd

def count_accounts_in_largest_crime_branch(df_district, df_account):
    # Filter the data for the year 1996
    df_1996 = df_account[df_account['date'].dt.year == 1996]
    
    # Group by district and count the number of accounts per district
    account_counts = df_1996.groupby('district_id').size()
    
    # Find the district with the largest number of accounts
    largest_district = account_counts.idxmax()
    
    # Get the number of accounts in the largest crime branch
    num_accounts = account_counts.loc[largest_district]
    
    return num_accounts"
qwen_before_uniform,before,uniform,qwen,134,2,1,False,ok,1,"import pandas as pd

def count_accounts_in_largest_crime_district(df_account, df_district):
    # Filter accounts opened in 1996
    df_account_1996 = df_account[df_account['date'].str.contains(r'1996')]
    
    # Merge accounts with districts
    merged_df = pd.merge(df_account_1996, df_district, on='district_id')
    
    # Group by district and sum the frequencies
    crime_counts = merged_df.groupby('district_id')['frequency'].sum().reset_index()
    
    # Find the district with the highest crime rate
    max_crime_district = crime_counts.loc[crime_counts['frequency'].idxmax(), 'district_id']
    
    # Count the number of accounts opened in the district with the most crimes
    result = df_account_1996[df_account_1996['district_id'] == max_crime_district]['account_id'].nunique()
    
    return result"
qwen_before_uniform,before,uniform,qwen,134,3,1,False,ok,0,"import pandas as pd

def count_accounts_in_crime_branch(df_account, df_district):
    # Filter the data for the year 1996
    df_1996 = df_account[df_account['date'].dt.year == 1996]
    
    # Group by district and sum up the frequency to find the total number of accounts per district
    account_counts = df_1996.groupby('district_id')['frequency'].sum().reset_index()
    
    # Find the district with the maximum number of accounts
    max_accounts_did = account_counts.loc[account_counts['frequency'].idxmax(), 'district_id']
    
    # Get the corresponding A2 value from the district table
    crime_branch_a2 = df_district[df_district['district_id'] == max_accounts_did]['A2'].values[0]
    
    return crime_branch_a2"
qwen_before_uniform,before,uniform,qwen,134,4,1,False,ok,0,"import pandas as pd

def count_accounts_in_largest_crime_branch(df_district, df_account):
    # Filter the data for the year 1996
    df_account_1996 = df_account[df_account['date'].dt.year == 1996]
    
    # Group by district_id and sum the frequency to get the total number of crimes per district
    crime_counts = df_account_1996.groupby('district_id')['frequency'].sum().reset_index()
    
    # Find the district with the largest number of crimes
    largest_crime_district = crime_counts.loc[crime_counts['frequency'].idxmax(), 'district_id']
    
    # Count the number of accounts opened in the district with the largest number of crimes
    account_count = df_account[df_account['district_id'] == largest_crime_district]['account_id'].nunique()
    
    return account_count"
qwen_before_uniform,before,uniform,qwen,135,0,1,False,ok,1,"import pandas as pd

def calculate_negative_balance_accounts(trans_df, account_df):
    # Filter transactions for credit card withdrawals
    withdrawal_df = trans_df[(trans_df['type'] == 'výdaje') & (trans_df['operation'] == 'mžda')]
    
    # Merge with account data to get district information
    merged_df = pd.merge(withdrawal_df, account_df, on='account_id')
    
    # Filter accounts with monthly issuance and negative balance
    result_df = merged_df[(merged_df['frequency'] == 1) & (merged_df['balance'] < 0)]
    
    return len(result_df)"
qwen_before_uniform,before,uniform,qwen,135,1,1,False,ok,1,"import pandas as pd

def count_negative_balance_accounts(trans_df, account_df):
    # Filter transactions for credit card withdrawals
    withdrawal_df = trans_df[(trans_df['type'] == 'Kredit') & (trans_df['operation'] == 'Výdaj')]
    
    # Join with account data to get district information
    joined_df = pd.merge(withdrawal_df, account_df, on='account_id')
    
    # Filter accounts with monthly issuance and negative balance after withdrawal
    negative_balance_accounts = joined_df[joined_df['balance'] < 0]
    
    # Count distinct account IDs with negative balance
    result_count = negative_balance_accounts['account_id'].nunique()
    
    return result_count"
qwen_before_uniform,before,uniform,qwen,135,2,1,False,ok,1,"import pandas as pd

def count_negative_balance_accounts(trans_df, account_df):
    # Filter transactions to include only credit card withdrawals
    withdrawal_transactions = trans_df[(trans_df['type'] == 'Kredit') & (trans_df['operation'] == 'Výdaj')]
    
    # Merge with account data to get district_id and other details
    merged_data = pd.merge(withdrawal_transactions, account_df, on='account_id')
    
    # Filter accounts with monthly issuance
    monthly_issuance_accounts = merged_data[merged_data['frequency'] == 12]
    
    # Check if the balance is negative after the transaction
    monthly_issuance_accounts['negative_balance'] = monthly_issuance_accounts['balance'] < 0
    
    # Count the number of accounts with negative balance
    negative_balance_count = monthly_issuance_accounts['negative_balance'].sum()
    
    return negative_balance_count"
qwen_before_uniform,before,uniform,qwen,135,3,1,False,ok,1,"import pandas as pd

def count_negative_balances(df_trans, df_account):
    # Filter transactions for credit card withdrawals
    credit_card_withdrawals = df_trans[(df_trans['type'] == 'Kreditovana kartou') & (df_trans['operation'] == 'Vydání')]
    
    # Merge with account data to get district_id and other relevant information
    merged_df = pd.merge(credit_card_withdrawals, df_account, on='account_id')
    
    # Filter accounts with monthly issuance
    monthly_issuance_accounts = merged_df[merged_df['frequency'] == 'Měsíční']
    
    # Count accounts with negative balance
    negative_balance_count = monthly_issuance_accounts[monthly_issuance_accounts['balance'] < 0].shape[0]
    
    return negative_balance_count"
qwen_before_uniform,before,uniform,qwen,135,4,1,False,ok,1,"import pandas as pd

def count_negative_balances(trans_df, account_df):
    # Filter transactions for credit card withdrawals
    credit_card_withdrawals = trans_df[(trans_df['type'] == 'credit card') & (trans_df['operation'] == 'withdrawal')]
    
    # Merge with account data to get district_id and other relevant information
    merged_data = pd.merge(credit_card_withdrawals, account_df, on='account_id')
    
    # Filter accounts with monthly issuance
    monthly_issuance_accounts = merged_data[merged_data['frequency'] == 'monthly']
    
    # Count accounts with negative balance
    negative_balance_count = monthly_issuance_accounts[monthly_issuance_accounts['balance'] < 0]['account'].nunique()
    
    return negative_balance_count"
qwen_before_uniform,before,uniform,qwen,136,0,1,False,ok,1,"import pandas as pd

def count_approved_loans(df_account, df_loan):
    # Filter accounts between 1/1/1995 and 12/31/1997 with frequency 'monthly'
    filtered_accounts = df_account[(df_account['date'] >= '1995-01-01') & 
                                  (df_account['date'] <= '1997-12-31') & 
                                  (df_account['frequency'] == 'monthly')]
    
    # Merge filtered accounts with loans to get relevant loan information
    merged_df = pd.merge(filtered_accounts, df_loan, on='account_id')
    
    # Filter loans with amount >= 250,000 and status 'approved'
    approved_loans = merged_df[(merged_df['amount'] >= 250000) & 
                              (merged_df['status'] == 'approved')]
    
    # Count the number of unique approved loans per account
    result = approved_loans.groupby('account_id').size().reset_index(name='count_of_approved_loans')
    
    return result"
qwen_before_uniform,before,uniform,qwen,136,1,1,False,ok,1,"import pandas as pd

def count_approved_loans(df_account, df_loan):
    # Filter accounts between 1/1/1995 and 12/31/1997 with monthly statement issuance
    filtered_accounts = df_account[(df_account['date'] >= '1995-01-01') & 
                                 (df_account['date'] <= '1997-12-31') & 
                                 (df_account['frequency'] == 'monthly')]
    
    # Merge the filtered accounts with the loan DataFrame
    merged_df = pd.merge(filtered_accounts, df_loan, on='account_id')
    
    # Filter loans with an amount of at least 250,000
    filtered_loans = merged_df[merged_df['amount'] >= 250000]
    
    # Count the number of approved loans
    approved_count = filtered_loans[filtered_loans['status'] == 'approved'].shape[0]
    
    return approved_count"
qwen_before_uniform,before,uniform,qwen,136,2,1,False,ok,1,"import pandas as pd

def count_approved_loans(data):
    # Filter data between 1/1/1995 and 12/31/1997
    filtered_data = data[(data['date'] >= '1995-01-01') & (data['date'] <= '1997-12-31')]
    
    # Join account and loan dataframes on account_id
    joined_data = pd.merge(filtered_data, loan, on='account_id')
    
    # Filter accounts with frequency 'monthly' and status 'approved'
    approved_loans = joined_data[(joined_data['frequency'] == 'monthly') & (joined_data['status'] == 'approved')]
    
    # Group by account_id and sum the amounts to ensure each account's total is considered
    total_amount_per_account = approved_loans.groupby('account_id')['amount'].sum()
    
    # Count the number of accounts where the total amount is at least 250,000
    result = (total_amount_per_account >= 250000).sum()
    
    return result"
qwen_before_uniform,before,uniform,qwen,136,3,1,False,ok,1,"import pandas as pd

def count_approved_loans(df_account, df_loan):
    # Filter accounts between 1/1/1995 and 12/31/1997 with frequency 'M'
    filtered_accounts = df_account[(df_account['date'] >= '1995-01-01') & 
                                 (df_account['date'] <= '1997-12-31') & 
                                 (df_account['frequency'] == 'M')]
    
    # Merge filtered accounts with loans to get relevant data
    merged_data = pd.merge(filtered_accounts, df_loan, on='account_id')
    
    # Filter loans with amount >= 250,000 and status 'approved'
    approved_loans = merged_data[(merged_data['amount'] >= 250000) & 
                                (merged_data['status'] == 'approved')]
    
    # Count the number of unique approved loans per account
    result = approved_loans.groupby('account_id').size().reset_index(name='count_of_approved_loans')
    
    return result"
qwen_before_uniform,before,uniform,qwen,136,4,1,False,ok,1,"import pandas as pd

def count_approved_loans(df_account, df_loan):
    # Filter accounts between 1/1/1995 and 12/31/1997 with monthly statement issuance
    filtered_accounts = df_account[(df_account['date'] >= '1995-01-01') & 
                                 (df_account['date'] <= '1997-12-31') & 
                                 (df_account['frequency'] == 'monthly')]
    
    # Join the filtered accounts with the loan DataFrame to get the loan details
    merged_df = pd.merge(filtered_accounts, df_loan, on='account_id')
    
    # Filter the joined DataFrame to include only loans of at least 250,000
    approved_loans = merged_df[merged_df['amount'] >= 250000]
    
    # Count the number of unique approved loans per account
    result = approved_loans.groupby('account_id').size().reset_index(name='count')
    
    return result"
qwen_before_uniform,before,uniform,qwen,137,0,2,False,ok,0,"def count_running_contracts_in_branch_1(accounts_df):
    # Filter the DataFrame to include only rows where branch is 'Branch location 1'
    filtered_accounts = accounts_df[accounts_df['district_id'] == 1]
    # Count the number of unique account IDs in the filtered DataFrame
    return len(filtered_accounts['account_id'].unique())"
qwen_before_uniform,before,uniform,qwen,137,1,2,False,ok,0,"def count_running_contracts(df_account):
    return df_account[(df_account['district_id'] == 1) & (df_account['frequency'] > 0)].shape[0]"
qwen_before_uniform,before,uniform,qwen,137,2,2,False,ok,0,"def count_running_contracts_in_branch_1(account_df):
    return account_df[account_df['district_id'] == 'Branch1']['account_id'].nunique()"
qwen_before_uniform,before,uniform,qwen,137,3,2,False,ok,0,"def count_running_contracts_in_branch_1(account_df):
    return account_df[(account_df['district_id'] == 1) & (account_df['frequency'] > 0)].shape[0]"
qwen_before_uniform,before,uniform,qwen,137,4,2,False,ok,0,"def count_running_contracts_in_branch_1(accounts_df):
    # Filter the DataFrame to include only rows where the district is 1 and the frequency is 'running'
    filtered_accounts = accounts_df[(accounts_df['district_id'] == 1) & (accounts_df['frequency'] == 'running')]
    # Return the number of such accounts
    return len(filtered_accounts)"
qwen_before_uniform,before,uniform,qwen,138,0,1,False,ok,0,"import pandas as pd

def count_male_clients_in_crime_branch(df_client, df_district):
    # Assuming 'crimes' is a DataFrame containing crime data with columns 'district_id', 'crime_year', and 'gender'
    crimes = pd.read_csv('path_to_crimes_data.csv')  # Replace with actual path to crimes data
    
    # Filter crimes from 1995 and get the district with the second-highest number of crimes
    crimes_1995 = crimes[crimes['crime_year'] == 1995]
    top_two_districts = crimes_1995.groupby('district_id').size().nlargest(2).index.tolist()
    
    # Filter clients based on the top two districts and count males
    filtered_clients = df_client[df_client['district_id'].isin(top_two_districts)]
    male_count = filtered_clients[filtered_clients['gender'] == 'male']['client_id'].count()
    
    return male_count"
qwen_before_uniform,before,uniform,qwen,138,1,1,False,ok,0,"import pandas as pd

def count_male_clients_in_second_highest_crime_branch(clients_df, districts_df):
    # Assuming the crime data is stored in a separate DataFrame called 'crimes'
    # and it has columns 'client_id', 'crime_year', 'district_id'
    crimes = pd.read_csv('path_to_crimes_data.csv')
    
    # Filter crimes from 1995
    crimes_1995 = crimes[crimes['crime_year'] == 1995]
    
    # Group by district_id and count the number of crimes
    crime_counts = crimes_1995.groupby('district_id').size().reset_index(name='crime_count')
    
    # Find the second-highest number of crimes
    second_highest_crime = crime_counts.nlargest(2, 'crime_count')['crime_count'].iloc[1]
    
    # Filter districts with the second-highest number of crimes
    second_highest_districts = crime_counts[crime_counts['crime_count'] == second_highest_crime]['district_id']
    
    # Join with clients DataFrame to get gender information
    clients_in_second_highest_districts = clients_df[clients_df['district_id'].isin(second_highest_districts)]
    
    # Count the number of male clients
    male_clients_count = clients_in_second_highest_districts[clients_in_second_highest_districts['gender'] == 'male']['client_id'].count()
    
    return male_clients_count"
qwen_before_uniform,before,uniform,qwen,138,2,1,False,ok,1,"import pandas as pd

def count_male_clients_in_crime_branch(df_client, df_district):
    # Filter clients born in 1995
    clients_1995 = df_client[(df_client['birth_date'].dt.year == 1995) & (df_client['gender'] == 'Male')]
    
    # Merge clients with districts to get district information
    clients_with_districts = pd.merge(clients_1995, df_district, left_on='district_id', right_index=True)
    
    # Group by district and sum up the crimes
    crime_counts_by_district = clients_with_districts.groupby('district_id')['A1'].sum()
    
    # Find the district with the second highest number of crimes
    second_highest_crime_district = crime_counts_by_district.nlargest(2).index[-1]
    
    # Count the number of male clients in that district
    result = len(clients_with_districts[clients_with_districts['district_id'] == second_highest_crime_district])
    
    return result"
qwen_before_uniform,before,uniform,qwen,138,3,1,False,ok,0,"import pandas as pd

def count_male_clients_in_second_highest_crime_branch():
    # Assuming 'crimes' is the DataFrame containing crime data with columns 'client_id', 'crime_year'
    # and 'district_id'.
    crimes_1995 = crimes[crimes['crime_year'] == 1995]
    second_highest_district = crimes_1995['district_id'].value_counts().index[1]
    male_clients = client[(client['gender'] == 'Male') & (client['district_id'] == second_highest_district)]
    return len(male_clients)"
qwen_before_uniform,before,uniform,qwen,138,4,1,False,ok,1,"import pandas as pd

def count_male_clients_in_second_highest_crime_branch():
    # Merge client and district dataframes on district_id
    merged_df = pd.merge(client, district, on='district_id')
    
    # Filter records from 1995
    filtered_df = merged_df[merged_df['birth_date'].dt.year == 1995]
    
    # Group by A2 (assuming A2 represents the branch) and count the number of crimes per branch
    crime_counts = filtered_df.groupby('A2').size().reset_index(name='crime_count')
    
    # Find the second-highest number of crimes
    second_highest_crimes = crime_counts.nlargest(2, 'crime_count')['crime_count'].iloc[0]
    
    # Filter branches with the second-highest number of crimes
    second_highest_branches = crime_counts[crime_counts['crime_count'] == second_highest_crimes]['A2']
    
    # Count the number of male clients in these branches
    male_clients_count = filtered_df[filtered_df['gender'] == 'male'][filtered_df['A2'].isin(second_highest_branches)].shape[0]
    
    return male_clients_count"
qwen_before_uniform,before,uniform,qwen,139,0,1,True,ok,1,"import pandas as pd

def count_high_level_credit_cards(cards_df, disps_df):
    # Merge the two dataframes on 'disp_id' to get the client information for each card
    merged_df = pd.merge(cards_df, disps_df, on='disp_id')
    
    # Filter the rows where the card type is 'CREDIT' and the disposition type is 'OWNER'
    filtered_df = merged_df[(merged_df['type_x'] == 'CREDIT') & (merged_df['type_y'] == 'OWNER')]
    
    # Count the number of unique cards that meet the criteria
    count = len(filtered_df['card_id'].unique())
    
    return count"
qwen_before_uniform,before,uniform,qwen,139,1,1,True,ok,1,"def count_high_level_credit_cards(df_card, df_disp):
    # Merge the two dataframes on 'disp_id'
    merged_df = pd.merge(df_card, df_disp, on='disp_id')
    
    # Filter rows where 'type' in 'card' is 'CREDIT' and 'type' in 'disp' is 'OWNER'
    filtered_df = merged_df[(merged_df['type_x'] == 'CREDIT') & (merged_df['type_y'] == 'OWNER')]
    
    # Count the number of unique 'client_id's
    count_owner_cards = len(filtered_df['client_id'].unique())
    
    return count_owner_cards"
qwen_before_uniform,before,uniform,qwen,139,2,1,True,ok,1,"def count_high_level_credit_cards_owner_type():
    # Filter the 'card' DataFrame to get only high-level credit cards
    high_level_credit_cards = card[card['type'] == 'credit_card']
    
    # Merge the filtered 'card' DataFrame with the 'disp' DataFrame on 'card_id'
    merged_df = pd.merge(high_level_credit_cards, disp, left_on='card_id', right_on='account_id')
    
    # Filter the merged DataFrame to get only those with 'OWNER' type of disposition
    owner_disp_records = merged_df[merged_df['type_x'] == 'OWNER']
    
    # Return the count of such records
    return len(owner_disp_records)"
qwen_before_uniform,before,uniform,qwen,139,3,1,True,ok,1,"def count_high_level_credit_cards(cards_df, disps_df):
    # Filter the 'card' DataFrame to get only 'credit_card' and 'high_level' types
    credit_cards = cards_df[(cards_df['type'] == 'credit_card') & (cards_df['issued'] == 'high_level')]
    
    # Merge the filtered 'card' DataFrame with the 'disp' DataFrame on 'card_id'
    merged_df = pd.merge(credit_cards, disps_df, left_on='card_id', right_on='account_id')
    
    # Filter the merged DataFrame to get only rows where 'disp_type' is 'OWNER'
    owner_disp_rows = merged_df[merged_df['type'] == 'OWNER']
    
    # Return the number of such rows
    return len(owner_disp_rows)"
qwen_before_uniform,before,uniform,qwen,139,4,1,True,ok,1,"def count_high_level_credit_cards(df_card, df_disp):
    # Merge the card and disp DataFrames on 'disp_id'
    merged_df = pd.merge(df_card, df_disp, on='disp_id')
    # Filter rows where 'type' in card is 'CREDIT' and 'type' in disp is 'OWNER'
    filtered_df = merged_df[(merged_df['type_x'] == 'CREDIT') & (merged_df['type_y'] == 'OWNER')]
    # Return the count of such records
    return len(filtered_df)"
qwen_before_uniform,before,uniform,qwen,140,0,1,False,ok,0,"import pandas as pd

def count_accounts_in_pisek(account_df, district_df):
    pisek_district = district_df[district_df['district_name'] == 'Pisek']
    pisek_account_ids = pisek_district['district_id'].values
    pisek_accounts = account_df[account_df['district_id'].isin(pisek_account_ids)]
    return len(pisek_accounts)"
qwen_before_uniform,before,uniform,qwen,140,1,1,False,ok,0,"import pandas as pd

def count_accounts_in_pisek(account_df, district_df):
    pisek_district = district_df[district_df['district_id'] == 'Pisek']
    pisek_account_ids = pisek_district['account_id'].unique()
    pisek_accounts = account_df[account_df['account_id'].isin(pisek_account_ids)]
    return len(pisek_accounts)"
qwen_before_uniform,before,uniform,qwen,140,2,1,False,ok,0,"def count_accounts_in_pisek(account_df, district_df):
    pisek_district = district_df[district_df['district_id'] == 'Pisek']
    pisek_account_ids = pisek_district['account_id'].unique()
    pisek_accounts = account_df[account_df['account_id'].isin(pisek_account_ids)]
    return len(pisek_accounts)"
qwen_before_uniform,before,uniform,qwen,140,3,1,False,ok,0,"def count_accounts_in_pisek(account, district):
    pisek_district = district[district['district_id'] == 'Pisek']
    pisek_account_ids = pisek_district['account_id'].unique()
    return len(account[account['account_id'].isin(pisek_account_ids)])"
qwen_before_uniform,before,uniform,qwen,140,4,1,False,ok,0,"import pandas as pd

def count_accounts_in_pisek(account_df, district_df):
    pisek_district_id = district_df[district_df['district_name'] == 'Pisek']['district_id'].values[0]
    pisek_accounts = account_df[account_df['district_id'] == pisek_district_id]
    return len(pisek_accounts)"
qwen_before_uniform,before,uniform,qwen,141,0,2,False,ok,1,"import pandas as pd

def get_districts_with_high_transactions(account_df, district_df):
    # Filter transactions greater than USS$10,000 in 1997
    high_transaction_accounts = account_df[(account_df['date'].dt.year == 1997) & (account_df['frequency'] > 10000)]
    
    # Get the district IDs from the filtered accounts
    district_ids = high_transaction_accounts['district_id']
    
    # Join with the district DataFrame to get the district information
    result = pd.merge(district_ids, district_df, on='district_id')
    
    return result[['district_id', 'A2', 'A3', 'A4', 'A5', 'A6', 'A7', 'A8', 'A9', 'A10', 'A11', 'A12', 'A13', 'A14', 'A15', 'A16']]"
qwen_before_uniform,before,uniform,qwen,141,1,2,False,ok,0,"import pandas as pd

def get_districts_with_large_transactions(account_df, district_df):
    # Filter the account DataFrame to include only records from 1997
    filtered_account = account_df[account_df['date'].dt.year == 1997]
    
    # Group by district_id and sum up the 'frequency' column to get total transactions per district
    transaction_sum = filtered_account.groupby('district_id')['frequency'].sum()
    
    # Filter districts with transactions greater than USS$10,000
    large_transaction_districts = transaction_sum[transaction_sum > 10000].index
    
    # Map district_ids to their corresponding district names using the district DataFrame
    district_names = district_df.loc[district_df['district_id'].isin(large_transaction_districts), ['district_id', 'A2']]
    
    return district_names"
qwen_before_uniform,before,uniform,qwen,141,2,2,False,ok,1,"import pandas as pd

def find_high_transaction_districts(account_df, district_df):
    # Filter transactions greater than USS$10,000 in 1997
    filtered_accounts = account_df[(account_df['date'].str.contains(r'1997')) & (account_df['frequency'] > 10000)]
    
    # Merge with district table to get district details
    high_transaction_districts = pd.merge(filtered_accounts, district_df, on='district_id')
    
    return high_transaction_districts[['district_id', 'A2', 'A3', 'A4', 'A5', 'A6', 'A7', 'A8', 'A9', 'A10', 'A11', 'A12', 'A13', 'A14', 'A15', 'A16']]"
qwen_before_uniform,before,uniform,qwen,141,3,2,False,ok,1,"import pandas as pd

def find_high_transaction_districts(account_df, district_df):
    # Filter accounts for the year 1997 and total transaction amount greater than $10,000
    filtered_accounts = account_df[(account_df['date'].dt.year == 1997) & (account_df['frequency'] > 10000)]
    
    # Group by district_id and sum the frequency to get total transaction amount per district
    district_transactions = filtered_accounts.groupby('district_id')['frequency'].sum().reset_index()
    
    # Merge with district DataFrame to get district details
    high_transaction_districts = pd.merge(district_transactions, district_df, on='district_id')
    
    return high_transaction_districts[['district_id', 'A2', 'A3', 'A4', 'A5', 'A6', 'A7', 'A8', 'A9', 'A10', 'A11', 'A12', 'A13', 'A14', 'A15', 'A16']]"
qwen_before_uniform,before,uniform,qwen,141,4,2,False,ok,0,"import pandas as pd

def find_high_transaction_districts(account_df, district_df):
    # Filter accounts from 1997 and sum up the frequency to get total transaction amount per account
    filtered_accounts = account_df[account_df['date'].dt.year == 1997]
    aggregated_accounts = filtered_accounts.groupby('district_id').sum()['frequency']
    
    # Identify districts with total transaction amount greater than $10,000
    high_transaction_districts = aggregated_accounts[aggregated_accounts > 10000].index
    
    # Get district details for those districts
    result = district_df.loc[high_transaction_districts]
    
    return result"
qwen_before_uniform,before,uniform,qwen,142,0,2,False,ok,0,"import pandas as pd

def get_accounts_for_household_payment_in_pisek(trans, account):
    # Filter transactions for household payments to Pisek
    household_payments = trans[(trans['type'] == 'U') & (trans['k_symbol'].str.contains('Pisek'))]
    
    # Get unique account IDs from the filtered transactions
    account_ids = household_payments['account_id'].unique()
    
    return account_ids"
qwen_before_uniform,before,uniform,qwen,142,1,2,False,ok,1,"import pandas as pd

def find_accounts_for_household_payment_pisek(trans_df, account_df):
    # Filter transactions for 'PLATBURO' operations and 'Pisek' district
    filtered_trans = trans_df[trans_df['operation'] == 'PLATBURO']
    filtered_account = account_df[account_df['district_id'] == 'Pisek']
    
    # Merge filtered transactions with account information to get account IDs
    result = pd.merge(filtered_trans, filtered_account, on='account_id')
    
    # Get unique account IDs that meet the criteria
    unique_account_ids = result['account_id'].unique()
    
    return unique_account_ids"
qwen_before_uniform,before,uniform,qwen,142,2,2,False,ok,1,"import pandas as pd

def get_household_payment_accounts(df_trans, df_account):
    # Filter transactions for 'PLATBA' (payment) and 'Pisek' district
    filtered_df = df_trans[(df_trans['type'] == 'PLATBA') & 
                          (df_trans['k_symbol'].str.contains('Pisek'))]
    
    # Merge with account data to get district_id for each transaction
    merged_df = pd.merge(filtered_df, df_account, on='account_id')
    
    # Get unique account_ids that meet the criteria
    result = merged_df['account_id'].unique()
    
    return result"
qwen_before_uniform,before,uniform,qwen,142,3,2,False,ok,0,"def find_accounts_for_household_payment_in_pisek(trans, account):
    # Filter transactions for 'Platba domaci uchylka' and 'Pisek'
    filtered_trans = trans[(trans['type'] == 'Platba domaci uchylka') & (trans['k_symbol'] == 'Pisek')]
    
    # Get unique account IDs from the filtered transactions
    account_ids = filtered_trans['account_id'].unique()
    
    # Return the DataFrame containing the filtered accounts
    return account[account['account_id'].isin(account_ids)]"
qwen_before_uniform,before,uniform,qwen,142,4,2,False,ok,0,"import pandas as pd

def get_accounts_for_household_payment_in_pisek(trans_df, account_df):
    # Filter transactions for 'Uplatka do' type and 'Pisek' k_symbol
    filtered_trans = trans_df[(trans_df['type'] == 'Uplatka do') & (trans_df['k_symbol'] == 'Pisek')]
    
    # Get unique account_ids from the filtered transactions
    account_ids = filtered_trans['account_id'].unique()
    
    # Filter accounts to only include those in Pisek district
    pisek_accounts = account_df[account_df['district_id'] == 'Pisek']
    
    # Find intersection of account_ids from filtered transactions and Pisek accounts
    result = pisek_accounts[pisek_accounts['account_id'].isin(account_ids)]
    
    return result"
qwen_before_uniform,before,uniform,qwen,143,0,1,True,ok,0,"import pandas as pd

def get_accounts_with_gold_credit_cards(card_df):
    # Filter the DataFrame to include only rows where the card type is 'gold'
    gold_cards = card_df[card_df['type'] == 'gold']
    
    # Get the unique account IDs associated with gold credit cards
    accounts_with_gold_cards = gold_cards['account_id'].unique()
    
    return accounts_with_gold_cards"
qwen_before_uniform,before,uniform,qwen,143,1,1,True,ok,0,"def get_accounts_with_gold_credit_cards(card_df):
    # Filter the card DataFrame to find rows where the type is 'gold'
    gold_cards = card_df[card_df['type'] == 'gold']
    
    # Extract the disp_id from the gold_cards DataFrame
    disp_ids_with_gold_cards = gold_cards['disp_id']
    
    # Return the unique disp_ids which represent the accounts with gold credit cards
    return disp_ids_with_gold_cards.unique()"
qwen_before_uniform,before,uniform,qwen,143,2,1,True,ok,1,"import pandas as pd

def get_accounts_with_gold_credit_cards(disp_df, card_df):
    # Merge the disp and card DataFrames on disp_id to get card details for each display
    merged_df = pd.merge(disp_df, card_df, on='disp_id')
    
    # Filter the merged DataFrame to include only rows where the card type is 'gold'
    gold_cards_df = merged_df[merged_df['type'] == 'gold']
    
    # Select the distinct account IDs from the filtered DataFrame
    unique_account_ids = gold_cards_df[['account_id']].drop_duplicates()
    
    return unique_account_ids"
qwen_before_uniform,before,uniform,qwen,143,3,1,True,ok,1,"import pandas as pd

def get_accounts_with_gold_credit_cards(disp_df, card_df):
    # Filter the card DataFrame to find records with 'gold' credit cards
    gold_cards = card_df[card_df['type'] == 'gold']
    
    # Join the disp DataFrame with the filtered card DataFrame on disp_id
    joined_df = pd.merge(gold_cards, disp_df, on='disp_id')
    
    # Select unique account_ids from the joined DataFrame
    unique_accounts = joined_df['account_id'].unique()
    
    return unique_accounts"
qwen_before_uniform,before,uniform,qwen,143,4,1,True,ok,1,"import pandas as pd

def get_accounts_with_gold_credit_cards(disp_df, card_df):
    # Merge the disp and card DataFrames on 'disp_id' to link each display with its card information
    merged_df = pd.merge(disp_df, card_df, on='disp_id')
    
    # Filter the DataFrame to include only rows where the card type is 'gold'
    gold_card_accounts = merged_df[merged_df['type'] == 'gold']['account_id']
    
    return gold_card_accounts"
qwen_before_uniform,before,uniform,qwen,144,0,3,True,ok,1,"import pandas as pd

def avg_credit_card_amount(df_card, df_disp):
    # Filter the data for the year 2021 and credit card type
    filtered_data = df_card[(df_card['issued'].dt.year == 2021) & (df_card['type'] == 'credit')]
    
    # Merge the card DataFrame with the disp DataFrame to get the account information
    merged_data = pd.merge(filtered_data, df_disp, left_on='card_id', right_on='account_id')
    
    # Calculate the average amount of credit card transactions per month
    avg_amount = merged_data.groupby(merged_data['issued'].dt.to_period('M'))['amount'].mean()
    
    return avg_amount"
qwen_before_uniform,before,uniform,qwen,144,1,3,True,ok,1,"import pandas as pd

def calculate_average_credit_card_amount():
    # Join card and disp tables on disp_id
    joined_tables = pd.merge(card, disp, on='disp_id')
    
    # Filter rows where the year is 2021 and the card type is 'credit'
    filtered_data = joined_tables[(joined_tables['issued'].dt.year == 2021) & (joined_tables['type'] == 'credit')]
    
    # Calculate the average amount of credit card transactions
    average_amount = filtered_data['amount'].mean()
    
    return average_amount"
qwen_before_uniform,before,uniform,qwen,144,2,3,True,ok,1,"import pandas as pd

def calculate_average_credit_card_amount(card_df, disp_df):
    # Filter the data for the year 2021 and credit card type
    filtered_data = card_df[(card_df['issued'].dt.year == 2021) & (card_df['type'] == 'credit')]
    
    # Merge the filtered data with the disp DataFrame to get account information
    merged_data = pd.merge(filtered_data, disp_df, left_on='disp_id', right_on='disp_id')
    
    # Calculate the average amount in credit card per account holder per month
    average_amount = merged_data.groupby(['client_id', merged_data['issued'].dt.month])['amount'].mean().reset_index()
    
    return average_amount"
qwen_before_uniform,before,uniform,qwen,144,3,3,True,ok,1,"import pandas as pd

def avg_credit_card_amount():
    # Merge card and disp tables on disp_id
    merged_df = pd.merge(card, disp, on='disp_id')
    
    # Filter rows where type in card table is 'credit_card'
    filtered_df = merged_df[merged_df['type'] == 'credit_card']
    
    # Convert issued column to datetime format and extract year and month
    filtered_df['issued'] = pd.to_datetime(filtered_df['issued'])
    filtered_df['year'] = filtered_df['issued'].dt.year
    filtered_df['month'] = filtered_df['issued'].dt.month
    
    # Filter rows for year 2021
    year_2021_df = filtered_df[(filtered_df['year'] == 2021)]
    
    # Calculate average amount for each account holder in a month
    avg_amount = year_2021_df.groupby(['client_id', 'month'])['amount'].mean().reset_index()
    
    return avg_amount"
qwen_before_uniform,before,uniform,qwen,144,4,3,True,ok,1,"import pandas as pd

def avg_credit_card_amount(card_df, disp_df):
    # Filter data for year 2021 and credit cards
    filtered_data = card_df[(card_df['issued'].dt.year == 2021) & (card_df['type'] == 'credit')]
    
    # Merge with disp table to get account information
    merged_data = pd.merge(filtered_data, disp_df, left_on='account_id', right_on='account_id')
    
    # Calculate average credit card amount
    avg_amount = merged_data['amount'].mean()
    
    return avg_amount"
qwen_before_uniform,before,uniform,qwen,145,0,1,False,ok,1,"import pandas as pd

def find_accounts_with_low_credit_card_transactions(trans_df, account_df):
    # Filter transactions for the year 1998 and type 'credit card'
    filtered_trans = trans_df[(trans_df['date'].dt.year == 1998) & (trans_df['type'] == 'credit card')]
    
    # Calculate the average transaction amount for credit cards in 1998
    avg_amount = filtered_trans['amount'].mean()
    
    # Filter transactions where the amount is less than the average
    low_amount_trans = filtered_trans[filtered_trans['amount'] < avg_amount]
    
    # Join with the account table to get the account holder identification numbers
    result = pd.merge(low_amount_trans, account_df, on='account_id')
    
    # Select only the distinct account holder identification numbers
    result = result[['account_id']].drop_duplicates()
    
    return result"
qwen_before_uniform,before,uniform,qwen,145,1,1,False,ok,0,"import pandas as pd

def get_low_amount_credit_card_transactions(trans_df, account_df):
    # Filter transactions for the year 1998 and type 'credit card'
    filtered_trans = trans_df[(trans_df['date'].dt.year == 1998) & (trans_df['type'] == 'credit card')]
    
    # Calculate the average transaction amount for credit cards in 1998
    avg_amount = filtered_trans['amount'].mean()
    
    # Filter transactions where the amount is less than the average
    low_amount_trans = filtered_trans[filtered_trans['amount'] < avg_amount]
    
    # Get unique account IDs from these transactions
    result = low_amount_trans['account_id'].unique()
    
    return result"
qwen_before_uniform,before,uniform,qwen,145,2,1,False,ok,0,"import pandas as pd

def get_credit_card_transactions_less_than_average(df_trans, df_account):
    # Filter transactions for credit cards in 1998
    credit_card_transactions = df_trans[(df_trans['type'] == 'Kredit') & (df_trans['date'].dt.year == 1998)]
    
    # Calculate the average transaction amount for credit cards in 1998
    average_amount = credit_card_transactions['amount'].mean()
    
    # Identify transactions where the amount is less than the average
    low_amount_transactions = credit_card_transactions[credit_card_transactions['amount'] < average_amount]
    
    # Get unique account IDs from the filtered transactions
    result = low_amount_transactions[['account_id']].drop_duplicates()
    
    return result"
qwen_before_uniform,before,uniform,qwen,145,3,1,False,ok,0,"import pandas as pd

def find_low_transaction_accounts(trans_df, account_df):
    # Filter transactions from 1998
    trans_1998 = trans_df[trans_df['date'].str.contains(r'1998')]
    
    # Calculate average transaction amount for all accounts in 1998
    avg_amount = trans_1998['amount'].mean()
    
    # Filter transactions where amount is less than the average
    low_transaction_trans = trans_1998[trans_1998['amount'] < avg_amount]
    
    # Get unique account IDs with low transactions
    low_transaction_accounts = low_transaction_trans['account_id'].unique()
    
    return low_transaction_accounts"
qwen_before_uniform,before,uniform,qwen,145,4,1,False,ok,0,"import pandas as pd

def find_accounts_with_low_credit_card_transactions(trans_df, account_df):
    # Filter transactions for the year 1998 and credit card operations
    filtered_trans = trans_df[(trans_df['date'].dt.year == 1998) & (trans_df['type'] == 'credit')]
    
    # Calculate the average transaction amount for credit cards in 1998
    avg_amount = filtered_trans['amount'].mean()
    
    # Filter accounts with transactions less than the average amount
    low_transaction_accounts = filtered_trans[filtered_trans['amount'] < avg_amount]['account_id']
    
    return low_transaction_accounts"
qwen_before_uniform,before,uniform,qwen,146,0,3,True,ok,1,"import pandas as pd

def female_credit_card_holders_with_loans(client_df, disp_df):
    # Filter clients who are female
    female_clients = client_df[client_df['gender'] == 'female']
    
    # Get the client IDs of those who have credit card accounts
    credit_card_client_ids = disp_df[(disp_df['type'] == 'CC')]['client_id'].unique()
    
    # Find the intersection of female clients and those with credit card accounts
    female_credit_card_holders = female_clients[female_clients['client_id'].isin(credit_card_client_ids)]
    
    # Now find which of these have loans
    loan_accounts = disp_df[(disp_df['type'] == 'LOAN') & (disp_df['client_id'].isin(female_credit_card_holders['client_id']))]
    
    # Return the final DataFrame containing the required information
    return female_credit_card_holders.merge(loan_accounts[['client_id', 'account_id']], on='client_id')"
qwen_before_uniform,before,uniform,qwen,146,1,3,True,ok,0,"import pandas as pd

def find_female_account_holders_with_credit_cards_and_loans(client_df, disp_df):
    # Filter clients to get only females
    female_clients = client_df[client_df['gender'] == 'female']
    
    # Get clients who own credit cards
    credit_card_owners = disp_df[(disp_df['type'] == 'ccard')]['client_id'].unique()
    
    # Get clients who have loans
    loan_holders = disp_df[(disp_df['type'] == 'loan')]['client_id'].unique()
    
    # Find common clients who are female, own credit cards, and have loans
    result = female_clients[female_clients['client_id'].isin(credit_card_owners) & 
                           female_clients['client_id'].isin(loan_holders)]
    
    return result[['client_id', 'gender', 'birth_date', 'district_id']]"
qwen_before_uniform,before,uniform,qwen,146,2,3,True,ok,0,"import pandas as pd

def find_female_account_holders_with_credit_cards_and_loans(client_df, disp_df):
    # Filter clients to get only females
    female_clients = client_df[client_df['gender'] == 'F']
    
    # Get account ids of female clients
    female_client_ids = female_clients['client_id']
    
    # Filter disp table to get accounts owned by female clients
    female_accounts = disp_df[disp_df['client_id'].isin(female_client_ids)]
    
    # Filter to get credit card accounts
    credit_card_accounts = female_accounts[female_accounts['type'] == 'CC']
    
    # Get account ids of female clients who own credit cards
    female_clients_with_credit_cards = set(credit_card_accounts['client_id'])
    
    # Filter disp table again to get all accounts of these female clients
    female_clients_all_accounts = disp_df[disp_df['client_id'].isin(female_clients_with_credit_cards)]
    
    # Filter to get loan accounts
    loan_accounts = female_clients_all_accounts[female_clients_all_accounts['type'] == 'LOAN']
    
    # Get unique client ids who meet the criteria
    result = loan_accounts['client_id'].unique()
    
    return result"
qwen_before_uniform,before,uniform,qwen,146,3,3,True,ok,2,"import pandas as pd

def female_credit_card_holders_with_loans(client_df, disp_df):
    # Filter clients who are female
    female_clients = client_df[client_df['gender'] == 'female']
    
    # Filter disp records for credit card accounts
    credit_card_disp = disp_df[disp_df['type'] == 'credit_card']
    
    # Join to get female clients with credit card accounts
    female_credit_card_holders = female_clients.merge(credit_card_disp, on='client_id')
    
    # Filter disp records for loan accounts
    loan_disp = disp_df[disp_df['type'] == 'loan']
    
    # Join to get female clients with both credit card and loan accounts
    result = female_credit_card_holders.merge(loan_disp, on='client_id')
    
    return result"
qwen_before_uniform,before,uniform,qwen,146,4,3,True,ok,0,"import pandas as pd

def find_female_credit_card_holders_with_loans(client_df, disp_df):
    # Filter female clients
    female_clients = client_df[client_df['gender'] == 'female']
    
    # Find clients with credit card accounts
    credit_card_holders = disp_df[disp_df['type'] == 'CC']['client_id'].unique()
    
    # Find clients with loan accounts
    loan_holders = disp_df[disp_df['type'] == 'LOAN']['client_id'].unique()
    
    # Find female clients who own credit cards
    female_credit_card_holders = set(female_clients['client_id']).intersection(credit_card_holders)
    
    # Find female clients who own both credit cards and loans
    female_credit_card_loan_holders = female_credit_card_holders.intersection(set(loan_holders))
    
    return female_credit_card_loan_holders"
qwen_before_uniform,before,uniform,qwen,147,0,1,False,ok,1,"import pandas as pd

def count_female_clients_in_south_bohemia(clients_df, districts_df):
    south_bohemia_districts = ['A2', 'A3', 'A4', 'A5', 'A6', 'A7', 'A8', 'A9', 'A10', 'A11', 'A12', 'A13', 'A14', 'A15', 'A16']
    filtered_districts = districts_df[districts_df['district_id'].isin(south_bohemia_districts)]
    filtered_clients = clients_df[clients_df['gender'] == 'female']
    merged_df = pd.merge(filtered_clients, filtered_districts, on='district_id')
    return len(merged_df)

# Example usage:
# result = count_female_clients_in_south_bohemia(clients, districts)
# print(result)"
qwen_before_uniform,before,uniform,qwen,147,1,1,False,ok,0,"def count_female_clients_in_south_bohemia(clients_df, districts_df):
    # Filter clients who are female and from the district 'South Bohemia'
    filtered_clients = clients_df[(clients_df['gender'] == 'female') & (clients_df['district_id'].isin(districts_df[districts_df['A2'] == 1]['district_id']))]
    
    # Count the number of such clients
    return len(filtered_clients)"
qwen_before_uniform,before,uniform,qwen,147,2,1,False,ok,0,"def count_female_clients_in_south_bohemia(clients_df, districts_df):
    # Filter clients who are female and from South Bohemia
    filtered_clients = clients_df[(clients_df['gender'] == 'female') & 
                                (clients_df['district_id'].isin(districts_df[districts_df['A1'] == 1]['district_id']))]
    return len(filtered_clients)"
qwen_before_uniform,before,uniform,qwen,147,3,1,False,ok,0,"import pandas as pd

def count_female_clients_in_south_bohemia(clients_df, districts_df):
    # Filter clients who are female and from South Bohemia
    south_bohemia_districts = ['A2', 'A3', 'A4', 'A5']  # Assuming these districts represent South Bohemia
    filtered_clients = clients_df[(clients_df['gender'] == 'female') & (clients_df['district_id'].isin(south_bohemia_districts))]
    
    # Count the number of such clients
    return len(filtered_clients)

# Example usage:
# result = count_female_clients_in_south_bohemia(clients_df, districts_df)
# print(result)"
qwen_before_uniform,before,uniform,qwen,147,4,1,False,ok,0,"def count_female_clients_in_south_bohemia(clients_df, districts_df):
    south_bohemia_districts = ['A2', 'A3', 'A4', 'A5', 'A6', 'A7', 'A8', 'A9', 'A10', 'A11', 'A12', 'A13', 'A14', 'A15', 'A16']
    south_bohemia_mask = districts_df['district_id'].isin(south_bohemia_districts)
    female_clients_in_south_bohemia = clients_df[(clients_df['gender'] == 'female') & south_bohemia_mask]['client_id'].count()
    return female_clients_in_south_bohemia"
qwen_before_uniform,before,uniform,qwen,148,0,2,True,ok,0,"import pandas as pd

def get_eligible_accounts_for_loans():
    # Assuming 'district' and 'account' DataFrames are already loaded
    eligible_accounts = district[district['A2'] == 'Tabor']['district_id']
    result = account[account['district_id'].isin(eligible_accounts)]
    return result"
qwen_before_uniform,before,uniform,qwen,148,1,2,True,ok,0,"import pandas as pd

def get_eligible_accounts(district_df, account_df):
    tabor_district = district_df[district_df['A2'] == 'Tabor']
    eligible_accounts = account_df[account_df['district_id'].isin(tabor_district['district_id'])]
    return eligible_accounts"
qwen_before_uniform,before,uniform,qwen,148,2,2,True,ok,0,"def get_eligible_accounts_for_loans(district_df, account_df):
    # Filter districts where A2 is 'Tabor'
    tabor_districts = district_df[district_df['A2'] == 'Tabor']
    
    # Get the district_ids of these Tabor districts
    tabor_district_ids = tabor_districts['district_id']
    
    # Filter accounts where district_id is in the list of Tabor district_ids
    eligible_accounts = account_df[account_df['district_id'].isin(tabor_district_ids)]
    
    return eligible_accounts"
qwen_before_uniform,before,uniform,qwen,148,3,2,True,ok,0,"import pandas as pd

def get_eligible_accounts_for_loans(district_df, account_df):
    # Filter the district DataFrame to find the district ID for 'Tabor'
    tabor_district = district_df[district_df['A2'] == 'Tabor']['district_id'].values[0]
    
    # Filter the account DataFrame to find accounts in 'Tabor' district
    eligible_accounts = account_df[account_df['district_id'] == tabor_district]
    
    return eligible_accounts"
qwen_before_uniform,before,uniform,qwen,148,4,2,True,ok,0,"import pandas as pd

def get_eligible_accounts(district_df, account_df):
    # Filter the district DataFrame to find the district_id for 'Tabor'
    tabor_district = district_df[district_df['A2'] == 'Tabor']['district_id'].values[0]
    
    # Filter the account DataFrame to find accounts in the 'Tabor' district
    eligible_accounts = account_df[account_df['district_id'] == tabor_district]
    
    return eligible_accounts"
qwen_before_uniform,before,uniform,qwen,149,0,2,True,ok,1,"import pandas as pd

def get_uneligible_accounts_with_income_range(account_df, district_df):
    # Filter accounts based on the condition that the district's average income is between 8000 and 9000
    filtered_accounts = account_df.merge(
        district_df.groupby('district_id')['A1'].mean().reset_index(),
        left_on='district_id',
        right_on='district_id'
    )
    eligible_accounts = filtered_accounts[(filtered_accounts['A1'] > 8000) & (filtered_accounts['A1'] <= 9000)]
    
    # Assuming 'account_type' is the column that specifies if an account is eligible or not
    uneligible_accounts = eligible_accounts[~eligible_accounts['account_type'].isin(['Eligible'])]
    
    return uneligible_accounts[['account_id', 'district_id']]"
qwen_before_uniform,before,uniform,qwen,149,1,2,True,ok,0,"import pandas as pd

def get_uneligible_accounts_and_income():
    # Assuming 'district' DataFrame has columns 'A1', 'A2', ..., 'A16'
    # Assuming 'account' DataFrame has columns 'account_id', 'district_id', 'frequency', 'date'
    
    # Filter districts with average income between $8000 and $9000
    avg_income = district[['A1', 'A2', 'A3', 'A4', 'A5', 'A6', 'A7', 'A8', 'A9', 'A10', 'A11', 'A12', 'A13', 'A14', 'A15', 'A16']].mean(axis=1)
    qualified_districts = avg_income[(avg_income > 8000) & (avg_income <= 9000)].index
    
    # Get accounts from these districts
    eligible_accounts = account[account['district_id'].isin(qualified_districts)]
    
    # Get uneligible accounts
    uneligible_accounts = account[~account['account_id'].isin(eligible_accounts['account_id'])]
    
    return uneligible_accounts"
qwen_before_uniform,before,uniform,qwen,149,2,2,True,ok,1,"import pandas as pd

def get_uneligible_accounts_and_average_income(account_df, district_df):
    # Filter accounts based on eligibility criteria
    eligible_accounts = account_df[account_df['frequency'] > 1]
    
    # Join the account data with district data to access district-level information
    joined_data = pd.merge(eligible_accounts, district_df, on='district_id')
    
    # Filter districts with average income between $8000 and $9000
    filtered_districts = joined_data[(joined_data['A1'] >= 8000) & (joined_data['A1'] <= 9000)]
    
    # Get unique account types from the filtered data
    uneligible_account_types = filtered_districts['A2'].unique()
    
    # Calculate the average income for the filtered districts
    average_income = filtered_districts['A1'].mean()
    
    return uneligible_account_types, average_income"
qwen_before_uniform,before,uniform,qwen,149,3,2,True,ok,0,"import pandas as pd

def get_eligible_accounts(account_df, district_df):
    # Filter accounts where the income is between 8000 and 9000
    filtered_districts = district_df[(district_df['A1'] > 8000) & (district_df['A1'] <= 9000)]
    
    # Get the district IDs from the filtered districts
    eligible_district_ids = filtered_districts['district_id']
    
    # Filter accounts to only include those in eligible districts
    eligible_accounts = account_df[account_df['district_id'].isin(eligible_district_ids)]
    
    # Get the unique account types from the eligible accounts
    eligible_account_types = eligible_accounts['A2'].unique()
    
    return eligible_account_types"
qwen_before_uniform,before,uniform,qwen,149,4,2,True,ok,0,"def get_eligible_accounts_and_income():
    # Assuming 'account' DataFrame has columns ['account_id', 'district_id', 'frequency', 'date']
    # Assuming 'district' DataFrame has columns ['district_id', 'A2', 'A3', 'A4', 'A5', 'A6', 'A7', 'A8', 'A9', 'A10', 'A11', 'A12', 'A13', 'A14', 'A15', 'A16']
    
    # Filter accounts based on eligibility criteria (assuming 'A12' column represents account type)
    eligible_accounts = account[~account['A12'].isin(['uneligible_type1', 'uneligible_type2'])]
    
    # Calculate average income for districts with income between $8000 and $9000
    avg_income = district[(district['A1'] >= 8000) & (district['A1'] <= 9000)].mean()
    
    return eligible_accounts, avg_income"
qwen_before_uniform,before,uniform,qwen,150,0,2,False,ok,0,"def count_transactions_in_north_bohemia(df_account):
    # Filter the DataFrame to include only rows where 'A2' is 'North Bohemia'
    north_bohemia_df = df_account[df_account['A2'] == 'North Bohemia']
    
    # Count the number of unique accounts in the filtered DataFrame
    account_count = len(north_bohemia_df['account_id'].unique())
    
    return account_count"
qwen_before_uniform,before,uniform,qwen,150,1,2,False,ok,0,"import pandas as pd

def count_transactions_in_north_bohemia_with_partner_bank_AB(district_df, account_df):
    # Filter the district DataFrame to get only rows where A3 is 'North Bohemia'
    north_bohemia_districts = district_df[district_df['A3'] == 'North Bohemia']
    
    # Get the district_ids of North Bohemia
    north_bohemia_ids = north_bohemia_districts['district_id']
    
    # Filter the account DataFrame to get only rows where district_id is in north_bohemia_ids and the partner's bank is 'AB'
    filtered_accounts = account_df[(account_df['district_id'].isin(north_bohemia_ids)) & (account_df['partner_bank'] == 'AB')]
    
    # Count the number of unique accounts
    num_accounts = filtered_accounts['account_id'].nunique()
    
    return num_accounts"
qwen_before_uniform,before,uniform,qwen,150,2,2,False,ok,0,"def count_transactions_in_north_bohemia_with_partner_bank_AB(district_df, account_df):
    north_bohemia_districts = ['A1', 'A2', 'A3', 'A4', 'A5']  # Assuming these are the districts in North Bohemia
    filtered_accounts = account_df[(account_df['district_id'].isin(north_bohemia_districts)) & (account_df['partner_bank'] == 'AB')]
    return len(filtered_accounts)"
qwen_before_uniform,before,uniform,qwen,150,3,2,False,ok,0,"import pandas as pd

def count_transactions_in_north_bohemia(df_account):
    # Filter accounts in North Bohemia and transactions with the partner's bank being 'AB'
    filtered_accounts = df_account[(df_account['district_id'] == 'North Bohemia') & (df_account['A1'] == 'AB')]
    
    # Count the number of unique accounts
    num_accounts = len(filtered_accounts)
    
    return num_accounts"
qwen_before_uniform,before,uniform,qwen,150,4,2,False,ok,0,"import pandas as pd

def count_transactions_in_north_bohemia_with_partner_bank_AB(district_df, account_df):
    north_bohemia_mask = district_df['A2'] == 'North Bohemia'
    ab_mask = account_df['partner_bank'] == 'AB'
    
    filtered_accounts = account_df[north_bohemia_mask & ab_mask]
    unique_accounts = filtered_accounts[['account_id', 'district_id']].drop_duplicates()
    
    return len(unique_accounts)"
qwen_before_uniform,before,uniform,qwen,151,0,2,False,ok,0,"import pandas as pd

def get_districts_with_withdrawals(account_df):
    # Assuming 'frequency' column indicates withdrawal transactions
    districts_with_withdrawals = account_df[account_df['frequency'] == 'withdrawal']['district_id'].unique()
    return districts_with_withdrawals"
qwen_before_uniform,before,uniform,qwen,151,1,2,False,ok,0,"import pandas as pd

def get_districts_with_withdrawals(account_df):
    # Assuming 'frequency' column indicates withdrawal transactions (negative values)
    withdrawal_accounts = account_df[account_df['frequency'] < 0]
    districts_with_withdrawals = withdrawal_accounts[['district_id']].drop_duplicates()
    return districts_with_withdrawals"
qwen_before_uniform,before,uniform,qwen,151,2,2,False,ok,0,"import pandas as pd

def get_districts_with_withdrawals(account_df):
    # Assuming 'frequency' column indicates withdrawal transactions
    withdrawal_accounts = account_df[account_df['frequency'] < 0]
    districts_with_withdrawals = withdrawal_accounts[['district_id']].drop_duplicates()
    return districts_with_withdrawals"
qwen_before_uniform,before,uniform,qwen,151,3,2,False,ok,1,"import pandas as pd

def get_districts_with_withdrawals(district_df, account_df):
    # Merge the district and account DataFrames on district_id
    merged_df = pd.merge(district_df, account_df, on='district_id')
    
    # Filter rows where the transaction type is 'withdrawal'
    withdrawal_df = merged_df[merged_df['transaction_type'] == 'withdrawal']
    
    # Get unique districts with withdrawals
    districts_with_withdrawals = withdrawal_df['A2'].unique()
    
    return districts_with_withdrawals"
qwen_before_uniform,before,uniform,qwen,151,4,2,False,ok,0,"import pandas as pd

def get_districts_with_withdrawals(account_df):
    # Assuming 'withdrawal' is represented by a specific value in the 'frequency' column
    withdrawal_condition = account_df['frequency'] == 'withdrawal'
    districts_with_withdrawals = account_df.loc[withdrawal_condition, 'district_id']
    unique_districts = districts_with_withdrawals.unique()
    return unique_districts"
qwen_before_uniform,before,uniform,qwen,152,0,1,False,ok,0,"import pandas as pd

def calculate_average_crimes(df_district, df_account):
    # Filter districts with more than 4000 crimes in 1995
    filtered_districts = df_district[(df_district['A2'] == '1995') & (df_district.iloc[:, 1:].sum(axis=1) > 4000)]
    
    # Get the district_ids of these filtered districts
    district_ids = filtered_districts['district_id']
    
    # Filter accounts opened since 1997 in the filtered districts
    filtered_accounts = df_account[(df_account['date'].str.extract(r'(\d{4})', expand=False).astype(int) >= 1997) & (df_account['district_id'].isin(district_ids))]
    
    # Calculate the average number of accounts per district in the filtered accounts
    average_accounts_per_district = filtered_accounts.groupby('district_id').size().mean()
    
    return average_accounts_per_district"
qwen_before_uniform,before,uniform,qwen,152,1,1,False,ok,1,"import pandas as pd

def calculate_average_crimes(data):
    # Filter data for the year 1995 where the number exceeds 4000
    filtered_data = data[(data['date'].dt.year == 1995) & (data['frequency'] > 4000)]
    
    # Group by district and calculate the sum of frequencies
    grouped_data = filtered_data.groupby('district_id')['frequency'].sum().reset_index()
    
    # Join with the district table to get additional attributes if needed
    result = pd.merge(grouped_data, district, on='district_id')
    
    # Calculate the average number of crimes
    average_crimes = result['frequency'].mean()
    
    return average_crimes"
qwen_before_uniform,before,uniform,qwen,152,2,1,False,ok,1,"import pandas as pd

def calculate_average_crimes():
    # Filter accounts opened after or in 1997
    filtered_accounts = account[account['date'].dt.year >= 1997]
    
    # Join with district table to get district information
    joined_data = pd.merge(filtered_accounts, district, on='district_id')
    
    # Group by district and sum up the crime frequencies
    district_crime_counts = joined_data.groupby('district_id')['frequency'].sum()
    
    # Filter districts with more than 4000 crimes
    high_crime_districts = district_crime_counts[district_crime_counts > 4000]
    
    # Calculate the average number of crimes in these districts
    average_crimes = high_crime_districts.mean()
    
    return average_crimes"
qwen_before_uniform,before,uniform,qwen,152,3,1,False,ok,1,"import pandas as pd

def calculate_crime_feature(district_df, account_df):
    # Filter districts where the number exceeds 4000
    high_crime_districts = district_df[district_df['A1'] > 4000]['district_id']
    
    # Filter accounts opened since 1997
    recent_accounts = account_df[account_df['date'].str.contains(r'1997|1998|1999|2000')]
    
    # Merge filtered data to get the required districts with recent accounts
    merged_data = pd.merge(high_crime_districts, recent_accounts, on='district_id')
    
    # Calculate the average number of crimes in these districts
    average_crimes = merged_data.groupby('district_id')['frequency'].mean()
    
    return average_crimes"
qwen_before_uniform,before,uniform,qwen,152,4,1,False,ok,1,"import pandas as pd

def calculate_crime_feature(district_df, account_df):
    # Filter districts with more than 4000 crimes in 1995
    high_crime_districts = district_df[(district_df['A1'] == '1995') & (district_df['A2'] > 4000)]['district_id']
    
    # Filter accounts opened since 1997
    recent_accounts = account_df[account_df['date'].str.startswith('1997')]
    
    # Merge the filtered data to get the required feature
    merged_data = pd.merge(high_crime_districts, recent_accounts, on='district_id')
    
    # Calculate the average number of crimes in these regions
    average_crimes = merged_data['A2'].mean()
    
    return average_crimes"
qwen_before_uniform,before,uniform,qwen,153,0,1,True,ok,0,"def count_eligible_classic_cards(cards_df):
    return (cards_df['type'] == 'classic') & (cards_df['issued'] == 1)"
qwen_before_uniform,before,uniform,qwen,153,1,1,True,ok,0,"import pandas as pd

def count_eligible_classic_cards(cards_df, disps_df):
    # Filter classic cards
    classic_cards = cards_df[cards_df['type'] == 'classic']
    
    # Get distinct client IDs associated with classic cards
    eligible_clients = classic_cards['client_id'].unique()
    
    # Count the number of eligible clients
    num_eligible_clients = len(eligible_clients)
    
    return num_eligible_clients"
qwen_before_uniform,before,uniform,qwen,153,2,1,True,ok,0,"import pandas as pd

def count_eligible_classic_cards(card_df, disp_df):
    # Filter classic cards
    classic_cards = card_df[card_df['type'] == 'classic']
    
    # Get unique client_ids associated with classic cards
    client_ids_with_classic_cards = classic_cards['client_id'].unique()
    
    # Filter disp table to only include rows where client_id is in the list of client_ids_with_classic_cards
    disp_filtered = disp_df[disp_df['client_id'].isin(client_ids_with_classic_cards)]
    
    # Count distinct disp_ids which represent eligible classic cards
    eligible_count = disp_filtered['disp_id'].nunique()
    
    return eligible_count"
qwen_before_uniform,before,uniform,qwen,153,3,1,True,ok,0,"def count_eligible_classic_cards(cards_df, disp_df):
    # Filter classic cards and their associated disp records
    classic_cards = cards_df[cards_df['type'] == 'classic']
    disp_records = disp_df[disp_df['card_id'].isin(classic_cards['card_id'])]
    
    # Count the number of unique client_ids for eligible classic cards
    eligible_clients_count = disp_records['client_id'].nunique()
    
    return eligible_clients_count"
qwen_before_uniform,before,uniform,qwen,153,4,1,True,ok,1,"import pandas as pd

def count_eligible_classic_cards(cards_df, disps_df):
    # Filter classic cards
    classic_cards = cards_df[cards_df['type'] == 'classic']
    
    # Join cards and disps to get client information
    joined_data = pd.merge(classic_cards, disps_df, left_on='disp_id', right_on='disp_id')
    
    # Count unique clients with classic cards
    eligible_clients = len(joined_data['client_id'].unique())
    
    return eligible_clients"
qwen_before_uniform,before,uniform,qwen,154,0,1,False,ok,0,"def count_male_clients_in_hl_praha(df_client, df_district):
    hl_praha_mask = df_district['district_id'] == 'Hl.m. Praha'
    male_mask = df_client['gender'] == 'Male'
    filtered_df = df_client[df_client['district_id'].isin(df_district[hl_praha_mask]['district_id']) & male_mask]
    return len(filtered_df)"
qwen_before_uniform,before,uniform,qwen,154,1,1,False,ok,0,"import pandas as pd

def count_male_clients_in_hl_praha(df_client, df_district):
    hl_praha_mask = df_district['district_name'] == 'Hl.m. Praha'
    male_mask = df_client['gender'] == 'Male'
    combined_mask = hl_praha_mask & male_mask
    return len(df_client[combined_mask])"
qwen_before_uniform,before,uniform,qwen,154,2,1,False,ok,1,"import pandas as pd

def count_male_clients_in_praha(df_client, df_district):
    # Filter clients from 'Hl.m. Praha' district
    praha_clients = df_client[df_client['district_id'] == 21]
    
    # Join with district table to get district name
    praha_clients_with_district_name = praha_clients.merge(df_district, on='district_id')
    
    # Filter male clients
    male_clients = praha_clients_with_district_name[praha_clients_with_district_name['gender'] == 'male']
    
    return len(male_clients)"
qwen_before_uniform,before,uniform,qwen,154,3,1,False,ok,0,"def count_male_clients_in_hl_praha_district(clients_df, districts_df):
    hl_praha_mask = districts_df['district_name'] == 'Hl.m. Praha'
    hl_praha_district = districts_df[hl_praha_mask]
    client_ids_in_hl_praha = hl_praha_district['client_id']
    male_clients_in_hl_praha = clients_df[(clients_df['gender'] == 'male') & (clients_df['district_id'].isin(client_ids_in_hl_praha))]
    return len(male_clients_in_hl_praha)"
qwen_before_uniform,before,uniform,qwen,154,4,1,False,ok,0,"import pandas as pd

def count_male_clients_in_hl_m_praha(df_client, df_district):
    # Filter clients in 'Hl.m. Praha' district and male gender
    filtered_df = df_client[(df_client['district_id'] == 1) & (df_client['gender'] == 'male')]
    return len(filtered_df)"
qwen_before_uniform,before,uniform,qwen,155,0,0,False,ok,0,"import pandas as pd

def calculate_gold_card_issuance_percentage(card_df):
    # Filter 'Gold' cards and those issued before 1998
    gold_cards_before_1998 = card_df[(card_df['type'] == 'Gold') & (card_df['issued'] < '1998')]
    
    # Calculate the percentage of 'Gold' cards issued before 1998
    total_gold_cards = card_df[card_df['type'] == 'Gold'].shape[0]
    percentage = (gold_cards_before_1998.shape[0] / total_gold_cards) * 100
    
    return percentage"
qwen_before_uniform,before,uniform,qwen,155,1,0,False,ok,0,"import pandas as pd

def gold_cards_issued_before_1998(card_df):
    # Filter the DataFrame to include only 'Gold' cards and those issued before 1998
    filtered_cards = card_df[(card_df['type'] == 'Gold') & (card_df['issued'] < 1998)]
    
    # Calculate the percentage of 'Gold' cards issued before 1998
    total_gold_cards = len(card_df[card_df['type'] == 'Gold'])
    percentage = (len(filtered_cards) / total_gold_cards) * 100
    
    return percentage"
qwen_before_uniform,before,uniform,qwen,155,2,0,False,ok,0,"import pandas as pd

def calculate_gold_card_issuance_percentage(card_df, disp_df):
    # Filter the DataFrame to include only 'Gold' cards and those issued before 1998
    gold_cards_before_1998 = card_df[(card_df['type'] == 'Gold') & (card_df['issued'].dt.year < 1998)]
    
    # Calculate the total number of 'Gold' cards issued before 1998
    total_gold_cards_before_1998 = len(gold_cards_before_1998)
    
    # Calculate the total number of 'Gold' cards
    total_gold_cards = len(card_df[card_df['type'] == 'Gold'])
    
    # Calculate the percentage
    percentage = (total_gold_cards_before_1998 / total_gold_cards) * 100
    
    return percentage"
qwen_before_uniform,before,uniform,qwen,155,3,0,False,ok,0,"def calculate_gold_cards_issued_before_1998(card_df):
    # Filter the DataFrame to include only 'Gold' cards and those issued before 1998
    gold_cards_before_1998 = card_df[(card_df['type'] == 'Gold') & (card_df['issued'].dt.year < 1998)]
    
    # Calculate the percentage of 'Gold' cards issued before 1998
    percentage_gold_cards_before_1998 = (len(gold_cards_before_1998) / len(card_df)) * 100
    
    return percentage_gold_cards_before_1998"
qwen_before_uniform,before,uniform,qwen,155,4,0,False,ok,0,"def calculate_gold_cards_issued_before_1998(card_df):
    gold_cards = card_df[card_df['type'] == 'Gold']
    total_gold_cards = len(gold_cards)
    issued_before_1998 = gold_cards[gold_cards['issued'].dt.year < 1998]
    percentage = (len(issued_before_1998) / total_gold_cards) * 100
    return percentage"
qwen_before_uniform,before,uniform,qwen,156,0,2,True,ok,1,"def find_owner_of_largest_loan_amount(disp, account):
    # Merge the two tables on account_id to get all necessary information in one DataFrame
    merged_df = pd.merge(disp, account, on='account_id')
    
    # Group by 'client_id' and calculate the sum of 'frequency' (assuming 'frequency' represents the loan amount)
    aggregated_df = merged_df.groupby('client_id')['frequency'].sum().reset_index()
    
    # Find the client_id with the maximum loan amount
    max_loan_client = aggregated_df.loc[aggregated_df['frequency'].idxmax(), 'client_id']
    
    return max_loan_client"
qwen_before_uniform,before,uniform,qwen,156,1,2,True,ok,1,"import pandas as pd

def find_owner_of_largest_loan_amount():
    # Assuming 'loan' DataFrame contains the loan amount information with columns ['account_id', 'amount']
    merged_df = pd.merge(loan, account, on='account_id')
    max_loan_account = merged_df.loc[merged_df['amount'].idxmax(), 'account_id']
    owner_client_id = disp.loc[disp['account_id'] == max_loan_account, 'client_id'].values[0]
    return owner_client_id"
qwen_before_uniform,before,uniform,qwen,156,2,2,True,ok,1,"def find_owner_of_largest_loan_amount(disp_df, account_df):
    # Merge disp and account dataframes on 'account_id'
    merged_df = pd.merge(disp_df, account_df, on='account_id')
    
    # Group by 'client_id' and sum the 'frequency' to get the total loan amount per client
    total_loan_per_client = merged_df.groupby('client_id')['frequency'].sum()
    
    # Find the client_id with the maximum loan amount
    max_loan_client_id = total_loan_per_client.idxmax()
    
    # Get the owner of the account with the largest loan amount
    owner_of_largest_loan = disp_df[disp_df['client_id'] == max_loan_client_id]['client_id'].iloc[0]
    
    return owner_of_largest_loan"
qwen_before_uniform,before,uniform,qwen,156,3,2,True,ok,1,"import pandas as pd

def find_owner_of_largest_loan_amount():
    # Assuming 'disp' and 'account' DataFrames are already defined
    # Merge the 'disp' and 'account' DataFrames on 'account_id'
    merged_df = pd.merge(disp, account, on='account_id')
    
    # Group by 'client_id' and sum up the 'frequency' column to get total loan amount per client
    total_loan_per_client = merged_df.groupby('client_id')['frequency'].sum().reset_index()
    
    # Find the client with the maximum total loan amount
    max_loan_client = total_loan_per_client.loc[total_loan_per_client['frequency'].idxmax(), 'client_id']
    
    # Get the owner of the account with the largest loan amount
    owner_of_largest_loan = disp[disp['client_id'] == max_loan_client]['client_id'].iloc[0]
    
    return owner_of_largest_loan"
qwen_before_uniform,before,uniform,qwen,156,4,2,True,ok,1,"import pandas as pd

def find_owner_of_largest_loan_amount(disp_df, account_df):
    # Merge the two dataframes on 'account_id'
    merged_df = pd.merge(disp_df, account_df, on='account_id')
    
    # Find the account with the largest loan amount
    max_loan_account = merged_df.loc[merged_df['type'] == 'loan', 'account_id'].max()
    
    # Get the owner of the account with the largest loan amount
    owner_of_max_loan = merged_df.loc[merged_df['account_id'] == max_loan_account, 'client_id'].values[0]
    
    return owner_of_max_loan"
qwen_before_uniform,before,uniform,qwen,157,0,1,False,ok,0,"def get_committed_crimes_in_1995(account_id):
    # Filter the account DataFrame to find the district_id for the given account_id
    district_info = account[account['account_id'] == account_id]
    
    if district_info.empty:
        return 0
    
    district_id = district_info['district_id'].values[0]
    
    # Filter the district DataFrame to find the sum of A11 for the given district_id and year 1995
    committed_crimes = district[(district['district_id'] == district_id) & (district['A1'] == '1995')]['A11'].sum()
    
    return committed_crimes"
qwen_before_uniform,before,uniform,qwen,157,1,1,False,ok,0,"def count_committed_crimes(account_id):
    # Assuming the 'committed_crimes' table is already loaded as a DataFrame named 'committed_crimes'
    return committed_crimes[(committed_crimes['account_id'] == account_id) & (committed_crimes['date'].dt.year == 1995)].shape[0]"
qwen_before_uniform,before,uniform,qwen,157,2,1,False,ok,0,"import pandas as pd

def get_committed_crimes(account_id):
    # Assuming the 'crimes' DataFrame contains the necessary data
    # and it has columns 'district_id', 'year', and 'committed_crimes'
    filtered_data = crimes[(crimes['district_id'] == district_id) & (crimes['year'] == 1995)]
    total_crimes = filtered_data['committed_crimes'].sum()
    return total_crimes

# Example usage
account_id = 532
result = get_committed_crimes(account_id)
print(result)"
qwen_before_uniform,before,uniform,qwen,157,3,1,False,ok,1,"import pandas as pd

def count_committed_crimes(account_id):
    # Assuming 'crimes' DataFrame contains the necessary data
    # and has columns 'account_id', 'district_id', 'crime_date'
    # Filter the crimes DataFrame to include only those related to the given account_id
    account_crimes = crimes[crimes['account_id'] == account_id]
    
    # Extract the district_id from the filtered crimes DataFrame
    district_id = account_crimes['district_id'].iloc[0]
    
    # Join the district DataFrame with the filtered crimes DataFrame
    joined_data = pd.merge(account_crimes, district, left_on='district_id', right_on='district_id')
    
    # Filter the joined data to include only those records from 1995
    year_1995_data = joined_data[joined_data['date'].dt.year == 1995]
    
    # Count the number of committed crimes in 1995
    committed_crimes_count = len(year_1995_data)
    
    return committed_crimes_count

# Example usage
result = count_committed_crimes(532)
print(result)"
qwen_before_uniform,before,uniform,qwen,157,4,1,False,ok,1,"def count_committed_crimes(account_id):
    # Join the 'district' and 'account' tables on 'district_id'
    merged_data = pd.merge(district, account, on='district_id')
    
    # Filter the data to include only the specified 'account_id' and the year 1995
    filtered_data = merged_data[(merged_data['account_id'] == account_id) & (merged_data['date'].dt.year == 1995)]
    
    # Count the number of rows in the filtered data to get the number of committed crimes
    return len(filtered_data)"
qwen_before_uniform,before,uniform,qwen,158,0,2,False,ok,0,"def get_district_id_for_order(order_id):
    return order.loc[order['order_id'] == order_id, 'account_id'].values[0]
    account_info = account.loc[account['account_id'] == get_district_id_for_order(order_id), 'district_id']
    return account_info.values[0]"
qwen_before_uniform,before,uniform,qwen,158,1,2,False,ok,1,"def get_district_id(order_id):
    # Merge the 'order' and 'account' DataFrames on 'account_id'
    merged_df = pd.merge(order, account, on='account_id')
    # Filter the DataFrame to find the row with the given order_id
    result_row = merged_df[merged_df['order_id'] == order_id]
    # Return the district_id from the filtered row
    return result_row['district_id'].values[0]"
qwen_before_uniform,before,uniform,qwen,158,2,2,False,ok,1,"def get_district_id_for_order(order_id):
    # Merge the 'order' and 'account' tables on 'account_id'
    merged_df = pd.merge(order, account, on='account_id')
    # Filter the DataFrame to find the row where 'order_id' matches the input
    result_row = merged_df[merged_df['order_id'] == order_id]
    # Return the 'district_id' from the filtered row
    return result_row['district_id'].values[0]"
qwen_before_uniform,before,uniform,qwen,158,3,2,False,ok,0,"def get_district_id(order_id):
    # Filter the 'order' DataFrame to find the row with the specified order_id
    order_info = order[order['order_id'] == order_id]
    
    # Extract the 'account_id' from the filtered row
    account_id = order_info['account_id'].values[0]
    
    # Use the 'account_id' to filter the 'account' DataFrame and extract the 'district_id'
    district_id = account[account['account_id'] == account_id]['district_id'].values[0]
    
    return district_id"
qwen_before_uniform,before,uniform,qwen,158,4,2,False,ok,0,"def get_district_id_for_order(order_id):
    # Assuming 'order' DataFrame has been loaded with the name 'order'
    return order.loc[order['order_id'] == order_id, 'account_id'].dropna().unique()"
qwen_before_uniform,before,uniform,qwen,159,0,3,True,ok,0,"def list_withdrawals_in_cash_transactions(client_id):
    # Assuming 'disp' DataFrame has columns 'client_id', 'account_id', and 'type'
    # Filter the DataFrame to get the rows where 'client_id' is 3356 and 'type' contains 'withdrawal'
    withdrawals = disp[(disp['client_id'] == client_id) & (disp['type'].str.contains('withdrawal'))]
    
    # Further filter to get only those transactions which are in cash
    cash_withdrawals = withdrawals[withdrawals['type'].str.contains('cash')]
    
    return cash_withdrawals"
qwen_before_uniform,before,uniform,qwen,159,1,3,True,ok,0,"import pandas as pd

def list_withdrawals_in_cash_transactions(client_df, disp_df, client_id):
    # Filter the disp DataFrame to get cash transactions made by the specified client
    cash_transactions = disp_df[(disp_df['client_id'] == client_id) & (disp_df['type'].str.contains('withdrawal'))]
    
    # Select only the necessary columns
    result = cash_transactions[['account_id', 'type']]
    
    return result"
qwen_before_uniform,before,uniform,qwen,159,2,3,True,ok,0,"import pandas as pd

def list_withdrawals_in_cash_transactions(client_df, disp_df):
    # Filter the disp DataFrame to find transactions made by client_id 3356 and of type 'W' (withdrawal)
    withdrawal_transactions = disp_df[(disp_df['client_id'] == 3356) & (disp_df['type'] == 'W')]
    
    # Return the filtered DataFrame containing the withdrawal transactions
    return withdrawal_transactions"
qwen_before_uniform,before,uniform,qwen,159,3,3,True,ok,0,"def get_withdrawals_in_cash_transactions(df_client, df_disp):
    client_withdrawals = df_disp[(df_disp['client_id'] == 3356) & (df_disp['type'] == 'W')]
    return client_withdrawals"
qwen_before_uniform,before,uniform,qwen,159,4,3,True,ok,0,"import pandas as pd

def list_withdrawals_in_cash_transactions(client_df, disp_df, client_id):
    # Filter the client DataFrame to get the district of the specified client
    client_district = client_df[client_df['client_id'] == client_id]['district_id'].values[0]
    
    # Filter the disp DataFrame to get withdrawal transactions in cash from the specified client's district
    withdrawals = disp_df[(disp_df['client_id'] == client_id) & 
                          (disp_df['type'] == 'withdrawal') & 
                          (disp_df['account_id'].str.contains('cash'))]
    
    return withdrawals

# Example usage:
# Assuming client_df and disp_df are already defined
# result = list_withdrawals_in_cash_transactions(client_df, disp_df, 3356)
# print(result)"
qwen_before_uniform,before,uniform,qwen,160,0,1,False,ok,1,"import pandas as pd

def count_weekly_issuance_accounts(loan_df, account_df):
    # Filter loans with amount less than 200000
    filtered_loans = loan_df[loan_df['amount'] < 200000]
    
    # Merge filtered loans with account data to get district_id for each loan
    merged_data = pd.merge(filtered_loans, account_df, on='account_id')
    
    # Group by district_id and count unique account_ids within each group
    result = merged_data.groupby('district_id')['account_id'].nunique().reset_index()
    
    return result"
qwen_before_uniform,before,uniform,qwen,160,1,1,False,ok,1,"import pandas as pd

def count_weekly_issuance_accounts(loan_df, account_df):
    # Filter loans with amount less than 200000
    low_amount_loans = loan_df[loan_df['amount'] < 200000]
    
    # Merge the filtered loans with the account DataFrame to get district information
    merged_data = pd.merge(low_amount_loans, account_df, on='account_id')
    
    # Group by district and count unique account IDs
    result = merged_data.groupby('district_id')['account_id'].nunique().reset_index()
    
    return result"
qwen_before_uniform,before,uniform,qwen,160,2,1,False,ok,1,"import pandas as pd

def count_under_200k_loans(accounts_df, loans_df):
    # Merge the accounts and loans dataframes on 'account_id'
    merged_df = pd.merge(accounts_df, loans_df, on='account_id')
    
    # Filter the merged dataframe to include only rows where 'amount' is less than 200000
    filtered_df = merged_df[merged_df['amount'] < 200000]
    
    # Count the number of unique 'district_id's in the filtered dataframe
    count = filtered_df['district_id'].nunique()
    
    return count"
qwen_before_uniform,before,uniform,qwen,160,3,1,False,ok,1,"import pandas as pd

def count_weekly_issuance_accounts(loan_df, account_df):
    # Filter loans with amount less than 200000
    filtered_loans = loan_df[loan_df['amount'] < 200000]
    
    # Merge the filtered loans with the account data to get district_id and frequency
    merged_data = pd.merge(filtered_loans, account_df, on='account_id')
    
    # Group by district_id and calculate the number of unique accounts per week
    result = merged_data.groupby('district_id').size().reset_index(name='count')
    
    return result"
qwen_before_uniform,before,uniform,qwen,160,4,1,False,ok,0,"import pandas as pd

def count_weekly_issuance_accounts():
    # Filter loans with amount less than 200000
    filtered_loans = loan[loan['amount'] < 200000]
    
    # Get unique account IDs from the filtered loans
    unique_accounts = filtered_loans['account_id'].unique()
    
    return len(unique_accounts)"
qwen_before_uniform,before,uniform,qwen,161,0,2,True,ok,1,"def get_credit_card_type(df_disp, df_client, client_id):
    # Merge the disp and client dataframes on client_id
    merged_df = pd.merge(df_disp, df_client, on='client_id')
    
    # Filter the dataframe to only include the row where client_id is 13539
    filtered_df = merged_df[merged_df['client_id'] == client_id]
    
    # Return the type of the credit card
    return filtered_df['type'].values[0]"
qwen_before_uniform,before,uniform,qwen,161,1,2,True,ok,0,"def get_credit_card_type(client_id):
    client_data = client[client['client_id'] == client_id]
    if not client_data.empty:
        disp_data = disp[(disp['client_id'] == client_id) & (disp['type'] == 'credit_card')]
        if not disp_data.empty:
            return disp_data.iloc[0]['type']
    return None"
qwen_before_uniform,before,uniform,qwen,161,2,2,True,ok,1,"import pandas as pd

def get_credit_card_type(df_disp, df_client, client_id):
    # Merge the disp and client DataFrames on client_id
    merged_df = pd.merge(df_disp, df_client, on='client_id')
    
    # Filter the DataFrame to only include the row where client_id is 13539
    filtered_df = merged_df[merged_df['client_id'] == client_id]
    
    # Get the type of credit card from the filtered DataFrame
    credit_card_type = filtered_df['type'].values[0] if not filtered_df.empty else None
    
    return credit_card_type

# Example usage
credit_card_type = get_credit_card_type(df_disp, df_client, 13539)
print(f""The client with id 13539 owns a {credit_card_type} credit card."")"
qwen_before_uniform,before,uniform,qwen,161,3,2,True,ok,1,"import pandas as pd

def get_credit_card_type(df_disp, df_client, client_id):
    # Merge the disp and client dataframes on client_id
    merged_df = pd.merge(df_disp, df_client, on='client_id')
    
    # Filter the dataframe to only include the row where client_id is 13539
    filtered_df = merged_df[merged_df['client_id'] == client_id]
    
    # Return the type of credit card owned by the client
    return filtered_df['type'].iloc[0]

# Example usage
credit_card_type = get_credit_card_type(df_disp, df_client, 13539)
print(f""The client with ID 13539 owns a {credit_card_type} credit card."")"
qwen_before_uniform,before,uniform,qwen,161,4,2,True,ok,0,"import pandas as pd

def get_credit_card_type(client_id):
    # Assuming 'disp' DataFrame is available and contains the necessary data
    credit_card_types = disp[(disp['client_id'] == client_id) & (disp['type'].isin(['CC', 'CD']))]['type']
    return credit_card_types.unique()"
qwen_before_uniform,before,uniform,qwen,162,0,1,False,ok,0,"def get_client_region(client_id):
    client = client[client['client_id'] == client_id]
    district_id = client['district_id'].values[0]
    district = district[district['district_id'] == district_id]
    return district.iloc[0]['A2']"
qwen_before_uniform,before,uniform,qwen,162,1,1,False,ok,1,"def get_client_region(client_id):
    # Merge the client and district DataFrames on district_id
    merged_df = pd.merge(client, district, on='district_id')
    # Filter the DataFrame to find the row where client_id matches the input
    client_row = merged_df[merged_df['client_id'] == client_id]
    # Extract the region information (A2) from the filtered row
    region = client_row['A2'].values[0] if not client_row.empty else None
    return region

# Example usage
client_id = 3541
region = get_client_region(client_id)
print(f""The region of client with id {client_id} is: {region}"")"
qwen_before_uniform,before,uniform,qwen,162,2,1,False,ok,0,"import pandas as pd

def get_client_region(client_id):
    # Assuming 'client' and 'district' DataFrames are already loaded
    client_data = client[client['client_id'] == client_id]
    if not client_data.empty:
        district_id = client_data['district_id'].iloc[0]
        district_info = district[district['district_id'] == district_id]
        if not district_info.empty:
            return district_info.iloc[0]['A2']  # Assuming 'A2' contains the region information
    return None

# Example usage
region = get_client_region(3541)
print(region)"
qwen_before_uniform,before,uniform,qwen,162,3,1,False,ok,1,"import pandas as pd

def get_client_region(client_id):
    # Merge the client and district DataFrames on district_id
    merged_df = pd.merge(client, district, on='district_id')
    # Filter the DataFrame to find the row with the given client_id
    result = merged_df[merged_df['client_id'] == client_id]
    # Return the region (A2 column) of the client
    return result['A2'].values[0]

# Example usage
client_id = 3541
region = get_client_region(client_id)
print(f""The client with ID {client_id} is from the region: {region}"")"
qwen_before_uniform,before,uniform,qwen,162,4,1,False,ok,0,"import pandas as pd

def get_client_region(client_id):
    # Assuming 'district' and 'client' DataFrames are already defined
    client_data = client[client['client_id'] == client_id]
    if not client_data.empty:
        district_id = client_data['district_id'].values[0]
        district_info = district[district['district_id'] == district_id]
        if not district_info.empty:
            return district_info.iloc[0]['A2']
    return None"
qwen_before_uniform,before,uniform,qwen,163,0,2,False,ok,1,"import pandas as pd

def find_district_with_most_accounts(df_account):
    # Merge the account DataFrame with the district DataFrame to get district information
    merged_df = df_account.merge(df_district, on='district_id')
    
    # Filter the merged DataFrame to include only those records where the loan contract is finished with no problems
    filtered_df = merged_df[merged_df['A1'] == 'finished_no_problems']
    
    # Group the filtered DataFrame by district and count the number of accounts in each district
    district_counts = filtered_df.groupby('A2').size()
    
    # Find the district with the highest number of accounts
    district_with_most_accounts = district_counts.idxmax()
    
    return district_with_most_accounts"
qwen_before_uniform,before,uniform,qwen,163,1,2,False,ok,0,"import pandas as pd

def get_district_with_most_accounts(df_account):
    # Assuming 'loan_status' column exists in df_account to indicate if the contract is finished with no problems
    # For example, if 'loan_status' is 1, it means the contract is finished with no problems
    df_filtered = df_account[df_account['loan_status'] == 1]
    district_counts = df_filtered.groupby('district_id').size().reset_index(name='account_count')
    district_with_most_accounts = district_counts.loc[district_counts['account_count'].idxmax(), 'district_id']
    return district_with_most_accounts"
qwen_before_uniform,before,uniform,qwen,163,2,2,False,ok,1,"import pandas as pd

def find_district_with_most_accounts(df_account):
    # Merge the account DataFrame with the district DataFrame to get district information
    merged_df = pd.merge(df_account, df_district, on='district_id')
    
    # Filter out accounts with loan contracts finished with no problems (assuming 'status' column exists and 0 indicates no problems)
    filtered_df = merged_df[merged_df['status'] == 0]
    
    # Group by district_id and count the number of accounts in each district
    district_count = filtered_df.groupby('district_id').size()
    
    # Find the district with the maximum number of accounts
    district_with_most_accounts = district_count.idxmax()
    
    return district_with_most_accounts"
qwen_before_uniform,before,uniform,qwen,163,3,2,False,ok,1,"import pandas as pd

def get_district_with_most_accounts_no_problems():
    # Merge the district and account DataFrames on district_id
    merged_df = pd.merge(district, account, on='district_id')
    
    # Filter rows where the loan contract is finished with no problems (assuming 'status' column exists in the account DataFrame)
    filtered_df = merged_df[merged_df['status'] == 'no_problems']
    
    # Group by district_id and count the number of accounts
    district_account_count = filtered_df.groupby('district_id').size()
    
    # Find the district with the most accounts
    district_with_most_accounts = district_account_count.idxmax()
    
    return district_with_most_accounts"
qwen_before_uniform,before,uniform,qwen,163,4,2,False,ok,1,"import pandas as pd

def district_with_most_accounts_no_problems():
    # Merge district and account dataframes on district_id
    merged_df = pd.merge(district, account, on='district_id')
    
    # Filter accounts with loan contracts finished with no problems (assuming 'status' column indicates completion without issues)
    filtered_df = merged_df[merged_df['status'] == 'no_problems']
    
    # Group by district and count the number of accounts in each district
    district_count = filtered_df.groupby('district_id').size()
    
    # Find the district with the maximum count of accounts
    district_with_max_accounts = district_count.idxmax()
    
    return district_with_max_accounts"
qwen_before_uniform,before,uniform,qwen,164,0,3,True,ok,0,"def get_order_account_id(order_id):
    return order[order['order_id'] == order_id]['account_id'].values[0]"
qwen_before_uniform,before,uniform,qwen,164,1,3,True,ok,1,"def get_order_placer(order_id):
    # Join the 'order' DataFrame with itself to find the placer of the order
    result = pd.merge(order, order, left_on='account_id', right_on='account_to')
    # Filter the result to get the row where the order_id matches and return the corresponding 'bank_to'
    return result.loc[result['order_id_x'] == order_id, 'bank_to_y'].values[0]"
qwen_before_uniform,before,uniform,qwen,164,2,3,True,ok,0,"def find_order_placer(order_id):
    # Assuming 'order' DataFrame is available in the global scope
    order_info = order[order['order_id'] == order_id]
    if not order_info.empty:
        return order_info['account_id'].values[0]
    else:
        return None"
qwen_before_uniform,before,uniform,qwen,164,3,3,True,ok,0,"def get_order_owner(order_id):
    order_data = order[order['order_id'] == order_id]
    if not order_data.empty:
        return order_data.iloc[0]['account_id']
    else:
        return None"
qwen_before_uniform,before,uniform,qwen,164,4,3,True,ok,0,"def find_order_placer(order_id):
    order_info = order[order['order_id'] == order_id]
    if not order_info.empty:
        return order_info.iloc[0]['account_id']
    else:
        return None"
qwen_before_uniform,before,uniform,qwen,165,0,2,False,ok,0,"def get_transactions_from_district_5(account_df, district_df):
    district_5_accounts = district_df[district_df['district_id'] == 5]['account_id']
    transactions_from_district_5 = account_df[account_df['account_id'].isin(district_5_accounts)]
    return transactions_from_district_5"
qwen_before_uniform,before,uniform,qwen,165,1,2,False,ok,1,"import pandas as pd

def get_transactions_from_district_5(account_df, district_df):
    # Merge the account and district DataFrames on district_id
    merged_df = pd.merge(account_df, district_df, on='district_id')
    # Filter the merged DataFrame to include only rows where district_id is 5
    filtered_df = merged_df[merged_df['district_id'] == 5]
    return filtered_df[['account_id', 'frequency', 'date']]"
qwen_before_uniform,before,uniform,qwen,165,2,2,False,ok,1,"import pandas as pd

def get_transactions_from_district_5(account_df, district_df):
    # Merge the account and district dataframes on district_id
    merged_df = pd.merge(account_df, district_df, on='district_id')
    
    # Filter the merged dataframe to include only rows where district_id is 5
    filtered_df = merged_df[merged_df['district_id'] == 5]
    
    return filtered_df"
qwen_before_uniform,before,uniform,qwen,165,3,2,False,ok,0,"import pandas as pd

def get_transactions_from_district_5(account_df):
    district_5_accounts = district_df[district_df['district_id'] == 5]['account_id']
    transactions_from_district_5 = account_df[account_df['account_id'].isin(district_5_accounts)]
    return transactions_from_district_5"
qwen_before_uniform,before,uniform,qwen,165,4,2,False,ok,1,"def get_transactions_from_district_5(account_df, district_df):
    # Merge the account and district DataFrames on district_id
    merged_df = pd.merge(account_df, district_df, on='district_id')
    # Filter the merged DataFrame to include only rows where district_id is 5
    filtered_df = merged_df[merged_df['district_id'] == 5]
    return filtered_df"
qwen_before_uniform,before,uniform,qwen,166,0,1,False,ok,0,"def count_accounts_in_jesenik_district(account_df, district_df):
    jesenik_district = district_df[district_df['A2'] == 'Jesenik']
    jesenik_account_ids = jesenik_district['district_id'].unique()
    jesenik_accounts = account_df[account_df['district_id'].isin(jesenik_account_ids)]
    return len(jesenik_accounts)"
qwen_before_uniform,before,uniform,qwen,166,1,1,False,ok,0,"def count_accounts_from_jesenik(df_account, df_district):
    jesenik_mask = df_district['A2'] == 'Jesenik'
    jesenik_district_ids = df_district[jesenik_mask]['district_id']
    jesenik_accounts = df_account[df_account['district_id'].isin(jesenik_district_ids)]
    return len(jesenik_accounts)"
qwen_before_uniform,before,uniform,qwen,166,2,1,False,ok,0,"import pandas as pd

def count_accounts_from_jesenik(district_df, account_df):
    jesenik_district_id = district_df[district_df['A2'] == 'Jesenik']['district_id'].values[0]
    jesenik_accounts = account_df[account_df['district_id'] == jesenik_district_id]
    return len(jesenik_accounts)"
qwen_before_uniform,before,uniform,qwen,166,3,1,False,ok,0,"import pandas as pd

def count_accounts_from_jesenik(accounts_df, district_df):
    jesenik_district = district_df[district_df['A2'] == 'Jeseník']
    jesenik_accounts = accounts_df[accounts_df['district_id'].isin(jesenik_district['district_id'])]
    return len(jesenik_accounts)"
qwen_before_uniform,before,uniform,qwen,166,4,1,False,ok,0,"import pandas as pd

def count_accounts_from_jesenik(district_df, account_df):
    jesenik_district = district_df[district_df['A2'] == 'Jesenik']
    jesenik_district_ids = jesenik_district['district_id'].tolist()
    jesenik_accounts = account_df[account_df['district_id'].isin(jesenik_district_ids)]
    return len(jesenik_accounts)"
qwen_before_uniform,before,uniform,qwen,167,0,1,True,ok,0,"import pandas as pd

def get_junior_credit_card_clients(card_df, disp_df):
    # Filter junior credit cards (type = 'junior')
    junior_cards = card_df[card_df['type'] == 'junior']
    
    # Get the client IDs of these junior credit cards
    junior_client_ids = junior_cards['client_id'].unique()
    
    # Filter the disp DataFrame to only include rows where the client ID is in junior_client_ids
    filtered_disp = disp_df[disp_df['client_id'].isin(junior_client_ids)]
    
    # Filter the filtered DataFrame to only include rows where the card was issued after 1996
    result = filtered_disp[filtered_disp['issued'].str.contains(r'/97/|/98/|/99/')]
    
    # Return the unique client IDs from the result
    return result['client_id'].unique()"
qwen_before_uniform,before,uniform,qwen,167,1,1,True,ok,1,"import pandas as pd

def get_junior_credit_card_clients(card_df, disp_df):
    # Filter junior credit cards (type = 'junior')
    junior_cards = card_df[card_df['type'] == 'junior']
    
    # Filter cards issued after 1996
    recent_cards = junior_cards[junior_cards['issued'].dt.year > 1996]
    
    # Join with disp table to get client IDs
    result = recent_cards.merge(disp_df, left_on='account_id', right_on='account_id')
    
    return result['client_id'].unique()"
qwen_before_uniform,before,uniform,qwen,167,2,1,True,ok,1,"def get_junior_credit_card_issued_after_1996(card_df, disp_df):
    # Filter the card DataFrame to include only junior credit cards and their issuance year
    junior_cards = card_df[(card_df['type'] == 'junior') & (card_df['issued'].dt.year > 1996)]
    
    # Merge the filtered junior cards with the disp DataFrame to get the client IDs
    result = pd.merge(junior_cards, disp_df, left_on='disp_id', right_on='disp_id')
    
    # Select the unique client IDs from the merged DataFrame
    client_ids = result['client_id'].unique()
    
    return client_ids"
qwen_before_uniform,before,uniform,qwen,167,3,1,True,ok,1,"def get_junior_credit_card_issued_after_1996(card_df, disp_df):
    # Filter junior credit cards (type = 'junior')
    junior_cards = card_df[card_df['type'] == 'junior']
    
    # Merge junior cards with display table to get client IDs
    merged_df = pd.merge(junior_cards, disp_df, left_on='disp_id', right_on='disp_id')
    
    # Convert issued date to datetime and filter after 1996
    merged_df['issued'] = pd.to_datetime(merged_df['issued'])
    filtered_df = merged_df[merged_df['issued'].dt.year > 1996]
    
    # Get unique client IDs
    client_ids = filtered_df['client_id'].unique()
    
    return client_ids"
qwen_before_uniform,before,uniform,qwen,167,4,1,True,ok,1,"import pandas as pd

def get_junior_credit_card_issued_after_1996(card_df, disp_df):
    # Filter junior credit cards (type == 'junior')
    junior_cards = card_df[card_df['type'] == 'junior']
    
    # Merge junior credit cards with display information to get client IDs
    merged_df = pd.merge(junior_cards, disp_df, left_on='disp_id', right_on='disp_id')
    
    # Convert issued date to datetime and filter those issued after 1996
    merged_df['issued'] = pd.to_datetime(merged_df['issued'])
    filtered_df = merged_df[merged_df['issued'].dt.year > 1996]
    
    # Get unique client IDs
    client_ids = filtered_df['client_id'].unique()
    
    return client_ids"
qwen_before_uniform,before,uniform,qwen,168,0,1,False,ok,0,"import pandas as pd

def calculate_female_percentage(df_client, df_district):
    # Filter districts with an average salary of over 10000
    high_salary_districts = df_district.groupby('district_id')['A1'].mean() > 10000
    high_salary_district_ids = high_salary_districts[high_salary_districts].index
    
    # Filter clients who opened their accounts in high salary districts
    filtered_clients = df_client[df_client['district_id'].isin(high_salary_district_ids)]
    
    # Calculate the percentage of female clients
    female_percentage = (filtered_clients['gender'] == 'female').mean() * 100
    
    return female_percentage"
qwen_before_uniform,before,uniform,qwen,168,1,1,False,ok,1,"def calculate_female_percentage_over_10000_salary():
    # Calculate the average salary per district
    avg_salary_per_district = district.groupby('district_id')['A1'].mean().reset_index()
    
    # Merge the average salary data with the client data
    merged_data = pd.merge(client, avg_salary_per_district, on='district_id')
    
    # Filter clients who have an average salary of over 10000
    filtered_clients = merged_data[merged_data['A1'] > 10000]
    
    # Calculate the percentage of female clients among those with an average salary of over 10000
    female_percentage = (filtered_clients['gender'].value_counts(normalize=True)['Female'] * 100 if 'Female' in filtered_clients['gender'].value_counts() else 0)
    
    return female_percentage"
qwen_before_uniform,before,uniform,qwen,168,2,1,False,ok,1,"import pandas as pd

def calculate_female_percentage():
    # Join the district and client tables on district_id
    joined_data = pd.merge(district, client, on='district_id')
    
    # Filter the data to include only those districts with an average salary of over 10000
    filtered_data = joined_data[joined_data['A1'].mean() > 10000]
    
    # Calculate the total number of female clients in the filtered data
    female_count = filtered_data[filtered_data['gender'] == 'Female']['client_id'].count()
    
    # Calculate the total number of clients in the filtered data
    total_client_count = filtered_data['client_id'].count()
    
    # Calculate the percentage of female clients
    female_percentage = (female_count / total_client_count) * 100
    
    return female_percentage"
qwen_before_uniform,before,uniform,qwen,168,3,1,False,ok,1,"import pandas as pd

def calculate_female_percentage():
    # Calculate the average salary per district
    avg_salary_per_district = district.groupby('district_id')['A1'].mean()
    
    # Filter districts with average salary over 10000
    high_salary_districts = avg_salary_per_district[avg_salary_per_district > 10000].index
    
    # Join the client and district dataframes to get the district information for each client
    merged_data = pd.merge(client, district, on='district_id')
    
    # Filter clients who opened their accounts in high salary districts
    filtered_clients = merged_data[merged_data['district_id'].isin(high_salary_districts)]
    
    # Calculate the percentage of female clients among the filtered clients
    female_percentage = (filtered_clients[filtered_clients['gender'] == 'female']['client_id'].count() / 
                         filtered_clients['client_id'].count()) * 100
    
    return female_percentage"
qwen_before_uniform,before,uniform,qwen,168,4,1,False,ok,1,"import pandas as pd

def calculate_female_percentage_over_10000_salary():
    # Calculate the average salary per district
    avg_salary_per_district = district.groupby('district_id')['A1'].mean()
    
    # Filter districts with average salary over 10000
    high_salary_districts = avg_salary_per_district[avg_salary_per_district > 10000].index
    
    # Join client and district dataframes to get district information for each client
    merged_data = pd.merge(client, district, on='district_id')
    
    # Filter clients from high salary districts
    filtered_clients = merged_data[merged_data['district_id'].isin(high_salary_districts)]
    
    # Calculate the percentage of female clients
    female_percentage = (filtered_clients[filtered_clients['gender'] == 'Female']['client_id'].count() / 
                         filtered_clients['client_id'].count()) * 100
    
    return female_percentage"
qwen_before_uniform,before,uniform,qwen,169,0,3,True,ok,1,"import pandas as pd

def calculate_loan_growth_rate(loan_df, account_df):
    # Merge the loan and account dataframes on account_id
    merged_df = pd.merge(loan_df, account_df, on='account_id')
    
    # Filter the dataframe to include only male clients and the specified time period
    filtered_df = merged_df[(merged_df['district_id'] == 'male') & 
                           (merged_df['date'].dt.year >= 1996) & 
                           (merged_df['date'].dt.year <= 1997)]
    
    # Calculate the total amount of loans in 1996 and 1997
    total_1996 = filtered_df[filtered_df['date'].dt.year == 1996]['amount'].sum()
    total_1997 = filtered_df[filtered_df['date'].dt.year == 1997]['amount'].sum()
    
    # Calculate the growth rate
    growth_rate = ((total_1997 - total_1996) / total_1996) * 100
    
    return growth_rate"
qwen_before_uniform,before,uniform,qwen,169,1,3,True,ok,1,"import pandas as pd

def calculate_growth_rate(loan_df, account_df):
    # Merge the two dataframes on 'account_id'
    merged_df = pd.merge(loan_df, account_df, on='account_id')
    
    # Filter for males in the year 1996
    filtered_df_1996 = merged_df[(merged_df['date'].dt.year == 1996) & (merged_df['gender'] == 'male')]
    
    # Calculate the total amount of loans in 1996
    total_amount_1996 = filtered_df_1996['amount'].sum()
    
    # Filter for males in the year 1997
    filtered_df_1997 = merged_df[(merged_df['date'].dt.year == 1997) & (merged_df['gender'] == 'male')]
    
    # Calculate the total amount of loans in 1997
    total_amount_1997 = filtered_df_1997['amount'].sum()
    
    # Calculate the growth rate
    growth_rate = (total_amount_1997 - total_amount_1996) / total_amount_1996
    
    return growth_rate"
qwen_before_uniform,before,uniform,qwen,169,2,3,True,ok,1,"import pandas as pd

def calculate_loan_growth_rate():
    # Assuming 'account' DataFrame has a column 'gender' to identify male clients
    male_clients = account[account['gender'] == 'male']
    
    # Merging 'loan' and 'account' DataFrames on 'account_id'
    merged_df = pd.merge(loan, male_clients, on='account_id')
    
    # Filtering data for the year 1996 and 1997
    filtered_1996 = merged_df[(merged_df['date'].dt.year == 1996)]
    filtered_1997 = merged_df[(merged_df['date'].dt.year == 1997)]
    
    # Calculating the total amount of loans in 1996 and 1997
    total_amount_1996 = filtered_1996['amount'].sum()
    total_amount_1997 = filtered_1997['amount'].sum()
    
    # Calculating the growth rate
    growth_rate = (total_amount_1997 - total_amount_1996) / total_amount_1996
    
    return growth_rate"
qwen_before_uniform,before,uniform,qwen,169,3,3,True,ok,1,"import pandas as pd

def calculate_loan_growth_rate(loan_df, account_df):
    # Filter data for male clients in the specified year range
    filtered_data = loan_df.merge(account_df, on='account_id')
    filtered_data = filtered_data[(filtered_data['date'].dt.year >= 1996) & (filtered_data['date'].dt.year <= 1997)]
    
    # Calculate the total amount of loans for each year
    yearly_sum = filtered_data.groupby(filtered_data['date'].dt.year)['amount'].sum().reset_index()
    
    # Calculate the growth rate
    yearly_sum['growth_rate'] = yearly_sum['amount'].pct_change()
    
    return yearly_sum"
qwen_before_uniform,before,uniform,qwen,169,4,3,True,ok,1,"import pandas as pd

def calculate_loan_growth_rate(loan_df, account_df):
    # Merge the loan and account dataframes on 'account_id'
    merged_df = pd.merge(loan_df, account_df, on='account_id')
    
    # Filter the dataframe to include only male clients between 1996 and 1997
    filtered_df = merged_df[(merged_df['date'] >= '1996-01-01') & (merged_df['date'] <= '1997-12-31')]
    
    # Calculate the total amount of loans in 1996 and 1997
    total_amount_1996 = filtered_df[filtered_df['date'].dt.year == 1996]['amount'].sum()
    total_amount_1997 = filtered_df[filtered_df['date'].dt.year == 1997]['amount'].sum()
    
    # Calculate the growth rate
    growth_rate = (total_amount_1997 - total_amount_1996) / total_amount_1996
    
    return growth_rate"
qwen_before_uniform,before,uniform,qwen,170,0,0,False,ok,0,"import pandas as pd

def count_credit_card_withdrawals_after_1995(trans_df):
    # Filter transactions for credit card withdrawals after 1995
    filtered_df = trans_df[(trans_df['type'] == 'credit card withdrawal') & (trans_df['date'].dt.year > 1995)]
    # Count the number of such transactions
    return len(filtered_df)"
qwen_before_uniform,before,uniform,qwen,170,1,0,False,ok,0,"import pandas as pd

def count_credit_card_withdrawals_after_1995(trans):
    # Filter transactions for credit card withdrawals and dates after 1995
    filtered_transactions = trans[(trans['type'] == 'credit card withdrawal') & (trans['date'].str.contains('/96/'))]
    
    # Count the number of such transactions
    return len(filtered_transactions)"
qwen_before_uniform,before,uniform,qwen,170,2,0,False,ok,0,"def count_credit_card_withdrawals_after_1995(trans):
    return trans[(trans['date'].dt.year > 1995) & (trans['type'] == 'credit card') & (trans['operation'] == 'withdrawal')].shape[0]"
qwen_before_uniform,before,uniform,qwen,170,3,0,False,ok,0,"def count_credit_card_withdrawals_after_1995(trans_df):
    # Filter transactions where type is 'WT' (withdrawal) and date is after January 1, 1995
    filtered_trans = trans_df[(trans_df['type'] == 'WT') & (trans_df['date'].str.startswith('1996'))]
    return len(filtered_trans)"
qwen_before_uniform,before,uniform,qwen,170,4,0,False,ok,0,"def count_credit_card_withdrawals_after_1995(trans_df):
    # Filter transactions to include only those after 1995 and of type 'Výdaje'
    filtered_transactions = trans_df[(trans_df['date'] > '1995') & (trans_df['type'] == 'Výdaje')]
    
    # Count the number of transactions where the operation is 'Vydání kartu'
    credit_card_withdrawals_count = filtered_transactions[filtered_transactions['operation'] == 'Vydání kartu'].shape[0]
    
    return credit_card_withdrawals_count"
qwen_before_uniform,before,uniform,qwen,171,0,0,False,ok,0,"def calculate_crime_difference(east_bohemia_data, north_bohemia_data):
    east_bohemia_count = east_bohemia_data['date'].dt.year.eq(1996).sum()
    north_bohemia_count = north_bohemia_data['date'].dt.year.eq(1996).sum()
    return east_bohemia_count - north_bohemia_count"
qwen_before_uniform,before,uniform,qwen,171,1,0,False,ok,0,"import pandas as pd

def calculate_crime_difference(df_account):
    # Filter accounts from East Bohemia (A3 = 'Východní Česká republika')
    east_bohemia_accounts = df_account[df_account['district_id'].isin(df_district[df_district['A3'] == 'Východní Česká republika']['district_id'])]
    
    # Filter accounts from North Bohemia (A3 = 'Severní Česká republika')
    north_bohemia_accounts = df_account[df_account['district_id'].isin(df_district[df_district['A3'] == 'Severní Česká republika']['district_id'])]
    
    # Calculate the total number of accounts in each region
    total_east_bohemia = len(east_bohemia_accounts)
    total_north_bohemia = len(north_bohemia_accounts)
    
    # Calculate the difference in the number of accounts between the two regions
    difference = total_east_bohemia - total_north_bohemia
    
    return difference"
qwen_before_uniform,before,uniform,qwen,171,2,0,False,ok,2,"import pandas as pd

def calculate_crime_difference(df_district, df_account):
    # Filter data for East Bohemia (A14 = 'East Bohemia') and North Bohemia (A14 = 'North Bohemia')
    east_bohemia = df_district[df_district['A14'] == 'East Bohemia']
    north_bohemia = df_district[df_district['A14'] == 'North Bohemia']
    
    # Merge the filtered districts with the accounts dataframe to get the crime counts
    east_bohemia_accounts = pd.merge(east_bohemia, df_account, on='district_id')
    north_bohemia_accounts = pd.merge(north_bohemia, df_account, on='district_id')
    
    # Calculate the total number of crimes in each region in 1996
    east_bohemia_total_crimes = east_bohemia_accounts[(east_bohemia_accounts['date'].dt.year == 1996)].shape[0]
    north_bohemia_total_crimes = north_bohemia_accounts[(north_bohemia_accounts['date'].dt.year == 1996)].shape[0]
    
    # Calculate the difference in the number of crimes between the two regions
    crime_difference = east_bohemia_total_crimes - north_bohemia_total_crimes
    
    return crime_difference"
qwen_before_uniform,before,uniform,qwen,171,3,0,False,ok,0,"import pandas as pd

def calculate_crime_difference(east_bohemia_data, north_bohemia_data):
    east_bohemia_count = east_bohemia_data[east_bohemia_data['date'].str.contains('1996')].shape[0]
    north_bohemia_count = north_bohemia_data[north_bohemia_data['date'].str.contains('1996')].shape[0]
    return east_bohemia_count - north_bohemia_count"
qwen_before_uniform,before,uniform,qwen,171,4,0,False,ok,1,"import pandas as pd

def calculate_crime_difference(df_account, df_district):
    # Filter accounts from East Bohemia and North Bohemia in 1996
    east_bohemia_accounts = df_account[(df_account['district_id'].isin(['A2', 'A3', 'A4'])) & (df_account['date'].dt.year == 1996)]
    north_bohemia_accounts = df_account[(df_account['district_id'].isin(['A5', 'A6', 'A7'])) & (df_account['date'].dt.year == 1996)]

    # Calculate the total number of crimes in each region
    east_bohemia_total = east_bohemia_accounts.groupby('district_id').sum().reset_index()
    north_bohemia_total = north_bohemia_accounts.groupby('district_id').sum().reset_index()

    # Merge the results to get the total number of crimes in both regions
    merged_totals = pd.merge(east_bohemia_total, north_bohemia_total, on='district_id', suffixes=('_east', '_north'))

    # Calculate the difference in the number of crimes
    crime_difference = merged_totals['frequency_east'] - merged_totals['frequency_north']

    return crime_difference"
qwen_before_uniform,before,uniform,qwen,172,0,0,True,ok,0,"import pandas as pd

def count_owner_disposition(account_df):
    # Filter accounts between 1 and 10
    filtered_accounts = account_df[(account_df['account_id'] >= 1) & (account_df['account_id'] <= 10)]
    
    # Group by 'type' and count occurrences
    disposition_counts = filtered_accounts.groupby('type').size()
    
    # Extract counts of 'owner' and 'disponent'
    owner_count = disposition_counts.get('owner', 0)
    disponent_count = disposition_counts.get('disponent', 0)
    
    return owner_count, disponent_count"
qwen_before_uniform,before,uniform,qwen,172,1,0,True,ok,0,"def count_owner_disposition(df_disp):
    # Filter rows where account_id is between 1 and 10
    filtered_df = df_disp[(df_disp['account_id'] >= 1) & (df_disp['account_id'] <= 10)]
    # Count occurrences of 'owner' disposition
    owner_count = filtered_df[filtered_df['type'] == 'owner'].shape[0]
    return owner_count

# Assuming df_disp is your DataFrame containing the disp table data
result = count_owner_disposition(df_disp)
print(result)"
qwen_before_uniform,before,uniform,qwen,172,2,0,True,ok,1,"def count_owner_disposition(account_df, disp_df):
    # Filter the data for accounts 1 to 10
    filtered_accounts = account_df[(account_df['account_id'] >= 1) & (account_df['account_id'] <= 10)]
    
    # Merge the filtered account data with the disposition data on 'account_id'
    merged_data = pd.merge(filtered_accounts, disp_df, on='account_id')
    
    # Count the occurrences of 'owner' and 'disposer' types
    owner_count = merged_data[merged_data['type'].isin(['owner', 'disposer'])].shape[0]
    
    return owner_count

# Assuming 'account' and 'disp' DataFrames are already defined
result = count_owner_disposition(account, disp)
print(result)"
qwen_before_uniform,before,uniform,qwen,172,3,0,True,ok,0,"def count_owner_disposition(account_df):
    return account_df[(account_df['type'] == 'owner') | (account_df['type'] == 'disponent')].shape[0]"
qwen_before_uniform,before,uniform,qwen,172,4,0,True,ok,0,"import pandas as pd

def count_owner_disposition():
    # Filter the disp DataFrame to include only rows where account_id is between 1 and 10
    filtered_disp = disp[(disp['account_id'] >= 1) & (disp['account_id'] <= 10)]
    
    # Count the number of 'owner' and 'disposer' dispositions
    owner_count = filtered_disp[filtered_disp['type'].isin(['owner', 'disposer'])].shape[0]
    
    return owner_count"
qwen_before_uniform,before,uniform,qwen,173,0,1,False,ok,0,"import pandas as pd

def calculate_features(account_df, order_df):
    # Calculate how often account number 3 requests an account statement
    account_3_requests = account_df[(account_df['account_id'] == 3) & (account_df['k_symbol'] == 'VYBER')]['date'].nunique()
    
    # Calculate the total amount debited for account number 3
    total_debited_amount = order_df[order_df['account_id'] == 3]['amount'].sum()
    
    return account_3_requests, total_debited_amount"
qwen_before_uniform,before,uniform,qwen,173,1,1,False,ok,0,"import pandas as pd

def analyze_account_activity(account_df, order_df):
    # Filter the account DataFrame for account_id 3
    account_3 = account_df[account_df['account_id'] == 3]
    
    # Calculate the frequency of account statements requested by account 3
    statement_requests = account_3['frequency'].sum()
    
    # Filter the order DataFrame for transactions involving account 3
    orders_involving_3 = order_df[(order_df['account_from'] == 3) | (order_df['account_to'] == 3)]
    
    # Calculate the total amount debited from account 3
    total_debited_from_3 = orders_involving_3.loc[orders_involving_3['account_from'] == 3, 'amount'].sum()
    
    return statement_requests, total_debited_from_3"
qwen_before_uniform,before,uniform,qwen,173,2,1,False,ok,0,"import pandas as pd

def analyze_loan_features(account_df, order_df):
    # Filter the account DataFrame for account_id 3
    account_3 = account_df[account_df['account_id'] == 3]
    
    # Count how many times account 3 requested an account statement
    statement_requests = account_3.shape[0]
    
    # Calculate the total amount debited from account 3
    total_debited = order_df[order_df['account_from'] == 3]['amount'].sum()
    
    return statement_requests, total_debited

# Assuming the dataframes are already loaded
statement_requests, total_debited = analyze_loan_features(account, order)
print(f""Statement Requests: {statement_requests}, Total Debited: {total_debited}"")"
qwen_before_uniform,before,uniform,qwen,173,3,1,False,ok,0,"import pandas as pd

def compute_features(account_df, order_df):
    # Filter the account DataFrame for account_id 3
    account_3 = account_df[account_df['account_id'] == 3]
    
    # Calculate the frequency of requests for account statements
    statement_requests = account_3['frequency'].sum()
    
    # Filter the order DataFrame for account_id 3 and sum up the amounts debited
    debits_for_account_3 = order_df[order_df['account_id'] == 3]['amount'].sum()
    
    return statement_requests, debits_for_account_3

# Assuming account_df and order_df are already defined
statement_requests, debits_for_account_3 = compute_features(account_df, order_df)
print(f""Account number 3 requested an account statement {statement_requests} times."")
print(f""The aim of debiting 3539 in total was related to {debits_for_account_3}."")"
qwen_before_uniform,before,uniform,qwen,173,4,1,False,ok,0,"import pandas as pd

def analyze_account_requests(account_df, order_df):
    # Filter the account DataFrame for account_id = 3
    account_3 = account_df[account_df['account_id'] == 3]
    
    # Count the number of requests for account statement release
    request_count = len(account_3)
    
    # Filter the order DataFrame for account_id = 3 and bank_to = '3539'
    orders_for_3539 = order_df[(order_df['account_id'] == 3) & (order_df['bank_to'] == '3539')]
    
    # Calculate the total amount debited for 3539
    total_amount_debited = orders_for_3539['amount'].sum()
    
    return request_count, total_amount_debited

# Assuming account_df and order_df are already defined
request_count, total_amount_debited = analyze_account_requests(account_df, order_df)
print(f""Account 3 requested an account statement {request_count} times."")
print(f""The total amount debited for 3539 is {total_amount_debited}."")"
qwen_before_uniform,before,uniform,qwen,174,0,2,True,ok,0,"def get_birth_year(account_owner_id):
    # Assuming 'client' DataFrame is named df_client and 'disp' DataFrame is named df_disp
    birth_date = df_client[df_client['client_id'] == account_owner_id]['birth_date'].values[0]
    birth_year = pd.to_datetime(birth_date).year
    return birth_year

# Example usage
account_owner_id = 130
birth_year = get_birth_year(account_owner_id)
print(f""The account owner {account_owner_id} was born in the year {birth_year}."")"
qwen_before_uniform,before,uniform,qwen,174,1,2,True,ok,0,"import pandas as pd

def get_birth_year(account_owner_id):
    # Filter the client DataFrame to find the birth date of the account owner
    birth_date = client[client['client_id'] == account_owner_id]['birth_date'].values[0]
    # Extract the year from the birth date
    birth_year = birth_date.year
    return birth_year

# Example usage
account_owner_id = 130
print(get_birth_year(account_owner_id))"
qwen_before_uniform,before,uniform,qwen,174,2,2,True,ok,0,"def get_birth_year(account_owner_id):
    # Assuming 'client' DataFrame is available and contains the necessary columns
    birth_year = client.loc[client['client_id'] == account_owner_id, 'birth_date'].dt.year.values[0]
    return birth_year"
qwen_before_uniform,before,uniform,qwen,174,3,2,True,ok,1,"import pandas as pd

def get_birth_year(account_owner_id):
    # Merge the client and disp tables on client_id
    merged_df = pd.merge(client, disp, on='client_id')
    # Filter the DataFrame to find the row where disp_id is the given account_owner_id
    result_row = merged_df[merged_df['disp_id'] == account_owner_id]
    # Extract the birth_date from the result row and convert it to datetime
    birth_date = pd.to_datetime(result_row['birth_date'])
    # Return the year part of the birth date
    return birth_date.year

# Example usage
account_owner_id = 130
birth_year = get_birth_year(account_owner_id)
print(f""The account owner {account_owner_id} was born in the year {birth_year}."")"
qwen_before_uniform,before,uniform,qwen,174,4,2,True,ok,0,"def get_birth_year(account_owner_id):
    birth_year = client.loc[client['client_id'] == account_owner_id, 'birth_date'].dt.year.values[0]
    return birth_year"
qwen_before_uniform,before,uniform,qwen,175,0,1,True,ok,1,"import pandas as pd

def count_owner_dispositions(df_account, df_disp):
    # Filter rows where type is 'OWNER' in the disp DataFrame
    owner_rows = df_disp[df_disp['type'] == 'OWNER']
    
    # Merge the filtered rows with the account DataFrame on account_id
    merged_df = pd.merge(owner_rows, df_account, on='account_id')
    
    # Count the number of unique accounts that meet the criteria
    result = len(merged_df)
    
    return result"
qwen_before_uniform,before,uniform,qwen,175,1,1,True,ok,1,"import pandas as pd

def count_owner_accounts_with_requests(accounts_df, disp_df):
    # Filter the disp DataFrame to get only 'owner' dispositions
    owner_disp = disp_df[disp_df['type'] == 'owner']
    
    # Merge the filtered disp DataFrame with the accounts DataFrame on account_id
    merged_df = pd.merge(owner_disp, accounts_df, on='account_id')
    
    # Count the number of unique account_ids in the merged DataFrame
    count_unique_accounts = len(merged_df['account_id'].unique())
    
    return count_unique_accounts"
qwen_before_uniform,before,uniform,qwen,175,2,1,True,ok,0,"import pandas as pd

def count_owner_accounts_with_statement_request(account_df, disp_df):
    # Filter the disp DataFrame to include only rows where the type is 'OWNER' and 'STATEMENT_REQUEST'
    filtered_disp = disp_df[(disp_df['type'] == 'OWNER') & (disp_df['type'] == 'STATEMENT_REQUEST')]
    
    # Get unique account IDs from the filtered disp DataFrame
    unique_account_ids = filtered_disp['account_id'].unique()
    
    # Count the number of unique account IDs
    count_unique_accounts = len(unique_account_ids)
    
    return count_unique_accounts"
qwen_before_uniform,before,uniform,qwen,175,3,1,True,ok,1,"import pandas as pd

def count_owner_accounts_with_statement_request(account_df, disp_df):
    # Merge the two dataframes on 'account_id'
    merged_df = pd.merge(account_df, disp_df, on='account_id')
    
    # Filter rows where 'type' is 'owner' and 'date' is not null
    filtered_df = merged_df[(merged_df['type'] == 'owner') & (merged_df['date'].notnull())]
    
    # Count the number of unique 'account_id's in the filtered dataframe
    count_unique_accounts = len(filtered_df['account_id'].unique())
    
    return count_unique_accounts"
qwen_before_uniform,before,uniform,qwen,175,4,1,True,ok,1,"import pandas as pd

def count_owner_accounts_with_requests(account_df, disp_df):
    # Filter the disp DataFrame to only include rows where type is 'own'
    own_disp = disp_df[disp_df['type'] == 'own']
    
    # Merge the filtered disp DataFrame with the account DataFrame on account_id
    merged_df = pd.merge(own_disp, account_df, on='account_id')
    
    # Count the number of unique account_ids in the merged DataFrame
    result_count = len(merged_df['account_id'].unique())
    
    return result_count"
qwen_before_uniform,before,uniform,qwen,176,0,3,True,ok,0,"import pandas as pd

def calculate_debt_and_payment_status(client_df, disp_df, client_id):
    # Filter the disp DataFrame to get the account information for the specific client
    client_disp = disp_df[disp_df['client_id'] == client_id]
    
    # Calculate the total debt for the client
    total_debt = client_disp['amount'].sum()
    
    # Determine payment status based on account types (assuming 'A' means active and 'C' means closed)
    active_accounts = client_disp[client_disp['type'] == 'A']
    closed_accounts = client_disp[client_disp['type'] == 'C']
    
    payment_status = {
        'total_debt': total_debt,
        'active_accounts': len(active_accounts),
        'closed_accounts': len(closed_accounts)
    }
    
    return payment_status

# Example usage:
# Assuming client_df and disp_df are already loaded DataFrames
# result = calculate_debt_and_payment_status(client_df, disp_df, 992)
# print(result)"
qwen_before_uniform,before,uniform,qwen,176,1,3,True,ok,0,"import pandas as pd

def calculate_debt_and_payment_status(client_df, disp_df, client_id):
    # Filter the disp DataFrame to get the debts for the specific client
    client_disp = disp_df[disp_df['client_id'] == client_id]
    
    # Calculate the total debt amount for the client
    total_debt = client_disp['amount'].sum()
    
    # Get the payment status for the client (assuming 'type' column indicates payment status)
    payment_status = client_disp['type']
    
    return total_debt, payment_status

# Example usage
total_debt, payment_status = calculate_debt_and_payment_status(client, disp, 992)
print(f""Total Debt: {total_debt}, Payment Status: {payment_status}"")"
qwen_before_uniform,before,uniform,qwen,176,2,3,True,ok,0,"import pandas as pd

def get_client_debt_and_payment_status(df_client, df_disp, client_id):
    # Filter the client's disp records
    client_disp = df_disp[df_disp['client_id'] == client_id]
    
    # Calculate total debt
    total_debt = client_disp['amount'].sum()
    
    # Check payment status (assuming 'status' column exists in disp table)
    payment_status = 'Fully Paid' if client_disp['status'].all() else 'Not Fully Paid'
    
    return {'Total Debt': total_debt, 'Payment Status': payment_status}

# Example usage
result = get_client_debt_and_payment_status(client, disp, 992)
print(result)"
qwen_before_uniform,before,uniform,qwen,176,3,3,True,ok,0,"import pandas as pd

def calculate_debt_and_payment_status(client_df, disp_df, client_id):
    # Filter the disp DataFrame to get the accounts for the specific client
    client_accounts = disp_df[disp_df['client_id'] == client_id]
    
    # Calculate the total debt amount for the client
    total_debt = client_accounts['amount'].sum()
    
    # Assuming 'status' column in disp table indicates payment status (e.g., 'paid', 'unpaid')
    payment_status = client_accounts['status'].value_counts().get('paid', 0) / len(client_accounts)
    
    return total_debt, payment_status

# Example usage:
# total_debt, payment_status = calculate_debt_and_payment_status(client, disp, 992)
# print(f""Total Debt: {total_debt}, Payment Status: {payment_status}"")"
qwen_before_uniform,before,uniform,qwen,176,4,3,True,ok,0,"import pandas as pd

def calculate_debt_and_payment_status(client_df, disp_df, client_id):
    # Filter the data for the specific client
    client_data = client_df[client_df['client_id'] == client_id]
    
    # Calculate the total debt amount for the client
    total_debt = disp_df[disp_df['client_id'] == client_id]['type'].sum()
    
    # Determine the payment status based on the type of accounts
    if 'saving' in disp_df[disp_df['client_id'] == client_id]['type'].values:
        payment_status = 'Good'
    else:
        payment_status = 'Poor'
    
    return total_debt, payment_status

# Example usage:
# Assuming client_df and disp_df are already defined
# client_id_to_check = 992
# debt_amount, payment_status = calculate_debt_and_payment_status(client_df, disp_df, client_id_to_check)
# print(f""Debt Amount: {debt_amount}, Payment Status: {payment_status}"")"
qwen_before_uniform,before,uniform,qwen,177,0,3,True,ok,0,"def get_account_info(transaction_id):
    # Filter the disp table to find the account ID associated with the given transaction ID
    account_id = disp[disp['type'] == transaction_id]['account_id'].iloc[0]
    
    # Find the client ID associated with the account ID
    client_id = disp[disp['account_id'] == account_id]['client_id'].iloc[0]
    
    # Get the gender of the client
    gender = client[client['client_id'] == client_id]['gender'].iloc[0]
    
    # Calculate the sum of transactions for the account ID
    account_sum = disp[disp['account_id'] == account_id]['type'].sum()
    
    return account_sum, gender

# Example usage
transaction_id = 851
account_sum, gender = get_account_info(transaction_id)
print(f""Account Sum: {account_sum}, Gender: {gender}"")"
qwen_before_uniform,before,uniform,qwen,177,1,3,True,ok,0,"import pandas as pd

def get_transaction_details(transaction_id):
    # Assuming 'disp' DataFrame contains transaction details and 'client' DataFrame contains client details
    transaction = disp[disp['account_id'] == transaction_id]
    if not transaction.empty:
        client_id = transaction.iloc[0]['client_id']
        client_info = client[client['client_id'] == client_id]
        if not client_info.empty:
            gender = client_info.iloc[0]['gender']
            total_sum = disp[disp['client_id'] == client_id]['amount'].sum()
            return total_sum, gender
    return None, None

# Example usage
transaction_id = 851
total_sum, gender = get_transaction_details(transaction_id)
print(f""Total Sum: {total_sum}, Gender: {gender}"")"
qwen_before_uniform,before,uniform,qwen,177,2,3,True,ok,0,"import pandas as pd

def get_transaction_details(df_client, df_disp, client_number, transaction_id):
    # Filter the dataframes to get the relevant information
    client_info = df_client[df_client['client_id'] == client_number]
    disp_info = df_disp[(df_disp['client_id'] == client_number) & (df_disp['account_id'].isin([transaction_id]))]
    
    # Calculate the sum of transactions for the given account
    total_sum = disp_info['type'].sum()
    
    # Determine if the owner is a man or a woman
    gender = 'Man' if client_info['gender'].iloc[0] == 'M' else 'Woman'
    
    return total_sum, gender

# Example usage
# Assuming df_client and df_disp are your DataFrames
# result_sum, result_gender = get_transaction_details(df_client, df_disp, 4, 851)
# print(f""Total Sum: {result_sum}, Gender: {result_gender}"")"
qwen_before_uniform,before,uniform,qwen,177,3,3,True,ok,0,"import pandas as pd

def get_transaction_details(df_client, df_disp, client_id=4, transaction_id=851):
    # Filter the disp DataFrame to find the account associated with the given transaction ID
    account_info = df_disp[df_disp['account_id'] == transaction_id]
    
    # Get the client ID from the filtered disp DataFrame
    client_id_for_account = account_info['client_id'].iloc[0]
    
    # Check if the client ID matches the specified client ID
    if client_id_for_account != client_id:
        return ""Client ID mismatch""
    
    # Find the gender of the client from the client DataFrame
    client_gender = df_client.loc[df_client['client_id'] == client_id_for_account, 'gender'].iloc[0]
    
    # Sum up the amounts for all transactions in the account
    total_amount = df_disp[df_disp['account_id'] == transaction_id]['type'].sum()
    
    return f""Total amount for client {client_id}'s account: {total_amount}, Gender: {client_gender}""

# Example usage
# Assuming df_client and df_disp are already defined
result = get_transaction_details(df_client, df_disp)
print(result)"
qwen_before_uniform,before,uniform,qwen,177,4,3,True,ok,0,"import pandas as pd

def get_transaction_details(transaction_id):
    # Assuming 'transactions' DataFrame contains the necessary columns including 'client_id', 'account_id', and 'amount'
    transaction = transactions[transactions['transaction_id'] == transaction_id]
    if not transaction.empty:
        client_id = transaction['client_id'].iloc[0]
        account_id = transaction['account_id'].iloc[0]
        amount = transaction['amount'].iloc[0]
        
        # Joining with 'client' DataFrame to get gender of the client
        client_info = client[client['client_id'] == client_id]
        gender = client_info['gender'].iloc[0]
        
        return f""Client {client_id} (Gender: {gender}) has an account with ID {account_id} and the transaction amount is {amount}.""
    else:
        return ""Transaction not found.""

# Example usage
transaction_id = 851
result = get_transaction_details(transaction_id)
print(result)"
qwen_before_uniform,before,uniform,qwen,178,0,2,True,ok,0,"import pandas as pd

def get_credit_card_type(client_id):
    # Filter the disp DataFrame to find accounts related to the given client_id
    client_accounts = disp[disp['client_id'] == client_id]
    
    # Extract the type of each account and store it in a list
    credit_card_types = client_accounts['type'].tolist()
    
    return credit_card_types

# Example usage:
# credit_cards = get_credit_card_type(9)
# print(credit_cards)"
qwen_before_uniform,before,uniform,qwen,178,1,2,True,ok,1,"def get_credit_card_type(client_id):
    # Join the 'client' and 'disp' tables on 'client_id'
    merged_df = pd.merge(client, disp, on='client_id')
    
    # Filter the DataFrame to only include rows where the client_id matches the input
    filtered_df = merged_df[merged_df['client_id'] == client_id]
    
    # Extract the 'type' column from the filtered DataFrame
    credit_card_types = filtered_df['type']
    
    return credit_card_types"
qwen_before_uniform,before,uniform,qwen,178,2,2,True,ok,0,"import pandas as pd

def get_credit_card_type(client_number):
    # Assuming 'disp' DataFrame contains the necessary information about credit cards
    credit_cards = disp[(disp['client_id'] == client_number) & (disp['type'].str.contains('credit'))]
    
    if not credit_cards.empty:
        return credit_cards['type'].unique()
    else:
        return ""No credit card found""

# Example usage
client_number = 9
result = get_credit_card_type(client_number)
print(result)"
qwen_before_uniform,before,uniform,qwen,178,3,2,True,ok,0,"def get_credit_card_type(client_id):
    # Filter the disp DataFrame to find records related to the given client_id
    client_disp = disp[disp['client_id'] == client_id]
    
    # Extract the 'type' column from the filtered DataFrame
    credit_card_types = client_disp['type']
    
    return credit_card_types

# Example usage:
credit_cards = get_credit_card_type(9)
print(credit_cards)"
qwen_before_uniform,before,uniform,qwen,178,4,2,True,ok,1,"import pandas as pd

def get_credit_card_type(df_client, df_disp, client_id):
    # Merge the client and disp DataFrames on client_id
    merged_df = pd.merge(df_client, df_disp, on='client_id')
    
    # Filter the DataFrame to only include rows where the client_id matches the input
    filtered_df = merged_df[merged_df['client_id'] == client_id]
    
    # Extract the unique types of credit cards possessed by the client
    credit_card_types = filtered_df['type'].unique()
    
    return credit_card_types

# Example usage:
# Assuming df_client and df_disp are your DataFrames containing client and disp data respectively
# client_id_9_cards = get_credit_card_type(df_client, df_disp, 9)"
qwen_before_uniform,before,uniform,qwen,179,0,3,True,ok,0,"def calculate_total_payment_for_client_617(df_client, df_disp):
    # Filter the data for client_id 617 and transactions in 1998
    filtered_data = df_disp[(df_disp['client_id'] == 617) & (df_disp['type'].str.contains('DEP'))]
    
    # Calculate the total payment amount
    total_payment = filtered_data['amount'].sum()
    
    return total_payment"
qwen_before_uniform,before,uniform,qwen,179,1,3,True,ok,1,"import pandas as pd

def calculate_total_payment(client_id, year):
    # Merge the client and disp tables on client_id
    merged_df = pd.merge(client, disp, on='client_id')
    
    # Filter the rows where the year is 1998 and the client_id matches the input
    filtered_df = merged_df[(merged_df['birth_date'].dt.year == year) & (merged_df['client_id'] == client_id)]
    
    # Calculate the total payment
    total_payment = filtered_df['account_id'].sum()
    
    return total_payment

# Example usage
total_payment_617_1998 = calculate_total_payment(617, 1998)
print(f""Total payment for client 617 in 1998: {total_payment_617_1998}"")"
qwen_before_uniform,before,uniform,qwen,179,2,3,True,ok,0,"def calculate_total_payment_for_client(client_df, disp_df, client_id=617, year=1998):
    filtered_disp = disp_df[(disp_df['client_id'] == client_id) & (disp_df['account_id'].str.contains('99'))]
    filtered_disp['payment_year'] = pd.to_datetime(filtered_disp['account_id'], format='%Y%m%d').dt.year
    total_payment = filtered_disp[filtered_disp['payment_year'] == year]['amount'].sum()
    return total_payment

# Assuming 'client' and 'disp' DataFrames are already defined
total_payment = calculate_total_payment_for_client(client, disp)
print(f""Total payment for client {client_id} in {year}: {total_payment}"")"
qwen_before_uniform,before,uniform,qwen,179,3,3,True,ok,0,"import pandas as pd

def calculate_total_transactions(client_df, disp_df, client_id=617, year=1998):
    # Filter the disp DataFrame to include only the transactions for the specified client and year
    filtered_disp = disp_df[(disp_df['client_id'] == client_id) & 
                           (pd.to_datetime(disp_df['account_id'], format='%Y%m%d').dt.year == year)]
    
    # Calculate the total amount paid for all transactions
    total_amount_paid = filtered_disp['type'].sum()
    
    return total_amount_paid

# Example usage:
# Assuming client_df and disp_df are already defined
# result = calculate_total_transactions(client_df, disp_df)
# print(result)"
qwen_before_uniform,before,uniform,qwen,179,4,3,True,ok,0,"def calculate_total_transactions(client_id):
    # Filter the transactions for the specific client and year 1998
    filtered_disp = disp[(disp['client_id'] == client_id) & (disp['account_id'].str.contains('1998'))]
    
    # Calculate the total amount paid by the client in 1998
    total_transactions = filtered_disp['amount'].sum()
    
    return total_transactions

# Example usage
client_id = 617
total_amount_paid = calculate_total_transactions(client_id)
print(f""Total amount paid by client {client_id} in 1998: {total_amount_paid}"")"
qwen_before_uniform,before,uniform,qwen,180,0,2,True,ok,0,"import pandas as pd

def filter_clients_by_birth_year_and_branch(clients_df, districts_df):
    # Filter clients born between 1983 and 1987
    filtered_clients = clients_df[(clients_df['birth_date'].dt.year >= 1983) & (clients_df['birth_date'].dt.year <= 1987)]
    
    # Map district IDs to branch names using the districts DataFrame
    filtered_clients['branch'] = filtered_clients['district_id'].map(districts_df.set_index('district_id')['A2'])
    
    # Filter clients whose branch is in East Bohemia
    east_bohemia_clients = filtered_clients[filtered_clients['branch'] == 'East Bohemia']
    
    return east_bohemia_clients[['client_id', 'gender', 'birth_date', 'branch']]"
qwen_before_uniform,before,uniform,qwen,180,1,2,True,ok,0,"import pandas as pd

def get_clients_in_east_bohemia(df_client, df_district):
    # Filter clients born between 1983 and 1987
    filtered_clients = df_client[(df_client['birth_date'].dt.year >= 1983) & (df_client['birth_date'].dt.year <= 1987)]
    
    # Assuming 'A2' column in 'district' DataFrame represents the region name
    east_bohemia_clients = filtered_clients[filtered_clients['district_id'].isin(df_district[df_district['A2'] == 'East Bohemia']['district_id'])]
    
    return east_bohemia_clients[['client_id']]"
qwen_before_uniform,before,uniform,qwen,180,2,2,True,ok,1,"import pandas as pd

def get_clients_in_east_bohemia(df_client, df_district):
    # Filter clients born between 1983 and 1987
    filtered_clients = df_client[(df_client['birth_date'].dt.year >= 1983) & (df_client['birth_date'].dt.year <= 1987)]
    
    # Merge with district data to filter by 'East Bohemia'
    merged_df = pd.merge(filtered_clients, df_district, on='district_id')
    east_bohemia_clients = merged_df[merged_df['A2'] == 'East Bohemia']
    
    # Select required columns
    result = east_bohemia_clients[['client_id', 'gender', 'birth_date']]
    
    return result"
qwen_before_uniform,before,uniform,qwen,180,3,2,True,ok,0,"import pandas as pd

def filter_clients_by_birth_year_and_district(clients_df, districts_df):
    # Filter clients born between 1983 and 1987
    filtered_clients = clients_df[(clients_df['birth_date'].dt.year >= 1983) & (clients_df['birth_date'].dt.year <= 1987)]
    
    # Map district IDs to district names using the 'A2' column as an example
    district_names = districts_df.set_index('district_id')['A2']
    filtered_clients['district_name'] = filtered_clients['district_id'].map(district_names)
    
    # Filter clients whose account branch is in East Bohemia
    east_bohemia_clients = filtered_clients[filtered_clients['district_name'] == 'East Bohemia']
    
    # Select only the required columns
    result = east_bohemia_clients[['client_id', 'gender', 'birth_date', 'district_name']]
    
    return result"
qwen_before_uniform,before,uniform,qwen,180,4,2,True,ok,1,"import pandas as pd

def get_clients_in_east_bohemia(df_client, df_district):
    # Filter clients born between 1983 and 1987
    filtered_clients = df_client[(df_client['birth_date'].dt.year >= 1983) & (df_client['birth_date'].dt.year <= 1987)]
    
    # Merge with district data to filter by East Bohemia
    merged_data = pd.merge(filtered_clients, df_district, left_on='district_id', right_index=True)
    
    # Assuming 'A1' column indicates the region, and 'East Bohemia' is one of its values
    east_bohemia_clients = merged_data[merged_data['A1'] == 'East Bohemia']
    
    # Selecting only the required columns
    result = east_bohemia_clients[['client_id']]
    
    return result"
qwen_before_uniform,before,uniform,qwen,181,0,2,True,ok,1,"def get_top_3_female_clients_with_largest_loans(clients, disps):
    # Filter female clients
    female_clients = clients[clients['gender'] == 'female']
    
    # Merge clients and disps to get all disps for female clients
    merged_df = pd.merge(female_clients, disps, on='client_id')
    
    # Group by client_id and sum the amounts to find total loan amount per client
    total_loan_per_client = merged_df.groupby('client_id')['amount'].sum().reset_index()
    
    # Sort the clients by their total loan amount in descending order and select top 3
    top_3_female_clients = total_loan_per_client.sort_values(by='amount', ascending=False).head(3)
    
    return top_3_female_clients['client_id'].tolist()"
qwen_before_uniform,before,uniform,qwen,181,1,2,True,ok,1,"import pandas as pd

def get_top_female_clients_with_largest_loans(client_df, disp_df):
    # Merge client and disp tables on client_id
    merged_df = pd.merge(client_df, disp_df, on='client_id')
    
    # Filter for female clients
    female_clients_df = merged_df[merged_df['gender'] == 'female']
    
    # Group by client_id and sum up the account_id to get the total loan amount per client
    top_female_clients = female_clients_df.groupby('client_id')['account_id'].sum().reset_index()
    
    # Sort the clients by their total loan amount in descending order and select the top 3
    top_female_clients_sorted = top_female_clients.sort_values(by='account_id', ascending=False).head(3)
    
    return top_female_clients_sorted['client_id'].tolist()"
qwen_before_uniform,before,uniform,qwen,181,2,2,True,ok,1,"import pandas as pd

def get_female_clients_with_largest_loans(clients_df, disp_df):
    # Filter female clients
    female_clients = clients_df[clients_df['gender'] == 'female']
    
    # Merge clients and disp dataframes on client_id to get account information
    merged_df = pd.merge(female_clients, disp_df, on='client_id')
    
    # Group by client_id and sum the amounts to find total loan per client
    total_loan_per_client = merged_df.groupby('client_id')['amount'].sum().reset_index()
    
    # Sort the clients by their total loan in descending order and select top 3
    top_3_female_clients = total_loan_per_client.sort_values(by='amount', ascending=False).head(3)
    
    return top_3_female_clients['client_id'].tolist()"
qwen_before_uniform,before,uniform,qwen,181,3,2,True,ok,1,"import pandas as pd

def get_female_clients_with_largest_loans(df_client, df_disp):
    # Merge the two dataframes on client_id
    merged_df = pd.merge(df_client, df_disp, on='client_id')
    
    # Filter for female clients
    female_clients = merged_df[merged_df['gender'] == 'female']
    
    # Group by account_id and sum the amounts to get total loan amount per client
    total_loan_amount = female_clients.groupby('account_id')['amount'].sum().reset_index()
    
    # Sort by total loan amount in descending order and select the top 3
    top_3_female_clients = total_loan_amount.sort_values(by='amount', ascending=False).head(3)
    
    return top_3_female_clients['account_id']"
qwen_before_uniform,before,uniform,qwen,181,4,2,True,ok,1,"import pandas as pd

def get_female_clients_with_largest_loans(df_client, df_disp):
    # Filter female clients
    female_clients = df_client[df_client['gender'] == 'female']
    
    # Merge client and disp dataframes to get account details
    merged_df = pd.merge(female_clients, df_disp, left_on='client_id', right_on='client_id')
    
    # Group by client_id and sum up the account_ids (assuming higher account_id indicates larger loan)
    aggregated_df = merged_df.groupby('client_id')['account_id'].sum().reset_index()
    
    # Sort by the total account_id in descending order and select top 3
    result = aggregated_df.sort_values(by='account_id', ascending=False).head(3)
    
    return result['client_id'].tolist()"
qwen_before_uniform,before,uniform,qwen,182,0,3,True,ok,1,"def count_eligible_customers(trans_df, account_df):
    # Filter transactions for payments on homes over $4000
    filtered_trans = trans_df[(trans_df['type'] == 'U') & (trans_df['amount'] > 4000)]
    
    # Join transactions with accounts to get district information
    joined_data = pd.merge(filtered_trans, account_df, on='account_id')
    
    # Count the number of unique customer IDs
    eligible_count = joined_data['customer_id'].nunique()
    
    return eligible_count"
qwen_before_uniform,before,uniform,qwen,182,1,3,True,ok,0,"import pandas as pd

def calculate_feature(home_payment_feature):
    # Assuming 'home_payment_feature' is a DataFrame containing the necessary information
    filtered_data = home_payment_feature[(home_payment_feature['date'] >= '1974-01-01') & 
                                        (home_payment_feature['date'] <= '1976-12-31') &
                                        (home_payment_feature['type'] == 'Payment') &
                                        (home_payment_feature['operation'] == 'Home') &
                                        (home_payment_feature['amount'] > 4000)]
    return len(filtered_data)"
qwen_before_uniform,before,uniform,qwen,182,2,3,True,ok,2,"def count_male_customers_paid_home_excess_4000(df_trans, df_account):
    # Assuming there is an additional table 'customer' with columns 'account_id', 'gender', and 'birth_year'
    customer = pd.read_csv('customer.csv')  # Replace with actual file path or data source
    
    # Merge transactions with accounts to get district_id
    merged_df = pd.merge(df_trans, df_account, on='account_id')
    
    # Filter transactions for payments on homes over $4000
    filtered_df = merged_df[(merged_df['type'] == 'payment') & (merged_df['k_symbol'] == 'Housing') & (merged_df['amount'] > 4000)]
    
    # Merge with customer table to filter by gender and birth year
    final_df = pd.merge(filtered_df, customer, on='account_id')
    result = final_df[(final_df['gender'] == 'male') & (final_df['birth_year'].between(1974, 1976))]['trans_id'].count()
    return result"
qwen_before_uniform,before,uniform,qwen,182,3,3,True,ok,2,"import pandas as pd

def calculate_feature(trans_df, account_df):
    # Assuming there is an additional table 'customer' with columns 'account_id', 'gender', 'birth_year'
    customer_df = pd.read_csv('path_to_customer_table.csv')  # Replace with actual path
    
    # Merge the necessary tables
    merged_df = pd.merge(trans_df, account_df, on='account_id')
    merged_df = pd.merge(merged_df, customer_df, on='account_id')
    
    # Filter the data based on conditions
    filtered_df = merged_df[(merged_df['type'] == 'payment') & 
                           (merged_df['k_symbol'].str.contains('Housing')) & 
                           (merged_df['amount'] > 4000) & 
                           (merged_df['birth_year'].between(1974, 1976)) & 
                           (merged_df['gender'] == 'Male')]
    
    # Calculate the number of unique male customers
    result = len(filtered_df['account_id'].unique())
    
    return result"
qwen_before_uniform,before,uniform,qwen,182,4,3,True,ok,0,"def count_eligible_customers(home_transactions):
    # Assuming 'gender' is a column in the 'account' DataFrame indicating customer gender
    # Assuming 'birth_year' is a calculated column in the 'account' DataFrame indicating customer birth year
    eligible_customers = home_transactions[(home_transactions['amount'] > 4000) & 
                                          (home_transactions['k_symbol'] == 'Ucetni') & 
                                          (home_transactions['date'].dt.year >= 2023 - 76) & 
                                          (home_transactions['date'].dt.year <= 2023 - 74) & 
                                          (home_transactions['account'].isin(home_transactions[home_transactions['k_symbol'] == 'Ucetni']['account'])) &
                                          (home_transactions['account'].isin(home_transactions[home_transactions['gender'] == 'M']['account']))]
    return len(eligible_customers)"
qwen_before_uniform,before,uniform,qwen,183,0,1,False,ok,0,"def count_accounts_opened_after_1996():
    # Filter accounts from the 'Beroun' district and open after 1996
    filtered_accounts = account[(account['district_id'] == 'Beroun') & (account['date'].dt.year > 1996)]
    # Return the count of such accounts
    return len(filtered_accounts)"
qwen_before_uniform,before,uniform,qwen,183,1,1,False,ok,0,"import pandas as pd

def count_accounts_opened_after_1996(account_df):
    # Filter accounts from Beroun and opened after 1996
    filtered_accounts = account_df[(account_df['district_id'] == 'Beroun') & (pd.to_datetime(account_df['date']).dt.year > 1996)]
    # Count the number of such accounts
    count = len(filtered_accounts)
    return count"
qwen_before_uniform,before,uniform,qwen,183,2,1,False,ok,0,"import pandas as pd

def count_accounts_opened_after_1996():
    # Filter accounts in Beroun and opened after 1996
    filtered_accounts = account[(account['district_id'] == 'Beroun') & (account['date'].dt.year > 1996)]
    # Count the number of such accounts
    count = len(filtered_accounts)
    return count"
qwen_before_uniform,before,uniform,qwen,183,3,1,False,ok,0,"def count_accounts_opened_after_1996(beroun_accounts):
    filtered_accounts = beroun_accounts[(beroun_accounts['district_id'] == 'Beroun') & (beroun_accounts['date'].dt.year > 1996)]
    return len(filtered_accounts)"
qwen_before_uniform,before,uniform,qwen,183,4,1,False,ok,0,"import pandas as pd

def count_accounts_opened_after_1996():
    # Filter accounts in Beroun opened after 1996
    filtered_accounts = account[(account['district_id'] == 'Beroun') & (pd.to_datetime(account['date']).dt.year > 1996)]
    # Count the number of such accounts
    return len(filtered_accounts)"
qwen_before_uniform,before,uniform,qwen,184,0,2,True,ok,1,"def count_female_junior_credit_card_customers(client_df, disp_df):
    # Merge the client and disp DataFrames on client_id
    merged_df = pd.merge(client_df, disp_df, on='client_id')
    
    # Filter the DataFrame to include only female customers with a junior credit card
    filtered_df = merged_df[(merged_df['gender'] == 'F') & (merged_df['type'] == 'junior')]
    
    # Count the number of unique client IDs in the filtered DataFrame
    count = len(filtered_df['client_id'].unique())
    
    return count"
qwen_before_uniform,before,uniform,qwen,184,1,2,True,ok,1,"import pandas as pd

def count_female_junior_credit_card_customers(client_df, disp_df):
    # Filter clients who are female and have a junior credit card
    filtered_customers = client_df.merge(disp_df, left_on='client_id', right_on='client_id')
    female_junior_customers = filtered_customers[(filtered_customers['gender'] == 'female') & (filtered_customers['type'] == 'junior')]
    
    # Count the number of unique female customers with junior credit cards
    return len(female_junior_customers['client_id'].unique())"
qwen_before_uniform,before,uniform,qwen,184,2,2,True,ok,1,"import pandas as pd

def count_female_junior_credit_card_customers(client_df, disp_df):
    # Filter female clients
    female_clients = client_df[client_df['gender'] == 'female']
    
    # Filter junior credit card accounts
    junior_credit_cards = disp_df[(disp_df['type'] == 'junior') & (disp_df['account_id'].str.contains('credit'))]
    
    # Merge female clients and junior credit cards based on client_id
    merged_df = pd.merge(female_clients, junior_credit_cards, on='client_id')
    
    # Count the number of unique female customers with junior credit cards
    result = len(merged_df)
    
    return result"
qwen_before_uniform,before,uniform,qwen,184,3,2,True,ok,1,"def count_female_junior_credit_card_customers(client_df, disp_df):
    # Filter female clients
    female_clients = client_df[client_df['gender'] == 'female']
    
    # Join female clients with their dispositions
    female_disp = pd.merge(female_clients, disp_df, left_on='client_id', right_on='client_id')
    
    # Filter junior credit cards
    junior_credit_cards = female_disp[female_disp['type'] == 'junior']
    
    # Count the number of unique female customers with junior credit cards
    return junior_credit_cards['client_id'].nunique()"
qwen_before_uniform,before,uniform,qwen,184,4,2,True,ok,1,"import pandas as pd

def count_female_junior_credit_card_customers(client_df, disp_df):
    # Filter clients who are female
    female_clients = client_df[client_df['gender'] == 'female']
    
    # Filter disps which are junior credit cards
    junior_credit_cards = disp_df[disp_df['type'] == 'junior_credit_card']
    
    # Merge the two filtered DataFrames on client_id to find female customers with junior credit cards
    result = pd.merge(female_clients, junior_credit_cards, on='client_id')
    
    # Return the number of such customers
    return len(result)"
qwen_before_uniform,before,uniform,qwen,185,0,1,False,ok,0,"def calculate_female_proportion(prague_accounts, clients):
    prague_clients = clients[clients['district_id'] == 'Prague']
    total_prague_clients = len(prague_clients)
    female_prague_clients = len(prague_clients[prague_clients['gender'] == 'Female'])
    return female_prague_clients / total_prague_clients if total_prague_clients > 0 else 0"
qwen_before_uniform,before,uniform,qwen,185,1,1,False,ok,0,"import pandas as pd

def calculate_female_ratio(prague_clients_df):
    prague_clients = prague_clients_df[prague_clients_df['district_id'] == 'Prague']
    total_prague_clients = len(prague_clients)
    female_clients = prague_clients[prague_clients['gender'] == 'Female']
    female_count = len(female_clients)
    female_ratio = female_count / total_prague_clients if total_prague_clients > 0 else 0
    return female_ratio"
qwen_before_uniform,before,uniform,qwen,185,2,1,False,ok,0,"import pandas as pd

def calculate_female_proportion(prague_clients, district):
    prague_district = district[district['A2'] == 'Prague']
    prague_client_ids = prague_district['district_id'].unique()
    prague_clients_filtered = prague_clients[prague_clients['district_id'].isin(prague_client_ids)]
    female_count = prague_clients_filtered[prague_clients_filtered['gender'] == 'female']['client_id'].count()
    total_count = prague_clients_filtered['client_id'].count()
    return female_count / total_count if total_count > 0 else 0"
qwen_before_uniform,before,uniform,qwen,185,3,1,False,ok,0,"def calculate_female_proportion(prague_clients):
    total_female = prague_clients[prague_clients['gender'] == 'female'].shape[0]
    total_customers = prague_clients.shape[0]
    female_proportion = total_female / total_customers if total_customers != 0 else 0
    return female_proportion"
qwen_before_uniform,before,uniform,qwen,185,4,1,False,ok,0,"import pandas as pd

def calculate_female_proportion(prague_accounts, clients):
    prague_accounts_filtered = prague_accounts[prague_accounts['district_id'] == 'Prague']
    female_clients = clients[clients['gender'] == 'Female']
    female_in_prague = female_clients[female_clients['client_id'].isin(prague_accounts_filtered['client_id'])]
    proportion = len(female_in_prague) / len(prague_accounts_filtered)
    return proportion"
qwen_before_uniform,before,uniform,qwen,186,0,2,True,ok,0,"import pandas as pd

def calculate_male_clients_weekly_statements_percentage(client_df):
    # Filter the DataFrame to include only male clients
    male_clients = client_df[client_df['gender'] == 'male']
    
    # Calculate the total number of male clients who requested weekly statements
    total_male_clients = len(male_clients)
    
    # Assuming there is another DataFrame or column indicating whether the client requested weekly statements
    # For the purpose of this example, let's assume there is a column named 'weekly_statement_request' in the client DataFrame
    weekly_statement_requests = male_clients['weekly_statement_request'].sum()
    
    # Calculate the percentage of male clients who requested weekly statements
    percentage = (weekly_statement_requests / total_male_clients) * 100
    
    return percentage"
qwen_before_uniform,before,uniform,qwen,186,1,2,True,ok,0,"import pandas as pd

def calculate_male_clients_weekly_statements(client_df):
    # Filter the DataFrame to include only male clients who request weekly statements
    male_clients = client_df[client_df['gender'] == 'Male']
    
    # Calculate the percentage of male clients requesting weekly statements
    percentage = (male_clients.shape[0] / client_df.shape[0]) * 100
    
    return percentage"
qwen_before_uniform,before,uniform,qwen,186,2,2,True,ok,0,"import pandas as pd

def calculate_male_clients_percentage():
    # Filter the DataFrame to include only male clients
    male_clients = client[client['gender'] == 'male']
    
    # Calculate the total number of male clients who requested weekly statements
    total_male_clients = len(male_clients)
    
    # Calculate the percentage of male clients requesting weekly statements
    percentage = (total_male_clients / len(client)) * 100
    
    return percentage"
qwen_before_uniform,before,uniform,qwen,186,3,2,True,ok,0,"def calculate_male_clients_percentage(df_client):
    total_male_clients = df_client[df_client['gender'] == 'male'].shape[0]
    total_clients = df_client.shape[0]
    percentage = (total_male_clients / total_clients) * 100 if total_clients > 0 else 0
    return percentage"
qwen_before_uniform,before,uniform,qwen,186,4,2,True,ok,1,"import pandas as pd

def calculate_male_clients_percentage(loan_requests_df):
    # Merge the loan_requests_df with the client DataFrame on client_id
    merged_df = pd.merge(loan_requests_df, client, on='client_id')
    
    # Filter the merged DataFrame to include only male clients who requested weekly statements
    male_clients_weekly = merged_df[(merged_df['gender'] == 'male') & (merged_df['request_type'] == 'weekly')]
    
    # Calculate the percentage of male clients who requested weekly statements
    total_male_clients = len(merged_df[merged_df['gender'] == 'male'])
    percentage = (len(male_clients_weekly) / total_male_clients) * 100
    
    return percentage"
qwen_before_uniform,before,uniform,qwen,187,0,1,True,ok,1,"import pandas as pd

def count_owner_clients():
    # Merge disp and account tables on account_id
    merged_df = pd.merge(disp, account, on='account_id')
    
    # Filter rows where type is 'Owner' and frequency is 'weekly'
    filtered_df = merged_df[(merged_df['type'] == 'Owner') & (merged_df['frequency'] == 'weekly')]
    
    # Count the number of unique client_ids
    owner_client_count = len(filtered_df['client_id'].unique())
    
    return owner_client_count"
qwen_before_uniform,before,uniform,qwen,187,1,1,True,ok,1,"import pandas as pd

def count_owner_clients():
    # Merge the 'disp' and 'account' tables on 'account_id'
    merged_df = pd.merge(disp, account, on='account_id')
    
    # Filter rows where 'type' is 'Owner' and 'frequency' is 'weekly'
    filtered_df = merged_df[(merged_df['type'] == 'Owner') & (merged_df['frequency'] == 'weekly')]
    
    # Count the number of unique 'client_id's in the filtered DataFrame
    owner_count = filtered_df['client_id'].nunique()
    
    return owner_count"
qwen_before_uniform,before,uniform,qwen,187,2,1,True,ok,1,"import pandas as pd

def count_owner_clients(df_account, df_disp):
    # Merge the two dataframes on 'account_id'
    merged_df = pd.merge(df_account, df_disp, on='account_id')
    
    # Filter rows where 'type' is 'Owner' and 'frequency' is 'weekly'
    filtered_df = merged_df[(merged_df['type'] == 'Owner') & (merged_df['frequency'] == 'weekly')]
    
    # Count the number of unique 'client_id's in the filtered dataframe
    result = len(filtered_df['client_id'].unique())
    
    return result"
qwen_before_uniform,before,uniform,qwen,187,3,1,True,ok,1,"import pandas as pd

def count_owner_clients():
    # Merge the 'account' and 'disp' tables on 'account_id'
    merged_df = pd.merge(account, disp, on='account_id')
    
    # Filter rows where 'type' is 'Owner' and 'frequency' is 'weekly'
    filtered_df = merged_df[(merged_df['type'] == 'Owner') & (merged_df['frequency'] == 'weekly')]
    
    # Count the number of unique 'client_id's in the filtered DataFrame
    owner_client_count = len(filtered_df['client_id'].unique())
    
    return owner_client_count"
qwen_before_uniform,before,uniform,qwen,187,4,1,True,ok,0,"import pandas as pd

def count_owner_clients():
    # Filter the 'disp' table to find clients with 'Owner' type and 'statement of weekly issuance'
    owner_clients = disp[(disp['type'] == 'Owner') & (disp['account_id'].isin(account[account['frequency'] == 1]['account_id']))]
    
    # Return the number of unique clients
    return len(owner_clients['client_id'].unique())"
qwen_before_uniform,before,uniform,qwen,188,0,1,False,ok,1,"import pandas as pd

def find_lowest_approved_amount_accounts(loan_df, account_df):
    # Filter loans with validity more than 24 months
    valid_loans = loan_df[loan_df['duration'] > 24]
    
    # Merge valid loans with account details to get account information
    merged_data = pd.merge(valid_loans, account_df, on='account_id')
    
    # Filter accounts opened before 1997
    filtered_accounts = merged_data[merged_data['date_x'].dt.year < 1997]
    
    # Find the minimum approved amount among these accounts
    min_amount = filtered_accounts['amount'].min()
    
    # Get the account IDs of accounts with the minimum approved amount
    result_accounts = filtered_accounts[filtered_accounts['amount'] == min_amount]['account_id']
    
    return result_accounts.tolist()"
qwen_before_uniform,before,uniform,qwen,188,1,1,False,ok,1,"import pandas as pd

def find_lowest_approved_amount_accounts(loan_df, account_df):
    # Filter loans with validity more than 24 months
    valid_loans = loan_df[loan_df['duration'] > 24]
    
    # Join loan and account dataframes on account_id
    joined_data = pd.merge(valid_loans, account_df, on='account_id')
    
    # Filter accounts with opening date before 1997
    filtered_accounts = joined_data[joined_data['date_y'] < '1997-01-01']
    
    # Group by account_id and get the minimum approved amount
    result = filtered_accounts.groupby('account_id')['amount'].min().reset_index()
    
    return result"
qwen_before_uniform,before,uniform,qwen,188,2,1,False,ok,2,"import pandas as pd

def get_lowest_approved_amount_accounts(loan_df, account_df):
    # Filter accounts with loan validity more than 24 months
    valid_accounts = account_df[account_df['date'] > '1996']
    
    # Merge the filtered accounts with the loan data
    merged_data = pd.merge(valid_accounts, loan_df, on='account_id')
    
    # Filter the merged data to only include approved loans
    approved_loans = merged_data[merged_data['status'] == 'approved']
    
    # Group by account_id and find the minimum approved amount
    min_approved_amounts = approved_loans.groupby('account_id')['amount'].min().reset_index()
    
    # Merge the minimum approved amounts back with the original data to get all details
    result = pd.merge(approved_loans, min_approved_amounts, on=['account_id', 'amount'])
    
    return result"
qwen_before_uniform,before,uniform,qwen,188,3,1,False,ok,1,"import pandas as pd

def get_lowest_approved_amount_accounts(loan_df, account_df):
    # Filter loans with validity more than 24 months
    valid_loans = loan_df[loan_df['duration'] > 24]
    
    # Join loan data with account data
    joined_data = pd.merge(valid_loans, account_df, on='account_id')
    
    # Filter accounts with opening date before 1997
    filtered_data = joined_data[joined_data['date_x'] < '1997']
    
    # Find the minimum approved amount among these accounts
    min_amount = filtered_data['amount'].min()
    
    # Get the account IDs with the minimum approved amount
    result = filtered_data[filtered_data['amount'] == min_amount]['account_id']
    
    return result"
qwen_before_uniform,before,uniform,qwen,188,4,1,False,ok,1,"import pandas as pd

def get_lowest_amount_accounts(loan_df, account_df):
    # Filter loans with duration more than 24 months
    valid_loans = loan_df[loan_df['duration'] > 24]
    
    # Merge with account data to get account details
    merged_data = pd.merge(valid_loans, account_df, on='account_id')
    
    # Filter accounts opened before 1997
    filtered_data = merged_data[merged_data['date_x'].dt.year < 1997]
    
    # Group by account_id and find the minimum approved amount
    result = filtered_data.groupby('account_id')['amount'].min().reset_index()
    
    return result"
qwen_before_uniform,before,uniform,qwen,189,0,2,True,ok,2,"import pandas as pd

def get_oldest_female_clients_with_lowest_salary(clients_df, districts_df):
    # Merge the clients and districts dataframes on district_id
    merged_df = pd.merge(clients_df, districts_df, on='district_id')
    
    # Filter for female clients
    female_clients = merged_df[merged_df['gender'] == 'female']
    
    # Calculate age from birth_date
    female_clients['age'] = (pd.to_datetime('now') - pd.to_datetime(female_clients['birth_date'])).astype('<m8[Y]')
    
    # Group by client_id and calculate average salary for each group
    avg_salary_per_client = female_clients.groupby('client_id')['A1'].mean().reset_index()
    
    # Merge the average salary back to the female clients dataframe
    female_clients = pd.merge(female_clients, avg_salary_per_client, on='client_id', suffixes=('', '_avg'))
    
    # Sort by age in descending order and then by average salary in ascending order
    sorted_df = female_clients.sort_values(by=['age', 'A1_avg'], ascending=[False, True])
    
    # Select the top 1 client
    result = sorted_df.iloc[[0]]
    
    return result[['client_id']]"
qwen_before_uniform,before,uniform,qwen,189,1,2,True,ok,2,"import pandas as pd

def get_female_oldest_lowest_salary_clients():
    # Merge client and district tables on district_id
    merged_df = pd.merge(client, district, on='district_id')
    
    # Filter for female clients
    female_clients = merged_df[merged_df['gender'] == 'female']
    
    # Calculate age from birth_date
    current_year = 2023  # Assuming the current year is 2023
    female_clients['age'] = current_year - female_clients['birth_date'].dt.year
    
    # Group by client_id and calculate average salary
    avg_salary = female_clients.groupby('client_id')['A2'].mean().reset_index()
    
    # Join the average salary back to the filtered data
    result = pd.merge(female_clients, avg_salary, on='client_id')
    
    # Sort by age in descending order and then by average salary in ascending order
    sorted_result = result.sort_values(by=['age', 'A2'], ascending=[False, True])
    
    # Select the top record which will be the oldest with the lowest average salary
    oldest_lowest_salary_client = sorted_result.head(1)
    
    return oldest_lowest_salary_client[['client_id']]"
qwen_before_uniform,before,uniform,qwen,189,2,2,True,ok,1,"import pandas as pd

def find_eligible_clients(clients_df, districts_df):
    # Calculate age in years from birth_date
    clients_df['age'] = (pd.to_datetime('now') - pd.to_datetime(clients_df['birth_date'])).astype('<m8[Y]')
    
    # Merge clients with districts to get additional district attributes
    merged_df = pd.merge(clients_df, districts_df, on='district_id')
    
    # Filter for female clients
    female_clients = merged_df[merged_df['gender'] == 'female']
    
    # Group by client_id and calculate average salary
    avg_salary = female_clients.groupby('client_id')['A1'].mean().reset_index()
    
    # Find the minimum average salary
    min_avg_salary = avg_salary['A1'].min()
    
    # Get client_ids with the minimum average salary
    eligible_client_ids = avg_salary[avg_salary['A1'] == min_avg_salary]['client_id']
    
    # Get the oldest clients among those with the minimum average salary
    oldest_eligible_clients = female_clients[female_clients['client_id'].isin(eligible_client_ids)].nlargest(1, 'age')
    
    return oldest_eligible_clients[['client_id', 'A1']]"
qwen_before_uniform,before,uniform,qwen,189,3,2,True,ok,1,"import pandas as pd

def get_oldest_female_clients_with_lowest_salary(clients_df, districts_df):
    # Merge clients_df and districts_df on district_id
    merged_df = pd.merge(clients_df, districts_df, on='district_id')
    
    # Filter female clients
    female_clients_df = merged_df[merged_df['gender'] == 'female']
    
    # Calculate age
    current_year = pd.Timestamp.now().year
    female_clients_df['age'] = current_year - female_clients_df['birth_date'].dt.year
    
    # Calculate average salary (assuming there's a column named 'salary' in clients_df)
    female_clients_df['average_salary'] = female_clients_df.groupby('client_id')['salary'].transform('mean')
    
    # Sort by age and then by average salary
    sorted_df = female_clients_df.sort_values(by=['age', 'average_salary'], ascending=[False, True])
    
    # Get the top 1 result
    result = sorted_df.head(1)
    
    return result[['client_id']]"
qwen_before_uniform,before,uniform,qwen,189,4,2,True,ok,1,"import pandas as pd

def get_female_oldest_lowest_salary_clients(client_df, district_df):
    # Merge client and district dataframes on district_id
    merged_df = pd.merge(client_df, district_df, on='district_id')
    
    # Filter for female clients
    female_clients = merged_df[merged_df['gender'] == 'female']
    
    # Calculate age in years
    current_year = pd.Timestamp.now().year
    female_clients['age'] = current_year - female_clients['birth_date'].dt.year
    
    # Group by client_id and calculate average salary (assuming there's an 'average_salary' column)
    avg_salary_by_client = female_clients.groupby('client_id')['average_salary'].mean()
    
    # Get the client_id with the lowest average salary
    min_avg_salary_client = avg_salary_by_client.idxmin()
    
    # Get the oldest client among those with the lowest average salary
    oldest_lowest_salary_client = female_clients[(female_clients['client_id'] == min_avg_salary_client) & 
                                              (female_clients['age'] == female_clients[female_clients['client_id'] == min_avg_salary_client]['age'].max())]
    
    return oldest_lowest_salary_client['client_id'].values.tolist()"
qwen_before_uniform,before,uniform,qwen,190,0,1,False,ok,0,"def count_clients_born_1920_in_east_bohemia(clients, districts):
    # Convert birth_date to datetime and extract year
    clients['birth_year'] = pd.to_datetime(clients['birth_date']).dt.year
    
    # Filter clients born in 1920
    clients_1920 = clients[clients['birth_year'] == 1920]
    
    # Assuming 'A1' is the indicator for east Bohemia based on the given schema
    east_bohemia_districts = districts[districts['A1'] == 1]['district_id']
    
    # Count clients born in 1920 who live in east Bohemia
    result = len(clients_1920[clients_1920['district_id'].isin(east_bohemia_districts)])
    
    return result"
qwen_before_uniform,before,uniform,qwen,190,1,1,False,ok,1,"def count_clients_born_1920_in_east_bohemia():
    # Filter clients born in 1920
    clients_1920 = client[(client['birth_date'].dt.year == 1920)]
    
    # Filter districts in east Bohemia based on A2 column (assuming A2 indicates location)
    east_bohemia_districts = district[district['A2'] == 'east_bohemia']
    
    # Get district IDs of east Bohemia
    east_bohemia_ids = east_bohemia_districts['district_id']
    
    # Join clients and districts to filter those in east Bohemia
    filtered_clients = pd.merge(clients_1920, east_bohemia_districts, on='district_id')
    
    # Count the number of unique clients
    return len(filtered_clients)"
qwen_before_uniform,before,uniform,qwen,190,2,1,False,ok,1,"import pandas as pd

def count_clients_born_1920_in_east_bohemia(clients_df, districts_df):
    # Filter clients born in 1920
    clients_1920 = clients_df[clients_df['birth_date'].dt.year == 1920]
    
    # Join clients with districts to get district information
    clients_with_districts = pd.merge(clients_1920, districts_df, left_on='district_id', right_index=True)
    
    # Define the condition for east Bohemia based on the given attributes
    east_bohemia_condition = (clients_with_districts['A2'] == 1) & (clients_with_districts['A3'] == 1) & (clients_with_districts['A4'] == 1) & (clients_with_districts['A5'] == 1) & (clients_with_districts['A6'] == 1) & (clients_with_districts['A7'] == 1) & (clients_with_districts['A8'] == 1) & (clients_with_districts['A9'] == 1) & (clients_with_districts['A10'] == 1) & (clients_with_districts['A11'] == 1) & (clients_with_districts['A12'] == 1) & (clients_with_districts['A13'] == 1) & (clients_with_districts['A14'] == 1) & (clients_with_districts['A15'] == 1) & (clients_with_districts['A16'] == 1)
    
    # Count the number of clients meeting the condition
    count_east_bohemia = east_bohemia_condition.sum()
    
    return count_east_bohemia"
qwen_before_uniform,before,uniform,qwen,190,3,1,False,ok,1,"import pandas as pd

def count_clients_born_in_1920_east_bohemia(clients_df, districts_df):
    # Filter clients born in 1920
    clients_1920 = clients_df[clients_df['birth_date'].dt.year == 1920]
    
    # Assuming 'district_id' in 'clients_df' corresponds to 'district_id' in 'districts_df'
    # and East Bohemia is represented by a specific condition on the columns of 'districts_df'
    # For example, if East Bohemia is represented by the sum of columns A2 to A16 being greater than a certain threshold
    east_bohemia_condition = (districts_df[['A2', 'A3', 'A4', 'A5', 'A6', 'A7', 'A8', 'A9', 'A10', 'A11', 'A12', 'A13', 'A14', 'A15', 'A16']].sum(axis=1) > some_threshold)
    
    # Merge clients with districts based on district_id
    merged_df = pd.merge(clients_1920, districts_df, on='district_id')
    
    # Count clients who meet both conditions
    count = merged_df[east_bohemia_condition].shape[0]
    
    return count"
qwen_before_uniform,before,uniform,qwen,190,4,1,False,ok,1,"def count_clients_born_in_1920_in_east_bohemia(clients, districts):
    # Filter clients born in 1920
    clients_1920 = clients[clients['birth_date'].str.contains(r'/1920')]
    
    # Assuming 'east_bohemia' is defined based on some condition in the 'districts' DataFrame
    east_bohemia_district_ids = districts[districts['A1'] == 'east_bohemia']['district_id']
    
    # Merge clients born in 1920 with districts to filter by east Bohemia
    filtered_clients = pd.merge(clients_1920, districts, left_on='district_id', right_on='district_id')
    
    # Count clients who stayed in east Bohemia
    count_east_bohemia = len(filtered_clients[filtered_clients['district_id'].isin(east_bohemia_district_ids)])
    
    return count_east_bohemia"
qwen_before_uniform,before,uniform,qwen,191,0,1,False,ok,0,"import pandas as pd

def count_prepayment_accounts(account_df, loan_df):
    # Filter loans with duration of 24 months and pre-payment status
    filtered_loans = loan_df[(loan_df['duration'] == 24) & (loan_df['status'] == 'pre_payment')]
    
    # Get unique account IDs from the filtered loans
    unique_account_ids = filtered_loans['account_id'].unique()
    
    return len(unique_account_ids)"
qwen_before_uniform,before,uniform,qwen,191,1,1,False,ok,0,"import pandas as pd

def count_prepayment_accounts():
    # Filter loans with duration of 24 months and status 'pre-payment'
    filtered_loans = loan[(loan['duration'] == 24) & (loan['status'] == 'pre-payment')]
    
    # Get unique account IDs from the filtered loans
    unique_account_ids = filtered_loans['account_id'].unique()
    
    return len(unique_account_ids)"
qwen_before_uniform,before,uniform,qwen,191,2,1,False,ok,0,"import pandas as pd

def count_prepayment_accounts(account_df, loan_df):
    # Filter loans with duration of 24 months and pre-payment status
    filtered_loans = loan_df[(loan_df['duration'] == 24) & (loan_df['status'] == 'pre-payment')]
    
    # Get unique account IDs from the filtered loans
    unique_account_ids = filtered_loans['account_id'].unique()
    
    return len(unique_account_ids)"
qwen_before_uniform,before,uniform,qwen,191,3,1,False,ok,0,"import pandas as pd

def count_prepayment_accounts(account_df, loan_df):
    # Filter loans with duration of 24 months and weekly statements
    filtered_loans = loan_df[(loan_df['duration'] == 24) & (loan_df['payments'] == 52)]
    
    # Get unique account IDs from the filtered loans
    unique_account_ids = filtered_loans['account_id'].unique()
    
    # Count the number of unique account IDs
    count = len(unique_account_ids)
    
    return count"
qwen_before_uniform,before,uniform,qwen,191,4,1,False,ok,1,"import pandas as pd

def count_prepayment_accounts(account_df, loan_df):
    # Filter accounts with weekly issuance of statement
    weekly_accounts = account_df[account_df['frequency'] == 'weekly']
    
    # Join the filtered accounts with the loan DataFrame
    joined_data = pd.merge(weekly_accounts, loan_df, on='account_id')
    
    # Filter loans with a duration of 24 months and status 'prepayment'
    prepayment_loans = joined_data[(joined_data['duration'] == 24) & (joined_data['status'] == 'prepayment')]
    
    # Count the number of unique loan accounts
    return len(prepayment_loans['loan_id'].unique())"
qwen_before_uniform,before,uniform,qwen,192,0,1,False,ok,1,"import pandas as pd

def average_running_loan_amount(account_df, loan_df):
    # Merge the account and loan dataframes on 'account_id'
    merged_df = pd.merge(account_df, loan_df, on='account_id')
    
    # Filter out loans that are not on running contract (status != 'running')
    running_loans = merged_df[merged_df['status'] == 'running']
    
    # Calculate the average amount of running loans
    avg_running_loan_amount = running_loans['amount'].mean()
    
    return avg_running_loan_amount"
qwen_before_uniform,before,uniform,qwen,192,1,1,False,ok,1,"import pandas as pd

def calculate_average_loan_amount():
    # Merge the account and loan dataframes on 'account_id'
    merged_data = pd.merge(account, loan, on='account_id')
    
    # Filter out the loans that are not yet completed (status != 'completed')
    ongoing_loans = merged_data[merged_data['status'] == 'running']
    
    # Calculate the average loan amount for ongoing loans
    average_loan_amount = ongoing_loans['amount'].mean()
    
    return average_loan_amount"
qwen_before_uniform,before,uniform,qwen,192,2,1,False,ok,1,"import pandas as pd

def average_loan_amount_on_running_contract(account_df, loan_df):
    # Merge account and loan dataframes on 'account_id'
    merged_df = pd.merge(account_df, loan_df, on='account_id', how='left')
    
    # Filter rows where the loan status is 'running'
    running_loans = merged_df[merged_df['status'] == 'running']
    
    # Calculate the average amount of loans in the running state
    avg_loan_amount = running_loans['amount'].mean()
    
    return avg_loan_amount"
qwen_before_uniform,before,uniform,qwen,192,3,1,False,ok,1,"import pandas as pd

def calculate_average_loan_amount(dataframe):
    # Merge the account and loan dataframes on 'account_id'
    merged_df = pd.merge(dataframe['account'], dataframe['loan'], on='account_id')
    
    # Filter rows where the loan status is 'running'
    running_loans = merged_df[merged_df['status'] == 'running']
    
    # Calculate the average loan amount for running contracts
    average_loan_amount = running_loans['amount'].mean()
    
    return average_loan_amount"
qwen_before_uniform,before,uniform,qwen,192,4,1,False,ok,1,"import pandas as pd

def average_loan_amount_running_contract(account_df, loan_df):
    # Merge account and loan dataframes on account_id
    merged_df = pd.merge(account_df, loan_df, on='account_id')
    
    # Filter rows where the loan status is 'running'
    running_loans = merged_df[merged_df['status'] == 'running']
    
    # Calculate the average amount of running contracts
    avg_loan_amount = running_loans['amount'].mean()
    
    return avg_loan_amount"
qwen_before_uniform,before,uniform,qwen,193,0,2,True,ok,0,"import pandas as pd

def get_eligible_clients(account_df, district_df):
    # Filter accounts where the frequency is 2 (permanent orders)
    permanent_orders = account_df[account_df['frequency'] == 2]
    
    # Get unique account IDs with permanent orders
    eligible_accounts = set(permanent_orders['account_id'])
    
    # Filter districts where the sum of frequencies is greater than 1 (indicating loan applications)
    loan_applications = account_df[account_df['frequency'] > 1]
    
    # Get unique account IDs with loan applications
    loan_accounts = set(loan_applications['account_id'])
    
    # Find the intersection of eligible accounts and accounts without loan applications
    eligible_with_no_loans = eligible_accounts - loan_accounts
    
    # Merge with district_df to get district information
    result = district_df[district_df['district_id'].isin(eligible_with_no_loans)]
    
    return result[['district_id', 'A2']]"
qwen_before_uniform,before,uniform,qwen,193,1,2,True,ok,1,"import pandas as pd

def get_eligible_clients(account_df, district_df):
    # Filter accounts where frequency is 2 (permanent order) or 3 (loan application)
    eligible_accounts = account_df[(account_df['frequency'] == 2) | (account_df['frequency'] == 3)]
    
    # Merge with district table to get district information
    result = pd.merge(eligible_accounts[['account_id', 'district_id']], district_df, on='district_id')
    
    return result[['account_id', 'district_id']]"
qwen_before_uniform,before,uniform,qwen,193,2,2,True,ok,1,"import pandas as pd

def get_eligible_clients(account_df, district_df):
    # Filter accounts where the frequency is less than 2
    eligible_accounts = account_df[account_df['frequency'] < 2]
    
    # Get the districts of these eligible accounts
    eligible_districts = eligible_accounts[['district_id']]
    
    # Join with the district DataFrame to get the required information
    result = pd.merge(eligible_districts, district_df, on='district_id', how='left')
    
    return result[['district_id', 'A2', 'A3', 'A4', 'A5', 'A6', 'A7', 'A8', 'A9', 'A10', 'A11', 'A12', 'A13', 'A14', 'A15', 'A16']]"
qwen_before_uniform,before,uniform,qwen,193,3,2,True,ok,0,"def filter_clients(account_df, district_df):
    # Filter accounts where frequency is 1 (indicating permanent order rights)
    permanent_order_accounts = account_df[account_df['frequency'] == 1]
    
    # Get unique client IDs from these accounts
    client_ids_with_perm_orders = permanent_order_accounts['account_id'].unique()
    
    # Filter districts to get those associated with the client IDs having permanent order rights
    filtered_districts = district_df[district_df['district_id'].isin(client_ids_with_perm_orders)]
    
    return filtered_districts[['district_id', 'A2', 'A3', 'A4', 'A5', 'A6', 'A7', 'A8', 'A9', 'A10', 'A11', 'A12', 'A13', 'A14', 'A15', 'A16']]"
qwen_before_uniform,before,uniform,qwen,193,4,2,True,ok,1,"def get_eligible_clients(account_df, district_df):
    # Filter accounts where frequency is 1 (right to issue permanent orders)
    perm_order_accounts = account_df[account_df['frequency'] == 1]
    
    # Get unique account IDs from the filtered accounts
    eligible_account_ids = perm_order_accounts['account_id'].unique()
    
    # Join the eligible account IDs with the district DataFrame to get district information
    eligible_clients = pd.merge(eligible_account_ids, district_df, left_on='district_id', right_on='district_id')
    
    return eligible_clients[['account_id', 'district_id']]"
qwen_before_uniform,before,uniform,qwen,194,0,2,True,ok,1,"import pandas as pd

def get_eligible_clients_with_high_credit_card_age(disp_df, card_df):
    # Filter clients with high-level credit cards
    high_level_cards = card_df[card_df['type'] == 'high_level']
    
    # Merge with disp table to get client details
    merged_df = pd.merge(high_level_cards, disp_df, on='disp_id')
    
    # Filter clients who are eligible for loans (assuming 'loan_eligible' column exists in disp table)
    eligible_clients = merged_df[merged_df['loan_eligible']]
    
    # Select required columns: client_id and age
    result = eligible_clients[['client_id', 'age']]
    
    return result"
qwen_before_uniform,before,uniform,qwen,194,1,2,True,ok,1,"import pandas as pd

def get_eligible_clients(df_disp, df_card):
    # Filter clients with high-level credit cards
    high_level_cards = df_card[df_card['type'] == 'high_level']
    
    # Merge with disp table to get client information
    merged_df = pd.merge(high_level_cards, df_disp, on='disp_id')
    
    # Select required columns
    result = merged_df[['client_id', 'age']]
    
    return result"
qwen_before_uniform,before,uniform,qwen,194,2,2,True,ok,1,"import pandas as pd

def get_high_credit_card_clients(client_age):
    # Assuming 'card' DataFrame has a column 'type' indicating credit card type
    # and 'disp' DataFrame has a column 'client_age'
    high_credit_cards = card[card['type'] == 'high']
    clients_with_cards = disp.merge(high_credit_cards, on='disp_id')
    eligible_clients = clients_with_cards[clients_with_cards['client_age'] > client_age]
    return eligible_clients[['client_id', 'client_age']]"
qwen_before_uniform,before,uniform,qwen,194,3,2,True,ok,1,"import pandas as pd

def get_high_credit_card_clients(df_disp, df_card):
    # Filter for high-level credit cards
    high_level_cards = df_card[df_card['type'] == 'high']
    
    # Merge with disp table to get client information
    merged_df = pd.merge(high_level_cards, df_disp, on='disp_id')
    
    # Select required columns
    result = merged_df[['client_id', 'age']]
    
    return result"
qwen_before_uniform,before,uniform,qwen,194,4,2,True,ok,1,"import pandas as pd

def get_high_credit_card_clients(client_df, card_df):
    # Filter for clients with high level credit cards
    high_credit_cards = card_df[card_df['type'] == 'High Level Credit Card']
    
    # Merge with the client DataFrame to get client details
    high_credit_card_clients = pd.merge(high_credit_cards, client_df, left_on='disp_id', right_on='disp_id')
    
    # Select the required columns: client_id and age
    result = high_credit_card_clients[['client_id', 'age']]
    
    return result"
