file,phase,condition,model,question_id,repeat_idx,hop_diameter,gold_has_disp,step1_status,n_merge,exec_ok,err,value_match,label_exec,label_static,why
qwen_before_baseline,before,baseline,qwen,89,0,1,False,ok,0,False,exec_error: KeyError: 'A1',,FA,AA,exec_error
qwen_before_baseline,before,baseline,qwen,89,1,1,False,ok,3,False,exec_error: KeyError: 'card_id',,FA,FA,exec_error
qwen_before_baseline,before,baseline,qwen,89,2,1,False,ok,1,True,,False,FA,FA,semantic
qwen_before_baseline,before,baseline,qwen,89,3,1,False,ok,2,False,exec_error: ValueError: Can only compare identically-labeled Series objects,,FA,FA,exec_error
qwen_before_baseline,before,baseline,qwen,89,4,1,False,ok,0,False,exec_error: KeyError: 'account_id',,FA,AA,exec_error
qwen_before_baseline,before,baseline,qwen,90,0,2,False,ok,0,False,exec_error: KeyError: 'account_id',,FA,AA,exec_error
qwen_before_baseline,before,baseline,qwen,90,1,2,False,ok,0,True,,False,AA,AA,semantic
qwen_before_baseline,before,baseline,qwen,90,2,2,False,ok,1,False,exec_error: KeyError: 'A1',,FA,AA,exec_error
qwen_before_baseline,before,baseline,qwen,90,3,2,False,ok,0,False,"exec_error: TypeError: Boolean array expected for the condition, not int64",,FA,AA,exec_error
qwen_before_baseline,before,baseline,qwen,90,4,2,False,ok,0,True,,False,AA,AA,semantic
qwen_before_baseline,before,baseline,qwen,91,0,0,False,ok,0,False,exec_error: FileNotFoundError: [Errno 2] No such file or directory: 'district.csv',,FA,FA,exec_error
qwen_before_baseline,before,baseline,qwen,91,1,0,False,ok,0,False,exec_error: KeyError: 'A10',,FA,FA,exec_error
qwen_before_baseline,before,baseline,qwen,91,2,0,False,ok,0,False,exec_error: KeyError: 'A1',,FA,FA,exec_error
qwen_before_baseline,before,baseline,qwen,91,3,0,False,ok,0,False,exec_error: NameError: name 'df_1995' is not defined,,FA,FA,exec_error
qwen_before_baseline,before,baseline,qwen,91,4,0,False,ok,0,False,exec_error: TypeError: Cannot perform reduction 'mean' with string dtype,,FA,FA,exec_error
qwen_before_baseline,before,baseline,qwen,92,0,1,False,ok,0,False,exec_error: KeyError: 'account_id',,FA,AA,exec_error
qwen_before_baseline,before,baseline,qwen,92,1,1,False,ok,1,False,exec_error: KeyError: 'client_id',,FA,FA,exec_error
qwen_before_baseline,before,baseline,qwen,92,2,1,False,ok,1,False,exec_error: KeyError: 'client_id',,FA,FA,exec_error
qwen_before_baseline,before,baseline,qwen,92,3,1,False,ok,0,False,exec_error: AttributeError: 'Series' object has no attribute 'days',,FA,AA,exec_error
qwen_before_baseline,before,baseline,qwen,92,4,1,False,ok,1,False,exec_error: KeyError: 'client_id',,FA,FA,exec_error
qwen_before_baseline,before,baseline,qwen,93,0,1,False,ok,1,False,exec_error: KeyError: 'amount',,FA,FA,exec_error
qwen_before_baseline,before,baseline,qwen,93,1,1,False,ok,1,False,exec_error: KeyError: 'A1',,FA,FA,exec_error
qwen_before_baseline,before,baseline,qwen,93,2,1,False,ok,1,False,exec_error: KeyError: 'account_id',,FA,FA,exec_error
qwen_before_baseline,before,baseline,qwen,93,3,1,False,ok,0,False,exec_error: KeyError: 'A1',,FA,AA,exec_error
qwen_before_baseline,before,baseline,qwen,93,4,1,False,ok,0,True,,False,AA,AA,semantic
qwen_before_baseline,before,baseline,qwen,94,0,3,True,ok,1,False,exec_error: KeyError: 'Column not found: amount',,FA,AA,exec_error
qwen_before_baseline,before,baseline,qwen,94,1,3,True,ok,1,False,exec_error: KeyError: 'client_id',,FA,AA,exec_error
qwen_before_baseline,before,baseline,qwen,94,2,3,True,ok,1,False,exec_error: KeyError: 'account_id',,FA,AA,exec_error
qwen_before_baseline,before,baseline,qwen,94,3,3,True,ok,2,False,exec_error: KeyError: 'Column not found: amount',,FA,AA,exec_error
qwen_before_baseline,before,baseline,qwen,94,4,3,True,ok,1,False,exec_error: KeyError: 'client_id',,FA,AA,exec_error
qwen_before_baseline,before,baseline,qwen,95,0,3,True,ok,1,False,exec_error: AttributeError: 'Series' object has no attribute 'days',,FA,AA,exec_error
qwen_before_baseline,before,baseline,qwen,95,1,3,True,ok,1,False,exec_error: NameError: name 'clients' is not defined,,FA,AA,exec_error
qwen_before_baseline,before,baseline,qwen,95,2,3,True,ok,1,False,exec_error: AttributeError: 'Series' object has no attribute 'days',,FA,AA,exec_error
qwen_before_baseline,before,baseline,qwen,95,3,3,True,ok,1,False,"exec_error: ValueError: Cannot convert from timedelta64[us] to timedelta64[Y]. Supported resolutions are 's', 'ms', 'us', 'ns'",,FA,AA,exec_error
qwen_before_baseline,before,baseline,qwen,95,4,3,True,ok,0,False,exec_error: KeyError: 'client_id',,FA,AA,exec_error
qwen_before_baseline,before,baseline,qwen,96,0,1,True,ok,3,False,exec_error: KeyError: 'card_id',,FA,FA,exec_error
qwen_before_baseline,before,baseline,qwen,96,1,1,True,ok,1,False,exec_error: KeyError: 'issued',,FA,FA,exec_error
qwen_before_baseline,before,baseline,qwen,96,2,1,True,ok,1,True,,False,FA,FA,semantic
qwen_before_baseline,before,baseline,qwen,96,3,1,True,ok,2,True,,False,FA,FA,semantic
qwen_before_baseline,before,baseline,qwen,96,4,1,True,ok,1,False,exec_error: KeyError: 'frequency',,FA,FA,exec_error
qwen_before_baseline,before,baseline,qwen,97,0,1,True,ok,2,True,,False,FA,FA,semantic
qwen_before_baseline,before,baseline,qwen,97,1,1,True,ok,3,False,exec_error: KeyError: 'type',,FA,FA,exec_error
qwen_before_baseline,before,baseline,qwen,97,2,1,True,ok,4,True,,False,FA,FA,semantic
qwen_before_baseline,before,baseline,qwen,97,3,1,True,ok,1,False,exec_error: KeyError: 'client_id',,FA,FA,exec_error
qwen_before_baseline,before,baseline,qwen,97,4,1,True,ok,3,True,,False,FA,FA,semantic
qwen_before_baseline,before,baseline,qwen,98,0,1,False,ok,2,False,exec_error: AttributeError: 'Series' object has no attribute 'join',,FA,FA,exec_error
qwen_before_baseline,before,baseline,qwen,98,1,1,False,ok,1,False,exec_error: AttributeError: 'Series' object has no attribute 'join',,FA,FA,exec_error
qwen_before_baseline,before,baseline,qwen,98,2,1,False,ok,1,False,exec_error: AttributeError: 'Series' object has no attribute 'merge',,FA,FA,exec_error
qwen_before_baseline,before,baseline,qwen,98,3,1,False,ok,2,False,"exec_error: AttributeError: Can only use .str accessor with string values, not datetime64",,FA,FA,exec_error
qwen_before_baseline,before,baseline,qwen,98,4,1,False,ok,0,True,,False,AA,AA,semantic
qwen_before_baseline,before,baseline,qwen,99,0,1,False,ok,2,False,"exec_error: KeyError: ""['client_id', 'date'] not in index""",,FA,FA,exec_error
qwen_before_baseline,before,baseline,qwen,99,1,1,False,ok,1,False,exec_error: KeyError: 'date',,FA,FA,exec_error
qwen_before_baseline,before,baseline,qwen,99,2,1,False,ok,2,False,exec_error: KeyError: 'status',,FA,FA,exec_error
qwen_before_baseline,before,baseline,qwen,99,3,1,False,ok,2,False,exec_error: KeyError: 'date',,FA,FA,exec_error
qwen_before_baseline,before,baseline,qwen,99,4,1,False,ok,1,True,,False,FA,FA,semantic
qwen_before_baseline,before,baseline,qwen,100,0,1,False,ok,0,False,exec_error: KeyError: 'account_id',,FA,AA,exec_error
qwen_before_baseline,before,baseline,qwen,100,1,1,False,ok,1,False,exec_error: KeyError: 'client_id',,FA,FA,exec_error
qwen_before_baseline,before,baseline,qwen,100,2,1,False,ok,0,True,,False,AA,AA,semantic
qwen_before_baseline,before,baseline,qwen,100,3,1,False,ok,0,False,exec_error: KeyError: 'account_id',,FA,AA,exec_error
qwen_before_baseline,before,baseline,qwen,100,4,1,False,ok,0,False,exec_error: KeyError: 'account_id',,FA,AA,exec_error
qwen_before_baseline,before,baseline,qwen,101,0,0,False,ok,0,True,,False,FA,FA,semantic
qwen_before_baseline,before,baseline,qwen,101,1,0,False,ok,0,True,,False,FA,FA,semantic
qwen_before_baseline,before,baseline,qwen,101,2,0,False,ok,0,True,,False,FA,FA,semantic
qwen_before_baseline,before,baseline,qwen,101,3,0,False,ok,0,False,"exec_error: AttributeError: Can only use .str accessor with string values, not datetime64",,FA,FA,exec_error
qwen_before_baseline,before,baseline,qwen,101,4,0,False,ok,0,True,,False,FA,FA,semantic
qwen_before_baseline,before,baseline,qwen,102,0,1,False,ok,1,True,,False,FA,FA,semantic
qwen_before_baseline,before,baseline,qwen,102,1,1,False,ok,1,True,,False,FA,FA,semantic
qwen_before_baseline,before,baseline,qwen,102,2,1,False,ok,1,True,,False,FA,FA,semantic
qwen_before_baseline,before,baseline,qwen,102,3,1,False,ok,0,True,,False,AA,AA,semantic
qwen_before_baseline,before,baseline,qwen,102,4,1,False,ok,1,True,,False,FA,FA,semantic
qwen_before_baseline,before,baseline,qwen,103,0,2,True,ok,0,False,exec_error: KeyError: 'client_id',,FA,AA,exec_error
qwen_before_baseline,before,baseline,qwen,103,1,2,True,ok,0,False,exec_error: KeyError: 'client_id',,FA,AA,exec_error
qwen_before_baseline,before,baseline,qwen,103,2,2,True,ok,0,False,exec_error: KeyError: 'client_id',,FA,AA,exec_error
qwen_before_baseline,before,baseline,qwen,103,3,2,True,ok,0,False,exec_error: AttributeError: Can only use .dt accessor with datetimelike values,,FA,AA,exec_error
qwen_before_baseline,before,baseline,qwen,103,4,2,True,ok,0,False,exec_error: KeyError: 'date',,FA,AA,exec_error
qwen_before_baseline,before,baseline,qwen,104,0,1,False,ok,0,False,"exec_error: ValueError: Operands are not aligned. Do `left, right = left.align(right, axis=1)` before operating.",,FA,AA,exec_error
qwen_before_baseline,before,baseline,qwen,104,1,1,False,ok,0,False,"exec_error: ValueError: Operands are not aligned. Do `left, right = left.align(right, axis=1)` before operating.",,FA,AA,exec_error
qwen_before_baseline,before,baseline,qwen,104,2,1,False,ok,0,False,"exec_error: ValueError: Operands are not aligned. Do `left, right = left.align(right, axis=1)` before operating.",,FA,AA,exec_error
qwen_before_baseline,before,baseline,qwen,104,3,1,False,ok,0,False,"exec_error: ValueError: Operands are not aligned. Do `left, right = left.align(right, axis=1)` before operating.",,FA,AA,exec_error
qwen_before_baseline,before,baseline,qwen,104,4,1,False,ok,0,False,"exec_error: ValueError: Operands are not aligned. Do `left, right = left.align(right, axis=1)` before operating.",,FA,AA,exec_error
qwen_before_baseline,before,baseline,qwen,105,0,1,False,ok,0,False,exec_error: IndexError: single positional indexer is out-of-bounds,,FA,AA,exec_error
qwen_before_baseline,before,baseline,qwen,105,1,1,False,ok,1,False,"exec_error: ValueError: Operands are not aligned. Do `left, right = left.align(right, axis=1)` before operating.",,FA,FA,exec_error
qwen_before_baseline,before,baseline,qwen,105,2,1,False,ok,1,False,exec_error: KeyError: 'date',,FA,FA,exec_error
qwen_before_baseline,before,baseline,qwen,105,3,1,False,ok,0,True,,False,AA,AA,semantic
qwen_before_baseline,before,baseline,qwen,105,4,1,False,ok,0,False,exec_error: IndexError: index 0 is out of bounds for axis 0 with size 0,,FA,AA,exec_error
qwen_before_baseline,before,baseline,qwen,106,0,3,True,ok,0,False,"exec_error: ValueError: Operands are not aligned. Do `left, right = left.align(right, axis=1)` before operating.",,FA,AA,exec_error
qwen_before_baseline,before,baseline,qwen,106,1,3,True,ok,0,False,"exec_error: ValueError: Operands are not aligned. Do `left, right = left.align(right, axis=1)` before operating.",,FA,AA,exec_error
qwen_before_baseline,before,baseline,qwen,106,2,3,True,ok,2,False,exec_error: KeyError: 'account_id',,FA,AA,exec_error
qwen_before_baseline,before,baseline,qwen,106,3,3,True,ok,1,False,"exec_error: ValueError: Operands are not aligned. Do `left, right = left.align(right, axis=1)` before operating.",,FA,AA,exec_error
qwen_before_baseline,before,baseline,qwen,106,4,3,True,ok,0,False,"exec_error: ValueError: Operands are not aligned. Do `left, right = left.align(right, axis=1)` before operating.",,FA,AA,exec_error
qwen_before_baseline,before,baseline,qwen,107,0,1,False,ok,1,False,exec_error: KeyError: 'Column not found: amount',,FA,FA,exec_error
qwen_before_baseline,before,baseline,qwen,107,1,1,False,ok,0,False,exec_error: IndexError: single positional indexer is out-of-bounds,,FA,AA,exec_error
qwen_before_baseline,before,baseline,qwen,107,2,1,False,ok,1,False,exec_error: KeyError: 'account_id',,FA,FA,exec_error
qwen_before_baseline,before,baseline,qwen,107,3,1,False,ok,1,False,exec_error: ValueError: You are trying to merge on int64 and str columns for key 'district_id'. If you wish to proceed you should use pd.concat,,FA,FA,exec_error
qwen_before_baseline,before,baseline,qwen,107,4,1,False,ok,0,False,exec_error: KeyError: 'Column not found: A1',,FA,AA,exec_error
qwen_before_baseline,before,baseline,qwen,108,0,2,False,ok,0,True,,True,AA,AA,success
qwen_before_baseline,before,baseline,qwen,108,1,2,False,ok,3,False,exec_error: KeyError: 'client_id',,FA,FA,exec_error
qwen_before_baseline,before,baseline,qwen,108,2,2,False,ok,1,True,,False,AA,AA,semantic
qwen_before_baseline,before,baseline,qwen,108,3,2,False,ok,0,True,,True,AA,AA,success
qwen_before_baseline,before,baseline,qwen,108,4,2,False,ok,3,False,exec_error: KeyError: 'Column not found: amount',,FA,FA,exec_error
qwen_before_baseline,before,baseline,qwen,109,0,1,False,ok,1,False,exec_error: KeyError: 'A1',,FA,FA,exec_error
qwen_before_baseline,before,baseline,qwen,109,1,1,False,ok,0,True,,False,AA,AA,semantic
qwen_before_baseline,before,baseline,qwen,109,2,1,False,ok,0,False,exec_error: IndexError: index 0 is out of bounds for axis 0 with size 0,,FA,AA,exec_error
qwen_before_baseline,before,baseline,qwen,109,3,1,False,ok,0,False,exec_error: IndexError: index 0 is out of bounds for axis 0 with size 0,,FA,AA,exec_error
qwen_before_baseline,before,baseline,qwen,109,4,1,False,ok,0,True,,False,AA,AA,semantic
qwen_before_baseline,before,baseline,qwen,110,0,2,True,ok,1,False,"exec_error: ValueError: Operands are not aligned. Do `left, right = left.align(right, axis=1)` before operating.",,FA,AA,exec_error
qwen_before_baseline,before,baseline,qwen,110,1,2,True,ok,1,False,"exec_error: ValueError: Operands are not aligned. Do `left, right = left.align(right, axis=1)` before operating.",,FA,AA,exec_error
qwen_before_baseline,before,baseline,qwen,110,2,2,True,ok,0,False,"exec_error: ValueError: Operands are not aligned. Do `left, right = left.align(right, axis=1)` before operating.",,FA,AA,exec_error
qwen_before_baseline,before,baseline,qwen,110,3,2,True,ok,1,False,"exec_error: ValueError: Operands are not aligned. Do `left, right = left.align(right, axis=1)` before operating.",,FA,AA,exec_error
qwen_before_baseline,before,baseline,qwen,110,4,2,True,ok,2,False,"exec_error: ValueError: Operands are not aligned. Do `left, right = left.align(right, axis=1)` before operating.",,FA,FA,exec_error
qwen_before_baseline,before,baseline,qwen,111,0,1,False,ok,0,True,,True,AA,AA,success
qwen_before_baseline,before,baseline,qwen,111,1,1,False,ok,0,True,,False,AA,AA,semantic
qwen_before_baseline,before,baseline,qwen,111,2,1,False,ok,0,True,,True,AA,AA,success
qwen_before_baseline,before,baseline,qwen,111,3,1,False,ok,0,True,,False,AA,AA,semantic
qwen_before_baseline,before,baseline,qwen,111,4,1,False,ok,0,False,exec_error: KeyError: 'A1',,FA,AA,exec_error
qwen_before_baseline,before,baseline,qwen,112,0,1,False,ok,0,False,exec_error: KeyError: 'account_id',,FA,AA,exec_error
qwen_before_baseline,before,baseline,qwen,112,1,1,False,ok,0,False,"exec_error: ValueError: Operands are not aligned. Do `left, right = left.align(right, axis=1)` before operating.",,FA,AA,exec_error
qwen_before_baseline,before,baseline,qwen,112,2,1,False,ok,1,False,exec_error: KeyError: 'account_id',,FA,FA,exec_error
qwen_before_baseline,before,baseline,qwen,112,3,1,False,ok,0,False,"exec_error: ValueError: Operands are not aligned. Do `left, right = left.align(right, axis=1)` before operating.",,FA,AA,exec_error
qwen_before_baseline,before,baseline,qwen,112,4,1,False,ok,0,False,"exec_error: ValueError: Operands are not aligned. Do `left, right = left.align(right, axis=1)` before operating.",,FA,AA,exec_error
qwen_before_baseline,before,baseline,qwen,113,0,3,True,ok,1,False,exec_error: KeyError: 'account_id',,FA,AA,exec_error
qwen_before_baseline,before,baseline,qwen,113,1,3,True,ok,1,False,exec_error: KeyError: 'account_id',,FA,AA,exec_error
qwen_before_baseline,before,baseline,qwen,113,2,3,True,ok,1,True,,False,AA,AA,semantic
qwen_before_baseline,before,baseline,qwen,113,3,3,True,ok,0,False,"exec_error: ValueError: Operands are not aligned. Do `left, right = left.align(right, axis=1)` before operating.",,FA,AA,exec_error
qwen_before_baseline,before,baseline,qwen,113,4,3,True,ok,1,False,exec_error: KeyError: 'account_id',,FA,AA,exec_error
qwen_before_baseline,before,baseline,qwen,114,0,1,False,ok,1,False,exec_error: KeyError: 'A1',,FA,FA,exec_error
qwen_before_baseline,before,baseline,qwen,114,1,1,False,ok,0,False,"exec_error: KeyError: ""['client_id'] not in index""",,FA,AA,exec_error
qwen_before_baseline,before,baseline,qwen,114,2,1,False,ok,0,False,exec_error: KeyError: 'A1',,FA,AA,exec_error
qwen_before_baseline,before,baseline,qwen,114,3,1,False,ok,0,False,"exec_error: ValueError: Operands are not aligned. Do `left, right = left.align(right, axis=1)` before operating.",,FA,AA,exec_error
qwen_before_baseline,before,baseline,qwen,114,4,1,False,ok,0,False,"exec_error: ValueError: Operands are not aligned. Do `left, right = left.align(right, axis=1)` before operating.",,FA,AA,exec_error
qwen_before_baseline,before,baseline,qwen,115,0,1,False,ok,0,False,exec_error: ValueError: attempt to get argmax of an empty sequence,,FA,AA,exec_error
qwen_before_baseline,before,baseline,qwen,115,1,1,False,ok,1,True,,False,FA,FA,semantic
qwen_before_baseline,before,baseline,qwen,115,2,1,False,ok,1,False,exec_error: ZeroDivisionError: division by zero,,FA,FA,exec_error
qwen_before_baseline,before,baseline,qwen,115,3,1,False,ok,0,False,exec_error: KeyError: 'A1',,FA,AA,exec_error
qwen_before_baseline,before,baseline,qwen,115,4,1,False,ok,1,False,exec_error: IndexError: index 0 is out of bounds for axis 0 with size 0,,FA,FA,exec_error
qwen_before_baseline,before,baseline,qwen,116,0,2,False,ok,2,True,,False,FA,FA,semantic
qwen_before_baseline,before,baseline,qwen,116,1,2,False,ok,0,False,exec_error: KeyError: 'client_id',,FA,AA,exec_error
qwen_before_baseline,before,baseline,qwen,116,2,2,False,ok,2,False,exec_error: NameError: name 'loan_data' is not defined,,FA,FA,exec_error
qwen_before_baseline,before,baseline,qwen,116,3,2,False,ok,2,False,exec_error: KeyError: 'client_id',,FA,FA,exec_error
qwen_before_baseline,before,baseline,qwen,116,4,2,False,ok,3,False,exec_error: KeyError: 'client_id',,FA,FA,exec_error
qwen_before_baseline,before,baseline,qwen,117,0,0,False,ok,0,True,,False,FA,FA,semantic
qwen_before_baseline,before,baseline,qwen,117,1,0,False,ok,0,True,,False,FA,FA,semantic
qwen_before_baseline,before,baseline,qwen,117,2,0,False,ok,0,True,,False,FA,FA,semantic
qwen_before_baseline,before,baseline,qwen,117,3,0,False,ok,1,False,exec_error: NameError: name 'payments' is not defined,,FA,FA,exec_error
qwen_before_baseline,before,baseline,qwen,117,4,0,False,ok,0,True,,False,FA,FA,semantic
qwen_before_baseline,before,baseline,qwen,118,0,0,False,ok,0,True,,False,FA,FA,semantic
qwen_before_baseline,before,baseline,qwen,118,1,0,False,ok,0,False,exec_error: AttributeError: 'numpy.ndarray' object has no attribute 'isin',,FA,FA,exec_error
qwen_before_baseline,before,baseline,qwen,118,2,0,False,ok,0,True,,False,FA,FA,semantic
qwen_before_baseline,before,baseline,qwen,118,3,0,False,ok,0,True,,False,FA,FA,semantic
qwen_before_baseline,before,baseline,qwen,118,4,0,False,ok,0,True,,False,FA,FA,semantic
qwen_before_baseline,before,baseline,qwen,119,0,1,False,ok,1,True,,False,FA,FA,semantic
qwen_before_baseline,before,baseline,qwen,119,1,1,False,ok,2,False,exec_error: KeyError: 'client_id',,FA,FA,exec_error
qwen_before_baseline,before,baseline,qwen,119,2,1,False,ok,2,False,exec_error: KeyError: 'client_id',,FA,FA,exec_error
qwen_before_baseline,before,baseline,qwen,119,3,1,False,ok,1,False,"exec_error: KeyError: ""['A1'] not in index""",,FA,FA,exec_error
qwen_before_baseline,before,baseline,qwen,119,4,1,False,ok,4,False,exec_error: KeyError: 'date',,FA,FA,exec_error
qwen_before_baseline,before,baseline,qwen,120,0,1,False,ok,0,False,"exec_error: ValueError: Operands are not aligned. Do `left, right = left.align(right, axis=1)` before operating.",,FA,AA,exec_error
qwen_before_baseline,before,baseline,qwen,120,1,1,False,ok,0,False,exec_error: KeyError: 'A1',,FA,AA,exec_error
qwen_before_baseline,before,baseline,qwen,120,2,1,False,ok,1,False,"exec_error: ValueError: Operands are not aligned. Do `left, right = left.align(right, axis=1)` before operating.",,FA,FA,exec_error
qwen_before_baseline,before,baseline,qwen,120,3,1,False,ok,1,False,"exec_error: ValueError: Operands are not aligned. Do `left, right = left.align(right, axis=1)` before operating.",,FA,FA,exec_error
qwen_before_baseline,before,baseline,qwen,120,4,1,False,ok,2,False,exec_error: KeyError: 'A1',,FA,FA,exec_error
qwen_before_baseline,before,baseline,qwen,121,0,1,False,ok,0,True,,True,AA,AA,success
qwen_before_baseline,before,baseline,qwen,121,1,1,False,ok,0,False,"exec_error: ValueError: Operands are not aligned. Do `left, right = left.align(right, axis=1)` before operating.",,FA,AA,exec_error
qwen_before_baseline,before,baseline,qwen,121,2,1,False,ok,0,True,,False,AA,AA,semantic
qwen_before_baseline,before,baseline,qwen,121,3,1,False,ok,0,True,,True,AA,AA,success
qwen_before_baseline,before,baseline,qwen,121,4,1,False,ok,0,False,"exec_error: ValueError: Operands are not aligned. Do `left, right = left.align(right, axis=1)` before operating.",,FA,AA,exec_error
qwen_before_baseline,before,baseline,qwen,122,0,2,False,ok,2,False,"exec_error: ValueError: Operands are not aligned. Do `left, right = left.align(right, axis=1)` before operating.",,FA,FA,exec_error
qwen_before_baseline,before,baseline,qwen,122,1,2,False,ok,2,False,"exec_error: ValueError: Operands are not aligned. Do `left, right = left.align(right, axis=1)` before operating.",,FA,FA,exec_error
qwen_before_baseline,before,baseline,qwen,122,2,2,False,ok,1,False,"exec_error: ValueError: Operands are not aligned. Do `left, right = left.align(right, axis=1)` before operating.",,FA,AA,exec_error
qwen_before_baseline,before,baseline,qwen,122,3,2,False,ok,0,False,"exec_error: ValueError: Operands are not aligned. Do `left, right = left.align(right, axis=1)` before operating.",,FA,AA,exec_error
qwen_before_baseline,before,baseline,qwen,122,4,2,False,ok,2,False,"exec_error: ValueError: Operands are not aligned. Do `left, right = left.align(right, axis=1)` before operating.",,FA,FA,exec_error
qwen_before_baseline,before,baseline,qwen,123,0,2,False,ok,1,True,,False,AA,AA,semantic
qwen_before_baseline,before,baseline,qwen,123,1,2,False,ok,1,False,exec_error: KeyError: 'loan',,FA,AA,exec_error
qwen_before_baseline,before,baseline,qwen,123,2,2,False,ok,1,False,"exec_error: KeyError: ""['A2'] not in index""",,FA,AA,exec_error
qwen_before_baseline,before,baseline,qwen,123,3,2,False,ok,1,True,,False,AA,AA,semantic
qwen_before_baseline,before,baseline,qwen,123,4,2,False,ok,1,False,exec_error: KeyError: 'amount',,FA,AA,exec_error
qwen_before_baseline,before,baseline,qwen,124,0,2,False,ok,1,True,,False,AA,AA,semantic
qwen_before_baseline,before,baseline,qwen,124,1,2,False,ok,2,True,,False,FA,FA,semantic
qwen_before_baseline,before,baseline,qwen,124,2,2,False,ok,1,False,exec_error: KeyError: 'account_id',,FA,AA,exec_error
qwen_before_baseline,before,baseline,qwen,124,3,2,False,ok,2,False,exec_error: TypeError: dtype 'str' does not support operation 'mean',,FA,FA,exec_error
qwen_before_baseline,before,baseline,qwen,124,4,2,False,ok,2,False,exec_error: KeyError: 'A2',,FA,FA,exec_error
qwen_before_baseline,before,baseline,qwen,125,0,2,False,ok,2,False,exec_error: KeyError: 'account_id',,FA,FA,exec_error
qwen_before_baseline,before,baseline,qwen,125,1,2,False,ok,1,False,exec_error: KeyError: 'account_id',,FA,AA,exec_error
qwen_before_baseline,before,baseline,qwen,125,2,2,False,ok,1,False,exec_error: KeyError: 'account_id',,FA,AA,exec_error
qwen_before_baseline,before,baseline,qwen,125,3,2,False,ok,5,False,exec_error: KeyError: 'client_id',,FA,FA,exec_error
qwen_before_baseline,before,baseline,qwen,125,4,2,False,ok,1,False,exec_error: KeyError: 'account_id',,FA,AA,exec_error
qwen_before_baseline,before,baseline,qwen,126,0,1,False,ok,0,True,,False,AA,AA,semantic
qwen_before_baseline,before,baseline,qwen,126,1,1,False,ok,0,True,,False,AA,AA,semantic
qwen_before_baseline,before,baseline,qwen,126,2,1,False,ok,0,True,,True,AA,AA,success
qwen_before_baseline,before,baseline,qwen,126,3,1,False,ok,1,True,,False,FA,FA,semantic
qwen_before_baseline,before,baseline,qwen,126,4,1,False,ok,1,True,,False,FA,FA,semantic
qwen_before_baseline,before,baseline,qwen,127,0,0,False,ok,1,False,exec_error: KeyError: 'account_id',,FA,FA,exec_error
qwen_before_baseline,before,baseline,qwen,127,1,0,False,ok,1,False,exec_error: KeyError: 'account_id',,FA,FA,exec_error
qwen_before_baseline,before,baseline,qwen,127,2,0,False,ok,0,False,exec_error: KeyError: 'account_id',,FA,FA,exec_error
qwen_before_baseline,before,baseline,qwen,127,3,0,False,ok,0,False,exec_error: KeyError: 'account_id',,FA,FA,exec_error
qwen_before_baseline,before,baseline,qwen,127,4,0,False,ok,0,False,exec_error: AttributeError: Can only use .dt accessor with datetimelike values,,FA,FA,exec_error
qwen_before_baseline,before,baseline,qwen,128,0,1,False,ok,1,False,"exec_error: TypeError: cannot do positional indexing on Index with these indexers [      account_id  district_id         frequency       date
0              1           18  ",,FA,FA,exec_error
qwen_before_baseline,before,baseline,qwen,128,1,1,False,ok,1,False,"exec_error: TypeError: cannot do positional indexing on Index with these indexers [      account_id  district_id         frequency       date
0              1           18  ",,FA,FA,exec_error
qwen_before_baseline,before,baseline,qwen,128,2,1,False,ok,1,False,exec_error: KeyError: 'account_id',,FA,FA,exec_error
qwen_before_baseline,before,baseline,qwen,128,3,1,False,ok,1,False,exec_error: KeyError: 'client_id',,FA,FA,exec_error
qwen_before_baseline,before,baseline,qwen,128,4,1,False,ok,1,False,"exec_error: TypeError: cannot do positional indexing on Index with these indexers [      account_id  district_id         frequency       date
0              1           18  ",,FA,FA,exec_error
qwen_before_baseline,before,baseline,qwen,129,0,2,False,ok,2,False,"exec_error: KeyError: ""['A1'] not in index""",,FA,FA,exec_error
qwen_before_baseline,before,baseline,qwen,129,1,2,False,ok,2,False,"exec_error: KeyError: ""['A1'] not in index""",,FA,FA,exec_error
qwen_before_baseline,before,baseline,qwen,129,2,2,False,ok,2,True,,False,FA,FA,semantic
qwen_before_baseline,before,baseline,qwen,129,3,2,False,ok,1,False,exec_error: KeyError: 'type',,FA,AA,exec_error
qwen_before_baseline,before,baseline,qwen,129,4,2,False,ok,1,True,,False,AA,AA,semantic
qwen_before_baseline,before,baseline,qwen,130,0,2,True,ok,1,False,exec_error: KeyError: 'account_id',,FA,AA,exec_error
qwen_before_baseline,before,baseline,qwen,130,1,2,True,ok,0,False,exec_error: KeyError: 'client_id',,FA,AA,exec_error
qwen_before_baseline,before,baseline,qwen,130,2,2,True,ok,0,False,exec_error: KeyError: 'account_id',,FA,AA,exec_error
qwen_before_baseline,before,baseline,qwen,130,3,2,True,ok,0,False,exec_error: KeyError: 'account_id',,FA,AA,exec_error
qwen_before_baseline,before,baseline,qwen,130,4,2,True,ok,0,False,exec_error: KeyError: 'account_id',,FA,AA,exec_error
qwen_before_baseline,before,baseline,qwen,131,0,2,False,ok,1,False,exec_error: ValueError: attempt to get argmax of an empty sequence,,FA,AA,exec_error
qwen_before_baseline,before,baseline,qwen,131,1,2,False,ok,1,False,exec_error: ValueError: attempt to get argmax of an empty sequence,,FA,AA,exec_error
qwen_before_baseline,before,baseline,qwen,131,2,2,False,ok,2,True,,False,FA,FA,semantic
qwen_before_baseline,before,baseline,qwen,131,3,2,False,ok,2,False,exec_error: ValueError: attempt to get argmax of an empty sequence,,FA,FA,exec_error
qwen_before_baseline,before,baseline,qwen,131,4,2,False,ok,1,True,,False,AA,AA,semantic
qwen_before_baseline,before,baseline,qwen,132,0,3,True,ok,1,True,,False,AA,AA,semantic
qwen_before_baseline,before,baseline,qwen,132,1,3,True,ok,1,False,exec_error: KeyError: 'account_id',,FA,AA,exec_error
qwen_before_baseline,before,baseline,qwen,132,2,3,True,ok,1,False,exec_error: KeyError: 'account_id',,FA,AA,exec_error
qwen_before_baseline,before,baseline,qwen,132,3,3,True,ok,1,True,,False,AA,AA,semantic
qwen_before_baseline,before,baseline,qwen,132,4,3,True,ok,1,True,,False,AA,AA,semantic
qwen_before_baseline,before,baseline,qwen,133,0,0,False,ok,0,False,exec_error: KeyError: 'A1',,FA,FA,exec_error
qwen_before_baseline,before,baseline,qwen,133,1,0,False,ok,1,False,exec_error: FileNotFoundError: [Errno 2] No such file or directory: 'account.csv',,FA,FA,exec_error
qwen_before_baseline,before,baseline,qwen,133,2,0,False,ok,1,False,exec_error: FileNotFoundError: [Errno 2] No such file or directory: 'account.csv',,FA,FA,exec_error
qwen_before_baseline,before,baseline,qwen,133,3,0,False,ok,0,False,exec_error: KeyError: 'date',,FA,FA,exec_error
qwen_before_baseline,before,baseline,qwen,133,4,0,False,ok,1,False,exec_error: TypeError: dtype 'str' does not support operation 'mean',,FA,FA,exec_error
qwen_before_baseline,before,baseline,qwen,134,0,1,False,ok,0,False,exec_error: NameError: name 'df_crime' is not defined,,FA,AA,exec_error
qwen_before_baseline,before,baseline,qwen,134,1,1,False,ok,1,True,,False,FA,FA,semantic
qwen_before_baseline,before,baseline,qwen,134,2,1,False,ok,0,True,,False,AA,AA,semantic
qwen_before_baseline,before,baseline,qwen,134,3,1,False,ok,0,False,exec_error: NameError: name 'df_crimes' is not defined,,FA,AA,exec_error
qwen_before_baseline,before,baseline,qwen,134,4,1,False,ok,0,True,,False,AA,AA,semantic
qwen_before_baseline,before,baseline,qwen,135,0,1,False,ok,3,False,exec_error: KeyError: 'account_id',,FA,FA,exec_error
qwen_before_baseline,before,baseline,qwen,135,1,1,False,ok,3,False,exec_error: KeyError: 'account_id',,FA,FA,exec_error
qwen_before_baseline,before,baseline,qwen,135,2,1,False,ok,1,False,exec_error: KeyError: 'account_id',,FA,FA,exec_error
qwen_before_baseline,before,baseline,qwen,135,3,1,False,ok,2,False,exec_error: KeyError: 'account_id',,FA,FA,exec_error
qwen_before_baseline,before,baseline,qwen,135,4,1,False,ok,2,False,exec_error: KeyError: 'account_id',,FA,FA,exec_error
qwen_before_baseline,before,baseline,qwen,136,0,1,False,ok,0,True,,False,AA,AA,semantic
qwen_before_baseline,before,baseline,qwen,136,1,1,False,ok,1,False,"exec_error: ValueError: Operands are not aligned. Do `left, right = left.align(right, axis=1)` before operating.",,FA,FA,exec_error
qwen_before_baseline,before,baseline,qwen,136,2,1,False,ok,1,True,,False,FA,FA,semantic
qwen_before_baseline,before,baseline,qwen,136,3,1,False,ok,1,False,"exec_error: ValueError: Operands are not aligned. Do `left, right = left.align(right, axis=1)` before operating.",,FA,FA,exec_error
qwen_before_baseline,before,baseline,qwen,136,4,1,False,ok,0,False,"exec_error: ValueError: Operands are not aligned. Do `left, right = left.align(right, axis=1)` before operating.",,FA,AA,exec_error
qwen_before_baseline,before,baseline,qwen,137,0,2,False,ok,1,True,,False,AA,AA,semantic
qwen_before_baseline,before,baseline,qwen,137,1,2,False,ok,1,False,"exec_error: ValueError: Operands are not aligned. Do `left, right = left.align(right, axis=1)` before operating.",,FA,AA,exec_error
qwen_before_baseline,before,baseline,qwen,137,2,2,False,ok,0,True,,False,AA,AA,semantic
qwen_before_baseline,before,baseline,qwen,137,3,2,False,ok,0,True,,False,AA,AA,semantic
qwen_before_baseline,before,baseline,qwen,137,4,2,False,ok,0,False,exec_error: AttributeError: 'Series' object has no attribute 'intersection',,FA,AA,exec_error
qwen_before_baseline,before,baseline,qwen,138,0,1,False,ok,0,False,exec_error: IndexError: index 1 is out of bounds for axis 0 with size 0,,FA,AA,exec_error
qwen_before_baseline,before,baseline,qwen,138,1,1,False,ok,1,False,exec_error: FileNotFoundError: [Errno 2] No such file or directory: 'crime.csv',,FA,FA,exec_error
qwen_before_baseline,before,baseline,qwen,138,2,1,False,ok,2,False,exec_error: NameError: name 'crimes' is not defined,,FA,FA,exec_error
qwen_before_baseline,before,baseline,qwen,138,3,1,False,ok,0,False,exec_error: AttributeError: 'Series' object has no attribute 'nth',,FA,AA,exec_error
qwen_before_baseline,before,baseline,qwen,138,4,1,False,ok,1,False,exec_error: FileNotFoundError: [Errno 2] No such file or directory: 'path_to_crime_data.csv',,FA,FA,exec_error
qwen_before_baseline,before,baseline,qwen,139,0,1,True,ok,0,False,exec_error: KeyError: 'operation',,FA,AA,exec_error
qwen_before_baseline,before,baseline,qwen,139,1,1,True,ok,0,True,,False,AA,AA,semantic
qwen_before_baseline,before,baseline,qwen,139,2,1,True,ok,0,True,,False,AA,AA,semantic
qwen_before_baseline,before,baseline,qwen,139,3,1,True,ok,0,True,,False,AA,AA,semantic
qwen_before_baseline,before,baseline,qwen,139,4,1,True,ok,0,True,,False,AA,AA,semantic
qwen_before_baseline,before,baseline,qwen,140,0,1,False,ok,0,True,,True,AA,AA,success
qwen_before_baseline,before,baseline,qwen,140,1,1,False,ok,0,True,,True,AA,AA,success
qwen_before_baseline,before,baseline,qwen,140,2,1,False,ok,0,True,,True,AA,AA,success
qwen_before_baseline,before,baseline,qwen,140,3,1,False,ok,0,False,"exec_error: ValueError: Operands are not aligned. Do `left, right = left.align(right, axis=1)` before operating.",,FA,AA,exec_error
qwen_before_baseline,before,baseline,qwen,140,4,1,False,ok,0,True,,False,AA,AA,semantic
qwen_before_baseline,before,baseline,qwen,141,0,2,False,ok,0,False,exec_error: KeyError: 'district_id',,FA,AA,exec_error
qwen_before_baseline,before,baseline,qwen,141,1,2,False,ok,0,False,exec_error: KeyError: 'district_id',,FA,AA,exec_error
qwen_before_baseline,before,baseline,qwen,141,2,2,False,ok,1,False,exec_error: KeyError: 'district_id',,FA,AA,exec_error
qwen_before_baseline,before,baseline,qwen,141,3,2,False,ok,0,False,exec_error: KeyError: 'district_id',,FA,AA,exec_error
qwen_before_baseline,before,baseline,qwen,141,4,2,False,ok,0,False,exec_error: KeyError: 'district_id',,FA,AA,exec_error
qwen_before_baseline,before,baseline,qwen,142,0,2,False,ok,0,False,exec_error: KeyError: 'A1',,FA,AA,exec_error
qwen_before_baseline,before,baseline,qwen,142,1,2,False,ok,1,False,exec_error: KeyError: 'bank',,FA,AA,exec_error
qwen_before_baseline,before,baseline,qwen,142,2,2,False,ok,1,False,exec_error: KeyError: 'bank',,FA,AA,exec_error
qwen_before_baseline,before,baseline,qwen,142,3,2,False,ok,0,True,,False,AA,AA,semantic
qwen_before_baseline,before,baseline,qwen,142,4,2,False,ok,0,False,exec_error: KeyError: 'type',,FA,AA,exec_error
qwen_before_baseline,before,baseline,qwen,143,0,1,True,ok,0,False,exec_error: KeyError: 'account_id',,FA,AA,exec_error
qwen_before_baseline,before,baseline,qwen,143,1,1,True,ok,0,False,exec_error: KeyError: 'account_id',,FA,AA,exec_error
qwen_before_baseline,before,baseline,qwen,143,2,1,True,ok,0,False,"exec_error: KeyError: ""None of [Index(['account_id'], dtype='str')] are in the [columns]""",,FA,AA,exec_error
qwen_before_baseline,before,baseline,qwen,143,3,1,True,ok,0,True,,False,AA,AA,semantic
qwen_before_baseline,before,baseline,qwen,143,4,1,True,ok,1,False,exec_error: KeyError: 'card_id',,FA,FA,exec_error
qwen_before_baseline,before,baseline,qwen,144,0,3,True,ok,0,True,,False,AA,AA,semantic
qwen_before_baseline,before,baseline,qwen,144,1,3,True,ok,0,True,,False,AA,AA,semantic
qwen_before_baseline,before,baseline,qwen,144,2,3,True,ok,2,False,exec_error: KeyError: 'type',,FA,AA,exec_error
qwen_before_baseline,before,baseline,qwen,144,3,3,True,ok,0,True,,False,AA,AA,semantic
qwen_before_baseline,before,baseline,qwen,144,4,3,True,ok,0,True,,False,AA,AA,semantic
qwen_before_baseline,before,baseline,qwen,145,0,1,False,ok,0,False,"exec_error: AttributeError: Can only use .str accessor with string values, not datetime64",,FA,AA,exec_error
qwen_before_baseline,before,baseline,qwen,145,1,1,False,ok,0,True,,False,AA,AA,semantic
qwen_before_baseline,before,baseline,qwen,145,2,1,False,ok,0,True,,False,AA,AA,semantic
qwen_before_baseline,before,baseline,qwen,145,3,1,False,ok,0,True,,False,AA,AA,semantic
qwen_before_baseline,before,baseline,qwen,145,4,1,False,ok,0,False,exec_error: FileNotFoundError: [Errno 2] No such file or directory: 'account.csv',,FA,AA,exec_error
qwen_before_baseline,before,baseline,qwen,146,0,3,True,ok,2,False,"exec_error: KeyError: ""['account_id'] not in index""",,FA,AA,exec_error
qwen_before_baseline,before,baseline,qwen,146,1,3,True,ok,2,False,exec_error: KeyError: 'client_id',,FA,AA,exec_error
qwen_before_baseline,before,baseline,qwen,146,2,3,True,ok,3,False,"exec_error: KeyError: ""None of ['account_id'] are in the columns""",,FA,FA,exec_error
qwen_before_baseline,before,baseline,qwen,146,3,3,True,ok,2,True,,False,AA,AA,semantic
qwen_before_baseline,before,baseline,qwen,146,4,3,True,ok,0,True,,False,AA,AA,semantic
qwen_before_baseline,before,baseline,qwen,147,0,1,False,ok,1,False,exec_error: UndefinedVariableError: name 'A2' is not defined,,FA,FA,exec_error
qwen_before_baseline,before,baseline,qwen,147,1,1,False,ok,1,False,exec_error: KeyError: 'client_id',,FA,FA,exec_error
qwen_before_baseline,before,baseline,qwen,147,2,1,False,ok,0,True,,False,AA,AA,semantic
qwen_before_baseline,before,baseline,qwen,147,3,1,False,ok,1,False,exec_error: KeyError: 'client_id',,FA,FA,exec_error
qwen_before_baseline,before,baseline,qwen,147,4,1,False,ok,0,True,,False,AA,AA,semantic
qwen_before_baseline,before,baseline,qwen,148,0,2,True,ok,1,True,,True,AA,AA,success
qwen_before_baseline,before,baseline,qwen,148,1,2,True,ok,0,False,exec_error: TypeError: '>' not supported between instances of 'str' and 'int',,FA,AA,exec_error
qwen_before_baseline,before,baseline,qwen,148,2,2,True,ok,0,False,exec_error: TypeError: '>' not supported between instances of 'str' and 'int',,FA,AA,exec_error
qwen_before_baseline,before,baseline,qwen,148,3,2,True,ok,0,False,"exec_error: ValueError: Operands are not aligned. Do `left, right = left.align(right, axis=1)` before operating.",,FA,AA,exec_error
qwen_before_baseline,before,baseline,qwen,148,4,2,True,ok,1,True,,True,AA,AA,success
qwen_before_baseline,before,baseline,qwen,149,0,2,True,ok,1,False,exec_error: KeyError: 'A1',,FA,AA,exec_error
qwen_before_baseline,before,baseline,qwen,149,1,2,True,ok,0,False,exec_error: KeyError: 'account',,FA,AA,exec_error
qwen_before_baseline,before,baseline,qwen,149,2,2,True,ok,3,False,exec_error: TypeError: '>' not supported between instances of 'str' and 'int',,FA,FA,exec_error
qwen_before_baseline,before,baseline,qwen,149,3,2,True,ok,3,False,exec_error: KeyError: 'client_id',,FA,FA,exec_error
qwen_before_baseline,before,baseline,qwen,149,4,2,True,ok,0,False,exec_error: FileNotFoundError: [Errno 2] No such file or directory: 'account.csv',,FA,AA,exec_error
qwen_before_baseline,before,baseline,qwen,150,0,2,False,ok,0,False,exec_error: KeyError: 'district_id',,FA,AA,exec_error
qwen_before_baseline,before,baseline,qwen,150,1,2,False,ok,0,False,exec_error: KeyError: 'bank_to',,FA,AA,exec_error
qwen_before_baseline,before,baseline,qwen,150,2,2,False,ok,0,False,exec_error: KeyError: 'bank_to',,FA,AA,exec_error
qwen_before_baseline,before,baseline,qwen,150,3,2,False,ok,1,False,exec_error: ValueError: You are trying to merge on str and int64 columns for key 'bank'. If you wish to proceed you should use pd.concat,,FA,AA,exec_error
qwen_before_baseline,before,baseline,qwen,150,4,2,False,ok,0,False,exec_error: KeyError: 'bank_to',,FA,AA,exec_error
qwen_before_baseline,before,baseline,qwen,151,0,2,False,ok,0,True,,False,AA,AA,semantic
qwen_before_baseline,before,baseline,qwen,151,1,2,False,ok,0,True,,False,AA,AA,semantic
qwen_before_baseline,before,baseline,qwen,151,2,2,False,parse_fail,0,,,,FA,FA,step1_parse_fail
qwen_before_baseline,before,baseline,qwen,151,3,2,False,ok,1,True,,False,AA,AA,semantic
qwen_before_baseline,before,baseline,qwen,151,4,2,False,ok,0,True,,False,AA,AA,semantic
qwen_before_baseline,before,baseline,qwen,152,0,1,False,ok,0,False,"exec_error: AttributeError: Can only use .str accessor with string values, not datetime64",,FA,AA,exec_error
qwen_before_baseline,before,baseline,qwen,152,1,1,False,ok,0,False,exec_error: KeyError: 'year',,FA,AA,exec_error
qwen_before_baseline,before,baseline,qwen,152,2,1,False,ok,0,False,exec_error: KeyError: 'year',,FA,AA,exec_error
qwen_before_baseline,before,baseline,qwen,152,3,1,False,ok,0,True,,False,AA,AA,semantic
qwen_before_baseline,before,baseline,qwen,152,4,1,False,ok,1,False,exec_error: KeyError: 'district_id',,FA,FA,exec_error
qwen_before_baseline,before,baseline,qwen,153,0,1,True,ok,1,False,exec_error: KeyError: 'card_id',,FA,FA,exec_error
qwen_before_baseline,before,baseline,qwen,153,1,1,True,ok,0,False,exec_error: KeyError: 'account_id',,FA,AA,exec_error
qwen_before_baseline,before,baseline,qwen,153,2,1,True,ok,1,False,exec_error: KeyError: 'card_id',,FA,FA,exec_error
qwen_before_baseline,before,baseline,qwen,153,3,1,True,ok,0,False,exec_error: KeyError: 'account_id',,FA,AA,exec_error
qwen_before_baseline,before,baseline,qwen,153,4,1,True,ok,0,False,exec_error: KeyError: 'account_id',,FA,AA,exec_error
qwen_before_baseline,before,baseline,qwen,154,0,1,False,ok,0,True,,True,AA,AA,success
qwen_before_baseline,before,baseline,qwen,154,1,1,False,ok,0,True,,True,AA,AA,success
qwen_before_baseline,before,baseline,qwen,154,2,1,False,ok,0,False,exec_error: KeyError: 'A1',,FA,AA,exec_error
qwen_before_baseline,before,baseline,qwen,154,3,1,False,ok,0,True,,True,AA,AA,success
qwen_before_baseline,before,baseline,qwen,154,4,1,False,ok,0,True,,True,AA,AA,success
qwen_before_baseline,before,baseline,qwen,155,0,0,False,ok,0,False,exec_error: ZeroDivisionError: division by zero,,FA,FA,exec_error
qwen_before_baseline,before,baseline,qwen,155,1,0,False,ok,0,False,exec_error: AttributeError: Can only use .dt accessor with datetimelike values,,FA,FA,exec_error
qwen_before_baseline,before,baseline,qwen,155,2,0,False,ok,0,False,exec_error: ZeroDivisionError: division by zero,,FA,FA,exec_error
qwen_before_baseline,before,baseline,qwen,155,3,0,False,ok,0,False,exec_error: AttributeError: Can only use .dt accessor with datetimelike values,,FA,FA,exec_error
qwen_before_baseline,before,baseline,qwen,155,4,0,False,ok,0,False,exec_error: ZeroDivisionError: division by zero,,FA,FA,exec_error
qwen_before_baseline,before,baseline,qwen,156,0,2,True,ok,1,False,exec_error: KeyError: 'client_id',,FA,AA,exec_error
qwen_before_baseline,before,baseline,qwen,156,1,2,True,ok,1,False,exec_error: KeyError: 'account_id',,FA,AA,exec_error
qwen_before_baseline,before,baseline,qwen,156,2,2,True,ok,1,False,exec_error: KeyError: 'client_id',,FA,AA,exec_error
qwen_before_baseline,before,baseline,qwen,156,3,2,True,ok,1,False,exec_error: KeyError: 'client_id',,FA,AA,exec_error
qwen_before_baseline,before,baseline,qwen,156,4,2,True,ok,1,False,exec_error: KeyError: 'client_id',,FA,AA,exec_error
qwen_before_baseline,before,baseline,qwen,157,0,1,False,ok,0,False,exec_error: FileNotFoundError: [Errno 2] No such file or directory: 'crime.csv',,FA,AA,exec_error
qwen_before_baseline,before,baseline,qwen,157,1,1,False,ok,0,False,exec_error: FileNotFoundError: [Errno 2] No such file or directory: 'crime.csv',,FA,AA,exec_error
qwen_before_baseline,before,baseline,qwen,157,2,1,False,ok,0,False,exec_error: FileNotFoundError: [Errno 2] No such file or directory: 'crime.csv',,FA,AA,exec_error
qwen_before_baseline,before,baseline,qwen,157,3,1,False,ok,0,False,exec_error: KeyError: 'committed_crime',,FA,AA,exec_error
qwen_before_baseline,before,baseline,qwen,157,4,1,False,ok,0,False,exec_error: FileNotFoundError: [Errno 2] No such file or directory: 'crime.csv',,FA,AA,exec_error
qwen_before_baseline,before,baseline,qwen,158,0,2,False,ok,0,False,"exec_error: ValueError: Operands are not aligned. Do `left, right = left.align(right, axis=1)` before operating.",,FA,AA,exec_error
qwen_before_baseline,before,baseline,qwen,158,1,2,False,ok,1,False,"exec_error: ValueError: Operands are not aligned. Do `left, right = left.align(right, axis=1)` before operating.",,FA,AA,exec_error
qwen_before_baseline,before,baseline,qwen,158,2,2,False,ok,1,False,"exec_error: ValueError: Operands are not aligned. Do `left, right = left.align(right, axis=1)` before operating.",,FA,AA,exec_error
qwen_before_baseline,before,baseline,qwen,158,3,2,False,ok,1,False,"exec_error: ValueError: Operands are not aligned. Do `left, right = left.align(right, axis=1)` before operating.",,FA,AA,exec_error
qwen_before_baseline,before,baseline,qwen,158,4,2,False,ok,1,False,"exec_error: ValueError: Operands are not aligned. Do `left, right = left.align(right, axis=1)` before operating.",,FA,AA,exec_error
qwen_before_baseline,before,baseline,qwen,159,0,3,True,ok,0,False,exec_error: KeyError: 'client_id',,FA,AA,exec_error
qwen_before_baseline,before,baseline,qwen,159,1,3,True,ok,0,False,exec_error: KeyError: 'client_id',,FA,AA,exec_error
qwen_before_baseline,before,baseline,qwen,159,2,3,True,ok,0,False,exec_error: KeyError: 'client_id',,FA,AA,exec_error
qwen_before_baseline,before,baseline,qwen,159,3,3,True,ok,0,False,exec_error: KeyError: 'client_id',,FA,AA,exec_error
qwen_before_baseline,before,baseline,qwen,159,4,3,True,ok,0,False,exec_error: KeyError: 'client_id',,FA,AA,exec_error
qwen_before_baseline,before,baseline,qwen,160,0,1,False,ok,1,True,,False,FA,FA,semantic
qwen_before_baseline,before,baseline,qwen,160,1,1,False,ok,0,False,exec_error: KeyError: 'account_id',,FA,AA,exec_error
qwen_before_baseline,before,baseline,qwen,160,2,1,False,ok,0,True,,False,AA,AA,semantic
qwen_before_baseline,before,baseline,qwen,160,3,1,False,ok,1,True,,False,FA,FA,semantic
qwen_before_baseline,before,baseline,qwen,160,4,1,False,ok,2,False,exec_error: KeyError: 'account_id',,FA,FA,exec_error
qwen_before_baseline,before,baseline,qwen,161,0,2,True,ok,1,False,"exec_error: ValueError: Operands are not aligned. Do `left, right = left.align(right, axis=1)` before operating.",,FA,AA,exec_error
qwen_before_baseline,before,baseline,qwen,161,1,2,True,ok,1,False,"exec_error: ValueError: Operands are not aligned. Do `left, right = left.align(right, axis=1)` before operating.",,FA,AA,exec_error
qwen_before_baseline,before,baseline,qwen,161,2,2,True,ok,1,False,"exec_error: ValueError: Operands are not aligned. Do `left, right = left.align(right, axis=1)` before operating.",,FA,AA,exec_error
qwen_before_baseline,before,baseline,qwen,161,3,2,True,ok,1,False,"exec_error: ValueError: Operands are not aligned. Do `left, right = left.align(right, axis=1)` before operating.",,FA,AA,exec_error
qwen_before_baseline,before,baseline,qwen,161,4,2,True,ok,1,False,"exec_error: ValueError: Operands are not aligned. Do `left, right = left.align(right, axis=1)` before operating.",,FA,AA,exec_error
qwen_before_baseline,before,baseline,qwen,162,0,1,False,ok,0,False,"exec_error: ValueError: Operands are not aligned. Do `left, right = left.align(right, axis=1)` before operating.",,FA,AA,exec_error
qwen_before_baseline,before,baseline,qwen,162,1,1,False,ok,1,False,"exec_error: ValueError: Operands are not aligned. Do `left, right = left.align(right, axis=1)` before operating.",,FA,FA,exec_error
qwen_before_baseline,before,baseline,qwen,162,2,1,False,ok,1,False,"exec_error: ValueError: Operands are not aligned. Do `left, right = left.align(right, axis=1)` before operating.",,FA,FA,exec_error
qwen_before_baseline,before,baseline,qwen,162,3,1,False,ok,1,False,"exec_error: ValueError: Operands are not aligned. Do `left, right = left.align(right, axis=1)` before operating.",,FA,FA,exec_error
qwen_before_baseline,before,baseline,qwen,162,4,1,False,ok,0,False,"exec_error: ValueError: Operands are not aligned. Do `left, right = left.align(right, axis=1)` before operating.",,FA,AA,exec_error
qwen_before_baseline,before,baseline,qwen,163,0,2,False,ok,1,False,exec_error: ValueError: attempt to get argmax of an empty sequence,,FA,AA,exec_error
qwen_before_baseline,before,baseline,qwen,163,1,2,False,ok,2,False,exec_error: ValueError: attempt to get argmax of an empty sequence,,FA,FA,exec_error
qwen_before_baseline,before,baseline,qwen,163,2,2,False,ok,1,False,exec_error: ValueError: attempt to get argmax of an empty sequence,,FA,AA,exec_error
qwen_before_baseline,before,baseline,qwen,163,3,2,False,ok,1,False,exec_error: ValueError: attempt to get argmax of an empty sequence,,FA,AA,exec_error
qwen_before_baseline,before,baseline,qwen,163,4,2,False,ok,1,False,exec_error: ValueError: attempt to get argmax of an empty sequence,,FA,AA,exec_error
qwen_before_baseline,before,baseline,qwen,164,0,3,True,ok,0,False,"exec_error: ValueError: Operands are not aligned. Do `left, right = left.align(right, axis=1)` before operating.",,FA,AA,exec_error
qwen_before_baseline,before,baseline,qwen,164,1,3,True,ok,0,False,"exec_error: ValueError: Operands are not aligned. Do `left, right = left.align(right, axis=1)` before operating.",,FA,AA,exec_error
qwen_before_baseline,before,baseline,qwen,164,2,3,True,ok,0,False,"exec_error: ValueError: Operands are not aligned. Do `left, right = left.align(right, axis=1)` before operating.",,FA,AA,exec_error
qwen_before_baseline,before,baseline,qwen,164,3,3,True,ok,0,False,"exec_error: ValueError: Operands are not aligned. Do `left, right = left.align(right, axis=1)` before operating.",,FA,AA,exec_error
qwen_before_baseline,before,baseline,qwen,164,4,3,True,ok,0,False,exec_error: UnboundLocalError: cannot access local variable 'order' where it is not associated with a value,,FA,AA,exec_error
qwen_before_baseline,before,baseline,qwen,165,0,2,False,ok,1,True,,False,AA,AA,semantic
qwen_before_baseline,before,baseline,qwen,165,1,2,False,ok,0,False,exec_error: KeyError: 'account_id',,FA,AA,exec_error
qwen_before_baseline,before,baseline,qwen,165,2,2,False,ok,1,True,,False,AA,AA,semantic
qwen_before_baseline,before,baseline,qwen,165,3,2,False,ok,1,True,,False,AA,AA,semantic
qwen_before_baseline,before,baseline,qwen,165,4,2,False,ok,0,True,,False,AA,AA,semantic
qwen_before_baseline,before,baseline,qwen,166,0,1,False,ok,0,False,exec_error: KeyError: 'A1',,FA,AA,exec_error
qwen_before_baseline,before,baseline,qwen,166,1,1,False,ok,0,True,,False,AA,AA,semantic
qwen_before_baseline,before,baseline,qwen,166,2,1,False,ok,0,False,exec_error: KeyError: 'A1',,FA,AA,exec_error
qwen_before_baseline,before,baseline,qwen,166,3,1,False,ok,0,True,,False,AA,AA,semantic
qwen_before_baseline,before,baseline,qwen,166,4,1,False,ok,0,True,,False,AA,AA,semantic
qwen_before_baseline,before,baseline,qwen,167,0,1,True,ok,0,False,exec_error: AttributeError: Can only use .dt accessor with datetimelike values,,FA,AA,exec_error
qwen_before_baseline,before,baseline,qwen,167,1,1,True,ok,0,True,,False,AA,AA,semantic
qwen_before_baseline,before,baseline,qwen,167,2,1,True,ok,0,False,exec_error: AttributeError: Can only use .dt accessor with datetimelike values,,FA,AA,exec_error
qwen_before_baseline,before,baseline,qwen,167,3,1,True,ok,0,False,exec_error: KeyError: 'issued',,FA,AA,exec_error
qwen_before_baseline,before,baseline,qwen,167,4,1,True,ok,0,False,exec_error: AttributeError: Can only use .dt accessor with datetimelike values,,FA,AA,exec_error
qwen_before_baseline,before,baseline,qwen,168,0,1,False,ok,1,False,"exec_error: TypeError: can only concatenate str (not ""int"") to str",,FA,FA,exec_error
qwen_before_baseline,before,baseline,qwen,168,1,1,False,ok,0,False,exec_error: KeyError: 'Column not found: A1',,FA,AA,exec_error
qwen_before_baseline,before,baseline,qwen,168,2,1,False,ok,0,False,"exec_error: TypeError: can only concatenate str (not ""int"") to str",,FA,AA,exec_error
qwen_before_baseline,before,baseline,qwen,168,3,1,False,ok,3,False,exec_error: TypeError: dtype 'str' does not support operation 'mean',,FA,FA,exec_error
qwen_before_baseline,before,baseline,qwen,168,4,1,False,ok,1,False,exec_error: KeyError: 'client_id',,FA,FA,exec_error
qwen_before_baseline,before,baseline,qwen,169,0,3,True,ok,1,False,exec_error: KeyError: 'client_id',,FA,AA,exec_error
qwen_before_baseline,before,baseline,qwen,169,1,3,True,ok,2,False,exec_error: KeyError: 'client_id',,FA,AA,exec_error
qwen_before_baseline,before,baseline,qwen,169,2,3,True,ok,1,False,exec_error: KeyError: 'client_id',,FA,AA,exec_error
qwen_before_baseline,before,baseline,qwen,169,3,3,True,ok,1,False,exec_error: KeyError: 'account_id',,FA,AA,exec_error
qwen_before_baseline,before,baseline,qwen,169,4,3,True,ok,1,False,exec_error: KeyError: 'account_id',,FA,AA,exec_error
qwen_before_baseline,before,baseline,qwen,170,0,0,False,ok,0,False,exec_error: KeyError: 'account_id',,FA,FA,exec_error
qwen_before_baseline,before,baseline,qwen,170,1,0,False,ok,0,True,,False,FA,FA,semantic
qwen_before_baseline,before,baseline,qwen,170,2,0,False,ok,0,False,exec_error: KeyError: 'account',,FA,FA,exec_error
qwen_before_baseline,before,baseline,qwen,170,3,0,False,ok,0,True,,False,FA,FA,semantic
qwen_before_baseline,before,baseline,qwen,170,4,0,False,ok,0,True,,False,FA,FA,semantic
qwen_before_baseline,before,baseline,qwen,171,0,0,False,ok,0,False,exec_error: KeyError: 'district',,FA,FA,exec_error
qwen_before_baseline,before,baseline,qwen,171,1,0,False,ok,0,False,exec_error: KeyError: 'A11',,FA,FA,exec_error
qwen_before_baseline,before,baseline,qwen,171,2,0,False,ok,0,False,exec_error: KeyError: 'year',,FA,FA,exec_error
qwen_before_baseline,before,baseline,qwen,171,3,0,False,ok,0,False,exec_error: KeyError: 'A1',,FA,FA,exec_error
qwen_before_baseline,before,baseline,qwen,171,4,0,False,ok,0,False,exec_error: KeyError: 'A2',,FA,FA,exec_error
qwen_before_baseline,before,baseline,qwen,172,0,0,True,ok,0,False,"exec_error: ValueError: Operands are not aligned. Do `left, right = left.align(right, axis=1)` before operating.",,FA,FA,exec_error
qwen_before_baseline,before,baseline,qwen,172,1,0,True,ok,0,False,"exec_error: ValueError: Operands are not aligned. Do `left, right = left.align(right, axis=1)` before operating.",,FA,FA,exec_error
qwen_before_baseline,before,baseline,qwen,172,2,0,True,ok,0,False,exec_error: KeyError: 0,,FA,FA,exec_error
qwen_before_baseline,before,baseline,qwen,172,3,0,True,ok,0,True,,False,FA,FA,semantic
qwen_before_baseline,before,baseline,qwen,172,4,0,True,ok,0,False,"exec_error: ValueError: Operands are not aligned. Do `left, right = left.align(right, axis=1)` before operating.",,FA,FA,exec_error
qwen_before_baseline,before,baseline,qwen,173,0,1,False,ok,0,True,,False,AA,AA,semantic
qwen_before_baseline,before,baseline,qwen,173,1,1,False,ok,0,False,exec_error: KeyError: 'type',,FA,AA,exec_error
qwen_before_baseline,before,baseline,qwen,173,2,1,False,ok,0,False,exec_error: KeyError: 'type',,FA,AA,exec_error
qwen_before_baseline,before,baseline,qwen,173,3,1,False,ok,1,True,,False,FA,FA,semantic
qwen_before_baseline,before,baseline,qwen,173,4,1,False,ok,0,False,"exec_error: ValueError: Operands are not aligned. Do `left, right = left.align(right, axis=1)` before operating.",,FA,AA,exec_error
qwen_before_baseline,before,baseline,qwen,174,0,2,True,ok,0,False,"exec_error: ValueError: Operands are not aligned. Do `left, right = left.align(right, axis=1)` before operating.",,FA,AA,exec_error
qwen_before_baseline,before,baseline,qwen,174,1,2,True,ok,0,False,"exec_error: ValueError: Operands are not aligned. Do `left, right = left.align(right, axis=1)` before operating.",,FA,AA,exec_error
qwen_before_baseline,before,baseline,qwen,174,2,2,True,ok,0,False,exec_error: KeyError: 'account_id',,FA,AA,exec_error
qwen_before_baseline,before,baseline,qwen,174,3,2,True,ok,0,False,"exec_error: ValueError: Operands are not aligned. Do `left, right = left.align(right, axis=1)` before operating.",,FA,AA,exec_error
qwen_before_baseline,before,baseline,qwen,174,4,2,True,ok,0,False,"exec_error: ValueError: Operands are not aligned. Do `left, right = left.align(right, axis=1)` before operating.",,FA,AA,exec_error
qwen_before_baseline,before,baseline,qwen,175,0,1,True,ok,1,True,,False,FA,FA,semantic
qwen_before_baseline,before,baseline,qwen,175,1,1,True,ok,1,True,,False,FA,FA,semantic
qwen_before_baseline,before,baseline,qwen,175,2,1,True,ok,2,True,,False,FA,FA,semantic
qwen_before_baseline,before,baseline,qwen,175,3,1,True,ok,2,False,exec_error: KeyError: 'type',,FA,FA,exec_error
qwen_before_baseline,before,baseline,qwen,175,4,1,True,ok,2,False,exec_error: KeyError: 'type',,FA,FA,exec_error
qwen_before_baseline,before,baseline,qwen,176,0,3,True,ok,1,False,exec_error: KeyError: 'client_id',,FA,AA,exec_error
qwen_before_baseline,before,baseline,qwen,176,1,3,True,ok,0,False,exec_error: KeyError: 'account_id',,FA,AA,exec_error
qwen_before_baseline,before,baseline,qwen,176,2,3,True,ok,2,False,exec_error: KeyError: 'client_id',,FA,AA,exec_error
qwen_before_baseline,before,baseline,qwen,176,3,3,True,ok,0,False,exec_error: KeyError: 'client_id',,FA,AA,exec_error
qwen_before_baseline,before,baseline,qwen,176,4,3,True,ok,1,False,exec_error: KeyError: 'client_id',,FA,AA,exec_error
qwen_before_baseline,before,baseline,qwen,177,0,3,True,ok,0,False,exec_error: KeyError: 'client_id',,FA,AA,exec_error
qwen_before_baseline,before,baseline,qwen,177,1,3,True,ok,2,False,"exec_error: ValueError: Operands are not aligned. Do `left, right = left.align(right, axis=1)` before operating.",,FA,AA,exec_error
qwen_before_baseline,before,baseline,qwen,177,2,3,True,ok,0,False,exec_error: KeyError: 'client_id',,FA,AA,exec_error
qwen_before_baseline,before,baseline,qwen,177,3,3,True,ok,0,False,exec_error: IndexError: single positional indexer is out-of-bounds,,FA,AA,exec_error
qwen_before_baseline,before,baseline,qwen,177,4,3,True,ok,0,False,"exec_error: ValueError: Operands are not aligned. Do `left, right = left.align(right, axis=1)` before operating.",,FA,AA,exec_error
qwen_before_baseline,before,baseline,qwen,178,0,2,True,ok,1,False,"exec_error: ValueError: Operands are not aligned. Do `left, right = left.align(right, axis=1)` before operating.",,FA,AA,exec_error
qwen_before_baseline,before,baseline,qwen,178,1,2,True,ok,1,False,"exec_error: ValueError: Operands are not aligned. Do `left, right = left.align(right, axis=1)` before operating.",,FA,AA,exec_error
qwen_before_baseline,before,baseline,qwen,178,2,2,True,ok,1,False,"exec_error: ValueError: Operands are not aligned. Do `left, right = left.align(right, axis=1)` before operating.",,FA,AA,exec_error
qwen_before_baseline,before,baseline,qwen,178,3,2,True,ok,1,False,"exec_error: ValueError: Operands are not aligned. Do `left, right = left.align(right, axis=1)` before operating.",,FA,AA,exec_error
qwen_before_baseline,before,baseline,qwen,178,4,2,True,ok,2,False,"exec_error: ValueError: Operands are not aligned. Do `left, right = left.align(right, axis=1)` before operating.",,FA,FA,exec_error
qwen_before_baseline,before,baseline,qwen,179,0,3,True,ok,0,False,"exec_error: AttributeError: Can only use .str accessor with string values, not datetime64",,FA,AA,exec_error
qwen_before_baseline,before,baseline,qwen,179,1,3,True,ok,0,False,"exec_error: ValueError: Operands are not aligned. Do `left, right = left.align(right, axis=1)` before operating.",,FA,AA,exec_error
qwen_before_baseline,before,baseline,qwen,179,2,3,True,ok,0,False,exec_error: KeyError: 'client_id',,FA,AA,exec_error
qwen_before_baseline,before,baseline,qwen,179,3,3,True,ok,0,True,,False,AA,AA,semantic
qwen_before_baseline,before,baseline,qwen,179,4,3,True,ok,0,True,,False,AA,AA,semantic
qwen_before_baseline,before,baseline,qwen,180,0,2,True,ok,1,True,,False,AA,AA,semantic
qwen_before_baseline,before,baseline,qwen,180,1,2,True,ok,1,False,exec_error: KeyError: 'A1',,FA,AA,exec_error
qwen_before_baseline,before,baseline,qwen,180,2,2,True,ok,1,False,exec_error: KeyError: 'A2',,FA,AA,exec_error
qwen_before_baseline,before,baseline,qwen,180,3,2,True,ok,2,True,,False,FA,FA,semantic
qwen_before_baseline,before,baseline,qwen,180,4,2,True,ok,2,True,,False,FA,FA,semantic
qwen_before_baseline,before,baseline,qwen,181,0,2,True,ok,1,False,exec_error: KeyError: 'account_id',,FA,AA,exec_error
qwen_before_baseline,before,baseline,qwen,181,1,2,True,ok,1,False,exec_error: KeyError: 'account_id',,FA,AA,exec_error
qwen_before_baseline,before,baseline,qwen,181,2,2,True,ok,2,False,exec_error: KeyError: 'client_id',,FA,FA,exec_error
qwen_before_baseline,before,baseline,qwen,181,3,2,True,ok,1,True,,False,AA,AA,semantic
qwen_before_baseline,before,baseline,qwen,181,4,2,True,ok,2,True,,False,FA,FA,semantic
qwen_before_baseline,before,baseline,qwen,182,0,3,True,ok,0,True,,False,AA,AA,semantic
qwen_before_baseline,before,baseline,qwen,182,1,3,True,ok,1,False,exec_error: KeyError: 'account_id',,FA,AA,exec_error
qwen_before_baseline,before,baseline,qwen,182,2,3,True,ok,0,False,exec_error: KeyError: 'account_id',,FA,AA,exec_error
qwen_before_baseline,before,baseline,qwen,182,3,3,True,ok,2,False,exec_error: KeyError: 'k_symbol',,FA,AA,exec_error
qwen_before_baseline,before,baseline,qwen,182,4,3,True,ok,1,False,exec_error: KeyError: 'account_id',,FA,AA,exec_error
qwen_before_baseline,before,baseline,qwen,183,0,1,False,ok,0,True,,False,AA,AA,semantic
qwen_before_baseline,before,baseline,qwen,183,1,1,False,ok,0,True,,False,AA,AA,semantic
qwen_before_baseline,before,baseline,qwen,183,2,1,False,ok,0,True,,False,AA,AA,semantic
qwen_before_baseline,before,baseline,qwen,183,3,1,False,ok,0,True,,False,AA,AA,semantic
qwen_before_baseline,before,baseline,qwen,183,4,1,False,ok,0,True,,False,AA,AA,semantic
qwen_before_baseline,before,baseline,qwen,184,0,2,True,ok,2,False,exec_error: KeyError: 'type',,FA,FA,exec_error
qwen_before_baseline,before,baseline,qwen,184,1,2,True,ok,0,False,exec_error: KeyError: 'account_id',,FA,AA,exec_error
qwen_before_baseline,before,baseline,qwen,184,2,2,True,ok,1,False,exec_error: KeyError: 'client_id',,FA,AA,exec_error
qwen_before_baseline,before,baseline,qwen,184,3,2,True,ok,2,True,,False,FA,FA,semantic
qwen_before_baseline,before,baseline,qwen,184,4,2,True,ok,1,True,,False,AA,AA,semantic
qwen_before_baseline,before,baseline,qwen,185,0,1,False,ok,0,False,"exec_error: ValueError: Operands are not aligned. Do `left, right = left.align(right, axis=1)` before operating.",,FA,AA,exec_error
qwen_before_baseline,before,baseline,qwen,185,1,1,False,ok,1,False,"exec_error: ValueError: Operands are not aligned. Do `left, right = left.align(right, axis=1)` before operating.",,FA,FA,exec_error
qwen_before_baseline,before,baseline,qwen,185,2,1,False,ok,0,False,exec_error: KeyError: 'F',,FA,AA,exec_error
qwen_before_baseline,before,baseline,qwen,185,3,1,False,ok,0,False,"exec_error: ValueError: Operands are not aligned. Do `left, right = left.align(right, axis=1)` before operating.",,FA,AA,exec_error
qwen_before_baseline,before,baseline,qwen,185,4,1,False,ok,1,False,"exec_error: ValueError: Operands are not aligned. Do `left, right = left.align(right, axis=1)` before operating.",,FA,FA,exec_error
qwen_before_baseline,before,baseline,qwen,186,0,2,True,ok,1,False,exec_error: ZeroDivisionError: division by zero,,FA,AA,exec_error
qwen_before_baseline,before,baseline,qwen,186,1,2,True,ok,0,False,exec_error: KeyError: 'client_id',,FA,AA,exec_error
qwen_before_baseline,before,baseline,qwen,186,2,2,True,ok,1,False,exec_error: ZeroDivisionError: division by zero,,FA,AA,exec_error
qwen_before_baseline,before,baseline,qwen,186,3,2,True,ok,1,False,exec_error: KeyError: 'client_id',,FA,AA,exec_error
qwen_before_baseline,before,baseline,qwen,186,4,2,True,ok,1,False,exec_error: KeyError: 'client_id',,FA,AA,exec_error
qwen_before_baseline,before,baseline,qwen,187,0,1,True,ok,2,False,exec_error: KeyError: 'type',,FA,FA,exec_error
qwen_before_baseline,before,baseline,qwen,187,1,1,True,ok,2,True,,False,FA,FA,semantic
qwen_before_baseline,before,baseline,qwen,187,2,1,True,ok,1,True,,False,FA,FA,semantic
qwen_before_baseline,before,baseline,qwen,187,3,1,True,ok,1,True,,False,FA,FA,semantic
qwen_before_baseline,before,baseline,qwen,187,4,1,True,ok,2,False,exec_error: KeyError: 'account_id',,FA,FA,exec_error
qwen_before_baseline,before,baseline,qwen,188,0,1,False,ok,1,False,exec_error: KeyError: 'date',,FA,FA,exec_error
qwen_before_baseline,before,baseline,qwen,188,1,1,False,ok,1,False,exec_error: KeyError: 'date',,FA,FA,exec_error
qwen_before_baseline,before,baseline,qwen,188,2,1,False,ok,1,True,,True,SA,SA,success
qwen_before_baseline,before,baseline,qwen,188,3,1,False,ok,1,False,exec_error: KeyError: 'date',,FA,FA,exec_error
qwen_before_baseline,before,baseline,qwen,188,4,1,False,ok,1,False,exec_error: KeyError: 'date',,FA,FA,exec_error
qwen_before_baseline,before,baseline,qwen,189,0,2,True,ok,1,False,exec_error: KeyError: 'account_id',,FA,AA,exec_error
qwen_before_baseline,before,baseline,qwen,189,1,2,True,ok,2,False,exec_error: KeyError: 'account_id',,FA,FA,exec_error
qwen_before_baseline,before,baseline,qwen,189,2,2,True,ok,2,False,exec_error: KeyError: 'Column not found: amount',,FA,FA,exec_error
qwen_before_baseline,before,baseline,qwen,189,3,2,True,ok,1,False,exec_error: KeyError: 'account_id',,FA,AA,exec_error
qwen_before_baseline,before,baseline,qwen,189,4,2,True,ok,1,False,exec_error: KeyError: 'account_id',,FA,AA,exec_error
qwen_before_baseline,before,baseline,qwen,190,0,1,False,ok,1,True,,False,FA,FA,semantic
qwen_before_baseline,before,baseline,qwen,190,1,1,False,ok,0,True,,False,AA,AA,semantic
qwen_before_baseline,before,baseline,qwen,190,2,1,False,ok,0,True,,False,AA,AA,semantic
qwen_before_baseline,before,baseline,qwen,190,3,1,False,ok,1,False,"exec_error: TypeError: can only concatenate str (not ""int"") to str",,FA,FA,exec_error
qwen_before_baseline,before,baseline,qwen,190,4,1,False,ok,1,True,,False,FA,FA,semantic
qwen_before_baseline,before,baseline,qwen,191,0,1,False,ok,1,True,,False,FA,FA,semantic
qwen_before_baseline,before,baseline,qwen,191,1,1,False,ok,0,True,,False,AA,AA,semantic
qwen_before_baseline,before,baseline,qwen,191,2,1,False,ok,0,True,,False,AA,AA,semantic
qwen_before_baseline,before,baseline,qwen,191,3,1,False,ok,0,False,exec_error: KeyError: 'account',,FA,AA,exec_error
qwen_before_baseline,before,baseline,qwen,191,4,1,False,ok,0,True,,False,AA,AA,semantic
qwen_before_baseline,before,baseline,qwen,192,0,1,False,ok,2,False,"exec_error: KeyError: ""Label(s) ['amount'] do not exist""",,FA,FA,exec_error
qwen_before_baseline,before,baseline,qwen,192,1,1,False,ok,1,False,exec_error: KeyError: 'amount',,FA,FA,exec_error
qwen_before_baseline,before,baseline,qwen,192,2,1,False,ok,1,False,exec_error: KeyError: 'date',,FA,FA,exec_error
qwen_before_baseline,before,baseline,qwen,192,3,1,False,ok,1,False,exec_error: KeyError: 'Column not found: amount',,FA,FA,exec_error
qwen_before_baseline,before,baseline,qwen,192,4,1,False,ok,1,False,exec_error: KeyError: 'amount',,FA,FA,exec_error
qwen_before_baseline,before,baseline,qwen,193,0,2,True,concat_only,0,,,,FA,FA,step1_concat_only
qwen_before_baseline,before,baseline,qwen,193,1,2,True,ok,0,False,exec_error: KeyError: 'client_id',,FA,AA,exec_error
qwen_before_baseline,before,baseline,qwen,193,2,2,True,ok,1,False,exec_error: KeyError: 'type',,FA,AA,exec_error
qwen_before_baseline,before,baseline,qwen,193,3,2,True,ok,0,False,exec_error: KeyError: 'k_symbol',,FA,AA,exec_error
qwen_before_baseline,before,baseline,qwen,193,4,2,True,ok,0,False,exec_error: KeyError: 'client_id',,FA,AA,exec_error
qwen_before_baseline,before,baseline,qwen,194,0,2,True,ok,3,True,,False,FA,FA,semantic
qwen_before_baseline,before,baseline,qwen,194,1,2,True,ok,2,False,exec_error: KeyError: 'type',,FA,FA,exec_error
qwen_before_baseline,before,baseline,qwen,194,2,2,True,ok,0,False,exec_error: TypeError: '>' not supported between instances of 'str' and 'int',,FA,AA,exec_error
qwen_before_baseline,before,baseline,qwen,194,3,2,True,ok,0,False,exec_error: KeyError: 'client_id',,FA,AA,exec_error
qwen_before_baseline,before,baseline,qwen,194,4,2,True,ok,0,True,,False,AA,AA,semantic
qwen_before_uniform,before,uniform,qwen,89,0,1,False,ok,1,False,exec_error: NameError: name 'accounts' is not defined,,FA,FA,exec_error
qwen_before_uniform,before,uniform,qwen,89,1,1,False,ok,0,True,,False,AA,AA,semantic
qwen_before_uniform,before,uniform,qwen,89,2,1,False,ok,1,False,exec_error: TypeError: Invalid comparison between dtype=datetime64[us] and str,,FA,FA,exec_error
qwen_before_uniform,before,uniform,qwen,89,3,1,False,ok,1,False,exec_error: TypeError: Invalid comparison between dtype=datetime64[us] and str,,FA,FA,exec_error
qwen_before_uniform,before,uniform,qwen,89,4,1,False,ok,1,True,,False,FA,FA,semantic
qwen_before_uniform,before,uniform,qwen,90,0,2,False,ok,1,True,,False,AA,AA,semantic
qwen_before_uniform,before,uniform,qwen,90,1,2,False,ok,1,True,,False,AA,AA,semantic
qwen_before_uniform,before,uniform,qwen,90,2,2,False,ok,1,False,"exec_error: ValueError: Operands are not aligned. Do `left, right = left.align(right, axis=1)` before operating.",,FA,AA,exec_error
qwen_before_uniform,before,uniform,qwen,90,3,2,False,ok,1,False,"exec_error: ValueError: Operands are not aligned. Do `left, right = left.align(right, axis=1)` before operating.",,FA,AA,exec_error
qwen_before_uniform,before,uniform,qwen,90,4,2,False,ok,0,True,,False,AA,AA,semantic
qwen_before_uniform,before,uniform,qwen,91,0,0,False,ok,1,False,exec_error: KeyError: 'A1',,FA,FA,exec_error
qwen_before_uniform,before,uniform,qwen,91,1,0,False,ok,0,False,exec_error: KeyError: 'A1',,FA,FA,exec_error
qwen_before_uniform,before,uniform,qwen,91,2,0,False,ok,0,False,exec_error: NameError: name 'your_database_connection' is not defined,,FA,FA,exec_error
qwen_before_uniform,before,uniform,qwen,91,3,0,False,ok,0,False,exec_error: KeyError: 'A1',,FA,FA,exec_error
qwen_before_uniform,before,uniform,qwen,91,4,0,False,ok,0,False,exec_error: KeyError: 'A1',,FA,FA,exec_error
qwen_before_uniform,before,uniform,qwen,92,0,1,False,ok,0,False,exec_error: KeyError: 'Column not found: A2',,FA,AA,exec_error
qwen_before_uniform,before,uniform,qwen,92,1,1,False,ok,1,False,exec_error: KeyError: 'A1',,FA,FA,exec_error
qwen_before_uniform,before,uniform,qwen,92,2,1,False,ok,0,False,exec_error: KeyError: 'Column not found: salary',,FA,AA,exec_error
qwen_before_uniform,before,uniform,qwen,92,3,1,False,ok,1,False,exec_error: KeyError: 'Column not found: A1',,FA,FA,exec_error
qwen_before_uniform,before,uniform,qwen,92,4,1,False,ok,0,False,exec_error: KeyError: 'Column not found: salary',,FA,AA,exec_error
qwen_before_uniform,before,uniform,qwen,93,0,1,False,ok,1,True,,False,FA,FA,semantic
qwen_before_uniform,before,uniform,qwen,93,1,1,False,ok,1,False,exec_error: TypeError: '>' not supported between instances of 'ellipsis' and 'int',,FA,FA,exec_error
qwen_before_uniform,before,uniform,qwen,93,2,1,False,ok,0,False,exec_error: KeyError: 'A1',,FA,AA,exec_error
qwen_before_uniform,before,uniform,qwen,93,3,1,False,ok,0,False,exec_error: KeyError: 'salary',,FA,AA,exec_error
qwen_before_uniform,before,uniform,qwen,93,4,1,False,ok,1,False,exec_error: KeyError: 'A1',,FA,FA,exec_error
qwen_before_uniform,before,uniform,qwen,94,0,3,True,ok,1,False,exec_error: KeyError: 'Column not found: A1',,FA,AA,exec_error
qwen_before_uniform,before,uniform,qwen,94,1,3,True,ok,1,False,exec_error: KeyError: 'Column not found: A1',,FA,AA,exec_error
qwen_before_uniform,before,uniform,qwen,94,2,3,True,ok,1,False,"exec_error: TypeError: can only concatenate str (not ""int"") to str",,FA,AA,exec_error
qwen_before_uniform,before,uniform,qwen,94,3,3,True,ok,1,False,exec_error: KeyError: 'A1',,FA,AA,exec_error
qwen_before_uniform,before,uniform,qwen,94,4,3,True,ok,1,False,exec_error: KeyError: 'A1',,FA,AA,exec_error
qwen_before_uniform,before,uniform,qwen,95,0,3,True,ok,1,False,exec_error: KeyError: 'Column not found: salary',,FA,AA,exec_error
qwen_before_uniform,before,uniform,qwen,95,1,3,True,ok,1,False,exec_error: TypeError: dtype 'str' does not support operation 'mean',,FA,AA,exec_error
qwen_before_uniform,before,uniform,qwen,95,2,3,True,ok,1,False,"exec_error: KeyError: ""Label(s) ['salary'] do not exist""",,FA,AA,exec_error
qwen_before_uniform,before,uniform,qwen,95,3,3,True,ok,1,False,"exec_error: KeyError: ""Label(s) ['salary'] do not exist""",,FA,AA,exec_error
qwen_before_uniform,before,uniform,qwen,95,4,3,True,ok,1,False,exec_error: TypeError: dtype 'str' does not support operation 'mean',,FA,AA,exec_error
qwen_before_uniform,before,uniform,qwen,96,0,1,True,ok,1,True,,False,FA,FA,semantic
qwen_before_uniform,before,uniform,qwen,96,1,1,True,ok,1,True,,False,FA,FA,semantic
qwen_before_uniform,before,uniform,qwen,96,2,1,True,ok,1,True,,False,FA,FA,semantic
qwen_before_uniform,before,uniform,qwen,96,3,1,True,ok,1,True,,False,FA,FA,semantic
qwen_before_uniform,before,uniform,qwen,96,4,1,True,ok,1,True,,False,FA,FA,semantic
qwen_before_uniform,before,uniform,qwen,97,0,1,True,ok,1,True,,False,FA,FA,semantic
qwen_before_uniform,before,uniform,qwen,97,1,1,True,ok,1,True,,False,FA,FA,semantic
qwen_before_uniform,before,uniform,qwen,97,2,1,True,ok,1,False,exec_error: TypeError: '>' not supported between instances of 'str' and 'int',,FA,FA,exec_error
qwen_before_uniform,before,uniform,qwen,97,3,1,True,ok,0,False,exec_error: KeyError: 'date',,FA,AA,exec_error
qwen_before_uniform,before,uniform,qwen,97,4,1,True,ok,1,True,,False,FA,FA,semantic
qwen_before_uniform,before,uniform,qwen,98,0,1,False,ok,1,False,"exec_error: AttributeError: Can only use .str accessor with string values, not datetime64",,FA,FA,exec_error
qwen_before_uniform,before,uniform,qwen,98,1,1,False,ok,0,False,"exec_error: KeyError: 'None of [RangeIndex(start=8268, stop=8269, step=1)] are in the [index]'",,FA,AA,exec_error
qwen_before_uniform,before,uniform,qwen,98,2,1,False,ok,1,True,,False,FA,FA,semantic
qwen_before_uniform,before,uniform,qwen,98,3,1,False,ok,1,False,"exec_error: AttributeError: Can only use .str accessor with string values, not datetime64",,FA,FA,exec_error
qwen_before_uniform,before,uniform,qwen,98,4,1,False,ok,1,False,"exec_error: KeyError: ""['district_id', 'frequency'] not in index""",,FA,FA,exec_error
qwen_before_uniform,before,uniform,qwen,99,0,1,False,ok,1,False,exec_error: KeyError: 'date',,FA,FA,exec_error
qwen_before_uniform,before,uniform,qwen,99,1,1,False,ok,1,False,exec_error: KeyError: 'date',,FA,FA,exec_error
qwen_before_uniform,before,uniform,qwen,99,2,1,False,ok,1,False,"exec_error: TypeError: Addition/subtraction of integers and integer-arrays with DatetimeArray is no longer supported.  Instead of adding/subtracting `n`, use `n * obj.freq`",,FA,FA,exec_error
qwen_before_uniform,before,uniform,qwen,99,3,1,False,ok,1,False,exec_error: KeyError: 'date',,FA,FA,exec_error
qwen_before_uniform,before,uniform,qwen,99,4,1,False,ok,1,False,exec_error: KeyError: 'date',,FA,FA,exec_error
qwen_before_uniform,before,uniform,qwen,100,0,1,False,ok,0,True,,False,AA,AA,semantic
qwen_before_uniform,before,uniform,qwen,100,1,1,False,ok,0,True,,False,AA,AA,semantic
qwen_before_uniform,before,uniform,qwen,100,2,1,False,ok,0,True,,False,AA,AA,semantic
qwen_before_uniform,before,uniform,qwen,100,3,1,False,ok,0,True,,False,AA,AA,semantic
qwen_before_uniform,before,uniform,qwen,100,4,1,False,ok,0,True,,False,AA,AA,semantic
qwen_before_uniform,before,uniform,qwen,101,0,0,False,ok,0,True,,False,FA,FA,semantic
qwen_before_uniform,before,uniform,qwen,101,1,0,False,ok,0,False,"exec_error: AttributeError: Can only use .str accessor with string values, not datetime64",,FA,FA,exec_error
qwen_before_uniform,before,uniform,qwen,101,2,0,False,ok,0,False,"exec_error: AttributeError: Can only use .str accessor with string values, not datetime64",,FA,FA,exec_error
qwen_before_uniform,before,uniform,qwen,101,3,0,False,ok,0,False,"exec_error: AttributeError: Can only use .str accessor with string values, not datetime64",,FA,FA,exec_error
qwen_before_uniform,before,uniform,qwen,101,4,0,False,ok,0,False,"exec_error: AttributeError: Can only use .str accessor with string values, not datetime64",,FA,FA,exec_error
qwen_before_uniform,before,uniform,qwen,102,0,1,False,ok,0,True,,True,AA,AA,success
qwen_before_uniform,before,uniform,qwen,102,1,1,False,ok,1,True,,False,FA,FA,semantic
qwen_before_uniform,before,uniform,qwen,102,2,1,False,ok,0,True,,False,AA,AA,semantic
qwen_before_uniform,before,uniform,qwen,102,3,1,False,ok,0,True,,False,AA,AA,semantic
qwen_before_uniform,before,uniform,qwen,102,4,1,False,ok,1,True,,False,FA,FA,semantic
qwen_before_uniform,before,uniform,qwen,103,0,2,True,ok,0,False,"exec_error: ValueError: to assemble mappings requires at least that [year, month, day] be specified: [day,month,year] is missing",,FA,AA,exec_error
qwen_before_uniform,before,uniform,qwen,103,1,2,True,ok,0,False,exec_error: KeyError: 'issue_date',,FA,AA,exec_error
qwen_before_uniform,before,uniform,qwen,103,2,2,True,ok,0,False,exec_error: KeyError: 'issue_date',,FA,AA,exec_error
qwen_before_uniform,before,uniform,qwen,103,3,2,True,ok,0,False,exec_error: TypeError: unhashable type: 'DataFrame',,FA,AA,exec_error
qwen_before_uniform,before,uniform,qwen,103,4,2,True,ok,0,True,,False,AA,AA,semantic
qwen_before_uniform,before,uniform,qwen,104,0,1,False,ok,0,False,"exec_error: ValueError: Operands are not aligned. Do `left, right = left.align(right, axis=1)` before operating.",,FA,AA,exec_error
qwen_before_uniform,before,uniform,qwen,104,1,1,False,ok,1,False,"exec_error: ValueError: Operands are not aligned. Do `left, right = left.align(right, axis=1)` before operating.",,FA,FA,exec_error
qwen_before_uniform,before,uniform,qwen,104,2,1,False,ok,0,False,"exec_error: ValueError: Operands are not aligned. Do `left, right = left.align(right, axis=1)` before operating.",,FA,AA,exec_error
qwen_before_uniform,before,uniform,qwen,104,3,1,False,ok,0,False,"exec_error: ValueError: Operands are not aligned. Do `left, right = left.align(right, axis=1)` before operating.",,FA,AA,exec_error
qwen_before_uniform,before,uniform,qwen,104,4,1,False,ok,0,False,"exec_error: ValueError: Operands are not aligned. Do `left, right = left.align(right, axis=1)` before operating.",,FA,AA,exec_error
qwen_before_uniform,before,uniform,qwen,105,0,1,False,ok,0,False,"exec_error: ValueError: Operands are not aligned. Do `left, right = left.align(right, axis=1)` before operating.",,FA,AA,exec_error
qwen_before_uniform,before,uniform,qwen,105,1,1,False,ok,0,False,exec_error: TypeError: Cannot perform 'and_' with a dtyped [float64] array and scalar of type [bool],,FA,AA,exec_error
qwen_before_uniform,before,uniform,qwen,105,2,1,False,ok,0,False,"exec_error: ValueError: Operands are not aligned. Do `left, right = left.align(right, axis=1)` before operating.",,FA,AA,exec_error
qwen_before_uniform,before,uniform,qwen,105,3,1,False,ok,1,False,"exec_error: ValueError: Operands are not aligned. Do `left, right = left.align(right, axis=1)` before operating.",,FA,FA,exec_error
qwen_before_uniform,before,uniform,qwen,105,4,1,False,ok,0,False,"exec_error: ValueError: Operands are not aligned. Do `left, right = left.align(right, axis=1)` before operating.",,FA,AA,exec_error
qwen_before_uniform,before,uniform,qwen,106,0,3,True,ok,2,True,,False,AA,AA,semantic
qwen_before_uniform,before,uniform,qwen,106,1,3,True,ok,1,True,,False,AA,AA,semantic
qwen_before_uniform,before,uniform,qwen,106,2,3,True,ok,1,False,exec_error: KeyError: 'disp_id',,FA,AA,exec_error
qwen_before_uniform,before,uniform,qwen,106,3,3,True,ok,1,False,exec_error: KeyError: 'Column not found: amount',,FA,AA,exec_error
qwen_before_uniform,before,uniform,qwen,106,4,3,True,ok,1,False,exec_error: KeyError: 'amount',,FA,AA,exec_error
qwen_before_uniform,before,uniform,qwen,107,0,1,False,ok,1,False,exec_error: KeyError: 'Column not found: A1',,FA,FA,exec_error
qwen_before_uniform,before,uniform,qwen,107,1,1,False,ok,0,False,exec_error: KeyError: 'A1',,FA,AA,exec_error
qwen_before_uniform,before,uniform,qwen,107,2,1,False,ok,1,False,exec_error: KeyError: 'Column not found: A1',,FA,FA,exec_error
qwen_before_uniform,before,uniform,qwen,107,3,1,False,ok,1,False,exec_error: KeyError: 'Column not found: A1',,FA,FA,exec_error
qwen_before_uniform,before,uniform,qwen,107,4,1,False,ok,0,False,exec_error: KeyError: 'Column not found: A1',,FA,AA,exec_error
qwen_before_uniform,before,uniform,qwen,108,0,2,False,ok,0,True,,False,AA,AA,semantic
qwen_before_uniform,before,uniform,qwen,108,1,2,False,ok,1,False,exec_error: UnboundLocalError: cannot access local variable 'filtered_df' where it is not associated with a value,,FA,AA,exec_error
qwen_before_uniform,before,uniform,qwen,108,2,2,False,ok,1,False,exec_error: KeyError: 'date',,FA,AA,exec_error
qwen_before_uniform,before,uniform,qwen,108,3,2,False,ok,1,True,,False,AA,AA,semantic
qwen_before_uniform,before,uniform,qwen,108,4,2,False,ok,1,True,,False,AA,AA,semantic
qwen_before_uniform,before,uniform,qwen,109,0,1,False,ok,0,False,exec_error: KeyError: 'district_id',,FA,AA,exec_error
qwen_before_uniform,before,uniform,qwen,109,1,1,False,ok,0,True,,False,AA,AA,semantic
qwen_before_uniform,before,uniform,qwen,109,2,1,False,ok,0,True,,False,AA,AA,semantic
qwen_before_uniform,before,uniform,qwen,109,3,1,False,ok,0,True,,False,AA,AA,semantic
qwen_before_uniform,before,uniform,qwen,109,4,1,False,ok,0,True,,False,AA,AA,semantic
qwen_before_uniform,before,uniform,qwen,110,0,2,True,ok,0,False,"exec_error: ValueError: Operands are not aligned. Do `left, right = left.align(right, axis=1)` before operating.",,FA,AA,exec_error
qwen_before_uniform,before,uniform,qwen,110,1,2,True,ok,1,False,"exec_error: ValueError: Operands are not aligned. Do `left, right = left.align(right, axis=1)` before operating.",,FA,AA,exec_error
qwen_before_uniform,before,uniform,qwen,110,2,2,True,ok,0,False,"exec_error: ValueError: Operands are not aligned. Do `left, right = left.align(right, axis=1)` before operating.",,FA,AA,exec_error
qwen_before_uniform,before,uniform,qwen,110,3,2,True,ok,0,False,"exec_error: ValueError: Operands are not aligned. Do `left, right = left.align(right, axis=1)` before operating.",,FA,AA,exec_error
qwen_before_uniform,before,uniform,qwen,110,4,2,True,ok,0,False,"exec_error: ValueError: Operands are not aligned. Do `left, right = left.align(right, axis=1)` before operating.",,FA,AA,exec_error
qwen_before_uniform,before,uniform,qwen,111,0,1,False,ok,0,True,,False,AA,AA,semantic
qwen_before_uniform,before,uniform,qwen,111,1,1,False,ok,0,True,,True,AA,AA,success
qwen_before_uniform,before,uniform,qwen,111,2,1,False,ok,0,False,exec_error: KeyError: 'A2',,FA,AA,exec_error
qwen_before_uniform,before,uniform,qwen,111,3,1,False,ok,0,True,,False,AA,AA,semantic
qwen_before_uniform,before,uniform,qwen,111,4,1,False,ok,0,True,,True,AA,AA,success
qwen_before_uniform,before,uniform,qwen,112,0,1,False,ok,0,False,"exec_error: ValueError: Operands are not aligned. Do `left, right = left.align(right, axis=1)` before operating.",,FA,AA,exec_error
qwen_before_uniform,before,uniform,qwen,112,1,1,False,ok,0,False,"exec_error: ValueError: Operands are not aligned. Do `left, right = left.align(right, axis=1)` before operating.",,FA,AA,exec_error
qwen_before_uniform,before,uniform,qwen,112,2,1,False,ok,0,False,exec_error: IndexError: index 0 is out of bounds for axis 0 with size 0,,FA,AA,exec_error
qwen_before_uniform,before,uniform,qwen,112,3,1,False,ok,0,False,"exec_error: ValueError: Operands are not aligned. Do `left, right = left.align(right, axis=1)` before operating.",,FA,AA,exec_error
qwen_before_uniform,before,uniform,qwen,112,4,1,False,ok,0,False,"exec_error: ValueError: Operands are not aligned. Do `left, right = left.align(right, axis=1)` before operating.",,FA,AA,exec_error
qwen_before_uniform,before,uniform,qwen,113,0,3,True,ok,0,True,,False,AA,AA,semantic
qwen_before_uniform,before,uniform,qwen,113,1,3,True,ok,0,False,"exec_error: ValueError: Operands are not aligned. Do `left, right = left.align(right, axis=1)` before operating.",,FA,AA,exec_error
qwen_before_uniform,before,uniform,qwen,113,2,3,True,ok,0,False,exec_error: IndexError: index 0 is out of bounds for axis 0 with size 0,,FA,AA,exec_error
qwen_before_uniform,before,uniform,qwen,113,3,3,True,ok,0,False,exec_error: IndexError: index 0 is out of bounds for axis 0 with size 0,,FA,AA,exec_error
qwen_before_uniform,before,uniform,qwen,113,4,3,True,ok,1,True,,False,AA,AA,semantic
qwen_before_uniform,before,uniform,qwen,114,0,1,False,ok,0,False,exec_error: IndexError: index 0 is out of bounds for axis 0 with size 0,,FA,AA,exec_error
qwen_before_uniform,before,uniform,qwen,114,1,1,False,ok,0,False,"exec_error: ValueError: Operands are not aligned. Do `left, right = left.align(right, axis=1)` before operating.",,FA,AA,exec_error
qwen_before_uniform,before,uniform,qwen,114,2,1,False,ok,0,False,exec_error: KeyError: 'A1',,FA,AA,exec_error
qwen_before_uniform,before,uniform,qwen,114,3,1,False,ok,0,False,exec_error: IndexError: single positional indexer is out-of-bounds,,FA,AA,exec_error
qwen_before_uniform,before,uniform,qwen,114,4,1,False,ok,0,False,exec_error: KeyError: 'A1',,FA,AA,exec_error
qwen_before_uniform,before,uniform,qwen,115,0,1,False,ok,1,False,"exec_error: TypeError: can only concatenate str (not ""numpy.int64"") to str",,FA,FA,exec_error
qwen_before_uniform,before,uniform,qwen,115,1,1,False,ok,0,False,exec_error: KeyError: 'A13',,FA,AA,exec_error
qwen_before_uniform,before,uniform,qwen,115,2,1,False,ok,1,True,,False,FA,FA,semantic
qwen_before_uniform,before,uniform,qwen,115,3,1,False,ok,0,True,,False,AA,AA,semantic
qwen_before_uniform,before,uniform,qwen,115,4,1,False,ok,1,True,,False,FA,FA,semantic
qwen_before_uniform,before,uniform,qwen,116,0,2,False,ok,0,False,exec_error: KeyError: 'balance',,FA,AA,exec_error
qwen_before_uniform,before,uniform,qwen,116,1,2,False,ok,0,False,exec_error: TypeError: unsupported operand type(s) for -: 'str' and 'str',,FA,AA,exec_error
qwen_before_uniform,before,uniform,qwen,116,2,2,False,ok,1,False,exec_error: KeyError: 'date',,FA,AA,exec_error
qwen_before_uniform,before,uniform,qwen,116,3,2,False,ok,0,False,exec_error: KeyError: 'balance',,FA,AA,exec_error
qwen_before_uniform,before,uniform,qwen,116,4,2,False,ok,0,False,exec_error: KeyError: 'balance',,FA,AA,exec_error
qwen_before_uniform,before,uniform,qwen,117,0,0,False,ok,0,True,,False,FA,FA,semantic
qwen_before_uniform,before,uniform,qwen,117,1,0,False,ok,0,True,,False,FA,FA,semantic
qwen_before_uniform,before,uniform,qwen,117,2,0,False,ok,0,True,,False,FA,FA,semantic
qwen_before_uniform,before,uniform,qwen,117,3,0,False,ok,0,True,,False,FA,FA,semantic
qwen_before_uniform,before,uniform,qwen,117,4,0,False,ok,0,True,,False,FA,FA,semantic
qwen_before_uniform,before,uniform,qwen,118,0,0,False,ok,1,True,,False,FA,FA,semantic
qwen_before_uniform,before,uniform,qwen,118,1,0,False,ok,0,True,,False,FA,FA,semantic
qwen_before_uniform,before,uniform,qwen,118,2,0,False,ok,1,True,,False,FA,FA,semantic
qwen_before_uniform,before,uniform,qwen,118,3,0,False,ok,1,True,,False,FA,FA,semantic
qwen_before_uniform,before,uniform,qwen,118,4,0,False,ok,0,True,,False,FA,FA,semantic
qwen_before_uniform,before,uniform,qwen,119,0,1,False,ok,1,False,exec_error: TypeError: '>' not supported between instances of 'str' and 'int',,FA,FA,exec_error
qwen_before_uniform,before,uniform,qwen,119,1,1,False,ok,1,False,"exec_error: AttributeError: Can only use .str accessor with string values, not datetime64",,FA,FA,exec_error
qwen_before_uniform,before,uniform,qwen,119,2,1,False,ok,1,False,"exec_error: AttributeError: Can only use .str accessor with string values, not datetime64",,FA,FA,exec_error
qwen_before_uniform,before,uniform,qwen,119,3,1,False,ok,1,False,exec_error: KeyError: 'date_x',,FA,FA,exec_error
qwen_before_uniform,before,uniform,qwen,119,4,1,False,ok,1,False,exec_error: AttributeError: 'ellipsis' object has no attribute 'cursor',,FA,FA,exec_error
qwen_before_uniform,before,uniform,qwen,120,0,1,False,ok,0,True,,False,AA,AA,semantic
qwen_before_uniform,before,uniform,qwen,120,1,1,False,ok,1,False,"exec_error: ValueError: Operands are not aligned. Do `left, right = left.align(right, axis=1)` before operating.",,FA,FA,exec_error
qwen_before_uniform,before,uniform,qwen,120,2,1,False,ok,0,True,,False,AA,AA,semantic
qwen_before_uniform,before,uniform,qwen,120,3,1,False,ok,0,True,,False,AA,AA,semantic
qwen_before_uniform,before,uniform,qwen,120,4,1,False,ok,0,True,,False,AA,AA,semantic
qwen_before_uniform,before,uniform,qwen,121,0,1,False,ok,0,False,exec_error: KeyError: 'A1',,FA,AA,exec_error
qwen_before_uniform,before,uniform,qwen,121,1,1,False,ok,0,True,,True,AA,AA,success
qwen_before_uniform,before,uniform,qwen,121,2,1,False,ok,1,True,,True,SA,SA,success
qwen_before_uniform,before,uniform,qwen,121,3,1,False,ok,0,True,,False,AA,AA,semantic
qwen_before_uniform,before,uniform,qwen,121,4,1,False,ok,1,True,,True,SA,SA,success
qwen_before_uniform,before,uniform,qwen,122,0,2,False,ok,1,False,"exec_error: ValueError: Operands are not aligned. Do `left, right = left.align(right, axis=1)` before operating.",,FA,AA,exec_error
qwen_before_uniform,before,uniform,qwen,122,1,2,False,ok,0,False,exec_error: KeyError: 'loan_id',,FA,AA,exec_error
qwen_before_uniform,before,uniform,qwen,122,2,2,False,ok,0,False,"exec_error: ValueError: Operands are not aligned. Do `left, right = left.align(right, axis=1)` before operating.",,FA,AA,exec_error
qwen_before_uniform,before,uniform,qwen,122,3,2,False,ok,0,False,"exec_error: ValueError: Operands are not aligned. Do `left, right = left.align(right, axis=1)` before operating.",,FA,AA,exec_error
qwen_before_uniform,before,uniform,qwen,122,4,2,False,ok,0,False,exec_error: KeyError: 'loan_id',,FA,AA,exec_error
qwen_before_uniform,before,uniform,qwen,123,0,2,False,ok,0,False,exec_error: KeyError: 'loan_amount',,FA,AA,exec_error
qwen_before_uniform,before,uniform,qwen,123,1,2,False,ok,1,False,exec_error: KeyError: 'loan_amount',,FA,AA,exec_error
qwen_before_uniform,before,uniform,qwen,123,2,2,False,ok,1,False,exec_error: KeyError: 'loan_amount',,FA,AA,exec_error
qwen_before_uniform,before,uniform,qwen,123,3,2,False,ok,1,False,exec_error: KeyError: 'district_id',,FA,AA,exec_error
qwen_before_uniform,before,uniform,qwen,123,4,2,False,ok,1,False,exec_error: KeyError: 'loan_amount',,FA,AA,exec_error
qwen_before_uniform,before,uniform,qwen,124,0,2,False,ok,1,False,exec_error: TypeError: dtype 'str' does not support operation 'mean',,FA,AA,exec_error
qwen_before_uniform,before,uniform,qwen,124,1,2,False,ok,1,False,exec_error: TypeError: dtype 'str' does not support operation 'mean',,FA,AA,exec_error
qwen_before_uniform,before,uniform,qwen,124,2,2,False,ok,1,False,exec_error: TypeError: dtype 'str' does not support operation 'mean',,FA,AA,exec_error
qwen_before_uniform,before,uniform,qwen,124,3,2,False,ok,1,False,exec_error: TypeError: dtype 'str' does not support operation 'mean',,FA,AA,exec_error
qwen_before_uniform,before,uniform,qwen,124,4,2,False,ok,1,False,"exec_error: ValueError: Length mismatch: Expected axis has 11 elements, new values have 2 elements",,FA,AA,exec_error
qwen_before_uniform,before,uniform,qwen,125,0,2,False,ok,1,False,exec_error: NameError: name 'unemployment_rates' is not defined,,FA,AA,exec_error
qwen_before_uniform,before,uniform,qwen,125,1,2,False,ok,1,False,exec_error: NameError: name 'unemployment_rates' is not defined,,FA,AA,exec_error
qwen_before_uniform,before,uniform,qwen,125,2,2,False,ok,1,False,exec_error: KeyError: 'date',,FA,AA,exec_error
qwen_before_uniform,before,uniform,qwen,125,3,2,False,ok,1,False,exec_error: KeyError: 'date',,FA,AA,exec_error
qwen_before_uniform,before,uniform,qwen,125,4,2,False,ok,1,True,,False,AA,AA,semantic
qwen_before_uniform,before,uniform,qwen,126,0,1,False,ok,1,False,"exec_error: AttributeError: Can only use .str accessor with string values, not datetime64",,FA,FA,exec_error
qwen_before_uniform,before,uniform,qwen,126,1,1,False,ok,1,False,"exec_error: AttributeError: Can only use .str accessor with string values, not datetime64",,FA,FA,exec_error
qwen_before_uniform,before,uniform,qwen,126,2,1,False,ok,1,True,,True,SA,SA,success
qwen_before_uniform,before,uniform,qwen,126,3,1,False,ok,1,False,"exec_error: AttributeError: Can only use .str accessor with string values, not datetime64",,FA,FA,exec_error
qwen_before_uniform,before,uniform,qwen,126,4,1,False,ok,0,False,"exec_error: AttributeError: Can only use .str accessor with string values, not datetime64",,FA,AA,exec_error
qwen_before_uniform,before,uniform,qwen,127,0,0,False,ok,0,True,,False,FA,FA,semantic
qwen_before_uniform,before,uniform,qwen,127,1,0,False,ok,0,True,,False,FA,FA,semantic
qwen_before_uniform,before,uniform,qwen,127,2,0,False,ok,0,False,"exec_error: ValueError: Invalid frequency: M. Failed to parse with error message: ValueError(""'M' is no longer supported for offsets. Please use 'ME' instead."")",,FA,FA,exec_error
qwen_before_uniform,before,uniform,qwen,127,3,0,False,ok,0,True,,False,FA,FA,semantic
qwen_before_uniform,before,uniform,qwen,127,4,0,False,ok,1,True,,False,FA,FA,semantic
qwen_before_uniform,before,uniform,qwen,128,0,1,False,ok,1,False,"exec_error: TypeError: cannot do positional indexing on RangeIndex with these indexers [      account_id  district_id         frequency       date
0              1          ",,FA,FA,exec_error
qwen_before_uniform,before,uniform,qwen,128,1,1,False,ok,1,True,,False,FA,FA,semantic
qwen_before_uniform,before,uniform,qwen,128,2,1,False,ok,1,True,,False,FA,FA,semantic
qwen_before_uniform,before,uniform,qwen,128,3,1,False,ok,1,False,"exec_error: TypeError: cannot do positional indexing on RangeIndex with these indexers [      account_id  district_id         frequency       date
0              1          ",,FA,FA,exec_error
qwen_before_uniform,before,uniform,qwen,128,4,1,False,ok,1,False,"exec_error: TypeError: cannot do positional indexing on Index with these indexers [      account_id  district_id         frequency       date
0              1           18  ",,FA,FA,exec_error
qwen_before_uniform,before,uniform,qwen,129,0,2,False,ok,1,False,exec_error: TypeError: Cannot use method 'nlargest' with dtype str,,FA,AA,exec_error
qwen_before_uniform,before,uniform,qwen,129,1,2,False,ok,1,True,,False,AA,AA,semantic
qwen_before_uniform,before,uniform,qwen,129,2,2,False,ok,1,True,,False,AA,AA,semantic
qwen_before_uniform,before,uniform,qwen,129,3,2,False,ok,1,True,,False,AA,AA,semantic
qwen_before_uniform,before,uniform,qwen,129,4,2,False,ok,1,True,,False,AA,AA,semantic
qwen_before_uniform,before,uniform,qwen,130,0,2,True,ok,0,False,exec_error: NameError: name 'clients' is not defined,,FA,AA,exec_error
qwen_before_uniform,before,uniform,qwen,130,1,2,True,ok,0,False,exec_error: KeyError: 'credit_card_ownership',,FA,AA,exec_error
qwen_before_uniform,before,uniform,qwen,130,2,2,True,ok,0,False,exec_error: NameError: name 'clients' is not defined,,FA,AA,exec_error
qwen_before_uniform,before,uniform,qwen,130,3,2,True,ok,0,False,exec_error: NameError: name 'clients' is not defined,,FA,AA,exec_error
qwen_before_uniform,before,uniform,qwen,130,4,2,True,ok,0,False,exec_error: KeyError: 'credit_card_status',,FA,AA,exec_error
qwen_before_uniform,before,uniform,qwen,131,0,2,False,ok,1,True,,False,AA,AA,semantic
qwen_before_uniform,before,uniform,qwen,131,1,2,False,ok,1,True,,False,AA,AA,semantic
qwen_before_uniform,before,uniform,qwen,131,2,2,False,ok,1,True,,False,AA,AA,semantic
qwen_before_uniform,before,uniform,qwen,131,3,2,False,ok,1,False,"exec_error: KeyError: ""['A2', 'A3', 'A4', 'A5', 'A6', 'A7', 'A8', 'A9', 'A10', 'A11', 'A12', 'A13', 'A14', 'A15', 'A16'] not in index""",,FA,AA,exec_error
qwen_before_uniform,before,uniform,qwen,131,4,2,False,ok,1,False,"exec_error: KeyError: ""['A2', 'A3', 'A4', 'A5', 'A6', 'A7', 'A8', 'A9', 'A10', 'A11', 'A12', 'A13', 'A14', 'A15', 'A16'] not in index""",,FA,AA,exec_error
qwen_before_uniform,before,uniform,qwen,132,0,3,True,ok,1,False,exec_error: TypeError: dtype 'str' does not support operation 'mean',,FA,AA,exec_error
qwen_before_uniform,before,uniform,qwen,132,1,3,True,ok,1,False,exec_error: KeyError: 'Column not found: amount',,FA,AA,exec_error
qwen_before_uniform,before,uniform,qwen,132,2,3,True,ok,1,False,exec_error: TypeError: dtype 'str' does not support operation 'mean',,FA,AA,exec_error
qwen_before_uniform,before,uniform,qwen,132,3,3,True,ok,1,False,exec_error: TypeError: dtype 'str' does not support operation 'mean',,FA,AA,exec_error
qwen_before_uniform,before,uniform,qwen,132,4,3,True,ok,1,False,exec_error: KeyError: 'Column not found: amount',,FA,AA,exec_error
qwen_before_uniform,before,uniform,qwen,133,0,0,False,ok,1,False,exec_error: TypeError: dtype 'str' does not support operation 'mean',,FA,FA,exec_error
qwen_before_uniform,before,uniform,qwen,133,1,0,False,ok,0,True,,False,FA,FA,semantic
qwen_before_uniform,before,uniform,qwen,133,2,0,False,ok,1,True,,False,FA,FA,semantic
qwen_before_uniform,before,uniform,qwen,133,3,0,False,ok,1,False,exec_error: TypeError: dtype 'str' does not support operation 'mean',,FA,FA,exec_error
qwen_before_uniform,before,uniform,qwen,133,4,0,False,ok,1,False,"exec_error: AttributeError: Can only use .str accessor with string values, not datetime64",,FA,FA,exec_error
qwen_before_uniform,before,uniform,qwen,134,0,1,False,ok,0,True,,True,AA,AA,success
qwen_before_uniform,before,uniform,qwen,134,1,1,False,ok,0,True,,False,AA,AA,semantic
qwen_before_uniform,before,uniform,qwen,134,2,1,False,ok,1,False,"exec_error: AttributeError: Can only use .str accessor with string values, not datetime64",,FA,FA,exec_error
qwen_before_uniform,before,uniform,qwen,134,3,1,False,ok,0,True,,False,AA,AA,semantic
qwen_before_uniform,before,uniform,qwen,134,4,1,False,ok,0,True,,True,AA,AA,success
qwen_before_uniform,before,uniform,qwen,135,0,1,False,ok,1,True,,False,FA,FA,semantic
qwen_before_uniform,before,uniform,qwen,135,1,1,False,ok,1,True,,False,FA,FA,semantic
qwen_before_uniform,before,uniform,qwen,135,2,1,False,ok,1,True,,False,FA,FA,semantic
qwen_before_uniform,before,uniform,qwen,135,3,1,False,ok,1,True,,False,FA,FA,semantic
qwen_before_uniform,before,uniform,qwen,135,4,1,False,ok,1,True,,False,FA,FA,semantic
qwen_before_uniform,before,uniform,qwen,136,0,1,False,ok,1,True,,False,FA,FA,semantic
qwen_before_uniform,before,uniform,qwen,136,1,1,False,ok,1,True,,False,FA,FA,semantic
qwen_before_uniform,before,uniform,qwen,136,2,1,False,ok,1,True,,False,FA,FA,semantic
qwen_before_uniform,before,uniform,qwen,136,3,1,False,ok,1,True,,False,FA,FA,semantic
qwen_before_uniform,before,uniform,qwen,136,4,1,False,ok,1,True,,False,FA,FA,semantic
qwen_before_uniform,before,uniform,qwen,137,0,2,False,ok,0,True,,False,AA,AA,semantic
qwen_before_uniform,before,uniform,qwen,137,1,2,False,ok,0,False,exec_error: TypeError: '>' not supported between instances of 'str' and 'int',,FA,AA,exec_error
qwen_before_uniform,before,uniform,qwen,137,2,2,False,ok,0,True,,False,AA,AA,semantic
qwen_before_uniform,before,uniform,qwen,137,3,2,False,ok,0,False,exec_error: TypeError: '>' not supported between instances of 'str' and 'int',,FA,AA,exec_error
qwen_before_uniform,before,uniform,qwen,137,4,2,False,ok,0,True,,False,AA,AA,semantic
qwen_before_uniform,before,uniform,qwen,138,0,1,False,ok,0,False,exec_error: FileNotFoundError: [Errno 2] No such file or directory: 'path_to_crimes_data.csv',,FA,AA,exec_error
qwen_before_uniform,before,uniform,qwen,138,1,1,False,ok,0,False,exec_error: FileNotFoundError: [Errno 2] No such file or directory: 'path_to_crimes_data.csv',,FA,AA,exec_error
qwen_before_uniform,before,uniform,qwen,138,2,1,False,ok,1,False,exec_error: KeyError: 'Column not found: A1',,FA,FA,exec_error
qwen_before_uniform,before,uniform,qwen,138,3,1,False,ok,0,False,exec_error: NameError: name 'crimes' is not defined,,FA,AA,exec_error
qwen_before_uniform,before,uniform,qwen,138,4,1,False,ok,1,False,exec_error: IndexError: single positional indexer is out-of-bounds,,FA,FA,exec_error
qwen_before_uniform,before,uniform,qwen,139,0,1,True,ok,1,True,,False,FA,FA,semantic
qwen_before_uniform,before,uniform,qwen,139,1,1,True,ok,1,True,,False,FA,FA,semantic
qwen_before_uniform,before,uniform,qwen,139,2,1,True,ok,1,True,,False,FA,FA,semantic
qwen_before_uniform,before,uniform,qwen,139,3,1,True,ok,1,False,exec_error: KeyError: 'type',,FA,FA,exec_error
qwen_before_uniform,before,uniform,qwen,139,4,1,True,ok,1,True,,False,FA,FA,semantic
qwen_before_uniform,before,uniform,qwen,140,0,1,False,ok,0,False,exec_error: KeyError: 'district_name',,FA,AA,exec_error
qwen_before_uniform,before,uniform,qwen,140,1,1,False,ok,0,False,exec_error: KeyError: 'account_id',,FA,AA,exec_error
qwen_before_uniform,before,uniform,qwen,140,2,1,False,ok,0,False,exec_error: KeyError: 'account_id',,FA,AA,exec_error
qwen_before_uniform,before,uniform,qwen,140,3,1,False,ok,0,False,exec_error: KeyError: 'account_id',,FA,AA,exec_error
qwen_before_uniform,before,uniform,qwen,140,4,1,False,ok,0,False,exec_error: KeyError: 'district_name',,FA,AA,exec_error
qwen_before_uniform,before,uniform,qwen,141,0,2,False,ok,1,False,exec_error: TypeError: '>' not supported between instances of 'str' and 'int',,FA,AA,exec_error
qwen_before_uniform,before,uniform,qwen,141,1,2,False,ok,0,False,exec_error: TypeError: '>' not supported between instances of 'str' and 'int',,FA,AA,exec_error
qwen_before_uniform,before,uniform,qwen,141,2,2,False,ok,1,False,"exec_error: AttributeError: Can only use .str accessor with string values, not datetime64",,FA,AA,exec_error
qwen_before_uniform,before,uniform,qwen,141,3,2,False,ok,1,False,exec_error: TypeError: '>' not supported between instances of 'str' and 'int',,FA,AA,exec_error
qwen_before_uniform,before,uniform,qwen,141,4,2,False,ok,0,False,exec_error: TypeError: datetime64 type does not support operation 'sum',,FA,AA,exec_error
qwen_before_uniform,before,uniform,qwen,142,0,2,False,ok,0,True,,False,AA,AA,semantic
qwen_before_uniform,before,uniform,qwen,142,1,2,False,ok,1,True,,False,AA,AA,semantic
qwen_before_uniform,before,uniform,qwen,142,2,2,False,ok,1,True,,False,AA,AA,semantic
qwen_before_uniform,before,uniform,qwen,142,3,2,False,ok,0,True,,False,AA,AA,semantic
qwen_before_uniform,before,uniform,qwen,142,4,2,False,ok,0,True,,False,AA,AA,semantic
qwen_before_uniform,before,uniform,qwen,143,0,1,True,ok,0,False,exec_error: KeyError: 'account_id',,FA,AA,exec_error
qwen_before_uniform,before,uniform,qwen,143,1,1,True,ok,0,True,,False,AA,AA,semantic
qwen_before_uniform,before,uniform,qwen,143,2,1,True,ok,1,False,exec_error: KeyError: 'type',,FA,FA,exec_error
qwen_before_uniform,before,uniform,qwen,143,3,1,True,ok,1,True,,True,SA,SA,success
qwen_before_uniform,before,uniform,qwen,143,4,1,True,ok,1,False,exec_error: KeyError: 'type',,FA,FA,exec_error
qwen_before_uniform,before,uniform,qwen,144,0,3,True,ok,1,False,exec_error: AttributeError: Can only use .dt accessor with datetimelike values,,FA,AA,exec_error
qwen_before_uniform,before,uniform,qwen,144,1,3,True,ok,1,False,exec_error: AttributeError: Can only use .dt accessor with datetimelike values,,FA,AA,exec_error
qwen_before_uniform,before,uniform,qwen,144,2,3,True,ok,1,False,exec_error: AttributeError: Can only use .dt accessor with datetimelike values,,FA,AA,exec_error
qwen_before_uniform,before,uniform,qwen,144,3,3,True,ok,1,False,exec_error: KeyError: 'type',,FA,AA,exec_error
qwen_before_uniform,before,uniform,qwen,144,4,3,True,ok,1,False,exec_error: AttributeError: Can only use .dt accessor with datetimelike values,,FA,AA,exec_error
qwen_before_uniform,before,uniform,qwen,145,0,1,False,ok,1,True,,False,FA,FA,semantic
qwen_before_uniform,before,uniform,qwen,145,1,1,False,ok,0,True,,False,AA,AA,semantic
qwen_before_uniform,before,uniform,qwen,145,2,1,False,ok,0,True,,False,AA,AA,semantic
qwen_before_uniform,before,uniform,qwen,145,3,1,False,ok,0,False,"exec_error: AttributeError: Can only use .str accessor with string values, not datetime64",,FA,AA,exec_error
qwen_before_uniform,before,uniform,qwen,145,4,1,False,ok,0,True,,False,AA,AA,semantic
qwen_before_uniform,before,uniform,qwen,146,0,3,True,ok,1,True,,False,AA,AA,semantic
qwen_before_uniform,before,uniform,qwen,146,1,3,True,ok,0,True,,False,AA,AA,semantic
qwen_before_uniform,before,uniform,qwen,146,2,3,True,ok,0,True,,False,AA,AA,semantic
qwen_before_uniform,before,uniform,qwen,146,3,3,True,ok,2,True,,False,AA,AA,semantic
qwen_before_uniform,before,uniform,qwen,146,4,3,True,ok,0,True,,False,AA,AA,semantic
qwen_before_uniform,before,uniform,qwen,147,0,1,False,ok,1,True,,False,FA,FA,semantic
qwen_before_uniform,before,uniform,qwen,147,1,1,False,ok,0,True,,False,AA,AA,semantic
qwen_before_uniform,before,uniform,qwen,147,2,1,False,ok,0,False,exec_error: KeyError: 'A1',,FA,AA,exec_error
qwen_before_uniform,before,uniform,qwen,147,3,1,False,ok,0,True,,False,AA,AA,semantic
qwen_before_uniform,before,uniform,qwen,147,4,1,False,ok,0,True,,False,AA,AA,semantic
qwen_before_uniform,before,uniform,qwen,148,0,2,True,ok,0,True,,False,AA,AA,semantic
qwen_before_uniform,before,uniform,qwen,148,1,2,True,ok,0,True,,False,AA,AA,semantic
qwen_before_uniform,before,uniform,qwen,148,2,2,True,ok,0,True,,False,AA,AA,semantic
qwen_before_uniform,before,uniform,qwen,148,3,2,True,ok,0,True,,False,AA,AA,semantic
qwen_before_uniform,before,uniform,qwen,148,4,2,True,ok,0,True,,False,AA,AA,semantic
qwen_before_uniform,before,uniform,qwen,149,0,2,True,ok,1,False,exec_error: KeyError: 'Column not found: A1',,FA,AA,exec_error
qwen_before_uniform,before,uniform,qwen,149,1,2,True,ok,0,False,"exec_error: KeyError: ""['A1'] not in index""",,FA,AA,exec_error
qwen_before_uniform,before,uniform,qwen,149,2,2,True,ok,1,False,exec_error: TypeError: '>' not supported between instances of 'str' and 'int',,FA,AA,exec_error
qwen_before_uniform,before,uniform,qwen,149,3,2,True,ok,0,False,exec_error: KeyError: 'A1',,FA,AA,exec_error
qwen_before_uniform,before,uniform,qwen,149,4,2,True,ok,0,False,exec_error: KeyError: 'A12',,FA,AA,exec_error
qwen_before_uniform,before,uniform,qwen,150,0,2,False,ok,0,False,exec_error: KeyError: 'A2',,FA,AA,exec_error
qwen_before_uniform,before,uniform,qwen,150,1,2,False,ok,0,False,exec_error: KeyError: 'partner_bank',,FA,AA,exec_error
qwen_before_uniform,before,uniform,qwen,150,2,2,False,ok,0,False,exec_error: KeyError: 'partner_bank',,FA,AA,exec_error
qwen_before_uniform,before,uniform,qwen,150,3,2,False,ok,0,False,exec_error: KeyError: 'A1',,FA,AA,exec_error
qwen_before_uniform,before,uniform,qwen,150,4,2,False,ok,0,False,exec_error: KeyError: 'partner_bank',,FA,AA,exec_error
qwen_before_uniform,before,uniform,qwen,151,0,2,False,ok,0,True,,False,AA,AA,semantic
qwen_before_uniform,before,uniform,qwen,151,1,2,False,ok,0,False,exec_error: TypeError: '<' not supported between instances of 'str' and 'int',,FA,AA,exec_error
qwen_before_uniform,before,uniform,qwen,151,2,2,False,ok,0,False,exec_error: TypeError: '<' not supported between instances of 'str' and 'int',,FA,AA,exec_error
qwen_before_uniform,before,uniform,qwen,151,3,2,False,ok,1,False,exec_error: KeyError: 'transaction_type',,FA,AA,exec_error
qwen_before_uniform,before,uniform,qwen,151,4,2,False,ok,0,True,,False,AA,AA,semantic
qwen_before_uniform,before,uniform,qwen,152,0,1,False,ok,0,False,"exec_error: TypeError: can only concatenate str (not ""int"") to str",,FA,AA,exec_error
qwen_before_uniform,before,uniform,qwen,152,1,1,False,ok,1,False,exec_error: TypeError: '>' not supported between instances of 'str' and 'int',,FA,FA,exec_error
qwen_before_uniform,before,uniform,qwen,152,2,1,False,ok,1,False,exec_error: TypeError: '>' not supported between instances of 'str' and 'int',,FA,FA,exec_error
qwen_before_uniform,before,uniform,qwen,152,3,1,False,ok,1,False,exec_error: KeyError: 'A1',,FA,FA,exec_error
qwen_before_uniform,before,uniform,qwen,152,4,1,False,ok,1,False,exec_error: KeyError: 'A1',,FA,FA,exec_error
qwen_before_uniform,before,uniform,qwen,153,0,1,True,ok,0,True,,False,AA,AA,semantic
qwen_before_uniform,before,uniform,qwen,153,1,1,True,ok,0,False,exec_error: KeyError: 'client_id',,FA,AA,exec_error
qwen_before_uniform,before,uniform,qwen,153,2,1,True,ok,0,False,exec_error: KeyError: 'client_id',,FA,AA,exec_error
qwen_before_uniform,before,uniform,qwen,153,3,1,True,ok,0,False,exec_error: KeyError: 'card_id',,FA,AA,exec_error
qwen_before_uniform,before,uniform,qwen,153,4,1,True,ok,1,True,,True,SA,SA,success
qwen_before_uniform,before,uniform,qwen,154,0,1,False,ok,0,True,,False,AA,AA,semantic
qwen_before_uniform,before,uniform,qwen,154,1,1,False,ok,0,False,exec_error: KeyError: 'district_name',,FA,AA,exec_error
qwen_before_uniform,before,uniform,qwen,154,2,1,False,ok,1,True,,False,FA,FA,semantic
qwen_before_uniform,before,uniform,qwen,154,3,1,False,ok,0,False,exec_error: KeyError: 'district_name',,FA,AA,exec_error
qwen_before_uniform,before,uniform,qwen,154,4,1,False,ok,0,True,,False,AA,AA,semantic
qwen_before_uniform,before,uniform,qwen,155,0,0,False,ok,0,False,exec_error: ZeroDivisionError: division by zero,,FA,FA,exec_error
qwen_before_uniform,before,uniform,qwen,155,1,0,False,ok,0,False,exec_error: TypeError: '<' not supported between instances of 'str' and 'int',,FA,FA,exec_error
qwen_before_uniform,before,uniform,qwen,155,2,0,False,ok,0,False,exec_error: AttributeError: Can only use .dt accessor with datetimelike values,,FA,FA,exec_error
qwen_before_uniform,before,uniform,qwen,155,3,0,False,ok,0,False,exec_error: AttributeError: Can only use .dt accessor with datetimelike values,,FA,FA,exec_error
qwen_before_uniform,before,uniform,qwen,155,4,0,False,ok,0,False,exec_error: AttributeError: Can only use .dt accessor with datetimelike values,,FA,FA,exec_error
qwen_before_uniform,before,uniform,qwen,156,0,2,True,ok,1,True,,False,AA,AA,semantic
qwen_before_uniform,before,uniform,qwen,156,1,2,True,ok,1,True,,True,AA,AA,success
qwen_before_uniform,before,uniform,qwen,156,2,2,True,ok,1,True,,False,AA,AA,semantic
qwen_before_uniform,before,uniform,qwen,156,3,2,True,ok,1,True,,False,AA,AA,semantic
qwen_before_uniform,before,uniform,qwen,156,4,2,True,ok,1,False,exec_error: IndexError: index 0 is out of bounds for axis 0 with size 0,,FA,AA,exec_error
qwen_before_uniform,before,uniform,qwen,157,0,1,False,ok,0,False,"exec_error: ValueError: Operands are not aligned. Do `left, right = left.align(right, axis=1)` before operating.",,FA,AA,exec_error
qwen_before_uniform,before,uniform,qwen,157,1,1,False,ok,0,False,exec_error: NameError: name 'committed_crimes' is not defined,,FA,AA,exec_error
qwen_before_uniform,before,uniform,qwen,157,2,1,False,ok,0,False,exec_error: NameError: name 'crimes' is not defined,,FA,AA,exec_error
qwen_before_uniform,before,uniform,qwen,157,3,1,False,ok,1,False,exec_error: NameError: name 'crimes' is not defined,,FA,FA,exec_error
qwen_before_uniform,before,uniform,qwen,157,4,1,False,ok,1,False,"exec_error: ValueError: Operands are not aligned. Do `left, right = left.align(right, axis=1)` before operating.",,FA,FA,exec_error
qwen_before_uniform,before,uniform,qwen,158,0,2,False,ok,0,False,"exec_error: ValueError: Operands are not aligned. Do `left, right = left.align(right, axis=1)` before operating.",,FA,AA,exec_error
qwen_before_uniform,before,uniform,qwen,158,1,2,False,ok,1,False,"exec_error: ValueError: Operands are not aligned. Do `left, right = left.align(right, axis=1)` before operating.",,FA,AA,exec_error
qwen_before_uniform,before,uniform,qwen,158,2,2,False,ok,1,False,"exec_error: ValueError: Operands are not aligned. Do `left, right = left.align(right, axis=1)` before operating.",,FA,AA,exec_error
qwen_before_uniform,before,uniform,qwen,158,3,2,False,ok,0,False,"exec_error: ValueError: Operands are not aligned. Do `left, right = left.align(right, axis=1)` before operating.",,FA,AA,exec_error
qwen_before_uniform,before,uniform,qwen,158,4,2,False,ok,0,False,"exec_error: ValueError: Operands are not aligned. Do `left, right = left.align(right, axis=1)` before operating.",,FA,AA,exec_error
qwen_before_uniform,before,uniform,qwen,159,0,3,True,ok,0,False,"exec_error: ValueError: Operands are not aligned. Do `left, right = left.align(right, axis=1)` before operating.",,FA,AA,exec_error
qwen_before_uniform,before,uniform,qwen,159,1,3,True,ok,0,False,"exec_error: ValueError: Operands are not aligned. Do `left, right = left.align(right, axis=1)` before operating.",,FA,AA,exec_error
qwen_before_uniform,before,uniform,qwen,159,2,3,True,ok,0,True,,False,AA,AA,semantic
qwen_before_uniform,before,uniform,qwen,159,3,3,True,ok,0,True,,False,AA,AA,semantic
qwen_before_uniform,before,uniform,qwen,159,4,3,True,ok,0,False,"exec_error: ValueError: Operands are not aligned. Do `left, right = left.align(right, axis=1)` before operating.",,FA,AA,exec_error
qwen_before_uniform,before,uniform,qwen,160,0,1,False,ok,1,True,,False,FA,FA,semantic
qwen_before_uniform,before,uniform,qwen,160,1,1,False,ok,1,True,,False,FA,FA,semantic
qwen_before_uniform,before,uniform,qwen,160,2,1,False,ok,1,True,,False,FA,FA,semantic
qwen_before_uniform,before,uniform,qwen,160,3,1,False,ok,1,True,,False,FA,FA,semantic
qwen_before_uniform,before,uniform,qwen,160,4,1,False,ok,0,True,,False,AA,AA,semantic
qwen_before_uniform,before,uniform,qwen,161,0,2,True,ok,1,False,"exec_error: ValueError: Operands are not aligned. Do `left, right = left.align(right, axis=1)` before operating.",,FA,AA,exec_error
qwen_before_uniform,before,uniform,qwen,161,1,2,True,ok,0,False,"exec_error: ValueError: Operands are not aligned. Do `left, right = left.align(right, axis=1)` before operating.",,FA,AA,exec_error
qwen_before_uniform,before,uniform,qwen,161,2,2,True,ok,1,False,"exec_error: ValueError: Operands are not aligned. Do `left, right = left.align(right, axis=1)` before operating.",,FA,AA,exec_error
qwen_before_uniform,before,uniform,qwen,161,3,2,True,ok,1,False,"exec_error: ValueError: Operands are not aligned. Do `left, right = left.align(right, axis=1)` before operating.",,FA,AA,exec_error
qwen_before_uniform,before,uniform,qwen,161,4,2,True,ok,0,False,"exec_error: ValueError: Operands are not aligned. Do `left, right = left.align(right, axis=1)` before operating.",,FA,AA,exec_error
qwen_before_uniform,before,uniform,qwen,162,0,1,False,ok,0,False,exec_error: UnboundLocalError: cannot access local variable 'client' where it is not associated with a value,,FA,AA,exec_error
qwen_before_uniform,before,uniform,qwen,162,1,1,False,ok,1,False,"exec_error: ValueError: Operands are not aligned. Do `left, right = left.align(right, axis=1)` before operating.",,FA,FA,exec_error
qwen_before_uniform,before,uniform,qwen,162,2,1,False,ok,0,False,"exec_error: ValueError: Operands are not aligned. Do `left, right = left.align(right, axis=1)` before operating.",,FA,AA,exec_error
qwen_before_uniform,before,uniform,qwen,162,3,1,False,ok,1,False,"exec_error: ValueError: Operands are not aligned. Do `left, right = left.align(right, axis=1)` before operating.",,FA,FA,exec_error
qwen_before_uniform,before,uniform,qwen,162,4,1,False,ok,0,False,"exec_error: ValueError: Operands are not aligned. Do `left, right = left.align(right, axis=1)` before operating.",,FA,AA,exec_error
qwen_before_uniform,before,uniform,qwen,163,0,2,False,ok,1,False,exec_error: KeyError: 'A1',,FA,AA,exec_error
qwen_before_uniform,before,uniform,qwen,163,1,2,False,ok,0,False,exec_error: KeyError: 'loan_status',,FA,AA,exec_error
qwen_before_uniform,before,uniform,qwen,163,2,2,False,ok,1,False,exec_error: KeyError: 'status',,FA,AA,exec_error
qwen_before_uniform,before,uniform,qwen,163,3,2,False,ok,1,False,exec_error: KeyError: 'status',,FA,AA,exec_error
qwen_before_uniform,before,uniform,qwen,163,4,2,False,ok,1,False,exec_error: KeyError: 'status',,FA,AA,exec_error
qwen_before_uniform,before,uniform,qwen,164,0,3,True,ok,0,False,"exec_error: ValueError: Operands are not aligned. Do `left, right = left.align(right, axis=1)` before operating.",,FA,AA,exec_error
qwen_before_uniform,before,uniform,qwen,164,1,3,True,ok,1,False,"exec_error: ValueError: Operands are not aligned. Do `left, right = left.align(right, axis=1)` before operating.",,FA,AA,exec_error
qwen_before_uniform,before,uniform,qwen,164,2,3,True,ok,0,False,"exec_error: ValueError: Operands are not aligned. Do `left, right = left.align(right, axis=1)` before operating.",,FA,AA,exec_error
qwen_before_uniform,before,uniform,qwen,164,3,3,True,ok,0,False,"exec_error: ValueError: Operands are not aligned. Do `left, right = left.align(right, axis=1)` before operating.",,FA,AA,exec_error
qwen_before_uniform,before,uniform,qwen,164,4,3,True,ok,0,False,"exec_error: ValueError: Operands are not aligned. Do `left, right = left.align(right, axis=1)` before operating.",,FA,AA,exec_error
qwen_before_uniform,before,uniform,qwen,165,0,2,False,ok,0,False,exec_error: KeyError: 'account_id',,FA,AA,exec_error
qwen_before_uniform,before,uniform,qwen,165,1,2,False,ok,1,True,,False,AA,AA,semantic
qwen_before_uniform,before,uniform,qwen,165,2,2,False,ok,1,True,,False,AA,AA,semantic
qwen_before_uniform,before,uniform,qwen,165,3,2,False,ok,0,False,exec_error: KeyError: 'account_id',,FA,AA,exec_error
qwen_before_uniform,before,uniform,qwen,165,4,2,False,ok,1,True,,False,AA,AA,semantic
qwen_before_uniform,before,uniform,qwen,166,0,1,False,ok,0,True,,True,AA,AA,success
qwen_before_uniform,before,uniform,qwen,166,1,1,False,ok,0,True,,True,AA,AA,success
qwen_before_uniform,before,uniform,qwen,166,2,1,False,ok,0,True,,True,AA,AA,success
qwen_before_uniform,before,uniform,qwen,166,3,1,False,ok,0,True,,False,AA,AA,semantic
qwen_before_uniform,before,uniform,qwen,166,4,1,False,ok,0,True,,True,AA,AA,success
qwen_before_uniform,before,uniform,qwen,167,0,1,True,ok,0,False,exec_error: KeyError: 'client_id',,FA,AA,exec_error
qwen_before_uniform,before,uniform,qwen,167,1,1,True,ok,1,False,exec_error: AttributeError: Can only use .dt accessor with datetimelike values,,FA,FA,exec_error
qwen_before_uniform,before,uniform,qwen,167,2,1,True,ok,1,False,exec_error: AttributeError: Can only use .dt accessor with datetimelike values,,FA,FA,exec_error
qwen_before_uniform,before,uniform,qwen,167,3,1,True,ok,1,True,,True,SA,SA,success
qwen_before_uniform,before,uniform,qwen,167,4,1,True,ok,1,True,,True,SA,SA,success
qwen_before_uniform,before,uniform,qwen,168,0,1,False,ok,0,False,exec_error: KeyError: 'Column not found: A1',,FA,AA,exec_error
qwen_before_uniform,before,uniform,qwen,168,1,1,False,ok,1,False,exec_error: KeyError: 'Column not found: A1',,FA,FA,exec_error
qwen_before_uniform,before,uniform,qwen,168,2,1,False,ok,1,False,exec_error: KeyError: 'A1',,FA,FA,exec_error
qwen_before_uniform,before,uniform,qwen,168,3,1,False,ok,1,False,exec_error: KeyError: 'Column not found: A1',,FA,FA,exec_error
qwen_before_uniform,before,uniform,qwen,168,4,1,False,ok,1,False,exec_error: KeyError: 'Column not found: A1',,FA,FA,exec_error
qwen_before_uniform,before,uniform,qwen,169,0,3,True,ok,1,False,exec_error: KeyError: 'date',,FA,AA,exec_error
qwen_before_uniform,before,uniform,qwen,169,1,3,True,ok,1,False,exec_error: KeyError: 'date',,FA,AA,exec_error
qwen_before_uniform,before,uniform,qwen,169,2,3,True,ok,1,False,exec_error: KeyError: 'gender',,FA,AA,exec_error
qwen_before_uniform,before,uniform,qwen,169,3,3,True,ok,1,False,exec_error: KeyError: 'date',,FA,AA,exec_error
qwen_before_uniform,before,uniform,qwen,169,4,3,True,ok,1,False,exec_error: KeyError: 'date',,FA,AA,exec_error
qwen_before_uniform,before,uniform,qwen,170,0,0,False,ok,0,True,,False,FA,FA,semantic
qwen_before_uniform,before,uniform,qwen,170,1,0,False,ok,0,False,"exec_error: AttributeError: Can only use .str accessor with string values, not datetime64",,FA,FA,exec_error
qwen_before_uniform,before,uniform,qwen,170,2,0,False,ok,0,True,,False,FA,FA,semantic
qwen_before_uniform,before,uniform,qwen,170,3,0,False,ok,0,False,"exec_error: AttributeError: Can only use .str accessor with string values, not datetime64",,FA,FA,exec_error
qwen_before_uniform,before,uniform,qwen,170,4,0,False,ok,0,True,,False,FA,FA,semantic
qwen_before_uniform,before,uniform,qwen,171,0,0,False,ok,0,True,,False,FA,FA,semantic
qwen_before_uniform,before,uniform,qwen,171,1,0,False,ok,0,True,,False,FA,FA,semantic
qwen_before_uniform,before,uniform,qwen,171,2,0,False,ok,2,True,,False,FA,FA,semantic
qwen_before_uniform,before,uniform,qwen,171,3,0,False,ok,0,False,"exec_error: AttributeError: Can only use .str accessor with string values, not datetime64",,FA,FA,exec_error
qwen_before_uniform,before,uniform,qwen,171,4,0,False,ok,1,False,exec_error: TypeError: datetime64 type does not support operation 'sum',,FA,FA,exec_error
qwen_before_uniform,before,uniform,qwen,172,0,0,True,ok,0,False,exec_error: KeyError: 'type',,FA,FA,exec_error
qwen_before_uniform,before,uniform,qwen,172,1,0,True,ok,0,True,,False,FA,FA,semantic
qwen_before_uniform,before,uniform,qwen,172,2,0,True,ok,1,True,,False,FA,FA,semantic
qwen_before_uniform,before,uniform,qwen,172,3,0,True,ok,0,False,exec_error: KeyError: 'type',,FA,FA,exec_error
qwen_before_uniform,before,uniform,qwen,172,4,0,True,ok,0,True,,False,FA,FA,semantic
qwen_before_uniform,before,uniform,qwen,173,0,1,False,ok,0,False,exec_error: KeyError: 'k_symbol',,FA,AA,exec_error
qwen_before_uniform,before,uniform,qwen,173,1,1,False,ok,0,False,exec_error: KeyError: 'account_from',,FA,AA,exec_error
qwen_before_uniform,before,uniform,qwen,173,2,1,False,ok,0,False,exec_error: KeyError: 'account_from',,FA,AA,exec_error
qwen_before_uniform,before,uniform,qwen,173,3,1,False,ok,0,True,,False,AA,AA,semantic
qwen_before_uniform,before,uniform,qwen,173,4,1,False,ok,0,True,,False,AA,AA,semantic
qwen_before_uniform,before,uniform,qwen,174,0,2,True,ok,0,False,"exec_error: ValueError: Operands are not aligned. Do `left, right = left.align(right, axis=1)` before operating.",,FA,AA,exec_error
qwen_before_uniform,before,uniform,qwen,174,1,2,True,ok,0,False,exec_error: AttributeError: 'numpy.datetime64' object has no attribute 'year',,FA,AA,exec_error
qwen_before_uniform,before,uniform,qwen,174,2,2,True,ok,0,False,"exec_error: ValueError: Operands are not aligned. Do `left, right = left.align(right, axis=1)` before operating.",,FA,AA,exec_error
qwen_before_uniform,before,uniform,qwen,174,3,2,True,ok,1,False,exec_error: AttributeError: 'Series' object has no attribute 'year',,FA,AA,exec_error
qwen_before_uniform,before,uniform,qwen,174,4,2,True,ok,0,False,"exec_error: ValueError: Operands are not aligned. Do `left, right = left.align(right, axis=1)` before operating.",,FA,AA,exec_error
qwen_before_uniform,before,uniform,qwen,175,0,1,True,ok,1,True,,False,FA,FA,semantic
qwen_before_uniform,before,uniform,qwen,175,1,1,True,ok,1,True,,False,FA,FA,semantic
qwen_before_uniform,before,uniform,qwen,175,2,1,True,ok,0,True,,False,AA,AA,semantic
qwen_before_uniform,before,uniform,qwen,175,3,1,True,ok,1,True,,False,FA,FA,semantic
qwen_before_uniform,before,uniform,qwen,175,4,1,True,ok,1,True,,False,FA,FA,semantic
qwen_before_uniform,before,uniform,qwen,176,0,3,True,ok,0,False,"exec_error: ValueError: Operands are not aligned. Do `left, right = left.align(right, axis=1)` before operating.",,FA,AA,exec_error
qwen_before_uniform,before,uniform,qwen,176,1,3,True,ok,0,False,exec_error: KeyError: 'amount',,FA,AA,exec_error
qwen_before_uniform,before,uniform,qwen,176,2,3,True,ok,0,False,exec_error: KeyError: 'amount',,FA,AA,exec_error
qwen_before_uniform,before,uniform,qwen,176,3,3,True,ok,0,False,"exec_error: ValueError: Operands are not aligned. Do `left, right = left.align(right, axis=1)` before operating.",,FA,AA,exec_error
qwen_before_uniform,before,uniform,qwen,176,4,3,True,ok,0,False,"exec_error: ValueError: Operands are not aligned. Do `left, right = left.align(right, axis=1)` before operating.",,FA,AA,exec_error
qwen_before_uniform,before,uniform,qwen,177,0,3,True,ok,0,False,exec_error: IndexError: single positional indexer is out-of-bounds,,FA,AA,exec_error
qwen_before_uniform,before,uniform,qwen,177,1,3,True,ok,0,False,exec_error: KeyError: 'amount',,FA,AA,exec_error
qwen_before_uniform,before,uniform,qwen,177,2,3,True,ok,0,False,"exec_error: ValueError: Operands are not aligned. Do `left, right = left.align(right, axis=1)` before operating.",,FA,AA,exec_error
qwen_before_uniform,before,uniform,qwen,177,3,3,True,ok,0,False,"exec_error: ValueError: Operands are not aligned. Do `left, right = left.align(right, axis=1)` before operating.",,FA,AA,exec_error
qwen_before_uniform,before,uniform,qwen,177,4,3,True,ok,0,False,exec_error: NameError: name 'transactions' is not defined,,FA,AA,exec_error
qwen_before_uniform,before,uniform,qwen,178,0,2,True,ok,0,False,"exec_error: ValueError: Operands are not aligned. Do `left, right = left.align(right, axis=1)` before operating.",,FA,AA,exec_error
qwen_before_uniform,before,uniform,qwen,178,1,2,True,ok,1,False,"exec_error: ValueError: Operands are not aligned. Do `left, right = left.align(right, axis=1)` before operating.",,FA,AA,exec_error
qwen_before_uniform,before,uniform,qwen,178,2,2,True,ok,0,False,"exec_error: ValueError: Operands are not aligned. Do `left, right = left.align(right, axis=1)` before operating.",,FA,AA,exec_error
qwen_before_uniform,before,uniform,qwen,178,3,2,True,ok,0,False,"exec_error: ValueError: Operands are not aligned. Do `left, right = left.align(right, axis=1)` before operating.",,FA,AA,exec_error
qwen_before_uniform,before,uniform,qwen,178,4,2,True,ok,1,False,"exec_error: ValueError: Operands are not aligned. Do `left, right = left.align(right, axis=1)` before operating.",,FA,AA,exec_error
qwen_before_uniform,before,uniform,qwen,179,0,3,True,ok,0,False,exec_error: KeyError: 'amount',,FA,AA,exec_error
qwen_before_uniform,before,uniform,qwen,179,1,3,True,ok,1,False,"exec_error: ValueError: Operands are not aligned. Do `left, right = left.align(right, axis=1)` before operating.",,FA,AA,exec_error
qwen_before_uniform,before,uniform,qwen,179,2,3,True,ok,0,False,"exec_error: AttributeError: Can only use .str accessor with string values, not integer",,FA,AA,exec_error
qwen_before_uniform,before,uniform,qwen,179,3,3,True,ok,0,False,"exec_error: ValueError: Operands are not aligned. Do `left, right = left.align(right, axis=1)` before operating.",,FA,AA,exec_error
qwen_before_uniform,before,uniform,qwen,179,4,3,True,ok,0,False,"exec_error: AttributeError: Can only use .str accessor with string values, not integer",,FA,AA,exec_error
qwen_before_uniform,before,uniform,qwen,180,0,2,True,ok,0,True,,False,AA,AA,semantic
qwen_before_uniform,before,uniform,qwen,180,1,2,True,ok,0,True,,False,AA,AA,semantic
qwen_before_uniform,before,uniform,qwen,180,2,2,True,ok,1,True,,False,AA,AA,semantic
qwen_before_uniform,before,uniform,qwen,180,3,2,True,ok,0,True,,False,AA,AA,semantic
qwen_before_uniform,before,uniform,qwen,180,4,2,True,ok,1,False,exec_error: KeyError: 'A1',,FA,AA,exec_error
qwen_before_uniform,before,uniform,qwen,181,0,2,True,ok,1,False,exec_error: KeyError: 'Column not found: amount',,FA,AA,exec_error
qwen_before_uniform,before,uniform,qwen,181,1,2,True,ok,1,True,,False,AA,AA,semantic
qwen_before_uniform,before,uniform,qwen,181,2,2,True,ok,1,False,exec_error: KeyError: 'Column not found: amount',,FA,AA,exec_error
qwen_before_uniform,before,uniform,qwen,181,3,2,True,ok,1,False,exec_error: KeyError: 'Column not found: amount',,FA,AA,exec_error
qwen_before_uniform,before,uniform,qwen,181,4,2,True,ok,1,True,,False,AA,AA,semantic
qwen_before_uniform,before,uniform,qwen,182,0,3,True,ok,1,False,exec_error: KeyError: 'customer_id',,FA,AA,exec_error
qwen_before_uniform,before,uniform,qwen,182,1,3,True,ok,0,False,exec_error: KeyError: 'type',,FA,AA,exec_error
qwen_before_uniform,before,uniform,qwen,182,2,3,True,ok,2,False,exec_error: FileNotFoundError: [Errno 2] No such file or directory: 'customer.csv',,FA,AA,exec_error
qwen_before_uniform,before,uniform,qwen,182,3,3,True,ok,2,False,exec_error: FileNotFoundError: [Errno 2] No such file or directory: 'path_to_customer_table.csv',,FA,AA,exec_error
qwen_before_uniform,before,uniform,qwen,182,4,3,True,ok,0,False,exec_error: KeyError: 'gender',,FA,AA,exec_error
qwen_before_uniform,before,uniform,qwen,183,0,1,False,ok,0,True,,False,AA,AA,semantic
qwen_before_uniform,before,uniform,qwen,183,1,1,False,ok,0,True,,False,AA,AA,semantic
qwen_before_uniform,before,uniform,qwen,183,2,1,False,ok,0,True,,False,AA,AA,semantic
qwen_before_uniform,before,uniform,qwen,183,3,1,False,ok,0,True,,False,AA,AA,semantic
qwen_before_uniform,before,uniform,qwen,183,4,1,False,ok,0,True,,False,AA,AA,semantic
qwen_before_uniform,before,uniform,qwen,184,0,2,True,ok,1,True,,False,AA,AA,semantic
qwen_before_uniform,before,uniform,qwen,184,1,2,True,ok,1,True,,False,AA,AA,semantic
qwen_before_uniform,before,uniform,qwen,184,2,2,True,ok,1,False,"exec_error: AttributeError: Can only use .str accessor with string values, not integer",,FA,AA,exec_error
qwen_before_uniform,before,uniform,qwen,184,3,2,True,ok,1,True,,False,AA,AA,semantic
qwen_before_uniform,before,uniform,qwen,184,4,2,True,ok,1,True,,False,AA,AA,semantic
qwen_before_uniform,before,uniform,qwen,185,0,1,False,ok,0,True,,False,AA,AA,semantic
qwen_before_uniform,before,uniform,qwen,185,1,1,False,ok,0,True,,False,AA,AA,semantic
qwen_before_uniform,before,uniform,qwen,185,2,1,False,ok,0,True,,False,AA,AA,semantic
qwen_before_uniform,before,uniform,qwen,185,3,1,False,ok,0,True,,False,AA,AA,semantic
qwen_before_uniform,before,uniform,qwen,185,4,1,False,ok,0,False,exec_error: KeyError: 'client_id',,FA,AA,exec_error
qwen_before_uniform,before,uniform,qwen,186,0,2,True,ok,0,False,exec_error: KeyError: 'weekly_statement_request',,FA,AA,exec_error
qwen_before_uniform,before,uniform,qwen,186,1,2,True,ok,0,True,,False,AA,AA,semantic
qwen_before_uniform,before,uniform,qwen,186,2,2,True,ok,0,True,,False,AA,AA,semantic
qwen_before_uniform,before,uniform,qwen,186,3,2,True,ok,0,True,,False,AA,AA,semantic
qwen_before_uniform,before,uniform,qwen,186,4,2,True,ok,1,False,exec_error: KeyError: 'client_id',,FA,AA,exec_error
qwen_before_uniform,before,uniform,qwen,187,0,1,True,ok,1,True,,False,FA,FA,semantic
qwen_before_uniform,before,uniform,qwen,187,1,1,True,ok,1,True,,False,FA,FA,semantic
qwen_before_uniform,before,uniform,qwen,187,2,1,True,ok,1,True,,False,FA,FA,semantic
qwen_before_uniform,before,uniform,qwen,187,3,1,True,ok,1,True,,False,FA,FA,semantic
qwen_before_uniform,before,uniform,qwen,187,4,1,True,ok,0,True,,False,AA,AA,semantic
qwen_before_uniform,before,uniform,qwen,188,0,1,False,ok,1,True,,False,FA,FA,semantic
qwen_before_uniform,before,uniform,qwen,188,1,1,False,ok,1,True,,False,FA,FA,semantic
qwen_before_uniform,before,uniform,qwen,188,2,1,False,ok,2,True,,False,FA,FA,semantic
qwen_before_uniform,before,uniform,qwen,188,3,1,False,ok,1,True,,False,FA,FA,semantic
qwen_before_uniform,before,uniform,qwen,188,4,1,False,ok,1,True,,False,FA,FA,semantic
qwen_before_uniform,before,uniform,qwen,189,0,2,True,ok,2,False,"exec_error: ValueError: Cannot convert from timedelta64[us] to timedelta64[Y]. Supported resolutions are 's', 'ms', 'us', 'ns'",,FA,FA,exec_error
qwen_before_uniform,before,uniform,qwen,189,1,2,True,ok,2,False,exec_error: TypeError: dtype 'str' does not support operation 'mean',,FA,FA,exec_error
qwen_before_uniform,before,uniform,qwen,189,2,2,True,ok,1,False,"exec_error: ValueError: Cannot convert from timedelta64[us] to timedelta64[Y]. Supported resolutions are 's', 'ms', 'us', 'ns'",,FA,AA,exec_error
qwen_before_uniform,before,uniform,qwen,189,3,2,True,ok,1,False,exec_error: KeyError: 'Column not found: salary',,FA,AA,exec_error
qwen_before_uniform,before,uniform,qwen,189,4,2,True,ok,1,False,exec_error: KeyError: 'Column not found: average_salary',,FA,AA,exec_error
qwen_before_uniform,before,uniform,qwen,190,0,1,False,ok,0,False,exec_error: KeyError: 'A1',,FA,AA,exec_error
qwen_before_uniform,before,uniform,qwen,190,1,1,False,ok,1,True,,False,FA,FA,semantic
qwen_before_uniform,before,uniform,qwen,190,2,1,False,ok,1,True,,False,FA,FA,semantic
qwen_before_uniform,before,uniform,qwen,190,3,1,False,ok,1,False,"exec_error: TypeError: can only concatenate str (not ""int"") to str",,FA,FA,exec_error
qwen_before_uniform,before,uniform,qwen,190,4,1,False,ok,1,False,"exec_error: AttributeError: Can only use .str accessor with string values, not datetime64",,FA,FA,exec_error
qwen_before_uniform,before,uniform,qwen,191,0,1,False,ok,0,True,,False,AA,AA,semantic
qwen_before_uniform,before,uniform,qwen,191,1,1,False,ok,0,True,,False,AA,AA,semantic
qwen_before_uniform,before,uniform,qwen,191,2,1,False,ok,0,True,,False,AA,AA,semantic
qwen_before_uniform,before,uniform,qwen,191,3,1,False,ok,0,True,,False,AA,AA,semantic
qwen_before_uniform,before,uniform,qwen,191,4,1,False,ok,1,True,,False,FA,FA,semantic
qwen_before_uniform,before,uniform,qwen,192,0,1,False,ok,1,True,,False,FA,FA,semantic
qwen_before_uniform,before,uniform,qwen,192,1,1,False,ok,1,True,,False,FA,FA,semantic
qwen_before_uniform,before,uniform,qwen,192,2,1,False,ok,1,True,,False,FA,FA,semantic
qwen_before_uniform,before,uniform,qwen,192,3,1,False,ok,1,False,exec_error: KeyError: 'account',,FA,FA,exec_error
qwen_before_uniform,before,uniform,qwen,192,4,1,False,ok,1,True,,False,FA,FA,semantic
qwen_before_uniform,before,uniform,qwen,193,0,2,True,ok,0,False,exec_error: TypeError: '>' not supported between instances of 'str' and 'int',,FA,AA,exec_error
qwen_before_uniform,before,uniform,qwen,193,1,2,True,ok,1,True,,False,AA,AA,semantic
qwen_before_uniform,before,uniform,qwen,193,2,2,True,ok,1,False,exec_error: TypeError: '<' not supported between instances of 'str' and 'int',,FA,AA,exec_error
qwen_before_uniform,before,uniform,qwen,193,3,2,True,ok,0,True,,False,AA,AA,semantic
qwen_before_uniform,before,uniform,qwen,193,4,2,True,ok,1,False,"exec_error: TypeError: Can only merge Series or DataFrame objects, a <class 'numpy.ndarray'> was passed",,FA,AA,exec_error
qwen_before_uniform,before,uniform,qwen,194,0,2,True,ok,1,False,exec_error: KeyError: 'loan_eligible',,FA,AA,exec_error
qwen_before_uniform,before,uniform,qwen,194,1,2,True,ok,1,False,"exec_error: KeyError: ""['age'] not in index""",,FA,AA,exec_error
qwen_before_uniform,before,uniform,qwen,194,2,2,True,ok,1,False,exec_error: KeyError: 'client_age',,FA,AA,exec_error
qwen_before_uniform,before,uniform,qwen,194,3,2,True,ok,1,False,"exec_error: KeyError: ""['age'] not in index""",,FA,AA,exec_error
qwen_before_uniform,before,uniform,qwen,194,4,2,True,ok,1,False,exec_error: KeyError: 'disp_id',,FA,AA,exec_error
qwen_before_adaptive,before,adaptive,qwen,89,0,1,False,ok,0,True,,False,AA,AA,semantic
qwen_before_adaptive,before,adaptive,qwen,89,1,1,False,ok,1,False,"exec_error: AttributeError: Can only use .str accessor with string values, not datetime64",,FA,FA,exec_error
qwen_before_adaptive,before,adaptive,qwen,89,2,1,False,ok,1,True,,False,FA,FA,semantic
qwen_before_adaptive,before,adaptive,qwen,89,3,1,False,ok,0,False,exec_error: KeyError: 'A1',,FA,AA,exec_error
qwen_before_adaptive,before,adaptive,qwen,89,4,1,False,ok,1,False,exec_error: KeyError: 'A1',,FA,FA,exec_error
qwen_before_adaptive,before,adaptive,qwen,90,0,2,False,ok,1,False,"exec_error: ValueError: Operands are not aligned. Do `left, right = left.align(right, axis=1)` before operating.",,FA,AA,exec_error
qwen_before_adaptive,before,adaptive,qwen,90,1,2,False,ok,1,True,,False,AA,AA,semantic
qwen_before_adaptive,before,adaptive,qwen,90,2,2,False,ok,1,False,exec_error: KeyError: 'A1',,FA,AA,exec_error
qwen_before_adaptive,before,adaptive,qwen,90,3,2,False,ok,1,False,"exec_error: ValueError: Operands are not aligned. Do `left, right = left.align(right, axis=1)` before operating.",,FA,AA,exec_error
qwen_before_adaptive,before,adaptive,qwen,90,4,2,False,ok,1,False,exec_error: KeyError: 'A1',,FA,AA,exec_error
qwen_before_adaptive,before,adaptive,qwen,91,0,0,False,ok,0,False,exec_error: KeyError: 'year',,FA,FA,exec_error
qwen_before_adaptive,before,adaptive,qwen,91,1,0,False,ok,0,False,exec_error: TypeError: Cannot perform reduction 'mean' with string dtype,,FA,FA,exec_error
qwen_before_adaptive,before,adaptive,qwen,91,2,0,False,ok,0,False,exec_error: KeyError: 'A1',,FA,FA,exec_error
qwen_before_adaptive,before,adaptive,qwen,91,3,0,False,ok,0,False,exec_error: KeyError: 'A2',,FA,FA,exec_error
qwen_before_adaptive,before,adaptive,qwen,91,4,0,False,ok,0,False,exec_error: KeyError: 'A1',,FA,FA,exec_error
qwen_before_adaptive,before,adaptive,qwen,92,0,1,False,ok,0,False,exec_error: KeyError: 'salary',,FA,AA,exec_error
qwen_before_adaptive,before,adaptive,qwen,92,1,1,False,ok,1,False,exec_error: TypeError: dtype 'str' does not support operation 'mean',,FA,FA,exec_error
qwen_before_adaptive,before,adaptive,qwen,92,2,1,False,ok,0,False,exec_error: KeyError: 'Column not found: salary',,FA,AA,exec_error
qwen_before_adaptive,before,adaptive,qwen,92,3,1,False,ok,0,False,exec_error: KeyError: 'Column not found: salary',,FA,AA,exec_error
qwen_before_adaptive,before,adaptive,qwen,92,4,1,False,ok,0,False,exec_error: KeyError: 'Column not found: salary',,FA,AA,exec_error
qwen_before_adaptive,before,adaptive,qwen,93,0,1,False,ok,1,False,exec_error: KeyError: 'A1',,FA,FA,exec_error
qwen_before_adaptive,before,adaptive,qwen,93,1,1,False,ok,1,False,exec_error: KeyError: 'Column not found: A1',,FA,FA,exec_error
qwen_before_adaptive,before,adaptive,qwen,93,2,1,False,ok,0,False,"exec_error: ValueError: Cannot convert from timedelta64[us] to timedelta64[Y]. Supported resolutions are 's', 'ms', 'us', 'ns'",,FA,AA,exec_error
qwen_before_adaptive,before,adaptive,qwen,93,3,1,False,ok,0,True,,False,AA,AA,semantic
qwen_before_adaptive,before,adaptive,qwen,93,4,1,False,ok,0,False,exec_error: KeyError: 'A1',,FA,AA,exec_error
qwen_before_adaptive,before,adaptive,qwen,94,0,3,True,ok,2,False,exec_error: KeyError: 'Column not found: A1',,FA,AA,exec_error
qwen_before_adaptive,before,adaptive,qwen,94,1,3,True,ok,2,False,exec_error: KeyError: 'Column not found: A1',,FA,AA,exec_error
qwen_before_adaptive,before,adaptive,qwen,94,2,3,True,ok,2,False,exec_error: TypeError: dtype 'str' does not support operation 'mean',,FA,AA,exec_error
qwen_before_adaptive,before,adaptive,qwen,94,3,3,True,ok,2,False,exec_error: KeyError: 'Column not found: A1',,FA,AA,exec_error
qwen_before_adaptive,before,adaptive,qwen,94,4,3,True,ok,2,False,exec_error: KeyError: 'Column not found: salary',,FA,AA,exec_error
qwen_before_adaptive,before,adaptive,qwen,95,0,3,True,ok,1,False,exec_error: KeyError: 'client_id',,FA,AA,exec_error
qwen_before_adaptive,before,adaptive,qwen,95,1,3,True,ok,2,False,exec_error: KeyError: 'Column not found: salary',,FA,AA,exec_error
qwen_before_adaptive,before,adaptive,qwen,95,2,3,True,ok,3,False,"exec_error: ValueError: Cannot convert from timedelta64[us] to timedelta64[Y]. Supported resolutions are 's', 'ms', 'us', 'ns'",,FA,FA,exec_error
qwen_before_adaptive,before,adaptive,qwen,95,3,3,True,ok,2,False,"exec_error: ValueError: Cannot convert from timedelta64[us] to timedelta64[Y]. Supported resolutions are 's', 'ms', 'us', 'ns'",,FA,AA,exec_error
qwen_before_adaptive,before,adaptive,qwen,95,4,3,True,ok,1,False,exec_error: AttributeError: 'Series' object has no attribute 'days',,FA,AA,exec_error
qwen_before_adaptive,before,adaptive,qwen,96,0,1,True,ok,1,True,,False,FA,FA,semantic
qwen_before_adaptive,before,adaptive,qwen,96,1,1,True,ok,0,False,exec_error: KeyError: 'type',,FA,AA,exec_error
qwen_before_adaptive,before,adaptive,qwen,96,2,1,True,ok,1,True,,False,FA,FA,semantic
qwen_before_adaptive,before,adaptive,qwen,96,3,1,True,ok,1,True,,False,FA,FA,semantic
qwen_before_adaptive,before,adaptive,qwen,96,4,1,True,ok,1,True,,False,FA,FA,semantic
qwen_before_adaptive,before,adaptive,qwen,97,0,1,True,ok,1,True,,False,FA,FA,semantic
qwen_before_adaptive,before,adaptive,qwen,97,1,1,True,ok,1,False,"exec_error: AttributeError: Can only use .str accessor with string values, not datetime64",,FA,FA,exec_error
qwen_before_adaptive,before,adaptive,qwen,97,2,1,True,ok,1,True,,False,FA,FA,semantic
qwen_before_adaptive,before,adaptive,qwen,97,3,1,True,ok,1,True,,False,FA,FA,semantic
qwen_before_adaptive,before,adaptive,qwen,97,4,1,True,ok,1,True,,False,FA,FA,semantic
qwen_before_adaptive,before,adaptive,qwen,98,0,1,False,ok,1,False,"exec_error: KeyError: ""['district_id', 'frequency'] not in index""",,FA,FA,exec_error
qwen_before_adaptive,before,adaptive,qwen,98,1,1,False,ok,1,False,"exec_error: AttributeError: Can only use .str accessor with string values, not datetime64",,FA,FA,exec_error
qwen_before_adaptive,before,adaptive,qwen,98,2,1,False,ok,2,False,"exec_error: KeyError: ""['date'] not in index""",,FA,FA,exec_error
qwen_before_adaptive,before,adaptive,qwen,98,3,1,False,ok,2,False,"exec_error: KeyError: ""['amount_x', 'duration_x', 'payments_x', 'status_x'] not in index""",,FA,FA,exec_error
qwen_before_adaptive,before,adaptive,qwen,98,4,1,False,ok,1,False,"exec_error: KeyError: ""['district_id', 'frequency'] not in index""",,FA,FA,exec_error
qwen_before_adaptive,before,adaptive,qwen,99,0,1,False,ok,1,True,,False,FA,FA,semantic
qwen_before_adaptive,before,adaptive,qwen,99,1,1,False,ok,1,True,,False,FA,FA,semantic
qwen_before_adaptive,before,adaptive,qwen,99,2,1,False,ok,2,False,"exec_error: TypeError: Addition/subtraction of integers and integer-arrays with DatetimeArray is no longer supported.  Instead of adding/subtracting `n`, use `n * obj.freq`",,FA,FA,exec_error
qwen_before_adaptive,before,adaptive,qwen,99,3,1,False,ok,1,False,exec_error: KeyError: 'date',,FA,FA,exec_error
qwen_before_adaptive,before,adaptive,qwen,99,4,1,False,ok,0,False,exec_error: TypeError: Invalid comparison between dtype=timedelta64[us] and DateOffset,,FA,AA,exec_error
qwen_before_adaptive,before,adaptive,qwen,100,0,1,False,ok,0,True,,False,AA,AA,semantic
qwen_before_adaptive,before,adaptive,qwen,100,1,1,False,ok,0,False,exec_error: NameError: name 'clients' is not defined,,FA,AA,exec_error
qwen_before_adaptive,before,adaptive,qwen,100,2,1,False,ok,0,True,,False,AA,AA,semantic
qwen_before_adaptive,before,adaptive,qwen,100,3,1,False,ok,0,False,exec_error: NameError: name 'clients' is not defined,,FA,AA,exec_error
qwen_before_adaptive,before,adaptive,qwen,100,4,1,False,ok,0,False,exec_error: IndexError: index 0 is out of bounds for axis 0 with size 0,,FA,AA,exec_error
qwen_before_adaptive,before,adaptive,qwen,101,0,0,False,ok,0,False,"exec_error: AttributeError: Can only use .str accessor with string values, not datetime64",,FA,FA,exec_error
qwen_before_adaptive,before,adaptive,qwen,101,1,0,False,ok,0,True,,False,FA,FA,semantic
qwen_before_adaptive,before,adaptive,qwen,101,2,0,False,ok,0,True,,False,FA,FA,semantic
qwen_before_adaptive,before,adaptive,qwen,101,3,0,False,ok,0,False,"exec_error: AttributeError: Can only use .str accessor with string values, not datetime64",,FA,FA,exec_error
qwen_before_adaptive,before,adaptive,qwen,101,4,0,False,ok,0,False,"exec_error: AttributeError: Can only use .str accessor with string values, not datetime64",,FA,FA,exec_error
qwen_before_adaptive,before,adaptive,qwen,102,0,1,False,ok,0,True,,True,AA,AA,success
qwen_before_adaptive,before,adaptive,qwen,102,1,1,False,ok,1,True,,True,SA,SA,success
qwen_before_adaptive,before,adaptive,qwen,102,2,1,False,ok,1,True,,False,FA,FA,semantic
qwen_before_adaptive,before,adaptive,qwen,102,3,1,False,ok,0,True,,False,AA,AA,semantic
qwen_before_adaptive,before,adaptive,qwen,102,4,1,False,ok,0,True,,True,AA,AA,success
qwen_before_adaptive,before,adaptive,qwen,103,0,2,True,ok,0,False,"exec_error: ValueError: to assemble mappings requires at least that [year, month, day] be specified: [day,month,year] is missing",,FA,AA,exec_error
qwen_before_adaptive,before,adaptive,qwen,103,1,2,True,ok,0,False,exec_error: KeyError: 'client_id',,FA,AA,exec_error
qwen_before_adaptive,before,adaptive,qwen,103,2,2,True,ok,0,False,"exec_error: TypeError: Cannot convert input [      account_id  district_id         frequency       date
0              1           18  POPLATEK MESICNE 1995-03-24
1         ",,FA,AA,exec_error
qwen_before_adaptive,before,adaptive,qwen,103,3,2,True,ok,0,False,exec_error: KeyError: 'client_id',,FA,AA,exec_error
qwen_before_adaptive,before,adaptive,qwen,103,4,2,True,ok,0,False,exec_error: KeyError: 'client_id',,FA,AA,exec_error
qwen_before_adaptive,before,adaptive,qwen,104,0,1,False,ok,0,False,"exec_error: ValueError: Operands are not aligned. Do `left, right = left.align(right, axis=1)` before operating.",,FA,AA,exec_error
qwen_before_adaptive,before,adaptive,qwen,104,1,1,False,ok,0,False,"exec_error: ValueError: Operands are not aligned. Do `left, right = left.align(right, axis=1)` before operating.",,FA,AA,exec_error
qwen_before_adaptive,before,adaptive,qwen,104,2,1,False,ok,0,False,"exec_error: ValueError: Operands are not aligned. Do `left, right = left.align(right, axis=1)` before operating.",,FA,AA,exec_error
qwen_before_adaptive,before,adaptive,qwen,104,3,1,False,ok,0,False,"exec_error: ValueError: Operands are not aligned. Do `left, right = left.align(right, axis=1)` before operating.",,FA,AA,exec_error
qwen_before_adaptive,before,adaptive,qwen,104,4,1,False,ok,0,False,"exec_error: ValueError: Operands are not aligned. Do `left, right = left.align(right, axis=1)` before operating.",,FA,AA,exec_error
qwen_before_adaptive,before,adaptive,qwen,105,0,1,False,ok,0,False,"exec_error: ValueError: Operands are not aligned. Do `left, right = left.align(right, axis=1)` before operating.",,FA,AA,exec_error
qwen_before_adaptive,before,adaptive,qwen,105,1,1,False,ok,0,False,"exec_error: ValueError: Operands are not aligned. Do `left, right = left.align(right, axis=1)` before operating.",,FA,AA,exec_error
qwen_before_adaptive,before,adaptive,qwen,105,2,1,False,ok,0,False,"exec_error: ValueError: Operands are not aligned. Do `left, right = left.align(right, axis=1)` before operating.",,FA,AA,exec_error
qwen_before_adaptive,before,adaptive,qwen,105,3,1,False,ok,0,True,,False,AA,AA,semantic
qwen_before_adaptive,before,adaptive,qwen,105,4,1,False,ok,0,False,"exec_error: ValueError: Operands are not aligned. Do `left, right = left.align(right, axis=1)` before operating.",,FA,AA,exec_error
qwen_before_adaptive,before,adaptive,qwen,106,0,3,True,ok,0,False,"exec_error: ValueError: Operands are not aligned. Do `left, right = left.align(right, axis=1)` before operating.",,FA,AA,exec_error
qwen_before_adaptive,before,adaptive,qwen,106,1,3,True,ok,1,False,"exec_error: ValueError: Operands are not aligned. Do `left, right = left.align(right, axis=1)` before operating.",,FA,AA,exec_error
qwen_before_adaptive,before,adaptive,qwen,106,2,3,True,ok,1,False,"exec_error: ValueError: Operands are not aligned. Do `left, right = left.align(right, axis=1)` before operating.",,FA,AA,exec_error
qwen_before_adaptive,before,adaptive,qwen,106,3,3,True,ok,0,False,"exec_error: ValueError: Operands are not aligned. Do `left, right = left.align(right, axis=1)` before operating.",,FA,AA,exec_error
qwen_before_adaptive,before,adaptive,qwen,106,4,3,True,ok,1,False,"exec_error: ValueError: to assemble mappings requires at least that [year, month, day] be specified: [day,month,year] is missing",,FA,AA,exec_error
qwen_before_adaptive,before,adaptive,qwen,107,0,1,False,ok,1,False,exec_error: KeyError: 'Column not found: A1',,FA,FA,exec_error
qwen_before_adaptive,before,adaptive,qwen,107,1,1,False,ok,1,False,exec_error: KeyError: 'A1',,FA,FA,exec_error
qwen_before_adaptive,before,adaptive,qwen,107,2,1,False,ok,0,False,exec_error: KeyError: 'Column not found: A1',,FA,AA,exec_error
qwen_before_adaptive,before,adaptive,qwen,107,3,1,False,ok,1,False,exec_error: KeyError: 'Column not found: A1',,FA,FA,exec_error
qwen_before_adaptive,before,adaptive,qwen,107,4,1,False,ok,1,False,exec_error: KeyError: 'Column not found: A1',,FA,FA,exec_error
qwen_before_adaptive,before,adaptive,qwen,108,0,2,False,ok,0,True,,False,AA,AA,semantic
qwen_before_adaptive,before,adaptive,qwen,108,1,2,False,ok,0,False,"exec_error: ValueError: Operands are not aligned. Do `left, right = left.align(right, axis=1)` before operating.",,FA,AA,exec_error
qwen_before_adaptive,before,adaptive,qwen,108,2,2,False,ok,0,False,exec_error: KeyError: 'amount',,FA,AA,exec_error
qwen_before_adaptive,before,adaptive,qwen,108,3,2,False,ok,2,False,exec_error: KeyError: 'trans_id',,FA,FA,exec_error
qwen_before_adaptive,before,adaptive,qwen,108,4,2,False,ok,0,True,,False,AA,AA,semantic
qwen_before_adaptive,before,adaptive,qwen,109,0,1,False,ok,0,False,exec_error: NameError: name 'loan_data' is not defined,,FA,AA,exec_error
qwen_before_adaptive,before,adaptive,qwen,109,1,1,False,ok,0,False,exec_error: KeyError: 'branch',,FA,AA,exec_error
qwen_before_adaptive,before,adaptive,qwen,109,2,1,False,ok,0,False,exec_error: KeyError: 'A1',,FA,AA,exec_error
qwen_before_adaptive,before,adaptive,qwen,109,3,1,False,ok,0,False,exec_error: KeyError: 'district_id',,FA,AA,exec_error
qwen_before_adaptive,before,adaptive,qwen,109,4,1,False,ok,0,True,,False,AA,AA,semantic
qwen_before_adaptive,before,adaptive,qwen,110,0,2,True,ok,1,False,"exec_error: ValueError: Operands are not aligned. Do `left, right = left.align(right, axis=1)` before operating.",,FA,AA,exec_error
qwen_before_adaptive,before,adaptive,qwen,110,1,2,True,ok,0,False,"exec_error: KeyError: ""None of [Index([1418, 3711, 4103, 4471], dtype='int64')] are in the [columns]""",,FA,AA,exec_error
qwen_before_adaptive,before,adaptive,qwen,110,2,2,True,ok,0,True,,False,AA,AA,semantic
qwen_before_adaptive,before,adaptive,qwen,110,3,2,True,ok,1,False,"exec_error: ValueError: Operands are not aligned. Do `left, right = left.align(right, axis=1)` before operating.",,FA,AA,exec_error
qwen_before_adaptive,before,adaptive,qwen,110,4,2,True,ok,1,True,,False,AA,AA,semantic
qwen_before_adaptive,before,adaptive,qwen,111,0,1,False,ok,0,True,,True,AA,AA,success
qwen_before_adaptive,before,adaptive,qwen,111,1,1,False,ok,0,True,,True,AA,AA,success
qwen_before_adaptive,before,adaptive,qwen,111,2,1,False,ok,0,True,,True,AA,AA,success
qwen_before_adaptive,before,adaptive,qwen,111,3,1,False,ok,0,True,,True,AA,AA,success
qwen_before_adaptive,before,adaptive,qwen,111,4,1,False,ok,0,True,,True,AA,AA,success
qwen_before_adaptive,before,adaptive,qwen,112,0,1,False,ok,0,False,"exec_error: ValueError: Operands are not aligned. Do `left, right = left.align(right, axis=1)` before operating.",,FA,AA,exec_error
qwen_before_adaptive,before,adaptive,qwen,112,1,1,False,ok,0,False,"exec_error: ValueError: Operands are not aligned. Do `left, right = left.align(right, axis=1)` before operating.",,FA,AA,exec_error
qwen_before_adaptive,before,adaptive,qwen,112,2,1,False,ok,0,True,,False,AA,AA,semantic
qwen_before_adaptive,before,adaptive,qwen,112,3,1,False,ok,0,False,"exec_error: ValueError: Operands are not aligned. Do `left, right = left.align(right, axis=1)` before operating.",,FA,AA,exec_error
qwen_before_adaptive,before,adaptive,qwen,112,4,1,False,ok,0,False,"exec_error: ValueError: Operands are not aligned. Do `left, right = left.align(right, axis=1)` before operating.",,FA,AA,exec_error
qwen_before_adaptive,before,adaptive,qwen,113,0,3,True,ok,2,False,"exec_error: ValueError: Operands are not aligned. Do `left, right = left.align(right, axis=1)` before operating.",,FA,AA,exec_error
qwen_before_adaptive,before,adaptive,qwen,113,1,3,True,ok,1,False,exec_error: KeyError: 'date',,FA,AA,exec_error
qwen_before_adaptive,before,adaptive,qwen,113,2,3,True,ok,3,False,"exec_error: ValueError: Operands are not aligned. Do `left, right = left.align(right, axis=1)` before operating.",,FA,FA,exec_error
qwen_before_adaptive,before,adaptive,qwen,113,3,3,True,ok,1,False,exec_error: NameError: name 'loan_data' is not defined,,FA,AA,exec_error
qwen_before_adaptive,before,adaptive,qwen,113,4,3,True,ok,2,False,"exec_error: ValueError: Operands are not aligned. Do `left, right = left.align(right, axis=1)` before operating.",,FA,AA,exec_error
qwen_before_adaptive,before,adaptive,qwen,114,0,1,False,ok,0,False,"exec_error: ValueError: Operands are not aligned. Do `left, right = left.align(right, axis=1)` before operating.",,FA,AA,exec_error
qwen_before_adaptive,before,adaptive,qwen,114,1,1,False,ok,1,False,exec_error: IndexError: single positional indexer is out-of-bounds,,FA,FA,exec_error
qwen_before_adaptive,before,adaptive,qwen,114,2,1,False,ok,0,False,exec_error: IndexError: index 0 is out of bounds for axis 0 with size 0,,FA,AA,exec_error
qwen_before_adaptive,before,adaptive,qwen,114,3,1,False,ok,0,False,exec_error: KeyError: 'A1',,FA,AA,exec_error
qwen_before_adaptive,before,adaptive,qwen,114,4,1,False,ok,1,False,exec_error: IndexError: single positional indexer is out-of-bounds,,FA,FA,exec_error
qwen_before_adaptive,before,adaptive,qwen,115,0,1,False,ok,0,False,exec_error: KeyError: 'A1',,FA,AA,exec_error
qwen_before_adaptive,before,adaptive,qwen,115,1,1,False,ok,0,False,exec_error: ValueError: attempt to get argmax of an empty sequence,,FA,AA,exec_error
qwen_before_adaptive,before,adaptive,qwen,115,2,1,False,ok,0,False,exec_error: KeyError: 'A1',,FA,AA,exec_error
qwen_before_adaptive,before,adaptive,qwen,115,3,1,False,ok,0,True,,False,AA,AA,semantic
qwen_before_adaptive,before,adaptive,qwen,115,4,1,False,ok,0,False,exec_error: KeyError: 'A1',,FA,AA,exec_error
qwen_before_adaptive,before,adaptive,qwen,116,0,2,False,ok,1,True,,False,AA,AA,semantic
qwen_before_adaptive,before,adaptive,qwen,116,1,2,False,ok,2,True,,False,FA,FA,semantic
qwen_before_adaptive,before,adaptive,qwen,116,2,2,False,ok,0,False,exec_error: KeyError: 'client_id',,FA,AA,exec_error
qwen_before_adaptive,before,adaptive,qwen,116,3,2,False,ok,1,False,exec_error: IndexError: single positional indexer is out-of-bounds,,FA,AA,exec_error
qwen_before_adaptive,before,adaptive,qwen,116,4,2,False,ok,0,False,exec_error: KeyError: 'client_id',,FA,AA,exec_error
qwen_before_adaptive,before,adaptive,qwen,117,0,0,False,ok,0,True,,False,FA,FA,semantic
qwen_before_adaptive,before,adaptive,qwen,117,1,0,False,ok,0,True,,False,FA,FA,semantic
qwen_before_adaptive,before,adaptive,qwen,117,2,0,False,ok,0,True,,False,FA,FA,semantic
qwen_before_adaptive,before,adaptive,qwen,117,3,0,False,ok,0,True,,False,FA,FA,semantic
qwen_before_adaptive,before,adaptive,qwen,117,4,0,False,ok,0,True,,False,FA,FA,semantic
qwen_before_adaptive,before,adaptive,qwen,118,0,0,False,ok,0,True,,False,FA,FA,semantic
qwen_before_adaptive,before,adaptive,qwen,118,1,0,False,ok,0,False,exec_error: KeyError: 'amount',,FA,FA,exec_error
qwen_before_adaptive,before,adaptive,qwen,118,2,0,False,ok,0,True,,False,FA,FA,semantic
qwen_before_adaptive,before,adaptive,qwen,118,3,0,False,ok,0,True,,False,FA,FA,semantic
qwen_before_adaptive,before,adaptive,qwen,118,4,0,False,ok,0,True,,False,FA,FA,semantic
qwen_before_adaptive,before,adaptive,qwen,119,0,1,False,ok,1,False,exec_error: TypeError: '>' not supported between instances of 'str' and 'int',,FA,FA,exec_error
qwen_before_adaptive,before,adaptive,qwen,119,1,1,False,ok,1,False,exec_error: TypeError: '>' not supported between instances of 'str' and 'int',,FA,FA,exec_error
qwen_before_adaptive,before,adaptive,qwen,119,2,1,False,ok,1,False,exec_error: TypeError: '>' not supported between instances of 'str' and 'int',,FA,FA,exec_error
qwen_before_adaptive,before,adaptive,qwen,119,3,1,False,ok,1,False,exec_error: ImportError: Using URI string without version '2.0.36' or newer of 'sqlalchemy' installed.,,FA,FA,exec_error
qwen_before_adaptive,before,adaptive,qwen,119,4,1,False,ok,1,False,exec_error: KeyError: 'statement_date',,FA,FA,exec_error
qwen_before_adaptive,before,adaptive,qwen,120,0,1,False,ok,0,False,"exec_error: ValueError: Operands are not aligned. Do `left, right = left.align(right, axis=1)` before operating.",,FA,AA,exec_error
qwen_before_adaptive,before,adaptive,qwen,120,1,1,False,ok,1,True,,False,FA,FA,semantic
qwen_before_adaptive,before,adaptive,qwen,120,2,1,False,ok,1,False,exec_error: KeyError: 'A1',,FA,FA,exec_error
qwen_before_adaptive,before,adaptive,qwen,120,3,1,False,ok,0,False,"exec_error: ValueError: Operands are not aligned. Do `left, right = left.align(right, axis=1)` before operating.",,FA,AA,exec_error
qwen_before_adaptive,before,adaptive,qwen,120,4,1,False,ok,0,True,,False,AA,AA,semantic
qwen_before_adaptive,before,adaptive,qwen,121,0,1,False,ok,1,True,,True,SA,SA,success
qwen_before_adaptive,before,adaptive,qwen,121,1,1,False,ok,1,True,,True,SA,SA,success
qwen_before_adaptive,before,adaptive,qwen,121,2,1,False,ok,0,True,,False,AA,AA,semantic
qwen_before_adaptive,before,adaptive,qwen,121,3,1,False,ok,1,False,exec_error: KeyError: 'A2',,FA,FA,exec_error
qwen_before_adaptive,before,adaptive,qwen,121,4,1,False,ok,0,True,,False,AA,AA,semantic
qwen_before_adaptive,before,adaptive,qwen,122,0,2,False,ok,2,False,exec_error: IndexError: index 0 is out of bounds for axis 0 with size 0,,FA,FA,exec_error
qwen_before_adaptive,before,adaptive,qwen,122,1,2,False,ok,2,False,"exec_error: ValueError: Operands are not aligned. Do `left, right = left.align(right, axis=1)` before operating.",,FA,FA,exec_error
qwen_before_adaptive,before,adaptive,qwen,122,2,2,False,ok,2,False,"exec_error: ValueError: Operands are not aligned. Do `left, right = left.align(right, axis=1)` before operating.",,FA,FA,exec_error
qwen_before_adaptive,before,adaptive,qwen,122,3,2,False,ok,2,False,"exec_error: ValueError: Operands are not aligned. Do `left, right = left.align(right, axis=1)` before operating.",,FA,FA,exec_error
qwen_before_adaptive,before,adaptive,qwen,122,4,2,False,ok,2,False,"exec_error: ValueError: Operands are not aligned. Do `left, right = left.align(right, axis=1)` before operating.",,FA,FA,exec_error
qwen_before_adaptive,before,adaptive,qwen,123,0,2,False,ok,2,True,,False,FA,FA,semantic
qwen_before_adaptive,before,adaptive,qwen,123,1,2,False,ok,2,True,,False,FA,FA,semantic
qwen_before_adaptive,before,adaptive,qwen,123,2,2,False,ok,1,True,,False,AA,AA,semantic
qwen_before_adaptive,before,adaptive,qwen,123,3,2,False,ok,1,True,,False,AA,AA,semantic
qwen_before_adaptive,before,adaptive,qwen,123,4,2,False,ok,2,True,,False,FA,FA,semantic
qwen_before_adaptive,before,adaptive,qwen,124,0,2,False,ok,2,False,exec_error: KeyError: 'Column not found: salary',,FA,FA,exec_error
qwen_before_adaptive,before,adaptive,qwen,124,1,2,False,ok,3,True,,False,FA,FA,semantic
qwen_before_adaptive,before,adaptive,qwen,124,2,2,False,ok,2,False,exec_error: KeyError: 'Column not found: A1',,FA,FA,exec_error
qwen_before_adaptive,before,adaptive,qwen,124,3,2,False,ok,1,True,,False,AA,AA,semantic
qwen_before_adaptive,before,adaptive,qwen,124,4,2,False,ok,2,False,exec_error: KeyError: 'district',,FA,FA,exec_error
qwen_before_adaptive,before,adaptive,qwen,125,0,2,False,ok,2,False,exec_error: KeyError: 'date',,FA,FA,exec_error
qwen_before_adaptive,before,adaptive,qwen,125,1,2,False,ok,2,True,,False,FA,FA,semantic
qwen_before_adaptive,before,adaptive,qwen,125,2,2,False,ok,2,False,"exec_error: KeyError: ""['A1'] not in index""",,FA,FA,exec_error
qwen_before_adaptive,before,adaptive,qwen,125,3,2,False,ok,2,False,"exec_error: KeyError: ""['district', 'state'] not in index""",,FA,FA,exec_error
qwen_before_adaptive,before,adaptive,qwen,125,4,2,False,ok,4,False,exec_error: KeyError: 'client_id',,FA,FA,exec_error
qwen_before_adaptive,before,adaptive,qwen,126,0,1,False,ok,0,True,,True,AA,AA,success
qwen_before_adaptive,before,adaptive,qwen,126,1,1,False,ok,0,False,"exec_error: AttributeError: Can only use .str accessor with string values, not datetime64",,FA,AA,exec_error
qwen_before_adaptive,before,adaptive,qwen,126,2,1,False,ok,0,True,,True,AA,AA,success
qwen_before_adaptive,before,adaptive,qwen,126,3,1,False,ok,1,True,,True,SA,SA,success
qwen_before_adaptive,before,adaptive,qwen,126,4,1,False,ok,0,False,"exec_error: AttributeError: Can only use .str accessor with string values, not datetime64",,FA,AA,exec_error
qwen_before_adaptive,before,adaptive,qwen,127,0,0,False,ok,0,True,,False,FA,FA,semantic
qwen_before_adaptive,before,adaptive,qwen,127,1,0,False,ok,0,True,,False,FA,FA,semantic
qwen_before_adaptive,before,adaptive,qwen,127,2,0,False,ok,0,True,,False,FA,FA,semantic
qwen_before_adaptive,before,adaptive,qwen,127,3,0,False,ok,0,True,,False,FA,FA,semantic
qwen_before_adaptive,before,adaptive,qwen,127,4,0,False,ok,0,True,,False,FA,FA,semantic
qwen_before_adaptive,before,adaptive,qwen,128,0,1,False,ok,1,True,,False,FA,FA,semantic
qwen_before_adaptive,before,adaptive,qwen,128,1,1,False,ok,1,False,"exec_error: TypeError: cannot do positional indexing on Index with these indexers [      account_id  district_id         frequency       date
0              1           18  ",,FA,FA,exec_error
qwen_before_adaptive,before,adaptive,qwen,128,2,1,False,ok,1,False,"exec_error: TypeError: cannot do positional indexing on RangeIndex with these indexers [      account_id  district_id         frequency       date
0              1          ",,FA,FA,exec_error
qwen_before_adaptive,before,adaptive,qwen,128,3,1,False,ok,1,True,,False,FA,FA,semantic
qwen_before_adaptive,before,adaptive,qwen,128,4,1,False,ok,1,True,,False,FA,FA,semantic
qwen_before_adaptive,before,adaptive,qwen,129,0,2,False,ok,1,False,"exec_error: KeyError: ""['A2'] not in index""",,FA,AA,exec_error
qwen_before_adaptive,before,adaptive,qwen,129,1,2,False,ok,1,False,exec_error: KeyError: 'district_id',,FA,AA,exec_error
qwen_before_adaptive,before,adaptive,qwen,129,2,2,False,ok,2,True,,False,FA,FA,semantic
qwen_before_adaptive,before,adaptive,qwen,129,3,2,False,ok,2,True,,False,FA,FA,semantic
qwen_before_adaptive,before,adaptive,qwen,129,4,2,False,ok,1,False,exec_error: KeyError: 'A2',,FA,AA,exec_error
qwen_before_adaptive,before,adaptive,qwen,130,0,2,True,ok,0,True,,False,AA,AA,semantic
qwen_before_adaptive,before,adaptive,qwen,130,1,2,True,ok,0,True,,False,AA,AA,semantic
qwen_before_adaptive,before,adaptive,qwen,130,2,2,True,ok,0,False,exec_error: KeyError: 'type',,FA,AA,exec_error
qwen_before_adaptive,before,adaptive,qwen,130,3,2,True,ok,0,True,,False,AA,AA,semantic
qwen_before_adaptive,before,adaptive,qwen,130,4,2,True,ok,1,True,,False,AA,AA,semantic
qwen_before_adaptive,before,adaptive,qwen,131,0,2,False,ok,1,False,exec_error: ValueError: attempt to get argmax of an empty sequence,,FA,AA,exec_error
qwen_before_adaptive,before,adaptive,qwen,131,1,2,False,ok,1,False,exec_error: ValueError: attempt to get argmax of an empty sequence,,FA,AA,exec_error
qwen_before_adaptive,before,adaptive,qwen,131,2,2,False,ok,1,False,exec_error: ValueError: attempt to get argmax of an empty sequence,,FA,AA,exec_error
qwen_before_adaptive,before,adaptive,qwen,131,3,2,False,ok,1,False,exec_error: ValueError: attempt to get argmax of an empty sequence,,FA,AA,exec_error
qwen_before_adaptive,before,adaptive,qwen,131,4,2,False,ok,1,False,exec_error: ValueError: attempt to get argmax of an empty sequence,,FA,AA,exec_error
qwen_before_adaptive,before,adaptive,qwen,132,0,3,True,ok,1,True,,False,AA,AA,semantic
qwen_before_adaptive,before,adaptive,qwen,132,1,3,True,ok,1,False,exec_error: KeyError: 'client_id',,FA,AA,exec_error
qwen_before_adaptive,before,adaptive,qwen,132,2,3,True,ok,1,False,exec_error: KeyError: 'client_id',,FA,AA,exec_error
qwen_before_adaptive,before,adaptive,qwen,132,3,3,True,ok,1,False,exec_error: KeyError: 'client_id',,FA,AA,exec_error
qwen_before_adaptive,before,adaptive,qwen,132,4,3,True,ok,1,True,,False,AA,AA,semantic
qwen_before_adaptive,before,adaptive,qwen,133,0,0,False,ok,0,False,exec_error: KeyError: 'A2',,FA,FA,exec_error
qwen_before_adaptive,before,adaptive,qwen,133,1,0,False,ok,0,False,exec_error: KeyError: 'A1',,FA,FA,exec_error
qwen_before_adaptive,before,adaptive,qwen,133,2,0,False,ok,0,False,exec_error: KeyError: 'A1',,FA,FA,exec_error
qwen_before_adaptive,before,adaptive,qwen,133,3,0,False,ok,0,False,exec_error: NameError: name 'loan_status' is not defined,,FA,FA,exec_error
qwen_before_adaptive,before,adaptive,qwen,133,4,0,False,ok,0,False,exec_error: KeyError: 'year',,FA,FA,exec_error
qwen_before_adaptive,before,adaptive,qwen,134,0,1,False,ok,0,True,,False,AA,AA,semantic
qwen_before_adaptive,before,adaptive,qwen,134,1,1,False,ok,0,True,,False,AA,AA,semantic
qwen_before_adaptive,before,adaptive,qwen,134,2,1,False,ok,0,True,,False,AA,AA,semantic
qwen_before_adaptive,before,adaptive,qwen,134,3,1,False,ok,0,True,,True,AA,AA,success
qwen_before_adaptive,before,adaptive,qwen,134,4,1,False,ok,0,False,exec_error: KeyError: 'A1',,FA,AA,exec_error
qwen_before_adaptive,before,adaptive,qwen,135,0,1,False,ok,1,True,,False,FA,FA,semantic
qwen_before_adaptive,before,adaptive,qwen,135,1,1,False,ok,1,True,,False,FA,FA,semantic
qwen_before_adaptive,before,adaptive,qwen,135,2,1,False,ok,1,True,,False,FA,FA,semantic
qwen_before_adaptive,before,adaptive,qwen,135,3,1,False,ok,1,True,,False,FA,FA,semantic
qwen_before_adaptive,before,adaptive,qwen,135,4,1,False,ok,1,True,,False,FA,FA,semantic
qwen_before_adaptive,before,adaptive,qwen,136,0,1,False,ok,1,False,"exec_error: ValueError: Operands are not aligned. Do `left, right = left.align(right, axis=1)` before operating.",,FA,FA,exec_error
qwen_before_adaptive,before,adaptive,qwen,136,1,1,False,ok,1,True,,False,FA,FA,semantic
qwen_before_adaptive,before,adaptive,qwen,136,2,1,False,ok,1,True,,False,FA,FA,semantic
qwen_before_adaptive,before,adaptive,qwen,136,3,1,False,ok,0,False,"exec_error: ValueError: Operands are not aligned. Do `left, right = left.align(right, axis=1)` before operating.",,FA,AA,exec_error
qwen_before_adaptive,before,adaptive,qwen,136,4,1,False,ok,1,True,,False,FA,FA,semantic
qwen_before_adaptive,before,adaptive,qwen,137,0,2,False,ok,0,False,exec_error: KeyError: 'status',,FA,AA,exec_error
qwen_before_adaptive,before,adaptive,qwen,137,1,2,False,ok,1,False,"exec_error: ValueError: Operands are not aligned. Do `left, right = left.align(right, axis=1)` before operating.",,FA,AA,exec_error
qwen_before_adaptive,before,adaptive,qwen,137,2,2,False,ok,0,True,,False,AA,AA,semantic
qwen_before_adaptive,before,adaptive,qwen,137,3,2,False,ok,0,False,exec_error: KeyError: 'A1',,FA,AA,exec_error
qwen_before_adaptive,before,adaptive,qwen,137,4,2,False,ok,0,True,,False,AA,AA,semantic
qwen_before_adaptive,before,adaptive,qwen,138,0,1,False,ok,0,False,exec_error: NameError: name 'crime_data' is not defined,,FA,AA,exec_error
qwen_before_adaptive,before,adaptive,qwen,138,1,1,False,ok,0,False,exec_error: FileNotFoundError: [Errno 2] No such file or directory: 'path_to_crime_data.csv',,FA,AA,exec_error
qwen_before_adaptive,before,adaptive,qwen,138,2,1,False,ok,0,False,exec_error: NameError: name 'branch' is not defined,,FA,AA,exec_error
qwen_before_adaptive,before,adaptive,qwen,138,3,1,False,ok,1,False,exec_error: FileNotFoundError: [Errno 2] No such file or directory: 'path_to_crime_data.csv',,FA,FA,exec_error
qwen_before_adaptive,before,adaptive,qwen,138,4,1,False,ok,1,False,"exec_error: KeyError: ""['A1'] not in index""",,FA,FA,exec_error
qwen_before_adaptive,before,adaptive,qwen,139,0,1,True,ok,1,True,,False,FA,FA,semantic
qwen_before_adaptive,before,adaptive,qwen,139,1,1,True,ok,1,True,,False,FA,FA,semantic
qwen_before_adaptive,before,adaptive,qwen,139,2,1,True,ok,1,True,,False,FA,FA,semantic
qwen_before_adaptive,before,adaptive,qwen,139,3,1,True,ok,1,True,,False,FA,FA,semantic
qwen_before_adaptive,before,adaptive,qwen,139,4,1,True,ok,1,True,,False,FA,FA,semantic
qwen_before_adaptive,before,adaptive,qwen,140,0,1,False,ok,0,False,exec_error: KeyError: 'district_name',,FA,AA,exec_error
qwen_before_adaptive,before,adaptive,qwen,140,1,1,False,ok,0,False,exec_error: KeyError: 'district_name',,FA,AA,exec_error
qwen_before_adaptive,before,adaptive,qwen,140,2,1,False,ok,0,False,exec_error: KeyError: 'account_id',,FA,AA,exec_error
qwen_before_adaptive,before,adaptive,qwen,140,3,1,False,ok,0,True,,True,AA,AA,success
qwen_before_adaptive,before,adaptive,qwen,140,4,1,False,ok,0,False,exec_error: KeyError: 'account_id',,FA,AA,exec_error
qwen_before_adaptive,before,adaptive,qwen,141,0,2,False,ok,1,False,"exec_error: AttributeError: Can only use .str accessor with string values, not datetime64",,FA,AA,exec_error
qwen_before_adaptive,before,adaptive,qwen,141,1,2,False,ok,1,False,exec_error: KeyError: 'district_id',,FA,AA,exec_error
qwen_before_adaptive,before,adaptive,qwen,141,2,2,False,ok,1,True,,True,AA,AA,success
qwen_before_adaptive,before,adaptive,qwen,141,3,2,False,ok,0,False,exec_error: KeyError: 'district_id',,FA,AA,exec_error
qwen_before_adaptive,before,adaptive,qwen,141,4,2,False,ok,1,False,exec_error: KeyError: 'district_id',,FA,AA,exec_error
qwen_before_adaptive,before,adaptive,qwen,142,0,2,False,ok,1,False,exec_error: KeyError: 'district_id',,FA,AA,exec_error
qwen_before_adaptive,before,adaptive,qwen,142,1,2,False,ok,2,True,,False,FA,FA,semantic
qwen_before_adaptive,before,adaptive,qwen,142,2,2,False,ok,0,False,exec_error: KeyError: 'district_id',,FA,AA,exec_error
qwen_before_adaptive,before,adaptive,qwen,142,3,2,False,ok,0,True,,False,AA,AA,semantic
qwen_before_adaptive,before,adaptive,qwen,142,4,2,False,ok,1,True,,False,AA,AA,semantic
qwen_before_adaptive,before,adaptive,qwen,143,0,1,True,ok,1,True,,True,SA,SA,success
qwen_before_adaptive,before,adaptive,qwen,143,1,1,True,ok,1,False,exec_error: KeyError: 'type',,FA,FA,exec_error
qwen_before_adaptive,before,adaptive,qwen,143,2,1,True,ok,1,True,,True,SA,SA,success
qwen_before_adaptive,before,adaptive,qwen,143,3,1,True,ok,1,False,exec_error: KeyError: 'type',,FA,FA,exec_error
qwen_before_adaptive,before,adaptive,qwen,143,4,1,True,ok,1,True,,False,FA,FA,semantic
qwen_before_adaptive,before,adaptive,qwen,144,0,3,True,ok,1,False,exec_error: KeyError: 'date',,FA,AA,exec_error
qwen_before_adaptive,before,adaptive,qwen,144,1,3,True,ok,0,True,,False,AA,AA,semantic
qwen_before_adaptive,before,adaptive,qwen,144,2,3,True,ok,1,True,,False,AA,AA,semantic
qwen_before_adaptive,before,adaptive,qwen,144,3,3,True,ok,1,True,,False,AA,AA,semantic
qwen_before_adaptive,before,adaptive,qwen,144,4,3,True,ok,0,True,,False,AA,AA,semantic
qwen_before_adaptive,before,adaptive,qwen,145,0,1,False,ok,0,True,,False,AA,AA,semantic
qwen_before_adaptive,before,adaptive,qwen,145,1,1,False,ok,0,True,,False,AA,AA,semantic
qwen_before_adaptive,before,adaptive,qwen,145,2,1,False,ok,0,True,,False,AA,AA,semantic
qwen_before_adaptive,before,adaptive,qwen,145,3,1,False,ok,0,True,,False,AA,AA,semantic
qwen_before_adaptive,before,adaptive,qwen,145,4,1,False,ok,0,True,,False,AA,AA,semantic
qwen_before_adaptive,before,adaptive,qwen,146,0,3,True,ok,0,True,,False,AA,AA,semantic
qwen_before_adaptive,before,adaptive,qwen,146,1,3,True,ok,4,False,"exec_error: KeyError: ""['district_id'] not in index""",,FA,FA,exec_error
qwen_before_adaptive,before,adaptive,qwen,146,2,3,True,ok,4,False,exec_error: KeyError: 'type',,FA,FA,exec_error
qwen_before_adaptive,before,adaptive,qwen,146,3,3,True,ok,0,False,"exec_error: ValueError: operands could not be broadcast together with shapes (0,) (682,) ",,FA,AA,exec_error
qwen_before_adaptive,before,adaptive,qwen,146,4,3,True,ok,4,False,exec_error: KeyError: 'type',,FA,FA,exec_error
qwen_before_adaptive,before,adaptive,qwen,147,0,1,False,ok,0,True,,False,AA,AA,semantic
qwen_before_adaptive,before,adaptive,qwen,147,1,1,False,ok,1,True,,False,FA,FA,semantic
qwen_before_adaptive,before,adaptive,qwen,147,2,1,False,ok,0,True,,False,AA,AA,semantic
qwen_before_adaptive,before,adaptive,qwen,147,3,1,False,ok,0,True,,False,AA,AA,semantic
qwen_before_adaptive,before,adaptive,qwen,147,4,1,False,ok,0,True,,False,AA,AA,semantic
qwen_before_adaptive,before,adaptive,qwen,148,0,2,True,ok,0,True,,False,AA,AA,semantic
qwen_before_adaptive,before,adaptive,qwen,148,1,2,True,ok,0,True,,False,AA,AA,semantic
qwen_before_adaptive,before,adaptive,qwen,148,2,2,True,ok,1,True,,True,AA,AA,success
qwen_before_adaptive,before,adaptive,qwen,148,3,2,True,ok,0,True,,True,AA,AA,success
qwen_before_adaptive,before,adaptive,qwen,148,4,2,True,ok,1,True,,True,AA,AA,success
qwen_before_adaptive,before,adaptive,qwen,149,0,2,True,ok,1,False,exec_error: TypeError: '<' not supported between instances of 'str' and 'int',,FA,AA,exec_error
qwen_before_adaptive,before,adaptive,qwen,149,1,2,True,ok,2,True,,False,FA,FA,semantic
qwen_before_adaptive,before,adaptive,qwen,149,2,2,True,ok,2,False,exec_error: KeyError: 'Column not found: A1',,FA,FA,exec_error
qwen_before_adaptive,before,adaptive,qwen,149,3,2,True,ok,2,False,exec_error: KeyError: 'disp',,FA,FA,exec_error
qwen_before_adaptive,before,adaptive,qwen,149,4,2,True,ok,1,False,exec_error: KeyError: 'Column not found: A2',,FA,AA,exec_error
qwen_before_adaptive,before,adaptive,qwen,150,0,2,False,ok,1,True,,False,AA,AA,semantic
qwen_before_adaptive,before,adaptive,qwen,150,1,2,False,ok,0,False,exec_error: KeyError: 'client_id',,FA,AA,exec_error
qwen_before_adaptive,before,adaptive,qwen,150,2,2,False,ok,1,False,exec_error: NameError: name 'accounts' is not defined,,FA,AA,exec_error
qwen_before_adaptive,before,adaptive,qwen,150,3,2,False,ok,1,True,,False,AA,AA,semantic
qwen_before_adaptive,before,adaptive,qwen,150,4,2,False,ok,2,True,,False,FA,FA,semantic
qwen_before_adaptive,before,adaptive,qwen,151,0,2,False,ok,2,True,,False,FA,FA,semantic
qwen_before_adaptive,before,adaptive,qwen,151,1,2,False,ok,1,True,,False,AA,AA,semantic
qwen_before_adaptive,before,adaptive,qwen,151,2,2,False,ok,1,True,,False,AA,AA,semantic
qwen_before_adaptive,before,adaptive,qwen,151,3,2,False,ok,0,True,,False,AA,AA,semantic
qwen_before_adaptive,before,adaptive,qwen,151,4,2,False,ok,1,True,,False,AA,AA,semantic
qwen_before_adaptive,before,adaptive,qwen,152,0,1,False,ok,1,False,exec_error: KeyError: 'A1',,FA,FA,exec_error
qwen_before_adaptive,before,adaptive,qwen,152,1,1,False,ok,0,False,exec_error: TypeError: '>' not supported between instances of 'str' and 'int',,FA,AA,exec_error
qwen_before_adaptive,before,adaptive,qwen,152,2,1,False,ok,0,False,exec_error: KeyError: 'A1',,FA,AA,exec_error
qwen_before_adaptive,before,adaptive,qwen,152,3,1,False,ok,1,False,exec_error: KeyError: 'A1',,FA,FA,exec_error
qwen_before_adaptive,before,adaptive,qwen,152,4,1,False,ok,1,False,exec_error: TypeError: Cannot perform reduction 'mean' with string dtype,,FA,FA,exec_error
qwen_before_adaptive,before,adaptive,qwen,153,0,1,True,ok,0,True,,True,AA,AA,success
qwen_before_adaptive,before,adaptive,qwen,153,1,1,True,ok,0,False,exec_error: KeyError: 'client_id',,FA,AA,exec_error
qwen_before_adaptive,before,adaptive,qwen,153,2,1,True,ok,0,False,exec_error: TypeError: Cannot perform 'and_' with a dtyped [bool] array and scalar of type [bool],,FA,AA,exec_error
qwen_before_adaptive,before,adaptive,qwen,153,3,1,True,ok,0,True,,True,AA,AA,success
qwen_before_adaptive,before,adaptive,qwen,153,4,1,True,ok,0,False,exec_error: TypeError: '<' not supported between instances of 'str' and 'int',,FA,AA,exec_error
qwen_before_adaptive,before,adaptive,qwen,154,0,1,False,ok,0,True,,False,AA,AA,semantic
qwen_before_adaptive,before,adaptive,qwen,154,1,1,False,ok,0,False,"exec_error: ValueError: Operands are not aligned. Do `left, right = left.align(right, axis=1)` before operating.",,FA,AA,exec_error
qwen_before_adaptive,before,adaptive,qwen,154,2,1,False,ok,0,True,,False,AA,AA,semantic
qwen_before_adaptive,before,adaptive,qwen,154,3,1,False,ok,0,False,exec_error: KeyError: 'A1',,FA,AA,exec_error
qwen_before_adaptive,before,adaptive,qwen,154,4,1,False,ok,0,False,exec_error: KeyError: 'client_id',,FA,AA,exec_error
qwen_before_adaptive,before,adaptive,qwen,155,0,0,False,ok,0,False,exec_error: AttributeError: Can only use .dt accessor with datetimelike values,,FA,FA,exec_error
qwen_before_adaptive,before,adaptive,qwen,155,1,0,False,ok,0,False,exec_error: AttributeError: Can only use .dt accessor with datetimelike values,,FA,FA,exec_error
qwen_before_adaptive,before,adaptive,qwen,155,2,0,False,ok,0,False,exec_error: KeyError: 'type',,FA,FA,exec_error
qwen_before_adaptive,before,adaptive,qwen,155,3,0,False,ok,0,False,exec_error: AttributeError: Can only use .dt accessor with datetimelike values,,FA,FA,exec_error
qwen_before_adaptive,before,adaptive,qwen,155,4,0,False,ok,0,False,exec_error: KeyError: 'type',,FA,FA,exec_error
qwen_before_adaptive,before,adaptive,qwen,156,0,2,True,ok,1,False,exec_error: KeyError: 'disp_id',,FA,AA,exec_error
qwen_before_adaptive,before,adaptive,qwen,156,1,2,True,ok,1,False,exec_error: KeyError: 'client_id',,FA,AA,exec_error
qwen_before_adaptive,before,adaptive,qwen,156,2,2,True,ok,2,False,exec_error: KeyError: 'disp_id',,FA,FA,exec_error
qwen_before_adaptive,before,adaptive,qwen,156,3,2,True,ok,1,False,exec_error: KeyError: 'client_id',,FA,AA,exec_error
qwen_before_adaptive,before,adaptive,qwen,156,4,2,True,ok,2,True,,True,SA,SA,success
qwen_before_adaptive,before,adaptive,qwen,157,0,1,False,ok,0,False,"exec_error: ValueError: Operands are not aligned. Do `left, right = left.align(right, axis=1)` before operating.",,FA,AA,exec_error
qwen_before_adaptive,before,adaptive,qwen,157,1,1,False,ok,1,False,exec_error: NameError: name 'engine' is not defined,,FA,FA,exec_error
qwen_before_adaptive,before,adaptive,qwen,157,2,1,False,ok,0,False,"exec_error: ValueError: Operands are not aligned. Do `left, right = left.align(right, axis=1)` before operating.",,FA,AA,exec_error
qwen_before_adaptive,before,adaptive,qwen,157,3,1,False,ok,0,False,exec_error: NameError: name 'crime' is not defined,,FA,AA,exec_error
qwen_before_adaptive,before,adaptive,qwen,157,4,1,False,ok,0,False,exec_error: KeyError: 'A1',,FA,AA,exec_error
qwen_before_adaptive,before,adaptive,qwen,158,0,2,False,ok,1,False,"exec_error: ValueError: Operands are not aligned. Do `left, right = left.align(right, axis=1)` before operating.",,FA,AA,exec_error
qwen_before_adaptive,before,adaptive,qwen,158,1,2,False,ok,0,False,"exec_error: ValueError: Operands are not aligned. Do `left, right = left.align(right, axis=1)` before operating.",,FA,AA,exec_error
qwen_before_adaptive,before,adaptive,qwen,158,2,2,False,ok,0,False,"exec_error: ValueError: Operands are not aligned. Do `left, right = left.align(right, axis=1)` before operating.",,FA,AA,exec_error
qwen_before_adaptive,before,adaptive,qwen,158,3,2,False,ok,0,False,"exec_error: ValueError: Operands are not aligned. Do `left, right = left.align(right, axis=1)` before operating.",,FA,AA,exec_error
qwen_before_adaptive,before,adaptive,qwen,158,4,2,False,ok,0,False,"exec_error: ValueError: Operands are not aligned. Do `left, right = left.align(right, axis=1)` before operating.",,FA,AA,exec_error
qwen_before_adaptive,before,adaptive,qwen,159,0,3,True,ok,0,False,exec_error: KeyError: 'client_id',,FA,AA,exec_error
qwen_before_adaptive,before,adaptive,qwen,159,1,3,True,ok,0,False,exec_error: KeyError: 'client_id',,FA,AA,exec_error
qwen_before_adaptive,before,adaptive,qwen,159,2,3,True,ok,0,False,exec_error: KeyError: 'client_id',,FA,AA,exec_error
qwen_before_adaptive,before,adaptive,qwen,159,3,3,True,ok,1,False,exec_error: KeyError: 'type',,FA,AA,exec_error
qwen_before_adaptive,before,adaptive,qwen,159,4,3,True,ok,0,False,exec_error: KeyError: 'client_id',,FA,AA,exec_error
qwen_before_adaptive,before,adaptive,qwen,160,0,1,False,ok,0,False,exec_error: KeyError: 'Column not found: district_id',,FA,AA,exec_error
qwen_before_adaptive,before,adaptive,qwen,160,1,1,False,ok,1,False,exec_error: KeyError: 'date',,FA,FA,exec_error
qwen_before_adaptive,before,adaptive,qwen,160,2,1,False,ok,1,True,,False,FA,FA,semantic
qwen_before_adaptive,before,adaptive,qwen,160,3,1,False,ok,1,True,,False,FA,FA,semantic
qwen_before_adaptive,before,adaptive,qwen,160,4,1,False,ok,1,True,,False,FA,FA,semantic
qwen_before_adaptive,before,adaptive,qwen,161,0,2,True,ok,2,False,exec_error: KeyError: 'client_id',,FA,FA,exec_error
qwen_before_adaptive,before,adaptive,qwen,161,1,2,True,ok,2,False,"exec_error: ValueError: Operands are not aligned. Do `left, right = left.align(right, axis=1)` before operating.",,FA,FA,exec_error
qwen_before_adaptive,before,adaptive,qwen,161,2,2,True,ok,1,False,"exec_error: ValueError: Operands are not aligned. Do `left, right = left.align(right, axis=1)` before operating.",,FA,AA,exec_error
qwen_before_adaptive,before,adaptive,qwen,161,3,2,True,ok,0,False,"exec_error: ValueError: Operands are not aligned. Do `left, right = left.align(right, axis=1)` before operating.",,FA,AA,exec_error
qwen_before_adaptive,before,adaptive,qwen,161,4,2,True,ok,0,False,"exec_error: ValueError: Operands are not aligned. Do `left, right = left.align(right, axis=1)` before operating.",,FA,AA,exec_error
qwen_before_adaptive,before,adaptive,qwen,162,0,1,False,ok,1,False,"exec_error: ValueError: Operands are not aligned. Do `left, right = left.align(right, axis=1)` before operating.",,FA,FA,exec_error
qwen_before_adaptive,before,adaptive,qwen,162,1,1,False,ok,1,False,"exec_error: ValueError: Operands are not aligned. Do `left, right = left.align(right, axis=1)` before operating.",,FA,FA,exec_error
qwen_before_adaptive,before,adaptive,qwen,162,2,1,False,ok,0,False,exec_error: UnboundLocalError: cannot access local variable 'client' where it is not associated with a value,,FA,AA,exec_error
qwen_before_adaptive,before,adaptive,qwen,162,3,1,False,ok,0,False,exec_error: UnboundLocalError: cannot access local variable 'client' where it is not associated with a value,,FA,AA,exec_error
qwen_before_adaptive,before,adaptive,qwen,162,4,1,False,ok,1,False,"exec_error: ValueError: Operands are not aligned. Do `left, right = left.align(right, axis=1)` before operating.",,FA,FA,exec_error
qwen_before_adaptive,before,adaptive,qwen,163,0,2,False,ok,1,False,exec_error: ValueError: attempt to get argmax of an empty sequence,,FA,AA,exec_error
qwen_before_adaptive,before,adaptive,qwen,163,1,2,False,ok,1,False,exec_error: ValueError: attempt to get argmax of an empty sequence,,FA,AA,exec_error
qwen_before_adaptive,before,adaptive,qwen,163,2,2,False,ok,2,False,exec_error: ValueError: attempt to get argmax of an empty sequence,,FA,FA,exec_error
qwen_before_adaptive,before,adaptive,qwen,163,3,2,False,ok,1,False,exec_error: ValueError: attempt to get argmax of an empty sequence,,FA,AA,exec_error
qwen_before_adaptive,before,adaptive,qwen,163,4,2,False,ok,2,False,exec_error: KeyError: 'account',,FA,FA,exec_error
qwen_before_adaptive,before,adaptive,qwen,164,0,3,True,ok,0,False,exec_error: NameError: name 'conn' is not defined,,FA,AA,exec_error
qwen_before_adaptive,before,adaptive,qwen,164,1,3,True,ok,0,False,"exec_error: ValueError: Operands are not aligned. Do `left, right = left.align(right, axis=1)` before operating.",,FA,AA,exec_error
qwen_before_adaptive,before,adaptive,qwen,164,2,3,True,ok,1,False,"exec_error: KeyError: ""None of [Index(['first_name', 'last_name'], dtype='str')] are in the [columns]""",,FA,AA,exec_error
qwen_before_adaptive,before,adaptive,qwen,164,3,3,True,ok,0,False,exec_error: NameError: name 'engine' is not defined,,FA,AA,exec_error
qwen_before_adaptive,before,adaptive,qwen,164,4,3,True,ok,0,False,exec_error: NameError: name 'orders' is not defined,,FA,AA,exec_error
qwen_before_adaptive,before,adaptive,qwen,165,0,2,False,ok,0,False,exec_error: KeyError: 'account_id',,FA,AA,exec_error
qwen_before_adaptive,before,adaptive,qwen,165,1,2,False,ok,2,True,,False,FA,FA,semantic
qwen_before_adaptive,before,adaptive,qwen,165,2,2,False,ok,0,True,,False,AA,AA,semantic
qwen_before_adaptive,before,adaptive,qwen,165,3,2,False,ok,0,False,exec_error: KeyError: 'account_id',,FA,AA,exec_error
qwen_before_adaptive,before,adaptive,qwen,165,4,2,False,ok,0,True,,False,AA,AA,semantic
qwen_before_adaptive,before,adaptive,qwen,166,0,1,False,ok,0,True,,True,AA,AA,success
qwen_before_adaptive,before,adaptive,qwen,166,1,1,False,ok,0,True,,True,AA,AA,success
qwen_before_adaptive,before,adaptive,qwen,166,2,1,False,ok,0,True,,False,AA,AA,semantic
qwen_before_adaptive,before,adaptive,qwen,166,3,1,False,ok,0,True,,True,AA,AA,success
qwen_before_adaptive,before,adaptive,qwen,166,4,1,False,ok,0,True,,True,AA,AA,success
qwen_before_adaptive,before,adaptive,qwen,167,0,1,True,ok,1,False,exec_error: AttributeError: Can only use .dt accessor with datetimelike values,,FA,FA,exec_error
qwen_before_adaptive,before,adaptive,qwen,167,1,1,True,ok,0,False,exec_error: AttributeError: Can only use .dt accessor with datetimelike values,,FA,AA,exec_error
qwen_before_adaptive,before,adaptive,qwen,167,2,1,True,ok,0,False,exec_error: KeyError: 'type',,FA,AA,exec_error
qwen_before_adaptive,before,adaptive,qwen,167,3,1,True,ok,0,False,exec_error: KeyError: 'client_id',,FA,AA,exec_error
qwen_before_adaptive,before,adaptive,qwen,167,4,1,True,ok,1,False,exec_error: AttributeError: Can only use .dt accessor with datetimelike values,,FA,FA,exec_error
qwen_before_adaptive,before,adaptive,qwen,168,0,1,False,ok,1,False,exec_error: KeyError: 'Column not found: A1',,FA,FA,exec_error
qwen_before_adaptive,before,adaptive,qwen,168,1,1,False,ok,1,False,exec_error: KeyError: 'Column not found: A1',,FA,FA,exec_error
qwen_before_adaptive,before,adaptive,qwen,168,2,1,False,ok,1,False,exec_error: KeyError: 'Column not found: A1',,FA,FA,exec_error
qwen_before_adaptive,before,adaptive,qwen,168,3,1,False,ok,0,False,exec_error: KeyError: 'Column not found: A1',,FA,AA,exec_error
qwen_before_adaptive,before,adaptive,qwen,168,4,1,False,ok,1,False,exec_error: KeyError: 'Column not found: A1',,FA,FA,exec_error
qwen_before_adaptive,before,adaptive,qwen,169,0,3,True,ok,1,False,exec_error: KeyError: 'account_id',,FA,AA,exec_error
qwen_before_adaptive,before,adaptive,qwen,169,1,3,True,ok,2,False,exec_error: KeyError: 'client_id',,FA,AA,exec_error
qwen_before_adaptive,before,adaptive,qwen,169,2,3,True,ok,1,False,exec_error: IndexError: single positional indexer is out-of-bounds,,FA,AA,exec_error
qwen_before_adaptive,before,adaptive,qwen,169,3,3,True,ok,1,False,exec_error: KeyError: 'account_id',,FA,AA,exec_error
qwen_before_adaptive,before,adaptive,qwen,169,4,3,True,ok,3,False,exec_error: KeyError: 'disp_id',,FA,FA,exec_error
qwen_before_adaptive,before,adaptive,qwen,170,0,0,False,ok,0,False,"exec_error: AttributeError: Can only use .str accessor with string values, not datetime64",,FA,FA,exec_error
qwen_before_adaptive,before,adaptive,qwen,170,1,0,False,ok,0,False,exec_error: KeyError: 'type',,FA,FA,exec_error
qwen_before_adaptive,before,adaptive,qwen,170,2,0,False,ok,0,True,,False,FA,FA,semantic
qwen_before_adaptive,before,adaptive,qwen,170,3,0,False,ok,0,False,"exec_error: AttributeError: Can only use .str accessor with string values, not datetime64",,FA,FA,exec_error
qwen_before_adaptive,before,adaptive,qwen,170,4,0,False,ok,0,True,,False,FA,FA,semantic
qwen_before_adaptive,before,adaptive,qwen,171,0,0,False,ok,0,False,exec_error: KeyError: 'A1',,FA,FA,exec_error
qwen_before_adaptive,before,adaptive,qwen,171,1,0,False,ok,0,False,exec_error: KeyError: 'A2',,FA,FA,exec_error
qwen_before_adaptive,before,adaptive,qwen,171,2,0,False,ok,0,False,exec_error: KeyError: 'A2',,FA,FA,exec_error
qwen_before_adaptive,before,adaptive,qwen,171,3,0,False,ok,0,False,exec_error: KeyError: 'A1',,FA,FA,exec_error
qwen_before_adaptive,before,adaptive,qwen,171,4,0,False,ok,0,False,exec_error: KeyError: 'A3',,FA,FA,exec_error
qwen_before_adaptive,before,adaptive,qwen,172,0,0,True,ok,0,False,exec_error: KeyError: 0,,FA,FA,exec_error
qwen_before_adaptive,before,adaptive,qwen,172,1,0,True,ok,0,False,exec_error: KeyError: 0,,FA,FA,exec_error
qwen_before_adaptive,before,adaptive,qwen,172,2,0,True,ok,0,False,exec_error: KeyError: 0,,FA,FA,exec_error
qwen_before_adaptive,before,adaptive,qwen,172,3,0,True,ok,0,False,exec_error: KeyError: 0,,FA,FA,exec_error
qwen_before_adaptive,before,adaptive,qwen,172,4,0,True,ok,0,False,exec_error: KeyError: 0,,FA,FA,exec_error
qwen_before_adaptive,before,adaptive,qwen,173,0,1,False,ok,0,False,exec_error: KeyError: 'k_symbol',,FA,AA,exec_error
qwen_before_adaptive,before,adaptive,qwen,173,1,1,False,ok,0,False,exec_error: KeyError: 'k_symbol',,FA,AA,exec_error
qwen_before_adaptive,before,adaptive,qwen,173,2,1,False,ok,0,False,exec_error: KeyError: 'account_from',,FA,AA,exec_error
qwen_before_adaptive,before,adaptive,qwen,173,3,1,False,ok,0,True,,False,AA,AA,semantic
qwen_before_adaptive,before,adaptive,qwen,173,4,1,False,ok,0,True,,False,AA,AA,semantic
qwen_before_adaptive,before,adaptive,qwen,174,0,2,True,ok,1,False,"exec_error: ValueError: Operands are not aligned. Do `left, right = left.align(right, axis=1)` before operating.",,FA,AA,exec_error
qwen_before_adaptive,before,adaptive,qwen,174,1,2,True,ok,0,False,"exec_error: ValueError: Operands are not aligned. Do `left, right = left.align(right, axis=1)` before operating.",,FA,AA,exec_error
qwen_before_adaptive,before,adaptive,qwen,174,2,2,True,ok,0,False,"exec_error: ValueError: Operands are not aligned. Do `left, right = left.align(right, axis=1)` before operating.",,FA,AA,exec_error
qwen_before_adaptive,before,adaptive,qwen,174,3,2,True,ok,1,False,"exec_error: ValueError: Operands are not aligned. Do `left, right = left.align(right, axis=1)` before operating.",,FA,AA,exec_error
qwen_before_adaptive,before,adaptive,qwen,174,4,2,True,ok,1,False,"exec_error: ValueError: Operands are not aligned. Do `left, right = left.align(right, axis=1)` before operating.",,FA,AA,exec_error
qwen_before_adaptive,before,adaptive,qwen,175,0,1,True,ok,0,True,,False,AA,AA,semantic
qwen_before_adaptive,before,adaptive,qwen,175,1,1,True,ok,1,True,,False,FA,FA,semantic
qwen_before_adaptive,before,adaptive,qwen,175,2,1,True,ok,0,True,,False,AA,AA,semantic
qwen_before_adaptive,before,adaptive,qwen,175,3,1,True,ok,0,False,exec_error: AttributeError: 'Series' object has no attribute 'intersection',,FA,AA,exec_error
qwen_before_adaptive,before,adaptive,qwen,175,4,1,True,ok,1,True,,False,FA,FA,semantic
qwen_before_adaptive,before,adaptive,qwen,176,0,3,True,ok,3,False,exec_error: KeyError: 'client_id',,FA,FA,exec_error
qwen_before_adaptive,before,adaptive,qwen,176,1,3,True,ok,1,False,exec_error: KeyError: 'client_id',,FA,AA,exec_error
qwen_before_adaptive,before,adaptive,qwen,176,2,3,True,ok,3,False,exec_error: KeyError: 'client_id',,FA,FA,exec_error
qwen_before_adaptive,before,adaptive,qwen,176,3,3,True,ok,2,False,"exec_error: ValueError: Operands are not aligned. Do `left, right = left.align(right, axis=1)` before operating.",,FA,AA,exec_error
qwen_before_adaptive,before,adaptive,qwen,176,4,3,True,ok,3,True,,False,FA,FA,semantic
qwen_before_adaptive,before,adaptive,qwen,177,0,3,True,ok,3,False,exec_error: KeyError: 'disp_id',,FA,FA,exec_error
qwen_before_adaptive,before,adaptive,qwen,177,1,3,True,ok,0,False,"exec_error: ValueError: Operands are not aligned. Do `left, right = left.align(right, axis=1)` before operating.",,FA,AA,exec_error
qwen_before_adaptive,before,adaptive,qwen,177,2,3,True,ok,0,False,"exec_error: ValueError: Operands are not aligned. Do `left, right = left.align(right, axis=1)` before operating.",,FA,AA,exec_error
qwen_before_adaptive,before,adaptive,qwen,177,3,3,True,ok,0,False,exec_error: KeyError: 'client_id',,FA,AA,exec_error
qwen_before_adaptive,before,adaptive,qwen,177,4,3,True,ok,0,False,exec_error: ValueError: Can only compare identically-labeled Series objects,,FA,AA,exec_error
qwen_before_adaptive,before,adaptive,qwen,178,0,2,True,ok,1,False,"exec_error: ValueError: Operands are not aligned. Do `left, right = left.align(right, axis=1)` before operating.",,FA,AA,exec_error
qwen_before_adaptive,before,adaptive,qwen,178,1,2,True,ok,1,False,"exec_error: ValueError: Operands are not aligned. Do `left, right = left.align(right, axis=1)` before operating.",,FA,AA,exec_error
qwen_before_adaptive,before,adaptive,qwen,178,2,2,True,ok,1,False,exec_error: KeyError: 'type',,FA,AA,exec_error
qwen_before_adaptive,before,adaptive,qwen,178,3,2,True,ok,2,False,exec_error: KeyError: 'type',,FA,FA,exec_error
qwen_before_adaptive,before,adaptive,qwen,178,4,2,True,ok,1,False,"exec_error: ValueError: Operands are not aligned. Do `left, right = left.align(right, axis=1)` before operating.",,FA,AA,exec_error
qwen_before_adaptive,before,adaptive,qwen,179,0,3,True,ok,0,False,exec_error: KeyError: 'client_id',,FA,AA,exec_error
qwen_before_adaptive,before,adaptive,qwen,179,1,3,True,ok,0,False,exec_error: KeyError: 'client_id',,FA,AA,exec_error
qwen_before_adaptive,before,adaptive,qwen,179,2,3,True,ok,0,False,exec_error: KeyError: 'client_id',,FA,AA,exec_error
qwen_before_adaptive,before,adaptive,qwen,179,3,3,True,ok,0,False,exec_error: KeyError: 'client_id',,FA,AA,exec_error
qwen_before_adaptive,before,adaptive,qwen,179,4,3,True,ok,0,False,exec_error: KeyError: 'client_id',,FA,AA,exec_error
qwen_before_adaptive,before,adaptive,qwen,180,0,2,True,ok,1,False,exec_error: KeyError: 'A1',,FA,AA,exec_error
qwen_before_adaptive,before,adaptive,qwen,180,1,2,True,ok,2,False,exec_error: KeyError: 'A1',,FA,FA,exec_error
qwen_before_adaptive,before,adaptive,qwen,180,2,2,True,ok,2,False,exec_error: KeyError: 'A1',,FA,FA,exec_error
qwen_before_adaptive,before,adaptive,qwen,180,3,2,True,ok,2,True,,False,FA,FA,semantic
qwen_before_adaptive,before,adaptive,qwen,180,4,2,True,ok,2,True,,False,FA,FA,semantic
qwen_before_adaptive,before,adaptive,qwen,181,0,2,True,ok,1,True,,False,AA,AA,semantic
qwen_before_adaptive,before,adaptive,qwen,181,1,2,True,ok,1,True,,False,AA,AA,semantic
qwen_before_adaptive,before,adaptive,qwen,181,2,2,True,ok,1,True,,False,AA,AA,semantic
qwen_before_adaptive,before,adaptive,qwen,181,3,2,True,ok,1,True,,False,AA,AA,semantic
qwen_before_adaptive,before,adaptive,qwen,181,4,2,True,ok,1,True,,False,AA,AA,semantic
qwen_before_adaptive,before,adaptive,qwen,182,0,3,True,ok,3,False,exec_error: KeyError: 'disp_id',,FA,FA,exec_error
qwen_before_adaptive,before,adaptive,qwen,182,1,3,True,ok,2,False,exec_error: KeyError: 'type',,FA,AA,exec_error
qwen_before_adaptive,before,adaptive,qwen,182,2,3,True,ok,3,False,exec_error: KeyError: 'type',,FA,FA,exec_error
qwen_before_adaptive,before,adaptive,qwen,182,3,3,True,ok,2,True,,False,AA,AA,semantic
qwen_before_adaptive,before,adaptive,qwen,182,4,3,True,ok,3,False,exec_error: KeyError: 'disp_id',,FA,FA,exec_error
qwen_before_adaptive,before,adaptive,qwen,183,0,1,False,ok,0,True,,False,AA,AA,semantic
qwen_before_adaptive,before,adaptive,qwen,183,1,1,False,ok,0,True,,False,AA,AA,semantic
qwen_before_adaptive,before,adaptive,qwen,183,2,1,False,ok,0,True,,False,AA,AA,semantic
qwen_before_adaptive,before,adaptive,qwen,183,3,1,False,ok,0,True,,False,AA,AA,semantic
qwen_before_adaptive,before,adaptive,qwen,183,4,1,False,ok,0,True,,False,AA,AA,semantic
qwen_before_adaptive,before,adaptive,qwen,184,0,2,True,ok,2,False,exec_error: KeyError: 'type',,FA,FA,exec_error
qwen_before_adaptive,before,adaptive,qwen,184,1,2,True,ok,2,False,exec_error: KeyError: 'type',,FA,FA,exec_error
qwen_before_adaptive,before,adaptive,qwen,184,2,2,True,ok,2,False,exec_error: KeyError: 'type',,FA,FA,exec_error
qwen_before_adaptive,before,adaptive,qwen,184,3,2,True,ok,2,True,,False,FA,FA,semantic
qwen_before_adaptive,before,adaptive,qwen,184,4,2,True,ok,2,False,exec_error: KeyError: 'type',,FA,FA,exec_error
qwen_before_adaptive,before,adaptive,qwen,185,0,1,False,ok,1,False,"exec_error: KeyError: ""['A1'] not in index""",,FA,FA,exec_error
qwen_before_adaptive,before,adaptive,qwen,185,1,1,False,ok,0,False,exec_error: KeyError: 'gender',,FA,AA,exec_error
qwen_before_adaptive,before,adaptive,qwen,185,2,1,False,ok,0,False,exec_error: KeyError: 'Female',,FA,AA,exec_error
qwen_before_adaptive,before,adaptive,qwen,185,3,1,False,ok,0,False,exec_error: KeyError: 'client_id',,FA,AA,exec_error
qwen_before_adaptive,before,adaptive,qwen,185,4,1,False,ok,0,True,,False,AA,AA,semantic
qwen_before_adaptive,before,adaptive,qwen,186,0,2,True,ok,0,False,exec_error: KeyError: 'account_id',,FA,AA,exec_error
qwen_before_adaptive,before,adaptive,qwen,186,1,2,True,ok,1,False,exec_error: ZeroDivisionError: division by zero,,FA,AA,exec_error
qwen_before_adaptive,before,adaptive,qwen,186,2,2,True,ok,1,True,,False,AA,AA,semantic
qwen_before_adaptive,before,adaptive,qwen,186,3,2,True,ok,2,False,exec_error: ZeroDivisionError: division by zero,,FA,FA,exec_error
qwen_before_adaptive,before,adaptive,qwen,186,4,2,True,ok,1,False,exec_error: ZeroDivisionError: division by zero,,FA,AA,exec_error
qwen_before_adaptive,before,adaptive,qwen,187,0,1,True,ok,1,True,,False,FA,FA,semantic
qwen_before_adaptive,before,adaptive,qwen,187,1,1,True,ok,1,True,,False,FA,FA,semantic
qwen_before_adaptive,before,adaptive,qwen,187,2,1,True,ok,1,True,,False,FA,FA,semantic
qwen_before_adaptive,before,adaptive,qwen,187,3,1,True,ok,0,False,exec_error: KeyError: 'client_id',,FA,AA,exec_error
qwen_before_adaptive,before,adaptive,qwen,187,4,1,True,ok,1,True,,False,FA,FA,semantic
qwen_before_adaptive,before,adaptive,qwen,188,0,1,False,ok,1,True,,False,FA,FA,semantic
qwen_before_adaptive,before,adaptive,qwen,188,1,1,False,ok,1,True,,False,FA,FA,semantic
qwen_before_adaptive,before,adaptive,qwen,188,2,1,False,ok,0,False,exec_error: AttributeError: 'Series' object has no attribute 'intersection',,FA,AA,exec_error
qwen_before_adaptive,before,adaptive,qwen,188,3,1,False,ok,1,True,,False,FA,FA,semantic
qwen_before_adaptive,before,adaptive,qwen,188,4,1,False,ok,2,False,exec_error: KeyError: 'date',,FA,FA,exec_error
qwen_before_adaptive,before,adaptive,qwen,189,0,2,True,ok,3,False,exec_error: KeyError: 'Column not found: A2',,FA,FA,exec_error
qwen_before_adaptive,before,adaptive,qwen,189,1,2,True,ok,2,False,exec_error: KeyError: 'Column not found: A1',,FA,FA,exec_error
qwen_before_adaptive,before,adaptive,qwen,189,2,2,True,ok,1,False,exec_error: ValueError: Cannot subset columns with a tuple with more than one element. Use a list instead.,,FA,AA,exec_error
qwen_before_adaptive,before,adaptive,qwen,189,3,2,True,ok,2,True,,False,FA,FA,semantic
qwen_before_adaptive,before,adaptive,qwen,189,4,2,True,ok,2,False,exec_error: KeyError: 'Column not found: income',,FA,FA,exec_error
qwen_before_adaptive,before,adaptive,qwen,190,0,1,False,ok,1,True,,False,FA,FA,semantic
qwen_before_adaptive,before,adaptive,qwen,190,1,1,False,ok,1,False,"exec_error: KeyError: ""['A1'] not in index""",,FA,FA,exec_error
qwen_before_adaptive,before,adaptive,qwen,190,2,1,False,ok,1,False,exec_error: KeyError: 'A1',,FA,FA,exec_error
qwen_before_adaptive,before,adaptive,qwen,190,3,1,False,ok,1,True,,False,FA,FA,semantic
qwen_before_adaptive,before,adaptive,qwen,190,4,1,False,ok,0,False,exec_error: NameError: name 'clients' is not defined,,FA,AA,exec_error
qwen_before_adaptive,before,adaptive,qwen,191,0,1,False,ok,0,True,,False,AA,AA,semantic
qwen_before_adaptive,before,adaptive,qwen,191,1,1,False,ok,0,True,,False,AA,AA,semantic
qwen_before_adaptive,before,adaptive,qwen,191,2,1,False,ok,1,True,,False,FA,FA,semantic
qwen_before_adaptive,before,adaptive,qwen,191,3,1,False,ok,1,True,,False,FA,FA,semantic
qwen_before_adaptive,before,adaptive,qwen,191,4,1,False,ok,1,True,,False,FA,FA,semantic
qwen_before_adaptive,before,adaptive,qwen,192,0,1,False,ok,1,True,,False,FA,FA,semantic
qwen_before_adaptive,before,adaptive,qwen,192,1,1,False,ok,1,True,,False,FA,FA,semantic
qwen_before_adaptive,before,adaptive,qwen,192,2,1,False,ok,1,True,,False,FA,FA,semantic
qwen_before_adaptive,before,adaptive,qwen,192,3,1,False,ok,1,True,,False,FA,FA,semantic
qwen_before_adaptive,before,adaptive,qwen,192,4,1,False,ok,1,True,,False,FA,FA,semantic
qwen_before_adaptive,before,adaptive,qwen,193,0,2,True,ok,1,True,,False,AA,AA,semantic
qwen_before_adaptive,before,adaptive,qwen,193,1,2,True,ok,1,True,,False,AA,AA,semantic
qwen_before_adaptive,before,adaptive,qwen,193,2,2,True,ok,1,False,exec_error: KeyError: 'client_id',,FA,AA,exec_error
qwen_before_adaptive,before,adaptive,qwen,193,3,2,True,ok,1,True,,False,AA,AA,semantic
qwen_before_adaptive,before,adaptive,qwen,193,4,2,True,ok,0,False,exec_error: TypeError: '>' not supported between instances of 'str' and 'int',,FA,AA,exec_error
qwen_before_adaptive,before,adaptive,qwen,194,0,2,True,ok,2,False,"exec_error: ValueError: Cannot convert from timedelta64[us] to timedelta64[Y]. Supported resolutions are 's', 'ms', 'us', 'ns'",,FA,FA,exec_error
qwen_before_adaptive,before,adaptive,qwen,194,1,2,True,ok,1,False,exec_error: KeyError: 'disp_id',,FA,AA,exec_error
qwen_before_adaptive,before,adaptive,qwen,194,2,2,True,ok,2,False,exec_error: AttributeError: 'Series' object has no attribute 'days',,FA,FA,exec_error
qwen_before_adaptive,before,adaptive,qwen,194,3,2,True,ok,2,False,"exec_error: ValueError: Cannot convert from timedelta64[us] to timedelta64[Y]. Supported resolutions are 's', 'ms', 'us', 'ns'",,FA,FA,exec_error
qwen_before_adaptive,before,adaptive,qwen,194,4,2,True,ok,2,False,exec_error: KeyError: 'card_type',,FA,FA,exec_error
llama_before_baseline,before,baseline,llama,89,0,1,False,ok,1,True,,False,FA,FA,semantic
llama_before_baseline,before,baseline,llama,89,1,1,False,ok,2,False,exec_error: KeyError: 'type',,FA,FA,exec_error
llama_before_baseline,before,baseline,llama,89,2,1,False,ok,1,False,exec_error: ValueError: Can only compare identically-labeled Series objects,,FA,FA,exec_error
llama_before_baseline,before,baseline,llama,89,3,1,False,ok,2,False,exec_error: KeyError: 'account_id',,FA,FA,exec_error
llama_before_baseline,before,baseline,llama,89,4,1,False,ok,0,False,exec_error: KeyError: 'account_id',,FA,AA,exec_error
llama_before_baseline,before,baseline,llama,90,0,2,False,ok,1,False,exec_error: KeyError: 'A1',,FA,AA,exec_error
llama_before_baseline,before,baseline,llama,90,1,2,False,ok,2,True,,False,FA,FA,semantic
llama_before_baseline,before,baseline,llama,90,2,2,False,ok,1,False,exec_error: KeyError: 'A1',,FA,AA,exec_error
llama_before_baseline,before,baseline,llama,90,3,2,False,ok,2,True,,False,FA,FA,semantic
llama_before_baseline,before,baseline,llama,90,4,2,False,ok,0,True,,False,AA,AA,semantic
llama_before_baseline,before,baseline,llama,91,0,0,False,ok,0,False,exec_error: KeyError: 'date',,FA,FA,exec_error
llama_before_baseline,before,baseline,llama,91,1,0,False,ok,0,False,exec_error: NameError: name 'feature_df' is not defined,,FA,FA,exec_error
llama_before_baseline,before,baseline,llama,91,2,0,False,parse_fail,0,,,,FA,FA,step1_parse_fail
llama_before_baseline,before,baseline,llama,91,3,0,False,parse_fail,0,,,,FA,FA,step1_parse_fail
llama_before_baseline,before,baseline,llama,91,4,0,False,ok,0,False,exec_error: KeyError: 'date',,FA,FA,exec_error
llama_before_baseline,before,baseline,llama,92,0,1,False,ok,5,False,exec_error: KeyError: 'disp_id',,FA,FA,exec_error
llama_before_baseline,before,baseline,llama,92,1,1,False,ok,3,False,exec_error: KeyError: 'client_id',,FA,FA,exec_error
llama_before_baseline,before,baseline,llama,92,2,1,False,ok,2,False,"exec_error: KeyError: ""['salary'] not in index""",,FA,FA,exec_error
llama_before_baseline,before,baseline,llama,92,3,1,False,ok,2,False,exec_error: TypeError: dtype 'str' does not support operation 'mean',,FA,FA,exec_error
llama_before_baseline,before,baseline,llama,92,4,1,False,ok,2,False,exec_error: TypeError: dtype 'str' does not support operation 'mean',,FA,FA,exec_error
llama_before_baseline,before,baseline,llama,93,0,1,False,ok,3,False,exec_error: KeyError: 'amount',,FA,FA,exec_error
llama_before_baseline,before,baseline,llama,93,1,1,False,ok,2,False,exec_error: KeyError: 'client_id',,FA,FA,exec_error
llama_before_baseline,before,baseline,llama,93,2,1,False,ok,3,False,"exec_error: ValueError: Operands are not aligned. Do `left, right = left.align(right, axis=1)` before operating.",,FA,FA,exec_error
llama_before_baseline,before,baseline,llama,93,3,1,False,ok,2,False,exec_error: TypeError: dtype 'str' does not support operation 'mean',,FA,FA,exec_error
llama_before_baseline,before,baseline,llama,93,4,1,False,ok,1,True,,False,FA,FA,semantic
llama_before_baseline,before,baseline,llama,94,0,3,True,ok,1,False,exec_error: KeyError: 'client_id',,FA,AA,exec_error
llama_before_baseline,before,baseline,llama,94,1,3,True,ok,4,False,exec_error: KeyError: 'account_id',,FA,FA,exec_error
llama_before_baseline,before,baseline,llama,94,2,3,True,ok,1,False,exec_error: KeyError: 'client_id',,FA,AA,exec_error
llama_before_baseline,before,baseline,llama,94,3,3,True,ok,1,False,exec_error: KeyError: 'account_id',,FA,AA,exec_error
llama_before_baseline,before,baseline,llama,94,4,3,True,ok,3,False,exec_error: KeyError: 'account_id',,FA,FA,exec_error
llama_before_baseline,before,baseline,llama,95,0,3,True,ok,3,False,exec_error: KeyError: 'client_id',,FA,FA,exec_error
llama_before_baseline,before,baseline,llama,95,1,3,True,ok,3,False,exec_error: KeyError: 'disp_id',,FA,FA,exec_error
llama_before_baseline,before,baseline,llama,95,2,3,True,ok,0,False,exec_error: KeyError: 'birth_date',,FA,AA,exec_error
llama_before_baseline,before,baseline,llama,95,3,3,True,ok,8,False,exec_error: KeyError: 'client_id',,FA,FA,exec_error
llama_before_baseline,before,baseline,llama,95,4,3,True,ok,2,False,exec_error: KeyError: 'account_id',,FA,AA,exec_error
llama_before_baseline,before,baseline,llama,96,0,1,True,ok,1,False,exec_error: KeyError: 'account_id',,FA,FA,exec_error
llama_before_baseline,before,baseline,llama,96,1,1,True,ok,1,False,exec_error: KeyError: 'client_id',,FA,FA,exec_error
llama_before_baseline,before,baseline,llama,96,2,1,True,ok,2,False,exec_error: KeyError: 'frequency',,FA,FA,exec_error
llama_before_baseline,before,baseline,llama,96,3,1,True,ok,2,False,exec_error: KeyError: 'disp_id',,FA,FA,exec_error
llama_before_baseline,before,baseline,llama,96,4,1,True,ok,1,False,exec_error: KeyError: 'frequency',,FA,FA,exec_error
llama_before_baseline,before,baseline,llama,97,0,1,True,ok,7,False,exec_error: KeyError: 'disp_id',,FA,FA,exec_error
llama_before_baseline,before,baseline,llama,97,1,1,True,ok,1,False,exec_error: KeyError: 'client_id',,FA,FA,exec_error
llama_before_baseline,before,baseline,llama,97,2,1,True,ok,1,False,exec_error: KeyError: 'disp_id',,FA,FA,exec_error
llama_before_baseline,before,baseline,llama,97,3,1,True,ok,1,False,exec_error: TypeError: unsupported operand type(s) for &: 'str' and 'StringArray',,FA,FA,exec_error
llama_before_baseline,before,baseline,llama,97,4,1,True,ok,1,False,exec_error: ValueError: Can only compare identically-labeled Series objects,,FA,FA,exec_error
llama_before_baseline,before,baseline,llama,98,0,1,False,ok,2,False,"exec_error: AttributeError: Can only use .str accessor with string values, not datetime64",,FA,FA,exec_error
llama_before_baseline,before,baseline,llama,98,1,1,False,ok,1,False,"exec_error: AttributeError: Can only use .str accessor with string values, not datetime64",,FA,FA,exec_error
llama_before_baseline,before,baseline,llama,98,2,1,False,ok,2,False,exec_error: KeyError: 'date',,FA,FA,exec_error
llama_before_baseline,before,baseline,llama,98,3,1,False,ok,4,False,"exec_error: AttributeError: Can only use .str accessor with string values, not datetime64",,FA,FA,exec_error
llama_before_baseline,before,baseline,llama,98,4,1,False,ok,0,False,"exec_error: AttributeError: Can only use .str accessor with string values, not datetime64",,FA,AA,exec_error
llama_before_baseline,before,baseline,llama,99,0,1,False,ok,2,False,exec_error: KeyError: 'issued',,FA,FA,exec_error
llama_before_baseline,before,baseline,llama,99,1,1,False,ok,2,False,"exec_error: ValueError: Operands are not aligned. Do `left, right = left.align(right, axis=1)` before operating.",,FA,FA,exec_error
llama_before_baseline,before,baseline,llama,99,2,1,False,ok,2,False,exec_error: TypeError: unsupported operand type(s) for -: 'Timestamp' and 'str',,FA,FA,exec_error
llama_before_baseline,before,baseline,llama,99,3,1,False,ok,1,False,exec_error: KeyError: 'date',,FA,FA,exec_error
llama_before_baseline,before,baseline,llama,99,4,1,False,ok,1,False,"exec_error: AttributeError: Can only use .str accessor with string values, not datetime64",,FA,FA,exec_error
llama_before_baseline,before,baseline,llama,100,0,1,False,ok,0,True,,False,AA,AA,semantic
llama_before_baseline,before,baseline,llama,100,1,1,False,ok,0,False,exec_error: AttributeError: 'Timestamp' object has no attribute 'split',,FA,AA,exec_error
llama_before_baseline,before,baseline,llama,100,2,1,False,ok,0,False,exec_error: KeyError: 'client_id',,FA,AA,exec_error
llama_before_baseline,before,baseline,llama,100,3,1,False,ok,0,True,,False,AA,AA,semantic
llama_before_baseline,before,baseline,llama,100,4,1,False,ok,0,True,,False,AA,AA,semantic
llama_before_baseline,before,baseline,llama,101,0,0,False,ok,0,False,"exec_error: AttributeError: Can only use .str accessor with string values, not datetime64",,FA,FA,exec_error
llama_before_baseline,before,baseline,llama,101,1,0,False,ok,1,False,exec_error: KeyError: 'date',,FA,FA,exec_error
llama_before_baseline,before,baseline,llama,101,2,0,False,ok,1,False,exec_error: KeyError: 'trans',,FA,FA,exec_error
llama_before_baseline,before,baseline,llama,101,3,0,False,ok,1,False,exec_error: NameError: name 'accounts' is not defined,,FA,FA,exec_error
llama_before_baseline,before,baseline,llama,101,4,0,False,ok,1,False,"exec_error: AttributeError: Can only use .str accessor with string values, not datetime64",,FA,FA,exec_error
llama_before_baseline,before,baseline,llama,102,0,1,False,ok,1,False,"exec_error: ValueError: Operands are not aligned. Do `left, right = left.align(right, axis=1)` before operating.",,FA,FA,exec_error
llama_before_baseline,before,baseline,llama,102,1,1,False,ok,1,True,,False,FA,FA,semantic
llama_before_baseline,before,baseline,llama,102,2,1,False,ok,1,False,exec_error: AttributeError: 'numpy.ndarray' object has no attribute 'isin',,FA,FA,exec_error
llama_before_baseline,before,baseline,llama,102,3,1,False,ok,1,False,"exec_error: ValueError: Operands are not aligned. Do `left, right = left.align(right, axis=1)` before operating.",,FA,FA,exec_error
llama_before_baseline,before,baseline,llama,102,4,1,False,ok,3,False,exec_error: KeyError: 'date',,FA,FA,exec_error
llama_before_baseline,before,baseline,llama,103,0,2,True,ok,0,False,exec_error: FileNotFoundError: [Errno 2] No such file or directory: 'card.csv',,FA,AA,exec_error
llama_before_baseline,before,baseline,llama,103,1,2,True,ok,2,True,,False,FA,FA,semantic
llama_before_baseline,before,baseline,llama,103,2,2,True,ok,1,False,exec_error: KeyError: 'disp_id',,FA,AA,exec_error
llama_before_baseline,before,baseline,llama,103,3,2,True,ok,1,False,exec_error: KeyError: 'disp_id',,FA,AA,exec_error
llama_before_baseline,before,baseline,llama,103,4,2,True,ok,1,False,exec_error: FileNotFoundError: [Errno 2] No such file or directory: 'card.csv',,FA,AA,exec_error
llama_before_baseline,before,baseline,llama,104,0,1,False,ok,0,True,,True,AA,AA,success
llama_before_baseline,before,baseline,llama,104,1,1,False,ok,2,False,exec_error: IndexError: single positional indexer is out-of-bounds,,FA,FA,exec_error
llama_before_baseline,before,baseline,llama,104,2,1,False,ok,0,False,exec_error: ValueError: Can only compare identically-labeled Series objects,,FA,AA,exec_error
llama_before_baseline,before,baseline,llama,104,3,1,False,ok,0,True,,False,AA,AA,semantic
llama_before_baseline,before,baseline,llama,104,4,1,False,ok,1,True,,True,SA,SA,success
llama_before_baseline,before,baseline,llama,105,0,1,False,ok,0,False,exec_error: IndexError: index 0 is out of bounds for axis 0 with size 0,,FA,AA,exec_error
llama_before_baseline,before,baseline,llama,105,1,1,False,ok,0,False,exec_error: KeyError: 'district_id',,FA,AA,exec_error
llama_before_baseline,before,baseline,llama,105,2,1,False,ok,1,False,exec_error: IndexError: index 0 is out of bounds for axis 0 with size 0,,FA,FA,exec_error
llama_before_baseline,before,baseline,llama,105,3,1,False,ok,0,False,exec_error: KeyError: 'disp_id',,FA,AA,exec_error
llama_before_baseline,before,baseline,llama,105,4,1,False,ok,1,True,,True,SA,SA,success
llama_before_baseline,before,baseline,llama,106,0,3,True,ok,0,False,exec_error: FileNotFoundError: [Errno 2] No such file or directory: 'account.csv',,FA,AA,exec_error
llama_before_baseline,before,baseline,llama,106,1,3,True,ok,0,False,exec_error: KeyError: 'issued',,FA,AA,exec_error
llama_before_baseline,before,baseline,llama,106,2,3,True,ok,0,False,exec_error: KeyError: 'client_id',,FA,AA,exec_error
llama_before_baseline,before,baseline,llama,106,3,3,True,ok,0,False,"exec_error: ValueError: Operands are not aligned. Do `left, right = left.align(right, axis=1)` before operating.",,FA,AA,exec_error
llama_before_baseline,before,baseline,llama,106,4,3,True,ok,2,False,exec_error: KeyError: 'client_id',,FA,AA,exec_error
llama_before_baseline,before,baseline,llama,107,0,1,False,ok,4,False,"exec_error: TypeError: can only concatenate str (not ""int"") to str",,FA,FA,exec_error
llama_before_baseline,before,baseline,llama,107,1,1,False,ok,2,False,exec_error: KeyError: 'account_id',,FA,FA,exec_error
llama_before_baseline,before,baseline,llama,107,2,1,False,ok,3,False,exec_error: KeyError: 'account_id',,FA,FA,exec_error
llama_before_baseline,before,baseline,llama,107,3,1,False,ok,3,False,exec_error: KeyError: 'account_id',,FA,FA,exec_error
llama_before_baseline,before,baseline,llama,107,4,1,False,ok,3,False,exec_error: KeyError: 'account_id',,FA,FA,exec_error
llama_before_baseline,before,baseline,llama,108,0,2,False,ok,0,False,exec_error: KeyError: 'client_id',,FA,AA,exec_error
llama_before_baseline,before,baseline,llama,108,1,2,False,ok,1,False,exec_error: KeyError: 'date',,FA,AA,exec_error
llama_before_baseline,before,baseline,llama,108,2,2,False,ok,1,True,,False,AA,AA,semantic
llama_before_baseline,before,baseline,llama,108,3,2,False,ok,0,True,,False,AA,AA,semantic
llama_before_baseline,before,baseline,llama,108,4,2,False,ok,0,True,,False,AA,AA,semantic
llama_before_baseline,before,baseline,llama,109,0,1,False,ok,2,False,"exec_error: AttributeError: Can only use .str accessor with string values, not integer",,FA,FA,exec_error
llama_before_baseline,before,baseline,llama,109,1,1,False,ok,2,False,exec_error: KeyError: 'client_id',,FA,FA,exec_error
llama_before_baseline,before,baseline,llama,109,2,1,False,ok,1,False,exec_error: KeyError: 'client_id',,FA,FA,exec_error
llama_before_baseline,before,baseline,llama,109,3,1,False,ok,1,False,"exec_error: ValueError: Operands are not aligned. Do `left, right = left.align(right, axis=1)` before operating.",,FA,FA,exec_error
llama_before_baseline,before,baseline,llama,109,4,1,False,ok,0,True,,False,AA,AA,semantic
llama_before_baseline,before,baseline,llama,110,0,2,True,ok,1,True,,False,AA,AA,semantic
llama_before_baseline,before,baseline,llama,110,1,2,True,ok,2,True,,False,FA,FA,semantic
llama_before_baseline,before,baseline,llama,110,2,2,True,ok,0,False,"exec_error: ValueError: Operands are not aligned. Do `left, right = left.align(right, axis=1)` before operating.",,FA,AA,exec_error
llama_before_baseline,before,baseline,llama,110,3,2,True,ok,1,True,,False,AA,AA,semantic
llama_before_baseline,before,baseline,llama,110,4,2,True,ok,0,True,,False,AA,AA,semantic
llama_before_baseline,before,baseline,llama,111,0,1,False,ok,0,False,"exec_error: AttributeError: Can only use .str accessor with string values, not datetime64",,FA,AA,exec_error
llama_before_baseline,before,baseline,llama,111,1,1,False,ok,0,False,"exec_error: AttributeError: Can only use .str accessor with string values, not datetime64",,FA,AA,exec_error
llama_before_baseline,before,baseline,llama,111,2,1,False,ok,0,False,"exec_error: AttributeError: Can only use .str accessor with string values, not datetime64",,FA,AA,exec_error
llama_before_baseline,before,baseline,llama,111,3,1,False,ok,0,True,,False,AA,AA,semantic
llama_before_baseline,before,baseline,llama,111,4,1,False,ok,0,False,exec_error: FileNotFoundError: [Errno 2] No such file or directory: 'account.csv',,FA,AA,exec_error
llama_before_baseline,before,baseline,llama,112,0,1,False,ok,2,False,exec_error: KeyError: 'client_id',,FA,FA,exec_error
llama_before_baseline,before,baseline,llama,112,1,1,False,ok,0,False,exec_error: KeyError: 'client_id',,FA,AA,exec_error
llama_before_baseline,before,baseline,llama,112,2,1,False,ok,2,False,exec_error: KeyError: 'client_id',,FA,FA,exec_error
llama_before_baseline,before,baseline,llama,112,3,1,False,ok,1,False,exec_error: KeyError: 'account_id',,FA,FA,exec_error
llama_before_baseline,before,baseline,llama,112,4,1,False,ok,0,False,exec_error: FileNotFoundError: [Errno 2] No such file or directory: 'client.csv',,FA,AA,exec_error
llama_before_baseline,before,baseline,llama,113,0,3,True,ok,0,False,exec_error: UnboundLocalError: cannot access local variable 'loan' where it is not associated with a value,,FA,AA,exec_error
llama_before_baseline,before,baseline,llama,113,1,3,True,ok,0,False,"exec_error: ValueError: Operands are not aligned. Do `left, right = left.align(right, axis=1)` before operating.",,FA,AA,exec_error
llama_before_baseline,before,baseline,llama,113,2,3,True,ok,0,True,,False,AA,AA,semantic
llama_before_baseline,before,baseline,llama,113,3,3,True,ok,0,False,exec_error: KeyError: 'account_id',,FA,AA,exec_error
llama_before_baseline,before,baseline,llama,113,4,3,True,ok,2,False,exec_error: IndexError: single positional indexer is out-of-bounds,,FA,AA,exec_error
llama_before_baseline,before,baseline,llama,114,0,1,False,ok,1,False,exec_error: AttributeError: 'Series' object has no attribute 'merge',,FA,FA,exec_error
llama_before_baseline,before,baseline,llama,114,1,1,False,ok,0,False,"exec_error: ValueError: Operands are not aligned. Do `left, right = left.align(right, axis=1)` before operating.",,FA,AA,exec_error
llama_before_baseline,before,baseline,llama,114,2,1,False,ok,2,False,exec_error: KeyError: 'district_id',,FA,FA,exec_error
llama_before_baseline,before,baseline,llama,114,3,1,False,ok,1,False,exec_error: KeyError: 'district_id',,FA,FA,exec_error
llama_before_baseline,before,baseline,llama,114,4,1,False,ok,1,False,exec_error: UnboundLocalError: cannot access local variable 'account' where it is not associated with a value,,FA,FA,exec_error
llama_before_baseline,before,baseline,llama,115,0,1,False,ok,0,False,exec_error: ValueError: attempt to get argmax of an empty sequence,,FA,AA,exec_error
llama_before_baseline,before,baseline,llama,115,1,1,False,ok,0,False,exec_error: KeyError: 'A1',,FA,AA,exec_error
llama_before_baseline,before,baseline,llama,115,2,1,False,ok,0,False,exec_error: KeyError: 'Znojmo',,FA,AA,exec_error
llama_before_baseline,before,baseline,llama,115,3,1,False,ok,0,False,exec_error: IndexError: index 0 is out of bounds for axis 0 with size 0,,FA,AA,exec_error
llama_before_baseline,before,baseline,llama,115,4,1,False,ok,0,True,,False,AA,AA,semantic
llama_before_baseline,before,baseline,llama,116,0,2,False,ok,3,True,,False,FA,FA,semantic
llama_before_baseline,before,baseline,llama,116,1,2,False,ok,1,False,exec_error: IndexError: single positional indexer is out-of-bounds,,FA,AA,exec_error
llama_before_baseline,before,baseline,llama,116,2,2,False,ok,0,True,,False,AA,AA,semantic
llama_before_baseline,before,baseline,llama,116,3,2,False,ok,0,True,,False,AA,AA,semantic
llama_before_baseline,before,baseline,llama,116,4,2,False,ok,0,True,,False,AA,AA,semantic
llama_before_baseline,before,baseline,llama,117,0,0,False,ok,0,True,,False,FA,FA,semantic
llama_before_baseline,before,baseline,llama,117,1,0,False,ok,0,False,exec_error: KeyError: 'k_symbol',,FA,FA,exec_error
llama_before_baseline,before,baseline,llama,117,2,0,False,ok,0,True,,False,FA,FA,semantic
llama_before_baseline,before,baseline,llama,117,3,0,False,ok,0,True,,False,FA,FA,semantic
llama_before_baseline,before,baseline,llama,117,4,0,False,ok,0,True,,False,FA,FA,semantic
llama_before_baseline,before,baseline,llama,118,0,0,False,ok,1,False,"exec_error: ValueError: Operands are not aligned. Do `left, right = left.align(right, axis=1)` before operating.",,FA,FA,exec_error
llama_before_baseline,before,baseline,llama,118,1,0,False,ok,1,True,,False,FA,FA,semantic
llama_before_baseline,before,baseline,llama,118,2,0,False,ok,0,True,,False,FA,FA,semantic
llama_before_baseline,before,baseline,llama,118,3,0,False,ok,1,True,,False,FA,FA,semantic
llama_before_baseline,before,baseline,llama,118,4,0,False,ok,2,True,,False,FA,FA,semantic
llama_before_baseline,before,baseline,llama,119,0,1,False,ok,7,False,exec_error: KeyError: 'account_id',,FA,FA,exec_error
llama_before_baseline,before,baseline,llama,119,1,1,False,ok,4,False,"exec_error: AttributeError: Can only use .str accessor with string values, not datetime64",,FA,FA,exec_error
llama_before_baseline,before,baseline,llama,119,2,1,False,ok,1,False,"exec_error: AttributeError: Can only use .str accessor with string values, not datetime64",,FA,FA,exec_error
llama_before_baseline,before,baseline,llama,119,3,1,False,ok,6,False,exec_error: KeyError: 'account_id',,FA,FA,exec_error
llama_before_baseline,before,baseline,llama,119,4,1,False,ok,5,False,exec_error: KeyError: 'disp_id',,FA,FA,exec_error
llama_before_baseline,before,baseline,llama,120,0,1,False,ok,0,False,exec_error: TypeError: Invalid comparison between dtype=datetime64[us] and str,,FA,AA,exec_error
llama_before_baseline,before,baseline,llama,120,1,1,False,ok,0,False,exec_error: IndexError: Boolean index has wrong length: 4500 instead of 0,,FA,AA,exec_error
llama_before_baseline,before,baseline,llama,120,2,1,False,ok,0,False,exec_error: IndexError: index 0 is out of bounds for axis 0 with size 0,,FA,AA,exec_error
llama_before_baseline,before,baseline,llama,120,3,1,False,ok,1,False,exec_error: IndexError: index 0 is out of bounds for axis 0 with size 0,,FA,FA,exec_error
llama_before_baseline,before,baseline,llama,120,4,1,False,ok,0,False,exec_error: KeyError: 'account_id',,FA,AA,exec_error
llama_before_baseline,before,baseline,llama,121,0,1,False,ok,1,False,exec_error: KeyError: 'A2',,FA,FA,exec_error
llama_before_baseline,before,baseline,llama,121,1,1,False,ok,0,True,,False,AA,AA,semantic
llama_before_baseline,before,baseline,llama,121,2,1,False,ok,1,True,,True,SA,SA,success
llama_before_baseline,before,baseline,llama,121,3,1,False,ok,1,True,,True,SA,SA,success
llama_before_baseline,before,baseline,llama,121,4,1,False,ok,1,True,,True,SA,SA,success
llama_before_baseline,before,baseline,llama,122,0,2,False,ok,2,True,,False,FA,FA,semantic
llama_before_baseline,before,baseline,llama,122,1,2,False,ok,2,True,,False,FA,FA,semantic
llama_before_baseline,before,baseline,llama,122,2,2,False,ok,3,False,exec_error: KeyError: 'account_id',,FA,FA,exec_error
llama_before_baseline,before,baseline,llama,122,3,2,False,ok,2,True,,False,FA,FA,semantic
llama_before_baseline,before,baseline,llama,122,4,2,False,ok,3,True,,False,FA,FA,semantic
llama_before_baseline,before,baseline,llama,123,0,2,False,ok,2,True,,False,FA,FA,semantic
llama_before_baseline,before,baseline,llama,123,1,2,False,ok,2,True,,False,FA,FA,semantic
llama_before_baseline,before,baseline,llama,123,2,2,False,ok,2,True,,False,FA,FA,semantic
llama_before_baseline,before,baseline,llama,123,3,2,False,ok,2,True,,False,FA,FA,semantic
llama_before_baseline,before,baseline,llama,123,4,2,False,ok,2,True,,False,FA,FA,semantic
llama_before_baseline,before,baseline,llama,124,0,2,False,ok,2,False,exec_error: TypeError: dtype 'str' does not support operation 'mean',,FA,FA,exec_error
llama_before_baseline,before,baseline,llama,124,1,2,False,ok,4,False,exec_error: KeyError: 'account_id',,FA,FA,exec_error
llama_before_baseline,before,baseline,llama,124,2,2,False,ok,3,False,exec_error: KeyError: 'client_id',,FA,FA,exec_error
llama_before_baseline,before,baseline,llama,124,3,2,False,ok,3,False,exec_error: KeyError: 'account_id',,FA,FA,exec_error
llama_before_baseline,before,baseline,llama,124,4,2,False,ok,3,False,exec_error: KeyError: 'account_id',,FA,FA,exec_error
llama_before_baseline,before,baseline,llama,125,0,2,False,ok,3,False,exec_error: KeyError: 'balance',,FA,FA,exec_error
llama_before_baseline,before,baseline,llama,125,1,2,False,ok,1,False,exec_error: KeyError: 'debt',,FA,AA,exec_error
llama_before_baseline,before,baseline,llama,125,2,2,False,ok,4,False,exec_error: KeyError: 'debt',,FA,FA,exec_error
llama_before_baseline,before,baseline,llama,125,3,2,False,ok,1,False,exec_error: NameError: name 'df_loan_status' is not defined,,FA,AA,exec_error
llama_before_baseline,before,baseline,llama,125,4,2,False,ok,4,False,"exec_error: KeyError: ""None of [Index(['account_id'], dtype='str')] are in the [columns]""",,FA,FA,exec_error
llama_before_baseline,before,baseline,llama,126,0,1,False,ok,0,True,,False,AA,AA,semantic
llama_before_baseline,before,baseline,llama,126,1,1,False,ok,0,False,"exec_error: AttributeError: Can only use .str accessor with string values, not datetime64",,FA,AA,exec_error
llama_before_baseline,before,baseline,llama,126,2,1,False,ok,1,False,"exec_error: AttributeError: Can only use .str accessor with string values, not datetime64",,FA,FA,exec_error
llama_before_baseline,before,baseline,llama,126,3,1,False,ok,0,False,"exec_error: AttributeError: Can only use .str accessor with string values, not datetime64",,FA,AA,exec_error
llama_before_baseline,before,baseline,llama,126,4,1,False,ok,0,False,exec_error: NameError: name 'accounts' is not defined,,FA,AA,exec_error
llama_before_baseline,before,baseline,llama,127,0,0,False,ok,0,True,,False,FA,FA,semantic
llama_before_baseline,before,baseline,llama,127,1,0,False,ok,0,True,,False,FA,FA,semantic
llama_before_baseline,before,baseline,llama,127,2,0,False,ok,0,True,,False,FA,FA,semantic
llama_before_baseline,before,baseline,llama,127,3,0,False,ok,1,False,exec_error: KeyError: 'account_id',,FA,FA,exec_error
llama_before_baseline,before,baseline,llama,127,4,0,False,ok,0,True,,False,FA,FA,semantic
llama_before_baseline,before,baseline,llama,128,0,1,False,ok,1,False,exec_error: KeyError: 'account_id',,FA,FA,exec_error
llama_before_baseline,before,baseline,llama,128,1,1,False,ok,1,False,exec_error: KeyError: 'account_id',,FA,FA,exec_error
llama_before_baseline,before,baseline,llama,128,2,1,False,ok,1,False,exec_error: KeyError: 'district_id',,FA,FA,exec_error
llama_before_baseline,before,baseline,llama,128,3,1,False,ok,2,True,,False,FA,FA,semantic
llama_before_baseline,before,baseline,llama,128,4,1,False,ok,1,False,exec_error: KeyError: 'account_id',,FA,FA,exec_error
llama_before_baseline,before,baseline,llama,129,0,2,False,ok,1,False,exec_error: KeyError: 'date',,FA,AA,exec_error
llama_before_baseline,before,baseline,llama,129,1,2,False,ok,1,False,exec_error: KeyError: 'k_symbol',,FA,AA,exec_error
llama_before_baseline,before,baseline,llama,129,2,2,False,ok,1,False,"exec_error: AttributeError: Can only use .str accessor with string values, not datetime64",,FA,AA,exec_error
llama_before_baseline,before,baseline,llama,129,3,2,False,ok,2,False,exec_error: KeyError: 'account_id',,FA,FA,exec_error
llama_before_baseline,before,baseline,llama,129,4,2,False,ok,3,False,exec_error: AttributeError: 'Timestamp' object has no attribute 'split',,FA,FA,exec_error
llama_before_baseline,before,baseline,llama,130,0,2,True,ok,0,False,exec_error: KeyError: 'account_id',,FA,AA,exec_error
llama_before_baseline,before,baseline,llama,130,1,2,True,ok,2,False,exec_error: KeyError: 'account_id',,FA,FA,exec_error
llama_before_baseline,before,baseline,llama,130,2,2,True,ok,1,False,exec_error: KeyError: 'account_id',,FA,AA,exec_error
llama_before_baseline,before,baseline,llama,130,3,2,True,ok,2,False,exec_error: KeyError: 'account_id',,FA,FA,exec_error
llama_before_baseline,before,baseline,llama,130,4,2,True,ok,1,False,exec_error: IndexError: index 0 is out of bounds for axis 0 with size 0,,FA,AA,exec_error
llama_before_baseline,before,baseline,llama,131,0,2,False,ok,2,False,exec_error: KeyError: 'district',,FA,FA,exec_error
llama_before_baseline,before,baseline,llama,131,1,2,False,ok,2,False,exec_error: ValueError: attempt to get argmax of an empty sequence,,FA,FA,exec_error
llama_before_baseline,before,baseline,llama,131,2,2,False,ok,2,False,"exec_error: KeyError: ""['A1'] not in index""",,FA,FA,exec_error
llama_before_baseline,before,baseline,llama,131,3,2,False,ok,2,True,,False,FA,FA,semantic
llama_before_baseline,before,baseline,llama,131,4,2,False,ok,1,False,exec_error: ValueError: attempt to get argmax of an empty sequence,,FA,AA,exec_error
llama_before_baseline,before,baseline,llama,132,0,3,True,ok,2,False,exec_error: KeyError: 'account_id',,FA,AA,exec_error
llama_before_baseline,before,baseline,llama,132,1,3,True,ok,3,True,,False,FA,FA,semantic
llama_before_baseline,before,baseline,llama,132,2,3,True,ok,1,False,exec_error: KeyError: 'client_id',,FA,AA,exec_error
llama_before_baseline,before,baseline,llama,132,3,3,True,ok,1,False,exec_error: KeyError: 'account_id',,FA,AA,exec_error
llama_before_baseline,before,baseline,llama,132,4,3,True,ok,1,False,exec_error: KeyError: 'client_id',,FA,AA,exec_error
llama_before_baseline,before,baseline,llama,133,0,0,False,ok,2,False,exec_error: AttributeError: 'Timestamp' object has no attribute 'startswith',,FA,FA,exec_error
llama_before_baseline,before,baseline,llama,133,1,0,False,ok,2,False,exec_error: KeyError: 'Column not found: date',,FA,FA,exec_error
llama_before_baseline,before,baseline,llama,133,2,0,False,ok,1,False,exec_error: ValueError: DataFrame constructor not properly called!,,FA,FA,exec_error
llama_before_baseline,before,baseline,llama,133,3,0,False,ok,2,False,"exec_error: AttributeError: Can only use .str accessor with string values, not datetime64",,FA,FA,exec_error
llama_before_baseline,before,baseline,llama,133,4,0,False,ok,3,False,exec_error: AttributeError: 'Timestamp' object has no attribute 'startswith',,FA,FA,exec_error
llama_before_baseline,before,baseline,llama,134,0,1,False,ok,1,False,exec_error: KeyError: 'disp_id',,FA,FA,exec_error
llama_before_baseline,before,baseline,llama,134,1,1,False,ok,0,False,"exec_error: ValueError: cannot insert account_id, already exists",,FA,AA,exec_error
llama_before_baseline,before,baseline,llama,134,2,1,False,ok,1,False,"exec_error: AttributeError: Can only use .str accessor with string values, not datetime64",,FA,FA,exec_error
llama_before_baseline,before,baseline,llama,134,3,1,False,ok,3,False,exec_error: KeyError: 'disp_id',,FA,FA,exec_error
llama_before_baseline,before,baseline,llama,134,4,1,False,ok,1,True,,True,SA,SA,success
llama_before_baseline,before,baseline,llama,135,0,1,False,ok,1,False,exec_error: KeyError: 'disp_id',,FA,FA,exec_error
llama_before_baseline,before,baseline,llama,135,1,1,False,ok,2,False,exec_error: KeyError: 'account_id',,FA,FA,exec_error
llama_before_baseline,before,baseline,llama,135,2,1,False,ok,2,False,exec_error: KeyError: 'frequency',,FA,FA,exec_error
llama_before_baseline,before,baseline,llama,135,3,1,False,ok,2,False,exec_error: KeyError: 'account_id',,FA,FA,exec_error
llama_before_baseline,before,baseline,llama,135,4,1,False,ok,2,True,,False,FA,FA,semantic
llama_before_baseline,before,baseline,llama,136,0,1,False,ok,0,True,,False,AA,AA,semantic
llama_before_baseline,before,baseline,llama,136,1,1,False,ok,1,True,,False,FA,FA,semantic
llama_before_baseline,before,baseline,llama,136,2,1,False,ok,2,False,exec_error: KeyError: 'account_id',,FA,FA,exec_error
llama_before_baseline,before,baseline,llama,136,3,1,False,ok,2,False,exec_error: KeyError: 'disp_id',,FA,FA,exec_error
llama_before_baseline,before,baseline,llama,136,4,1,False,ok,1,False,exec_error: KeyError: 'disp_id',,FA,FA,exec_error
llama_before_baseline,before,baseline,llama,137,0,2,False,ok,2,True,,False,FA,FA,semantic
llama_before_baseline,before,baseline,llama,137,1,2,False,ok,1,True,,False,AA,AA,semantic
llama_before_baseline,before,baseline,llama,137,2,2,False,ok,1,False,exec_error: IndexError: single positional indexer is out-of-bounds,,FA,AA,exec_error
llama_before_baseline,before,baseline,llama,137,3,2,False,ok,0,False,exec_error: KeyError: 'A1',,FA,AA,exec_error
llama_before_baseline,before,baseline,llama,137,4,2,False,ok,0,True,,False,AA,AA,semantic
llama_before_baseline,before,baseline,llama,138,0,1,False,ok,0,False,exec_error: TypeError: '>' not supported between instances of 'str' and 'int',,FA,AA,exec_error
llama_before_baseline,before,baseline,llama,138,1,1,False,ok,0,False,"exec_error: AttributeError: Can only use .str accessor with string values, not datetime64",,FA,AA,exec_error
llama_before_baseline,before,baseline,llama,138,2,1,False,ok,1,False,exec_error: KeyError: 'crimes',,FA,FA,exec_error
llama_before_baseline,before,baseline,llama,138,3,1,False,ok,0,False,"exec_error: AttributeError: Can only use .str accessor with string values, not datetime64",,FA,AA,exec_error
llama_before_baseline,before,baseline,llama,138,4,1,False,ok,2,False,exec_error: KeyError: 'date',,FA,FA,exec_error
llama_before_baseline,before,baseline,llama,139,0,1,True,ok,1,False,exec_error: KeyError: 'type',,FA,FA,exec_error
llama_before_baseline,before,baseline,llama,139,1,1,True,ok,1,False,exec_error: KeyError: 'OWNER',,FA,FA,exec_error
llama_before_baseline,before,baseline,llama,139,2,1,True,ok,0,True,,False,AA,AA,semantic
llama_before_baseline,before,baseline,llama,139,3,1,True,ok,0,False,exec_error: KeyError: 'card_id',,FA,AA,exec_error
llama_before_baseline,before,baseline,llama,139,4,1,True,ok,0,False,exec_error: KeyError: 'card_id',,FA,AA,exec_error
llama_before_baseline,before,baseline,llama,140,0,1,False,ok,1,True,,True,SA,SA,success
llama_before_baseline,before,baseline,llama,140,1,1,False,ok,1,False,exec_error: KeyError: 'A1',,FA,FA,exec_error
llama_before_baseline,before,baseline,llama,140,2,1,False,ok,0,True,,True,AA,AA,success
llama_before_baseline,before,baseline,llama,140,3,1,False,ok,0,False,"exec_error: ValueError: Operands are not aligned. Do `left, right = left.align(right, axis=1)` before operating.",,FA,AA,exec_error
llama_before_baseline,before,baseline,llama,140,4,1,False,ok,1,True,,True,SA,SA,success
llama_before_baseline,before,baseline,llama,141,0,2,False,ok,1,False,"exec_error: AttributeError: Can only use .str accessor with string values, not datetime64",,FA,AA,exec_error
llama_before_baseline,before,baseline,llama,141,1,2,False,ok,3,False,"exec_error: AttributeError: Can only use .str accessor with string values, not datetime64",,FA,FA,exec_error
llama_before_baseline,before,baseline,llama,141,2,2,False,ok,1,False,exec_error: TypeError: Invalid comparison between dtype=datetime64[us] and str,,FA,AA,exec_error
llama_before_baseline,before,baseline,llama,141,3,2,False,ok,1,False,"exec_error: AttributeError: Can only use .str accessor with string values, not datetime64",,FA,AA,exec_error
llama_before_baseline,before,baseline,llama,141,4,2,False,ok,0,False,"exec_error: AttributeError: Can only use .str accessor with string values, not datetime64",,FA,AA,exec_error
llama_before_baseline,before,baseline,llama,142,0,2,False,ok,1,True,,False,AA,AA,semantic
llama_before_baseline,before,baseline,llama,142,1,2,False,ok,1,False,exec_error: NameError: name 'houshold_payment_orders' is not defined,,FA,AA,exec_error
llama_before_baseline,before,baseline,llama,142,2,2,False,ok,1,True,,False,AA,AA,semantic
llama_before_baseline,before,baseline,llama,142,3,2,False,ok,1,True,,False,AA,AA,semantic
llama_before_baseline,before,baseline,llama,142,4,2,False,ok,0,True,,False,AA,AA,semantic
llama_before_baseline,before,baseline,llama,143,0,1,True,ok,1,False,exec_error: KeyError: 'disp_id',,FA,FA,exec_error
llama_before_baseline,before,baseline,llama,143,1,1,True,ok,2,False,exec_error: KeyError: 'account_id',,FA,FA,exec_error
llama_before_baseline,before,baseline,llama,143,2,1,True,ok,2,False,exec_error: KeyError: 'disp_id',,FA,FA,exec_error
llama_before_baseline,before,baseline,llama,143,3,1,True,ok,1,False,exec_error: KeyError: 'type',,FA,FA,exec_error
llama_before_baseline,before,baseline,llama,143,4,1,True,ok,1,False,exec_error: KeyError: 'disp_id',,FA,FA,exec_error
llama_before_baseline,before,baseline,llama,144,0,3,True,ok,2,False,exec_error: KeyError: 'account_id',,FA,AA,exec_error
llama_before_baseline,before,baseline,llama,144,1,3,True,ok,3,False,exec_error: IndexingError: Unalignable boolean Series provided as indexer (index of the boolean Series and of the indexed object do not match).,,FA,FA,exec_error
llama_before_baseline,before,baseline,llama,144,2,3,True,ok,2,False,exec_error: KeyError: 'account_id',,FA,AA,exec_error
llama_before_baseline,before,baseline,llama,144,3,3,True,ok,1,False,"exec_error: AttributeError: Can only use .str accessor with string values, not datetime64",,FA,AA,exec_error
llama_before_baseline,before,baseline,llama,144,4,3,True,ok,3,False,exec_error: KeyError: 'disp_id',,FA,FA,exec_error
llama_before_baseline,before,baseline,llama,145,0,1,False,ok,0,False,exec_error: KeyError: 'amount',,FA,AA,exec_error
llama_before_baseline,before,baseline,llama,145,1,1,False,ok,1,False,"exec_error: AttributeError: Can only use .str accessor with string values, not datetime64",,FA,FA,exec_error
llama_before_baseline,before,baseline,llama,145,2,1,False,ok,2,False,exec_error: KeyError: 'account_id',,FA,FA,exec_error
llama_before_baseline,before,baseline,llama,145,3,1,False,ok,1,False,exec_error: KeyError: 'date',,FA,FA,exec_error
llama_before_baseline,before,baseline,llama,145,4,1,False,ok,0,False,exec_error: KeyError: 'k_symbol',,FA,AA,exec_error
llama_before_baseline,before,baseline,llama,146,0,3,True,ok,3,False,exec_error: KeyError: 'account_id',,FA,FA,exec_error
llama_before_baseline,before,baseline,llama,146,1,3,True,ok,3,False,exec_error: KeyError: 'client_id',,FA,FA,exec_error
llama_before_baseline,before,baseline,llama,146,2,3,True,ok,2,False,exec_error: KeyError: 'disp_id',,FA,AA,exec_error
llama_before_baseline,before,baseline,llama,146,3,3,True,ok,2,False,exec_error: KeyError: 'account_id',,FA,AA,exec_error
llama_before_baseline,before,baseline,llama,146,4,3,True,ok,0,False,exec_error: KeyError: 'client_id',,FA,AA,exec_error
llama_before_baseline,before,baseline,llama,147,0,1,False,ok,1,False,exec_error: KeyError: 'client_id',,FA,FA,exec_error
llama_before_baseline,before,baseline,llama,147,1,1,False,ok,3,False,exec_error: KeyError: 'client_id',,FA,FA,exec_error
llama_before_baseline,before,baseline,llama,147,2,1,False,ok,2,False,exec_error: KeyError: 'client_id',,FA,FA,exec_error
llama_before_baseline,before,baseline,llama,147,3,1,False,ok,2,True,,False,FA,FA,semantic
llama_before_baseline,before,baseline,llama,147,4,1,False,ok,2,False,exec_error: KeyError: 'account_id',,FA,FA,exec_error
llama_before_baseline,before,baseline,llama,148,0,2,True,ok,1,True,,True,AA,AA,success
llama_before_baseline,before,baseline,llama,148,1,2,True,ok,1,True,,False,AA,AA,semantic
llama_before_baseline,before,baseline,llama,148,2,2,True,ok,0,True,,False,AA,AA,semantic
llama_before_baseline,before,baseline,llama,148,3,2,True,ok,1,True,,False,AA,AA,semantic
llama_before_baseline,before,baseline,llama,148,4,2,True,ok,1,True,,True,AA,AA,success
llama_before_baseline,before,baseline,llama,149,0,2,True,ok,3,False,"exec_error: TypeError: can only concatenate str (not ""int"") to str",,FA,FA,exec_error
llama_before_baseline,before,baseline,llama,149,1,2,True,ok,3,False,"exec_error: ValueError: Operands are not aligned. Do `left, right = left.align(right, axis=1)` before operating.",,FA,FA,exec_error
llama_before_baseline,before,baseline,llama,149,2,2,True,ok,6,False,exec_error: KeyError: 'disp_id',,FA,FA,exec_error
llama_before_baseline,before,baseline,llama,149,3,2,True,ok,5,False,exec_error: KeyError: 'account_id',,FA,FA,exec_error
llama_before_baseline,before,baseline,llama,149,4,2,True,parse_fail,0,,,,FA,FA,step1_parse_fail
llama_before_baseline,before,baseline,llama,150,0,2,False,ok,1,False,exec_error: KeyError: 'A1',,FA,AA,exec_error
llama_before_baseline,before,baseline,llama,150,1,2,False,ok,1,True,,False,AA,AA,semantic
llama_before_baseline,before,baseline,llama,150,2,2,False,ok,1,False,exec_error: NameError: name 'accounts' is not defined,,FA,AA,exec_error
llama_before_baseline,before,baseline,llama,150,3,2,False,ok,2,False,"exec_error: ValueError: Operands are not aligned. Do `left, right = left.align(right, axis=1)` before operating.",,FA,FA,exec_error
llama_before_baseline,before,baseline,llama,150,4,2,False,ok,1,True,,False,AA,AA,semantic
llama_before_baseline,before,baseline,llama,151,0,2,False,ok,1,True,,False,AA,AA,semantic
llama_before_baseline,before,baseline,llama,151,1,2,False,ok,1,False,"exec_error: ValueError: cannot insert account_id, already exists",,FA,AA,exec_error
llama_before_baseline,before,baseline,llama,151,2,2,False,ok,1,True,,False,AA,AA,semantic
llama_before_baseline,before,baseline,llama,151,3,2,False,ok,1,True,,False,AA,AA,semantic
llama_before_baseline,before,baseline,llama,151,4,2,False,ok,1,True,,False,AA,AA,semantic
llama_before_baseline,before,baseline,llama,152,0,1,False,ok,1,False,"exec_error: TypeError: Boolean array expected for the condition, not int64",,FA,FA,exec_error
llama_before_baseline,before,baseline,llama,152,1,1,False,ok,2,False,exec_error: TypeError: '>' not supported between instances of 'str' and 'int',,FA,FA,exec_error
llama_before_baseline,before,baseline,llama,152,2,1,False,ok,2,False,exec_error: TypeError: 'Timestamp' object is not subscriptable,,FA,FA,exec_error
llama_before_baseline,before,baseline,llama,152,3,1,False,ok,2,False,exec_error: UnboundLocalError: cannot access local variable 'district' where it is not associated with a value,,FA,FA,exec_error
llama_before_baseline,before,baseline,llama,152,4,1,False,ok,2,False,exec_error: UnboundLocalError: cannot access local variable 'district' where it is not associated with a value,,FA,FA,exec_error
llama_before_baseline,before,baseline,llama,153,0,1,True,ok,0,True,,False,AA,AA,semantic
llama_before_baseline,before,baseline,llama,153,1,1,True,ok,1,True,,False,FA,FA,semantic
llama_before_baseline,before,baseline,llama,153,2,1,True,ok,0,True,,False,AA,AA,semantic
llama_before_baseline,before,baseline,llama,153,3,1,True,ok,0,True,,False,AA,AA,semantic
llama_before_baseline,before,baseline,llama,153,4,1,True,ok,1,False,exec_error: KeyError: 'account_id',,FA,FA,exec_error
llama_before_baseline,before,baseline,llama,154,0,1,False,ok,0,False,exec_error: KeyError: 'A1',,FA,AA,exec_error
llama_before_baseline,before,baseline,llama,154,1,1,False,ok,0,False,exec_error: ValueError: Can only compare identically-labeled Series objects,,FA,AA,exec_error
llama_before_baseline,before,baseline,llama,154,2,1,False,ok,1,True,,True,SA,SA,success
llama_before_baseline,before,baseline,llama,154,3,1,False,ok,1,True,,False,FA,FA,semantic
llama_before_baseline,before,baseline,llama,154,4,1,False,ok,0,True,,False,AA,AA,semantic
llama_before_baseline,before,baseline,llama,155,0,0,False,ok,0,False,exec_error: NameError: name 'cards' is not defined,,FA,FA,exec_error
llama_before_baseline,before,baseline,llama,155,1,0,False,ok,0,False,exec_error: FileNotFoundError: [Errno 2] No such file or directory: 'card.csv',,FA,FA,exec_error
llama_before_baseline,before,baseline,llama,155,2,0,False,ok,0,True,,False,FA,FA,semantic
llama_before_baseline,before,baseline,llama,155,3,0,False,ok,0,False,exec_error: ZeroDivisionError: division by zero,,FA,FA,exec_error
llama_before_baseline,before,baseline,llama,155,4,0,False,ok,0,True,,False,FA,FA,semantic
llama_before_baseline,before,baseline,llama,156,0,2,True,ok,1,False,exec_error: KeyError: 'client_id',,FA,AA,exec_error
llama_before_baseline,before,baseline,llama,156,1,2,True,ok,1,False,exec_error: KeyError: 'client_id',,FA,AA,exec_error
llama_before_baseline,before,baseline,llama,156,2,2,True,ok,1,False,exec_error: KeyError: 'client_id',,FA,AA,exec_error
llama_before_baseline,before,baseline,llama,156,3,2,True,ok,1,False,exec_error: KeyError: 'client_id',,FA,AA,exec_error
llama_before_baseline,before,baseline,llama,156,4,2,True,ok,2,False,exec_error: KeyError: 'account_id',,FA,FA,exec_error
llama_before_baseline,before,baseline,llama,157,0,1,False,ok,1,False,exec_error: UnboundLocalError: cannot access local variable 'account_df' where it is not associated with a value,,FA,FA,exec_error
llama_before_baseline,before,baseline,llama,157,1,1,False,ok,0,False,"exec_error: ValueError: Operands are not aligned. Do `left, right = left.align(right, axis=1)` before operating.",,FA,AA,exec_error
llama_before_baseline,before,baseline,llama,157,2,1,False,ok,1,False,exec_error: AttributeError: 'Timestamp' object has no attribute 'startswith',,FA,FA,exec_error
llama_before_baseline,before,baseline,llama,157,3,1,False,ok,1,False,exec_error: UnboundLocalError: cannot access local variable 'account' where it is not associated with a value,,FA,FA,exec_error
llama_before_baseline,before,baseline,llama,157,4,1,False,ok,1,False,"exec_error: ValueError: Operands are not aligned. Do `left, right = left.align(right, axis=1)` before operating.",,FA,FA,exec_error
llama_before_baseline,before,baseline,llama,158,0,2,False,ok,0,False,exec_error: NameError: name 'orders' is not defined,,FA,AA,exec_error
llama_before_baseline,before,baseline,llama,158,1,2,False,ok,1,True,,True,AA,AA,success
llama_before_baseline,before,baseline,llama,158,2,2,False,ok,1,True,,True,AA,AA,success
llama_before_baseline,before,baseline,llama,158,3,2,False,ok,0,False,exec_error: UnboundLocalError: cannot access local variable 'account_df' where it is not associated with a value,,FA,AA,exec_error
llama_before_baseline,before,baseline,llama,158,4,2,False,ok,1,True,,True,AA,AA,success
llama_before_baseline,before,baseline,llama,159,0,3,True,ok,0,False,"exec_error: ValueError: Operands are not aligned. Do `left, right = left.align(right, axis=1)` before operating.",,FA,AA,exec_error
llama_before_baseline,before,baseline,llama,159,1,3,True,ok,1,False,exec_error: KeyError: 'account_id',,FA,AA,exec_error
llama_before_baseline,before,baseline,llama,159,2,3,True,ok,4,False,exec_error: KeyError: 'account_id',,FA,FA,exec_error
llama_before_baseline,before,baseline,llama,159,3,3,True,ok,0,False,"exec_error: ValueError: Operands are not aligned. Do `left, right = left.align(right, axis=1)` before operating.",,FA,AA,exec_error
llama_before_baseline,before,baseline,llama,159,4,3,True,ok,2,False,exec_error: KeyError: 'account_id',,FA,AA,exec_error
llama_before_baseline,before,baseline,llama,160,0,1,False,ok,1,True,,False,FA,FA,semantic
llama_before_baseline,before,baseline,llama,160,1,1,False,ok,1,True,,False,FA,FA,semantic
llama_before_baseline,before,baseline,llama,160,2,1,False,ok,3,False,exec_error: KeyError: 'account_id',,FA,FA,exec_error
llama_before_baseline,before,baseline,llama,160,3,1,False,ok,1,True,,False,FA,FA,semantic
llama_before_baseline,before,baseline,llama,160,4,1,False,ok,1,True,,False,FA,FA,semantic
llama_before_baseline,before,baseline,llama,161,0,2,True,ok,1,False,exec_error: KeyError: 'client_id',,FA,AA,exec_error
llama_before_baseline,before,baseline,llama,161,1,2,True,ok,0,False,exec_error: KeyError: 'disp_id',,FA,AA,exec_error
llama_before_baseline,before,baseline,llama,161,2,2,True,ok,0,False,exec_error: KeyError: 'disp_id',,FA,AA,exec_error
llama_before_baseline,before,baseline,llama,161,3,2,True,ok,0,False,exec_error: UnboundLocalError: cannot access local variable 'card' where it is not associated with a value,,FA,AA,exec_error
llama_before_baseline,before,baseline,llama,161,4,2,True,ok,2,False,exec_error: UnboundLocalError: cannot access local variable 'card' where it is not associated with a value,,FA,FA,exec_error
llama_before_baseline,before,baseline,llama,162,0,1,False,ok,3,False,exec_error: KeyError: 'account_id',,FA,FA,exec_error
llama_before_baseline,before,baseline,llama,162,1,1,False,ok,0,False,exec_error: KeyError: 'client_id',,FA,AA,exec_error
llama_before_baseline,before,baseline,llama,162,2,1,False,ok,2,False,exec_error: KeyError: 'account_id',,FA,FA,exec_error
llama_before_baseline,before,baseline,llama,162,3,1,False,ok,2,False,exec_error: KeyError: 'account_id',,FA,FA,exec_error
llama_before_baseline,before,baseline,llama,162,4,1,False,ok,3,False,exec_timeout,,FA,FA,exec_timeout
llama_before_baseline,before,baseline,llama,163,0,2,False,ok,1,False,exec_error: KeyError: 0,,FA,AA,exec_error
llama_before_baseline,before,baseline,llama,163,1,2,False,ok,2,False,exec_error: KeyError: 'finished',,FA,FA,exec_error
llama_before_baseline,before,baseline,llama,163,2,2,False,ok,1,False,exec_error: KeyError: 'problems',,FA,AA,exec_error
llama_before_baseline,before,baseline,llama,163,3,2,False,ok,2,False,exec_error: IndexError: index 0 is out of bounds for axis 0 with size 0,,FA,FA,exec_error
llama_before_baseline,before,baseline,llama,163,4,2,False,ok,1,False,exec_error: KeyError: 'problems',,FA,AA,exec_error
llama_before_baseline,before,baseline,llama,164,0,3,True,ok,1,False,"exec_error: KeyError: ""None of [Index(['client_id'], dtype='str')] are in the [columns]""",,FA,AA,exec_error
llama_before_baseline,before,baseline,llama,164,1,3,True,ok,2,False,"exec_error: KeyError: ""['client_id'] not in index""",,FA,AA,exec_error
llama_before_baseline,before,baseline,llama,164,2,3,True,ok,2,False,exec_error: NameError: name 'orders' is not defined,,FA,AA,exec_error
llama_before_baseline,before,baseline,llama,164,3,3,True,ok,1,False,exec_error: KeyError: 'account_id',,FA,AA,exec_error
llama_before_baseline,before,baseline,llama,164,4,3,True,ok,1,False,"exec_error: KeyError: ""['client_id', 'client_id_x', 'gender', 'birth_date'] not in index""",,FA,AA,exec_error
llama_before_baseline,before,baseline,llama,165,0,2,False,ok,1,True,,False,AA,AA,semantic
llama_before_baseline,before,baseline,llama,165,1,2,False,ok,1,True,,True,AA,AA,success
llama_before_baseline,before,baseline,llama,165,2,2,False,ok,1,False,"exec_error: ValueError: Operands are not aligned. Do `left, right = left.align(right, axis=1)` before operating.",,FA,AA,exec_error
llama_before_baseline,before,baseline,llama,165,3,2,False,ok,2,True,,False,FA,FA,semantic
llama_before_baseline,before,baseline,llama,165,4,2,False,ok,2,True,,False,FA,FA,semantic
llama_before_baseline,before,baseline,llama,166,0,1,False,ok,0,True,,False,AA,AA,semantic
llama_before_baseline,before,baseline,llama,166,1,1,False,ok,0,True,,False,AA,AA,semantic
llama_before_baseline,before,baseline,llama,166,2,1,False,ok,0,True,,True,AA,AA,success
llama_before_baseline,before,baseline,llama,166,3,1,False,ok,0,True,,False,AA,AA,semantic
llama_before_baseline,before,baseline,llama,166,4,1,False,ok,0,False,exec_error: FileNotFoundError: [Errno 2] No such file or directory: 'account.csv',,FA,AA,exec_error
llama_before_baseline,before,baseline,llama,167,0,1,True,ok,1,False,exec_error: KeyError: 'card_id',,FA,FA,exec_error
llama_before_baseline,before,baseline,llama,167,1,1,True,ok,1,False,exec_error: TypeError: '>' not supported between instances of 'str' and 'int',,FA,FA,exec_error
llama_before_baseline,before,baseline,llama,167,2,1,True,ok,0,False,exec_error: TypeError: '>' not supported between instances of 'str' and 'int',,FA,AA,exec_error
llama_before_baseline,before,baseline,llama,167,3,1,True,ok,1,False,exec_error: KeyError: 'client_id',,FA,FA,exec_error
llama_before_baseline,before,baseline,llama,167,4,1,True,ok,1,False,exec_error: TypeError: '>' not supported between instances of 'str' and 'int',,FA,FA,exec_error
llama_before_baseline,before,baseline,llama,168,0,1,False,ok,2,False,exec_error: KeyError: 'account_id',,FA,FA,exec_error
llama_before_baseline,before,baseline,llama,168,1,1,False,ok,2,False,exec_error: KeyError: 'client_id',,FA,FA,exec_error
llama_before_baseline,before,baseline,llama,168,2,1,False,ok,2,False,exec_error: KeyError: 'account_id',,FA,FA,exec_error
llama_before_baseline,before,baseline,llama,168,3,1,False,ok,3,False,exec_error: KeyError: 'account_id',,FA,FA,exec_error
llama_before_baseline,before,baseline,llama,168,4,1,False,ok,2,False,exec_error: KeyError: 'account_id',,FA,FA,exec_error
llama_before_baseline,before,baseline,llama,169,0,3,True,ok,2,False,exec_error: KeyError: 'client_id',,FA,AA,exec_error
llama_before_baseline,before,baseline,llama,169,1,3,True,ok,3,False,exec_error: KeyError: 'date',,FA,FA,exec_error
llama_before_baseline,before,baseline,llama,169,2,3,True,ok,1,False,exec_error: KeyError: 'account_id',,FA,AA,exec_error
llama_before_baseline,before,baseline,llama,169,3,3,True,ok,1,False,exec_error: KeyError: 'client_id',,FA,AA,exec_error
llama_before_baseline,before,baseline,llama,169,4,3,True,ok,2,False,exec_error: KeyError: 'client_id',,FA,AA,exec_error
llama_before_baseline,before,baseline,llama,170,0,0,False,ok,0,True,,False,FA,FA,semantic
llama_before_baseline,before,baseline,llama,170,1,0,False,ok,0,True,,False,FA,FA,semantic
llama_before_baseline,before,baseline,llama,170,2,0,False,ok,0,True,,False,FA,FA,semantic
llama_before_baseline,before,baseline,llama,170,3,0,False,ok,1,False,exec_error: KeyError: 'account_id',,FA,FA,exec_error
llama_before_baseline,before,baseline,llama,170,4,0,False,ok,0,True,,False,FA,FA,semantic
llama_before_baseline,before,baseline,llama,171,0,0,False,ok,1,False,exec_error: KeyError: 1996,,FA,FA,exec_error
llama_before_baseline,before,baseline,llama,171,1,0,False,ok,0,False,exec_error: TypeError: '>' not supported between instances of 'str' and 'int',,FA,FA,exec_error
llama_before_baseline,before,baseline,llama,171,2,0,False,ok,0,True,,False,FA,FA,semantic
llama_before_baseline,before,baseline,llama,171,3,0,False,ok,0,False,exec_error: FileNotFoundError: [Errno 2] No such file or directory: 'district.csv',,FA,FA,exec_error
llama_before_baseline,before,baseline,llama,171,4,0,False,ok,0,False,exec_error: KeyError: 'A2',,FA,FA,exec_error
llama_before_baseline,before,baseline,llama,172,0,0,True,ok,1,True,,False,FA,FA,semantic
llama_before_baseline,before,baseline,llama,172,1,0,True,ok,1,True,,False,FA,FA,semantic
llama_before_baseline,before,baseline,llama,172,2,0,True,ok,1,False,"exec_error: ValueError: If using all scalar values, you must pass an index",,FA,FA,exec_error
llama_before_baseline,before,baseline,llama,172,3,0,True,ok,1,False,exec_error: KeyError: 'account_id',,FA,FA,exec_error
llama_before_baseline,before,baseline,llama,172,4,0,True,ok,0,True,,False,FA,FA,semantic
llama_before_baseline,before,baseline,llama,173,0,1,False,ok,1,True,,False,FA,FA,semantic
llama_before_baseline,before,baseline,llama,173,1,1,False,ok,2,False,exec_error: KeyError: 'k_symbol',,FA,FA,exec_error
llama_before_baseline,before,baseline,llama,173,2,1,False,ok,1,True,,False,FA,FA,semantic
llama_before_baseline,before,baseline,llama,173,3,1,False,ok,1,False,exec_error: NameError: name 'df_disps' is not defined,,FA,FA,exec_error
llama_before_baseline,before,baseline,llama,173,4,1,False,ok,2,False,exec_error: KeyError: 'type',,FA,FA,exec_error
llama_before_baseline,before,baseline,llama,174,0,2,True,ok,0,True,,False,AA,AA,semantic
llama_before_baseline,before,baseline,llama,174,1,2,True,ok,0,False,"exec_error: ValueError: Operands are not aligned. Do `left, right = left.align(right, axis=1)` before operating.",,FA,AA,exec_error
llama_before_baseline,before,baseline,llama,174,2,2,True,ok,1,False,exec_error: KeyError: 'account_id',,FA,AA,exec_error
llama_before_baseline,before,baseline,llama,174,3,2,True,ok,0,False,"exec_error: ValueError: Operands are not aligned. Do `left, right = left.align(right, axis=1)` before operating.",,FA,AA,exec_error
llama_before_baseline,before,baseline,llama,174,4,2,True,ok,0,False,"exec_error: ValueError: Operands are not aligned. Do `left, right = left.align(right, axis=1)` before operating.",,FA,AA,exec_error
llama_before_baseline,before,baseline,llama,175,0,1,True,ok,1,True,,False,FA,FA,semantic
llama_before_baseline,before,baseline,llama,175,1,1,True,ok,1,False,exec_error: KeyError: 'disp_id',,FA,FA,exec_error
llama_before_baseline,before,baseline,llama,175,2,1,True,ok,1,True,,False,FA,FA,semantic
llama_before_baseline,before,baseline,llama,175,3,1,True,ok,4,False,exec_error: KeyError: 'type_x',,FA,FA,exec_error
llama_before_baseline,before,baseline,llama,175,4,1,True,ok,2,False,exec_error: KeyError: 'type_y',,FA,FA,exec_error
llama_before_baseline,before,baseline,llama,176,0,3,True,ok,0,False,exec_error: KeyError: 'client_id',,FA,AA,exec_error
llama_before_baseline,before,baseline,llama,176,1,3,True,ok,1,False,"exec_error: ValueError: Operands are not aligned. Do `left, right = left.align(right, axis=1)` before operating.",,FA,AA,exec_error
llama_before_baseline,before,baseline,llama,176,2,3,True,ok,2,False,exec_error: KeyError: 'client_id',,FA,AA,exec_error
llama_before_baseline,before,baseline,llama,176,3,3,True,ok,4,False,exec_error: KeyError: 'client_id',,FA,FA,exec_error
llama_before_baseline,before,baseline,llama,176,4,3,True,ok,2,False,exec_error: KeyError: 'client_id',,FA,AA,exec_error
llama_before_baseline,before,baseline,llama,177,0,3,True,ok,3,True,,False,FA,FA,semantic
llama_before_baseline,before,baseline,llama,177,1,3,True,ok,3,False,exec_error: KeyError: 'account_id',,FA,FA,exec_error
llama_before_baseline,before,baseline,llama,177,2,3,True,ok,2,False,"exec_error: ValueError: Operands are not aligned. Do `left, right = left.align(right, axis=1)` before operating.",,FA,AA,exec_error
llama_before_baseline,before,baseline,llama,177,3,3,True,ok,3,False,exec_error: FileNotFoundError: [Errno 2] No such file or directory: 'account.csv',,FA,FA,exec_error
llama_before_baseline,before,baseline,llama,177,4,3,True,ok,7,False,exec_error: KeyError: 'account_id',,FA,FA,exec_error
llama_before_baseline,before,baseline,llama,178,0,2,True,ok,1,False,exec_error: KeyError: 'disp_id',,FA,AA,exec_error
llama_before_baseline,before,baseline,llama,178,1,2,True,ok,0,False,exec_error: KeyError: 'client_id',,FA,AA,exec_error
llama_before_baseline,before,baseline,llama,178,2,2,True,ok,0,False,exec_error: KeyError: 'client_id',,FA,AA,exec_error
llama_before_baseline,before,baseline,llama,178,3,2,True,ok,1,False,exec_error: KeyError: 'type',,FA,AA,exec_error
llama_before_baseline,before,baseline,llama,178,4,2,True,ok,0,False,exec_error: KeyError: 'client_id',,FA,AA,exec_error
llama_before_baseline,before,baseline,llama,179,0,3,True,ok,0,False,"exec_error: AttributeError: Can only use .str accessor with string values, not datetime64",,FA,AA,exec_error
llama_before_baseline,before,baseline,llama,179,1,3,True,ok,0,False,"exec_error: AttributeError: Can only use .str accessor with string values, not datetime64",,FA,AA,exec_error
llama_before_baseline,before,baseline,llama,179,2,3,True,ok,0,False,"exec_error: AttributeError: Can only use .str accessor with string values, not datetime64",,FA,AA,exec_error
llama_before_baseline,before,baseline,llama,179,3,3,True,ok,0,False,"exec_error: AttributeError: Can only use .str accessor with string values, not datetime64",,FA,AA,exec_error
llama_before_baseline,before,baseline,llama,179,4,3,True,ok,0,False,"exec_error: AttributeError: Can only use .str accessor with string values, not datetime64",,FA,AA,exec_error
llama_before_baseline,before,baseline,llama,180,0,2,True,ok,2,False,exec_error: AttributeError: 'Series' object has no attribute 'merge',,FA,FA,exec_error
llama_before_baseline,before,baseline,llama,180,1,2,True,ok,2,True,,False,FA,FA,semantic
llama_before_baseline,before,baseline,llama,180,2,2,True,ok,2,False,exec_error: KeyError: 'account_id',,FA,FA,exec_error
llama_before_baseline,before,baseline,llama,180,3,2,True,ok,0,False,exec_error: NameError: name 'df_distr' is not defined,,FA,AA,exec_error
llama_before_baseline,before,baseline,llama,180,4,2,True,ok,1,True,,False,AA,AA,semantic
llama_before_baseline,before,baseline,llama,181,0,2,True,ok,1,False,exec_error: KeyError: 'client_id',,FA,AA,exec_error
llama_before_baseline,before,baseline,llama,181,1,2,True,ok,1,False,exec_error: KeyError: 'client_id',,FA,AA,exec_error
llama_before_baseline,before,baseline,llama,181,2,2,True,ok,1,False,exec_error: KeyError: 'client_id',,FA,AA,exec_error
llama_before_baseline,before,baseline,llama,181,3,2,True,ok,1,True,,False,AA,AA,semantic
llama_before_baseline,before,baseline,llama,181,4,2,True,ok,1,False,exec_error: KeyError: 'client_id',,FA,AA,exec_error
llama_before_baseline,before,baseline,llama,182,0,3,True,ok,2,False,exec_error: TypeError: 'Timestamp' object is not subscriptable,,FA,AA,exec_error
llama_before_baseline,before,baseline,llama,182,1,3,True,ok,2,False,exec_error: TypeError: 'Timestamp' object is not subscriptable,,FA,AA,exec_error
llama_before_baseline,before,baseline,llama,182,2,3,True,ok,2,False,exec_error: KeyError: 'client_id',,FA,AA,exec_error
llama_before_baseline,before,baseline,llama,182,3,3,True,ok,1,False,exec_error: KeyError: 'account_id',,FA,AA,exec_error
llama_before_baseline,before,baseline,llama,182,4,3,True,ok,2,False,exec_error: KeyError: 'account_id',,FA,AA,exec_error
llama_before_baseline,before,baseline,llama,183,0,1,False,ok,0,True,,False,AA,AA,semantic
llama_before_baseline,before,baseline,llama,183,1,1,False,ok,0,True,,False,AA,AA,semantic
llama_before_baseline,before,baseline,llama,183,2,1,False,ok,0,True,,False,AA,AA,semantic
llama_before_baseline,before,baseline,llama,183,3,1,False,ok,0,True,,False,AA,AA,semantic
llama_before_baseline,before,baseline,llama,183,4,1,False,ok,0,True,,False,AA,AA,semantic
llama_before_baseline,before,baseline,llama,184,0,2,True,ok,1,False,exec_error: KeyError: 'disp_id',,FA,AA,exec_error
llama_before_baseline,before,baseline,llama,184,1,2,True,ok,3,False,exec_error: KeyError: 'client_id',,FA,FA,exec_error
llama_before_baseline,before,baseline,llama,184,2,2,True,ok,1,False,exec_error: KeyError: 'disp_id',,FA,AA,exec_error
llama_before_baseline,before,baseline,llama,184,3,2,True,ok,1,False,exec_error: KeyError: 'client_id',,FA,AA,exec_error
llama_before_baseline,before,baseline,llama,184,4,2,True,ok,2,False,exec_error: KeyError: 'type',,FA,FA,exec_error
llama_before_baseline,before,baseline,llama,185,0,1,False,ok,1,False,exec_error: KeyError: 'client_id',,FA,FA,exec_error
llama_before_baseline,before,baseline,llama,185,1,1,False,ok,1,False,exec_error: KeyError: 'account_id',,FA,FA,exec_error
llama_before_baseline,before,baseline,llama,185,2,1,False,ok,0,False,exec_error: IndexError: index 0 is out of bounds for axis 0 with size 0,,FA,AA,exec_error
llama_before_baseline,before,baseline,llama,185,3,1,False,ok,1,False,exec_error: KeyError: 'client_id',,FA,FA,exec_error
llama_before_baseline,before,baseline,llama,185,4,1,False,ok,1,False,exec_error: IndexError: single positional indexer is out-of-bounds,,FA,FA,exec_error
llama_before_baseline,before,baseline,llama,186,0,2,True,ok,1,False,exec_error: KeyError: 'client_id',,FA,AA,exec_error
llama_before_baseline,before,baseline,llama,186,1,2,True,ok,1,False,exec_error: KeyError: 'client_id',,FA,AA,exec_error
llama_before_baseline,before,baseline,llama,186,2,2,True,ok,2,False,exec_error: KeyError: 'A2',,FA,FA,exec_error
llama_before_baseline,before,baseline,llama,186,3,2,True,ok,3,False,exec_error: KeyError: 'disp_id',,FA,FA,exec_error
llama_before_baseline,before,baseline,llama,186,4,2,True,ok,3,False,exec_error: KeyError: 'account_id',,FA,FA,exec_error
llama_before_baseline,before,baseline,llama,187,0,1,True,ok,1,False,exec_error: KeyError: 'disp_id',,FA,FA,exec_error
llama_before_baseline,before,baseline,llama,187,1,1,True,ok,0,False,exec_error: KeyError: 'frequency',,FA,AA,exec_error
llama_before_baseline,before,baseline,llama,187,2,1,True,ok,1,False,exec_error: KeyError: 'frequency',,FA,FA,exec_error
llama_before_baseline,before,baseline,llama,187,3,1,True,ok,1,False,exec_error: KeyError: 'disp_id',,FA,FA,exec_error
llama_before_baseline,before,baseline,llama,187,4,1,True,ok,0,False,exec_error: KeyError: 'disp_id',,FA,AA,exec_error
llama_before_baseline,before,baseline,llama,188,0,1,False,ok,1,False,exec_error: KeyError: 'date',,FA,FA,exec_error
llama_before_baseline,before,baseline,llama,188,1,1,False,ok,1,False,exec_error: KeyError: 'date',,FA,FA,exec_error
llama_before_baseline,before,baseline,llama,188,2,1,False,ok,1,False,"exec_error: ValueError: Operands are not aligned. Do `left, right = left.align(right, axis=1)` before operating.",,FA,FA,exec_error
llama_before_baseline,before,baseline,llama,188,3,1,False,ok,2,True,,True,SA,SA,success
llama_before_baseline,before,baseline,llama,188,4,1,False,ok,0,True,,False,AA,AA,semantic
llama_before_baseline,before,baseline,llama,189,0,2,True,ok,0,False,exec_error: KeyError: 'account_id',,FA,AA,exec_error
llama_before_baseline,before,baseline,llama,189,1,2,True,ok,1,False,"exec_error: TypeError: can only concatenate str (not ""int"") to str",,FA,AA,exec_error
llama_before_baseline,before,baseline,llama,189,2,2,True,ok,2,False,exec_error: KeyError: 'Column not found: amount',,FA,FA,exec_error
llama_before_baseline,before,baseline,llama,189,3,2,True,ok,3,False,exec_error: ValueError: cannot convert float NaN to integer,,FA,FA,exec_error
llama_before_baseline,before,baseline,llama,189,4,2,True,ok,0,False,exec_error: KeyError: 'amount',,FA,AA,exec_error
llama_before_baseline,before,baseline,llama,190,0,1,False,ok,0,False,"exec_error: AttributeError: Can only use .str accessor with string values, not datetime64",,FA,AA,exec_error
llama_before_baseline,before,baseline,llama,190,1,1,False,ok,0,True,,False,AA,AA,semantic
llama_before_baseline,before,baseline,llama,190,2,1,False,ok,0,False,"exec_error: AttributeError: Can only use .str accessor with string values, not datetime64",,FA,AA,exec_error
llama_before_baseline,before,baseline,llama,190,3,1,False,ok,0,True,,False,AA,AA,semantic
llama_before_baseline,before,baseline,llama,190,4,1,False,ok,1,False,"exec_error: AttributeError: Can only use .str accessor with string values, not datetime64",,FA,FA,exec_error
llama_before_baseline,before,baseline,llama,191,0,1,False,ok,0,False,exec_error: KeyError: 'frequency',,FA,AA,exec_error
llama_before_baseline,before,baseline,llama,191,1,1,False,ok,3,False,exec_error: KeyError: 'disp_id',,FA,FA,exec_error
llama_before_baseline,before,baseline,llama,191,2,1,False,ok,1,True,,False,FA,FA,semantic
llama_before_baseline,before,baseline,llama,191,3,1,False,ok,1,True,,False,FA,FA,semantic
llama_before_baseline,before,baseline,llama,191,4,1,False,ok,1,True,,False,FA,FA,semantic
llama_before_baseline,before,baseline,llama,192,0,1,False,ok,1,False,exec_error: KeyError: 'Column not found: amount',,FA,FA,exec_error
llama_before_baseline,before,baseline,llama,192,1,1,False,ok,1,False,exec_error: KeyError: 'Column not found: amount',,FA,FA,exec_error
llama_before_baseline,before,baseline,llama,192,2,1,False,ok,1,False,exec_error: KeyError: 'Column not found: amount',,FA,FA,exec_error
llama_before_baseline,before,baseline,llama,192,3,1,False,ok,2,False,exec_error: KeyError: 'Column not found: amount',,FA,FA,exec_error
llama_before_baseline,before,baseline,llama,192,4,1,False,ok,1,False,exec_error: KeyError: 'status_x',,FA,FA,exec_error
llama_before_baseline,before,baseline,llama,193,0,2,True,ok,0,True,,False,AA,AA,semantic
llama_before_baseline,before,baseline,llama,193,1,2,True,ok,1,False,exec_error: KeyError: 'account_id',,FA,AA,exec_error
llama_before_baseline,before,baseline,llama,193,2,2,True,ok,3,False,exec_error: KeyError: 'client_id',,FA,FA,exec_error
llama_before_baseline,before,baseline,llama,193,3,2,True,ok,4,False,exec_error: KeyError: 'client_id',,FA,FA,exec_error
llama_before_baseline,before,baseline,llama,193,4,2,True,ok,1,False,exec_error: KeyError: 'client_id',,FA,AA,exec_error
llama_before_baseline,before,baseline,llama,194,0,2,True,ok,1,False,exec_error: KeyError: 'client_id',,FA,AA,exec_error
llama_before_baseline,before,baseline,llama,194,1,2,True,ok,2,False,exec_error: KeyError: 'account_id',,FA,FA,exec_error
llama_before_baseline,before,baseline,llama,194,2,2,True,ok,2,False,exec_error: KeyError: 'disp_id',,FA,FA,exec_error
llama_before_baseline,before,baseline,llama,194,3,2,True,ok,2,False,exec_error: KeyError: 'client_id',,FA,FA,exec_error
llama_before_baseline,before,baseline,llama,194,4,2,True,ok,2,False,exec_error: KeyError: 'account_id',,FA,FA,exec_error
llama_before_uniform,before,uniform,llama,89,0,1,False,ok,0,False,exec_error: KeyError: 'A2',,FA,AA,exec_error
llama_before_uniform,before,uniform,llama,89,1,1,False,ok,1,False,exec_error: KeyError: 'A2',,FA,FA,exec_error
llama_before_uniform,before,uniform,llama,89,2,1,False,ok,1,False,exec_error: KeyError: 'A2',,FA,FA,exec_error
llama_before_uniform,before,uniform,llama,89,3,1,False,ok,1,False,exec_error: KeyError: 'A7',,FA,FA,exec_error
llama_before_uniform,before,uniform,llama,89,4,1,False,ok,0,False,exec_error: TypeError: Invalid comparison between dtype=datetime64[us] and StringArray,,FA,AA,exec_error
llama_before_uniform,before,uniform,llama,90,0,2,False,ok,1,True,,False,AA,AA,semantic
llama_before_uniform,before,uniform,llama,90,1,2,False,ok,1,True,,False,AA,AA,semantic
llama_before_uniform,before,uniform,llama,90,2,2,False,ok,1,True,,False,AA,AA,semantic
llama_before_uniform,before,uniform,llama,90,3,2,False,ok,0,True,,False,AA,AA,semantic
llama_before_uniform,before,uniform,llama,90,4,2,False,ok,1,True,,False,AA,AA,semantic
llama_before_uniform,before,uniform,llama,91,0,0,False,ok,0,False,exec_error: ValueError: Can only compare identically-labeled Series objects,,FA,FA,exec_error
llama_before_uniform,before,uniform,llama,91,1,0,False,ok,0,False,"exec_error: AttributeError: Can only use .str accessor with string values, not datetime64",,FA,FA,exec_error
llama_before_uniform,before,uniform,llama,91,2,0,False,ok,2,False,"exec_error: AttributeError: Can only use .str accessor with string values, not datetime64",,FA,FA,exec_error
llama_before_uniform,before,uniform,llama,91,3,0,False,ok,2,False,exec_error: TypeError: dtype 'str' does not support operation 'mean',,FA,FA,exec_error
llama_before_uniform,before,uniform,llama,91,4,0,False,ok,2,False,"exec_error: AttributeError: Can only use .str accessor with string values, not datetime64",,FA,FA,exec_error
llama_before_uniform,before,uniform,llama,92,0,1,False,ok,1,False,exec_error: KeyError: 'client_id',,FA,FA,exec_error
llama_before_uniform,before,uniform,llama,92,1,1,False,ok,1,False,exec_error: KeyError: 'client_id',,FA,FA,exec_error
llama_before_uniform,before,uniform,llama,92,2,1,False,ok,1,False,exec_error: KeyError: 'client_id',,FA,FA,exec_error
llama_before_uniform,before,uniform,llama,92,3,1,False,ok,2,False,exec_error: KeyError: 'client_id',,FA,FA,exec_error
llama_before_uniform,before,uniform,llama,92,4,1,False,ok,1,False,"exec_error: TypeError: can only concatenate str (not ""int"") to str",,FA,FA,exec_error
llama_before_uniform,before,uniform,llama,93,0,1,False,ok,1,True,,False,FA,FA,semantic
llama_before_uniform,before,uniform,llama,93,1,1,False,ok,1,False,exec_error: KeyError: 'A1',,FA,FA,exec_error
llama_before_uniform,before,uniform,llama,93,2,1,False,ok,1,True,,False,FA,FA,semantic
llama_before_uniform,before,uniform,llama,93,3,1,False,ok,1,False,exec_error: TypeError: '>' not supported between instances of 'str' and 'int',,FA,FA,exec_error
llama_before_uniform,before,uniform,llama,93,4,1,False,ok,1,True,,False,FA,FA,semantic
llama_before_uniform,before,uniform,llama,94,0,3,True,ok,1,False,"exec_error: TypeError: can only concatenate str (not ""int"") to str",,FA,AA,exec_error
llama_before_uniform,before,uniform,llama,94,1,3,True,ok,1,False,"exec_error: TypeError: can only concatenate str (not ""int"") to str",,FA,AA,exec_error
llama_before_uniform,before,uniform,llama,94,2,3,True,ok,1,False,exec_error: KeyError: 'account_id',,FA,AA,exec_error
llama_before_uniform,before,uniform,llama,94,3,3,True,ok,0,False,exec_error: ValueError: attempt to get argmax of an empty sequence,,FA,AA,exec_error
llama_before_uniform,before,uniform,llama,94,4,3,True,ok,3,False,exec_error: TypeError: dtype 'str' does not support operation 'mean',,FA,FA,exec_error
llama_before_uniform,before,uniform,llama,95,0,3,True,ok,1,False,exec_error: KeyError: 'Column not found: amount',,FA,AA,exec_error
llama_before_uniform,before,uniform,llama,95,1,3,True,ok,1,False,exec_error: KeyError: 'salary',,FA,AA,exec_error
llama_before_uniform,before,uniform,llama,95,2,3,True,ok,2,False,exec_error: KeyError: 'amount',,FA,AA,exec_error
llama_before_uniform,before,uniform,llama,95,3,3,True,ok,1,False,exec_error: KeyError: 'client_id',,FA,AA,exec_error
llama_before_uniform,before,uniform,llama,95,4,3,True,ok,1,True,,False,AA,AA,semantic
llama_before_uniform,before,uniform,llama,96,0,1,True,ok,1,True,,False,FA,FA,semantic
llama_before_uniform,before,uniform,llama,96,1,1,True,ok,1,True,,False,FA,FA,semantic
llama_before_uniform,before,uniform,llama,96,2,1,True,ok,1,True,,False,FA,FA,semantic
llama_before_uniform,before,uniform,llama,96,3,1,True,ok,1,False,exec_error: KeyError: 'client_type',,FA,FA,exec_error
llama_before_uniform,before,uniform,llama,96,4,1,True,ok,1,True,,False,FA,FA,semantic
llama_before_uniform,before,uniform,llama,97,0,1,True,ok,1,True,,False,FA,FA,semantic
llama_before_uniform,before,uniform,llama,97,1,1,True,ok,0,True,,False,AA,AA,semantic
llama_before_uniform,before,uniform,llama,97,2,1,True,ok,1,True,,False,FA,FA,semantic
llama_before_uniform,before,uniform,llama,97,3,1,True,ok,1,False,exec_error: KeyError: 'client_id',,FA,FA,exec_error
llama_before_uniform,before,uniform,llama,97,4,1,True,ok,1,True,,False,FA,FA,semantic
llama_before_uniform,before,uniform,llama,98,0,1,False,ok,1,False,"exec_error: AttributeError: Can only use .str accessor with string values, not datetime64",,FA,FA,exec_error
llama_before_uniform,before,uniform,llama,98,1,1,False,ok,1,True,,False,FA,FA,semantic
llama_before_uniform,before,uniform,llama,98,2,1,False,ok,1,False,"exec_error: AttributeError: Can only use .str accessor with string values, not datetime64",,FA,FA,exec_error
llama_before_uniform,before,uniform,llama,98,3,1,False,ok,2,False,"exec_error: AttributeError: Can only use .str accessor with string values, not datetime64",,FA,FA,exec_error
llama_before_uniform,before,uniform,llama,98,4,1,False,ok,1,False,"exec_error: AttributeError: Can only use .str accessor with string values, not datetime64",,FA,FA,exec_error
llama_before_uniform,before,uniform,llama,99,0,1,False,ok,1,True,,False,FA,FA,semantic
llama_before_uniform,before,uniform,llama,99,1,1,False,ok,1,False,exec_error: TypeError: Invalid comparison between dtype=timedelta64[us] and DateOffset,,FA,FA,exec_error
llama_before_uniform,before,uniform,llama,99,2,1,False,ok,1,True,,False,FA,FA,semantic
llama_before_uniform,before,uniform,llama,99,3,1,False,ok,1,True,,False,FA,FA,semantic
llama_before_uniform,before,uniform,llama,99,4,1,False,ok,1,True,,False,FA,FA,semantic
llama_before_uniform,before,uniform,llama,100,0,1,False,ok,0,True,,False,AA,AA,semantic
llama_before_uniform,before,uniform,llama,100,1,1,False,ok,0,True,,False,AA,AA,semantic
llama_before_uniform,before,uniform,llama,100,2,1,False,ok,0,False,exec_error: TypeError: 'Timestamp' object is not subscriptable,,FA,AA,exec_error
llama_before_uniform,before,uniform,llama,100,3,1,False,ok,0,False,exec_error: KeyError: 'A2',,FA,AA,exec_error
llama_before_uniform,before,uniform,llama,100,4,1,False,ok,1,True,,False,FA,FA,semantic
llama_before_uniform,before,uniform,llama,101,0,0,False,ok,1,False,"exec_error: AttributeError: Can only use .str accessor with string values, not datetime64",,FA,FA,exec_error
llama_before_uniform,before,uniform,llama,101,1,0,False,ok,2,False,exec_error: KeyError: 'date',,FA,FA,exec_error
llama_before_uniform,before,uniform,llama,101,2,0,False,ok,2,False,exec_error: KeyError: 'date',,FA,FA,exec_error
llama_before_uniform,before,uniform,llama,101,3,0,False,ok,1,False,exec_error: KeyError: 'date',,FA,FA,exec_error
llama_before_uniform,before,uniform,llama,101,4,0,False,ok,1,False,"exec_error: AttributeError: Can only use .str accessor with string values, not datetime64",,FA,FA,exec_error
llama_before_uniform,before,uniform,llama,102,0,1,False,ok,1,True,,False,FA,FA,semantic
llama_before_uniform,before,uniform,llama,102,1,1,False,ok,1,True,,False,FA,FA,semantic
llama_before_uniform,before,uniform,llama,102,2,1,False,ok,0,False,exec_error: KeyError: 'amount',,FA,AA,exec_error
llama_before_uniform,before,uniform,llama,102,3,1,False,ok,0,False,"exec_error: AttributeError: Can only use .str accessor with string values, not datetime64",,FA,AA,exec_error
llama_before_uniform,before,uniform,llama,102,4,1,False,ok,1,True,,False,FA,FA,semantic
llama_before_uniform,before,uniform,llama,103,0,2,True,ok,0,False,exec_error: KeyError: 'issue_date',,FA,AA,exec_error
llama_before_uniform,before,uniform,llama,103,1,2,True,ok,0,False,exec_error: KeyError: 'issue_date',,FA,AA,exec_error
llama_before_uniform,before,uniform,llama,103,2,2,True,ok,1,False,exec_error: KeyError: 'issue_date',,FA,AA,exec_error
llama_before_uniform,before,uniform,llama,103,3,2,True,ok,0,False,exec_error: KeyError: 'issue_date',,FA,AA,exec_error
llama_before_uniform,before,uniform,llama,103,4,2,True,ok,0,False,"exec_error: KeyError: ""None of [Index([    1,     2,     3,     4,     5,     6,     7,     8,     9,    10,\n       ...\n       13607, 13613, 13615, 13616, 13623, 13647, 1",,FA,AA,exec_error
llama_before_uniform,before,uniform,llama,104,0,1,False,ok,0,True,,True,AA,AA,success
llama_before_uniform,before,uniform,llama,104,1,1,False,ok,1,True,,False,FA,FA,semantic
llama_before_uniform,before,uniform,llama,104,2,1,False,ok,1,True,,False,FA,FA,semantic
llama_before_uniform,before,uniform,llama,104,3,1,False,ok,1,False,exec_error: KeyError: 'date',,FA,FA,exec_error
llama_before_uniform,before,uniform,llama,104,4,1,False,ok,1,True,,False,FA,FA,semantic
llama_before_uniform,before,uniform,llama,105,0,1,False,ok,0,False,exec_error: IndexError: index 0 is out of bounds for axis 0 with size 0,,FA,AA,exec_error
llama_before_uniform,before,uniform,llama,105,1,1,False,ok,0,False,exec_error: IndexError: single positional indexer is out-of-bounds,,FA,AA,exec_error
llama_before_uniform,before,uniform,llama,105,2,1,False,ok,0,True,,True,AA,AA,success
llama_before_uniform,before,uniform,llama,105,3,1,False,ok,1,True,,True,SA,SA,success
llama_before_uniform,before,uniform,llama,105,4,1,False,ok,0,True,,False,AA,AA,semantic
llama_before_uniform,before,uniform,llama,106,0,3,True,ok,3,False,exec_error: KeyError: 'card_id',,FA,FA,exec_error
llama_before_uniform,before,uniform,llama,106,1,3,True,ok,1,False,exec_error: KeyError: 'client_id',,FA,AA,exec_error
llama_before_uniform,before,uniform,llama,106,2,3,True,ok,0,False,exec_error: KeyError: 'Column not found: amount',,FA,AA,exec_error
llama_before_uniform,before,uniform,llama,106,3,3,True,ok,0,False,exec_error: KeyError: 'Column not found: amount',,FA,AA,exec_error
llama_before_uniform,before,uniform,llama,106,4,3,True,ok,2,False,exec_error: KeyError: 'client_id',,FA,AA,exec_error
llama_before_uniform,before,uniform,llama,107,0,1,False,ok,0,True,,False,AA,AA,semantic
llama_before_uniform,before,uniform,llama,107,1,1,False,ok,2,False,exec_error: IndexError: index 0 is out of bounds for axis 0 with size 0,,FA,FA,exec_error
llama_before_uniform,before,uniform,llama,107,2,1,False,ok,1,False,"exec_error: TypeError: can only concatenate str (not ""int"") to str",,FA,FA,exec_error
llama_before_uniform,before,uniform,llama,107,3,1,False,ok,2,True,,False,FA,FA,semantic
llama_before_uniform,before,uniform,llama,107,4,1,False,ok,0,False,"exec_error: TypeError: can only concatenate str (not ""int"") to str",,FA,AA,exec_error
llama_before_uniform,before,uniform,llama,108,0,2,False,ok,0,False,exec_error: KeyError: 'amount',,FA,AA,exec_error
llama_before_uniform,before,uniform,llama,108,1,2,False,ok,0,False,exec_error: KeyError: 'loan_id',,FA,AA,exec_error
llama_before_uniform,before,uniform,llama,108,2,2,False,ok,0,False,exec_error: KeyError: 'amount',,FA,AA,exec_error
llama_before_uniform,before,uniform,llama,108,3,2,False,ok,0,False,exec_error: KeyError: 'amount',,FA,AA,exec_error
llama_before_uniform,before,uniform,llama,108,4,2,False,ok,1,False,exec_error: KeyError: 'date',,FA,AA,exec_error
llama_before_uniform,before,uniform,llama,109,0,1,False,ok,1,True,,True,SA,SA,success
llama_before_uniform,before,uniform,llama,109,1,1,False,ok,1,True,,False,FA,FA,semantic
llama_before_uniform,before,uniform,llama,109,2,1,False,ok,1,True,,False,FA,FA,semantic
llama_before_uniform,before,uniform,llama,109,3,1,False,ok,1,True,,True,SA,SA,success
llama_before_uniform,before,uniform,llama,109,4,1,False,ok,0,True,,False,AA,AA,semantic
llama_before_uniform,before,uniform,llama,110,0,2,True,ok,1,False,exec_error: KeyError: 'client_id',,FA,AA,exec_error
llama_before_uniform,before,uniform,llama,110,1,2,True,ok,1,False,exec_error: KeyError: 'client_id',,FA,AA,exec_error
llama_before_uniform,before,uniform,llama,110,2,2,True,ok,0,False,exec_error: KeyError: 'amount',,FA,AA,exec_error
llama_before_uniform,before,uniform,llama,110,3,2,True,ok,0,False,exec_error: KeyError: 'amount',,FA,AA,exec_error
llama_before_uniform,before,uniform,llama,110,4,2,True,ok,1,False,exec_error: KeyError: 'amount',,FA,AA,exec_error
llama_before_uniform,before,uniform,llama,111,0,1,False,ok,0,False,"exec_error: AttributeError: Can only use .str accessor with string values, not datetime64",,FA,AA,exec_error
llama_before_uniform,before,uniform,llama,111,1,1,False,ok,0,False,"exec_error: AttributeError: Can only use .str accessor with string values, not datetime64",,FA,AA,exec_error
llama_before_uniform,before,uniform,llama,111,2,1,False,ok,1,False,"exec_error: AttributeError: Can only use .str accessor with string values, not datetime64",,FA,FA,exec_error
llama_before_uniform,before,uniform,llama,111,3,1,False,ok,0,False,"exec_error: AttributeError: Can only use .str accessor with string values, not datetime64",,FA,AA,exec_error
llama_before_uniform,before,uniform,llama,111,4,1,False,ok,0,False,exec_error: NameError: name 'litomerec_district' is not defined,,FA,AA,exec_error
llama_before_uniform,before,uniform,llama,112,0,1,False,ok,0,True,,False,AA,AA,semantic
llama_before_uniform,before,uniform,llama,112,1,1,False,ok,1,True,,False,FA,FA,semantic
llama_before_uniform,before,uniform,llama,112,2,1,False,ok,1,True,,False,FA,FA,semantic
llama_before_uniform,before,uniform,llama,112,3,1,False,ok,0,False,exec_error: KeyError: 'district_id',,FA,AA,exec_error
llama_before_uniform,before,uniform,llama,112,4,1,False,ok,0,True,,False,AA,AA,semantic
llama_before_uniform,before,uniform,llama,113,0,3,True,ok,1,True,,False,AA,AA,semantic
llama_before_uniform,before,uniform,llama,113,1,3,True,ok,1,False,exec_error: KeyError: 'date',,FA,AA,exec_error
llama_before_uniform,before,uniform,llama,113,2,3,True,ok,0,True,,False,AA,AA,semantic
llama_before_uniform,before,uniform,llama,113,3,3,True,ok,0,True,,False,AA,AA,semantic
llama_before_uniform,before,uniform,llama,113,4,3,True,ok,0,True,,False,AA,AA,semantic
llama_before_uniform,before,uniform,llama,114,0,1,False,ok,0,False,exec_error: IndexError: index 0 is out of bounds for axis 0 with size 0,,FA,AA,exec_error
llama_before_uniform,before,uniform,llama,114,1,1,False,ok,0,False,exec_error: IndexError: single positional indexer is out-of-bounds,,FA,AA,exec_error
llama_before_uniform,before,uniform,llama,114,2,1,False,ok,0,False,exec_error: IndexError: single positional indexer is out-of-bounds,,FA,AA,exec_error
llama_before_uniform,before,uniform,llama,114,3,1,False,ok,0,False,exec_error: IndexError: single positional indexer is out-of-bounds,,FA,AA,exec_error
llama_before_uniform,before,uniform,llama,114,4,1,False,ok,0,False,exec_error: IndexError: single positional indexer is out-of-bounds,,FA,AA,exec_error
llama_before_uniform,before,uniform,llama,115,0,1,False,ok,0,False,exec_error: ZeroDivisionError: division by zero,,FA,AA,exec_error
llama_before_uniform,before,uniform,llama,115,1,1,False,ok,1,False,exec_error: ZeroDivisionError: division by zero,,FA,FA,exec_error
llama_before_uniform,before,uniform,llama,115,2,1,False,ok,0,False,exec_error: ValueError: attempt to get argmax of an empty sequence,,FA,AA,exec_error
llama_before_uniform,before,uniform,llama,115,3,1,False,ok,0,True,,False,AA,AA,semantic
llama_before_uniform,before,uniform,llama,115,4,1,False,ok,0,False,"exec_error: KeyError: ""None of [Index([178.11111111099999, 354.22222222199997, 530.333333333], dtype='float64')] are in the [index]""",,FA,AA,exec_error
llama_before_uniform,before,uniform,llama,116,0,2,False,ok,0,False,exec_error: KeyError: 'amount',,FA,AA,exec_error
llama_before_uniform,before,uniform,llama,116,1,2,False,ok,1,False,exec_error: KeyError: 'Column not found: amount',,FA,AA,exec_error
llama_before_uniform,before,uniform,llama,116,2,2,False,ok,0,False,exec_error: IndexError: single positional indexer is out-of-bounds,,FA,AA,exec_error
llama_before_uniform,before,uniform,llama,116,3,2,False,ok,0,False,exec_error: KeyError: 'Column not found: amount',,FA,AA,exec_error
llama_before_uniform,before,uniform,llama,116,4,2,False,ok,0,False,exec_error: IndexError: single positional indexer is out-of-bounds,,FA,AA,exec_error
llama_before_uniform,before,uniform,llama,117,0,0,False,ok,0,True,,False,FA,FA,semantic
llama_before_uniform,before,uniform,llama,117,1,0,False,ok,1,True,,False,FA,FA,semantic
llama_before_uniform,before,uniform,llama,117,2,0,False,ok,0,True,,False,FA,FA,semantic
llama_before_uniform,before,uniform,llama,117,3,0,False,ok,1,True,,False,FA,FA,semantic
llama_before_uniform,before,uniform,llama,117,4,0,False,ok,0,False,exec_error: TypeError: 0.0 is not a callable object,,FA,FA,exec_error
llama_before_uniform,before,uniform,llama,118,0,0,False,ok,1,False,exec_error: TypeError: object of type 'int' has no len(),,FA,FA,exec_error
llama_before_uniform,before,uniform,llama,118,1,0,False,ok,1,True,,False,FA,FA,semantic
llama_before_uniform,before,uniform,llama,118,2,0,False,ok,1,False,exec_error: KeyError: 'Active',,FA,FA,exec_error
llama_before_uniform,before,uniform,llama,118,3,0,False,ok,1,False,exec_error: TypeError: unsupported operand type(s) for |: 'str' and 'StringArray',,FA,FA,exec_error
llama_before_uniform,before,uniform,llama,118,4,0,False,ok,1,True,,False,FA,FA,semantic
llama_before_uniform,before,uniform,llama,119,0,1,False,ok,1,True,,False,FA,FA,semantic
llama_before_uniform,before,uniform,llama,119,1,1,False,ok,1,False,"exec_error: AttributeError: Can only use .str accessor with string values, not datetime64",,FA,FA,exec_error
llama_before_uniform,before,uniform,llama,119,2,1,False,ok,1,False,"exec_error: AttributeError: Can only use .str accessor with string values, not datetime64",,FA,FA,exec_error
llama_before_uniform,before,uniform,llama,119,3,1,False,ok,1,False,"exec_error: AttributeError: Can only use .str accessor with string values, not datetime64",,FA,FA,exec_error
llama_before_uniform,before,uniform,llama,119,4,1,False,ok,1,False,"exec_error: AttributeError: Can only use .str accessor with string values, not datetime64",,FA,FA,exec_error
llama_before_uniform,before,uniform,llama,120,0,1,False,ok,1,False,exec_error: KeyError: 'date',,FA,FA,exec_error
llama_before_uniform,before,uniform,llama,120,1,1,False,ok,0,False,exec_error: IndexError: single positional indexer is out-of-bounds,,FA,AA,exec_error
llama_before_uniform,before,uniform,llama,120,2,1,False,ok,0,False,exec_error: IndexError: index 0 is out of bounds for axis 0 with size 0,,FA,AA,exec_error
llama_before_uniform,before,uniform,llama,120,3,1,False,ok,1,True,,False,FA,FA,semantic
llama_before_uniform,before,uniform,llama,120,4,1,False,ok,1,False,"exec_error: AttributeError: Can only use .str accessor with string values, not datetime64",,FA,FA,exec_error
llama_before_uniform,before,uniform,llama,121,0,1,False,ok,0,True,,True,AA,AA,success
llama_before_uniform,before,uniform,llama,121,1,1,False,ok,0,True,,False,AA,AA,semantic
llama_before_uniform,before,uniform,llama,121,2,1,False,ok,1,True,,True,SA,SA,success
llama_before_uniform,before,uniform,llama,121,3,1,False,ok,1,True,,True,SA,SA,success
llama_before_uniform,before,uniform,llama,121,4,1,False,ok,1,True,,True,SA,SA,success
llama_before_uniform,before,uniform,llama,122,0,2,False,ok,1,True,,False,AA,AA,semantic
llama_before_uniform,before,uniform,llama,122,1,2,False,ok,0,False,exec_error: IndexError: index 0 is out of bounds for axis 0 with size 0,,FA,AA,exec_error
llama_before_uniform,before,uniform,llama,122,2,2,False,ok,1,False,exec_error: KeyError: 'account_id',,FA,AA,exec_error
llama_before_uniform,before,uniform,llama,122,3,2,False,ok,1,True,,False,AA,AA,semantic
llama_before_uniform,before,uniform,llama,122,4,2,False,ok,1,False,"exec_error: ValueError: Operands are not aligned. Do `left, right = left.align(right, axis=1)` before operating.",,FA,AA,exec_error
llama_before_uniform,before,uniform,llama,123,0,2,False,ok,1,False,exec_error: KeyError: 'amount',,FA,AA,exec_error
llama_before_uniform,before,uniform,llama,123,1,2,False,ok,1,False,exec_error: KeyError: 'loan_amount',,FA,AA,exec_error
llama_before_uniform,before,uniform,llama,123,2,2,False,ok,1,False,exec_error: KeyError: 'date',,FA,AA,exec_error
llama_before_uniform,before,uniform,llama,123,3,2,False,ok,1,False,exec_error: KeyError: 'account_id',,FA,AA,exec_error
llama_before_uniform,before,uniform,llama,123,4,2,False,ok,1,False,exec_error: KeyError: 'A1',,FA,AA,exec_error
llama_before_uniform,before,uniform,llama,124,0,2,False,ok,1,False,exec_error: TypeError: dtype 'str' does not support operation 'mean',,FA,AA,exec_error
llama_before_uniform,before,uniform,llama,124,1,2,False,ok,1,False,exec_error: TypeError: Cannot perform reduction 'mean' with string dtype,,FA,AA,exec_error
llama_before_uniform,before,uniform,llama,124,2,2,False,ok,1,False,exec_error: TypeError: dtype 'str' does not support operation 'mean',,FA,AA,exec_error
llama_before_uniform,before,uniform,llama,124,3,2,False,ok,2,False,exec_error: TypeError: dtype 'str' does not support operation 'mean',,FA,FA,exec_error
llama_before_uniform,before,uniform,llama,124,4,2,False,ok,1,False,exec_error: TypeError: Cannot perform reduction 'mean' with string dtype,,FA,AA,exec_error
llama_before_uniform,before,uniform,llama,125,0,2,False,ok,1,False,exec_error: KeyError: 'date',,FA,AA,exec_error
llama_before_uniform,before,uniform,llama,125,1,2,False,ok,1,False,exec_error: KeyError: 'date',,FA,AA,exec_error
llama_before_uniform,before,uniform,llama,125,2,2,False,ok,2,False,exec_error: KeyError: 'year',,FA,FA,exec_error
llama_before_uniform,before,uniform,llama,125,3,2,False,ok,2,False,exec_error: KeyError: 'date',,FA,FA,exec_error
llama_before_uniform,before,uniform,llama,125,4,2,False,ok,3,False,"exec_error: KeyError: ""['district', 'state'] not in index""",,FA,FA,exec_error
llama_before_uniform,before,uniform,llama,126,0,1,False,ok,1,False,"exec_error: AttributeError: Can only use .str accessor with string values, not datetime64",,FA,FA,exec_error
llama_before_uniform,before,uniform,llama,126,1,1,False,ok,1,False,"exec_error: AttributeError: Can only use .str accessor with string values, not datetime64",,FA,FA,exec_error
llama_before_uniform,before,uniform,llama,126,2,1,False,ok,1,False,"exec_error: AttributeError: Can only use .str accessor with string values, not datetime64",,FA,FA,exec_error
llama_before_uniform,before,uniform,llama,126,3,1,False,ok,0,False,"exec_error: AttributeError: Can only use .str accessor with string values, not datetime64",,FA,AA,exec_error
llama_before_uniform,before,uniform,llama,126,4,1,False,ok,1,False,"exec_error: AttributeError: Can only use .str accessor with string values, not datetime64",,FA,FA,exec_error
llama_before_uniform,before,uniform,llama,127,0,0,False,ok,1,True,,False,FA,FA,semantic
llama_before_uniform,before,uniform,llama,127,1,0,False,ok,0,True,,False,FA,FA,semantic
llama_before_uniform,before,uniform,llama,127,2,0,False,ok,1,False,exec_error: KeyError: 'frequency',,FA,FA,exec_error
llama_before_uniform,before,uniform,llama,127,3,0,False,ok,1,True,,False,FA,FA,semantic
llama_before_uniform,before,uniform,llama,127,4,0,False,ok,1,True,,False,FA,FA,semantic
llama_before_uniform,before,uniform,llama,128,0,1,False,ok,2,True,,False,FA,FA,semantic
llama_before_uniform,before,uniform,llama,128,1,1,False,ok,3,False,exec_error: KeyError: 'Column not found: A2 A3 A4 A5 A6 A7 A8 A9 A10 A11 A12 A13 A14 A15 A16',,FA,FA,exec_error
llama_before_uniform,before,uniform,llama,128,2,1,False,ok,2,True,,False,FA,FA,semantic
llama_before_uniform,before,uniform,llama,128,3,1,False,ok,2,False,"exec_error: KeyError: ""['district'] not in index""",,FA,FA,exec_error
llama_before_uniform,before,uniform,llama,128,4,1,False,ok,2,True,,False,FA,FA,semantic
llama_before_uniform,before,uniform,llama,129,0,2,False,ok,1,False,exec_error: KeyError: 'Column not found: amount',,FA,AA,exec_error
llama_before_uniform,before,uniform,llama,129,1,2,False,ok,1,True,,False,AA,AA,semantic
llama_before_uniform,before,uniform,llama,129,2,2,False,ok,1,False,exec_error: KeyError: 'A5',,FA,AA,exec_error
llama_before_uniform,before,uniform,llama,129,3,2,False,ok,1,False,"exec_error: AttributeError: Can only use .str accessor with string values, not datetime64",,FA,AA,exec_error
llama_before_uniform,before,uniform,llama,129,4,2,False,ok,1,False,exec_error: KeyError: 'A2',,FA,AA,exec_error
llama_before_uniform,before,uniform,llama,130,0,2,True,ok,0,False,exec_error: KeyError: 'A2',,FA,AA,exec_error
llama_before_uniform,before,uniform,llama,130,1,2,True,ok,0,False,exec_error: KeyError: 'A2',,FA,AA,exec_error
llama_before_uniform,before,uniform,llama,130,2,2,True,ok,0,False,exec_error: IndexError: index 0 is out of bounds for axis 0 with size 0,,FA,AA,exec_error
llama_before_uniform,before,uniform,llama,130,3,2,True,ok,1,True,,False,AA,AA,semantic
llama_before_uniform,before,uniform,llama,130,4,2,True,ok,0,False,exec_error: KeyError: 'credit_card',,FA,AA,exec_error
llama_before_uniform,before,uniform,llama,131,0,2,False,ok,1,False,exec_error: ValueError: attempt to get argmax of an empty sequence,,FA,AA,exec_error
llama_before_uniform,before,uniform,llama,131,1,2,False,ok,1,False,exec_error: KeyError: 'frequency_x',,FA,AA,exec_error
llama_before_uniform,before,uniform,llama,131,2,2,False,ok,2,False,"exec_error: KeyError: ""['active_loans_count'] not in index""",,FA,FA,exec_error
llama_before_uniform,before,uniform,llama,131,3,2,False,ok,1,False,exec_error: ValueError: attempt to get argmax of an empty sequence,,FA,AA,exec_error
llama_before_uniform,before,uniform,llama,131,4,2,False,ok,1,False,exec_error: ValueError: attempt to get argmax of an empty sequence,,FA,AA,exec_error
llama_before_uniform,before,uniform,llama,132,0,3,True,ok,1,False,exec_error: KeyError: 'amount',,FA,AA,exec_error
llama_before_uniform,before,uniform,llama,132,1,3,True,ok,1,True,,False,AA,AA,semantic
llama_before_uniform,before,uniform,llama,132,2,3,True,ok,1,True,,False,AA,AA,semantic
llama_before_uniform,before,uniform,llama,132,3,3,True,ok,1,True,,False,AA,AA,semantic
llama_before_uniform,before,uniform,llama,132,4,3,True,ok,1,True,,False,AA,AA,semantic
llama_before_uniform,before,uniform,llama,133,0,0,False,ok,1,False,exec_error: AttributeError: 'Timestamp' object has no attribute 'startswith',,FA,FA,exec_error
llama_before_uniform,before,uniform,llama,133,1,0,False,ok,2,False,"exec_error: AttributeError: Can only use .str accessor with string values, not datetime64",,FA,FA,exec_error
llama_before_uniform,before,uniform,llama,133,2,0,False,ok,1,False,exec_error: AttributeError: 'Timestamp' object has no attribute 'startswith',,FA,FA,exec_error
llama_before_uniform,before,uniform,llama,133,3,0,False,ok,1,False,exec_error: AttributeError: 'Timestamp' object has no attribute 'startswith',,FA,FA,exec_error
llama_before_uniform,before,uniform,llama,133,4,0,False,ok,1,False,exec_error: AttributeError: 'Timestamp' object has no attribute 'startswith',,FA,FA,exec_error
llama_before_uniform,before,uniform,llama,134,0,1,False,ok,0,False,exec_error: ValueError: attempt to get argmax of an empty sequence,,FA,AA,exec_error
llama_before_uniform,before,uniform,llama,134,1,1,False,ok,0,True,,True,AA,AA,success
llama_before_uniform,before,uniform,llama,134,2,1,False,ok,0,False,exec_error: ValueError: attempt to get argmax of an empty sequence,,FA,AA,exec_error
llama_before_uniform,before,uniform,llama,134,3,1,False,ok,0,False,exec_error: ValueError: attempt to get argmax of an empty sequence,,FA,AA,exec_error
llama_before_uniform,before,uniform,llama,134,4,1,False,ok,0,False,exec_error: ValueError: attempt to get argmax of an empty sequence,,FA,AA,exec_error
llama_before_uniform,before,uniform,llama,135,0,1,False,ok,1,True,,False,FA,FA,semantic
llama_before_uniform,before,uniform,llama,135,1,1,False,ok,1,True,,False,FA,FA,semantic
llama_before_uniform,before,uniform,llama,135,2,1,False,ok,1,True,,False,FA,FA,semantic
llama_before_uniform,before,uniform,llama,135,3,1,False,ok,1,True,,False,FA,FA,semantic
llama_before_uniform,before,uniform,llama,135,4,1,False,ok,1,True,,False,FA,FA,semantic
llama_before_uniform,before,uniform,llama,136,0,1,False,ok,0,False,exec_error: KeyError: 'frequency',,FA,AA,exec_error
llama_before_uniform,before,uniform,llama,136,1,1,False,ok,1,False,exec_error: KeyError: 'frequency',,FA,FA,exec_error
llama_before_uniform,before,uniform,llama,136,2,1,False,ok,1,False,exec_error: KeyError: 'frequency',,FA,FA,exec_error
llama_before_uniform,before,uniform,llama,136,3,1,False,ok,1,False,exec_error: KeyError: 'date',,FA,FA,exec_error
llama_before_uniform,before,uniform,llama,136,4,1,False,ok,1,True,,False,FA,FA,semantic
llama_before_uniform,before,uniform,llama,137,0,2,False,ok,1,False,exec_error: KeyError: 'A1',,FA,AA,exec_error
llama_before_uniform,before,uniform,llama,137,1,2,False,ok,1,False,"exec_error: ValueError: Operands are not aligned. Do `left, right = left.align(right, axis=1)` before operating.",,FA,AA,exec_error
llama_before_uniform,before,uniform,llama,137,2,2,False,ok,1,True,,False,AA,AA,semantic
llama_before_uniform,before,uniform,llama,137,3,2,False,ok,1,True,,False,AA,AA,semantic
llama_before_uniform,before,uniform,llama,137,4,2,False,ok,1,True,,False,AA,AA,semantic
llama_before_uniform,before,uniform,llama,138,0,1,False,ok,0,False,exec_error: ValueError: attempt to get argmax of an empty sequence,,FA,AA,exec_error
llama_before_uniform,before,uniform,llama,138,1,1,False,ok,0,False,exec_error: IndexError: single positional indexer is out-of-bounds,,FA,AA,exec_error
llama_before_uniform,before,uniform,llama,138,2,1,False,ok,0,False,"exec_error: ValueError: The truth value of a DataFrame is ambiguous. Use a.empty, a.bool(), a.item(), a.any() or a.all().",,FA,AA,exec_error
llama_before_uniform,before,uniform,llama,138,3,1,False,ok,0,False,"exec_error: TypeError: Column 'A2' has dtype str, cannot use method 'nlargest' with this dtype",,FA,AA,exec_error
llama_before_uniform,before,uniform,llama,138,4,1,False,ok,0,False,exec_error: TypeError: unsupported operand type(s) for -: 'str' and 'int',,FA,AA,exec_error
llama_before_uniform,before,uniform,llama,139,0,1,True,ok,1,True,,False,FA,FA,semantic
llama_before_uniform,before,uniform,llama,139,1,1,True,ok,0,True,,False,AA,AA,semantic
llama_before_uniform,before,uniform,llama,139,2,1,True,ok,1,True,,False,FA,FA,semantic
llama_before_uniform,before,uniform,llama,139,3,1,True,ok,1,True,,False,FA,FA,semantic
llama_before_uniform,before,uniform,llama,139,4,1,True,ok,1,False,exec_error: KeyError: 'type',,FA,FA,exec_error
llama_before_uniform,before,uniform,llama,140,0,1,False,ok,0,False,"exec_error: ValueError: Operands are not aligned. Do `left, right = left.align(right, axis=1)` before operating.",,FA,AA,exec_error
llama_before_uniform,before,uniform,llama,140,1,1,False,ok,0,True,,False,AA,AA,semantic
llama_before_uniform,before,uniform,llama,140,2,1,False,ok,0,True,,True,AA,AA,success
llama_before_uniform,before,uniform,llama,140,3,1,False,ok,1,False,exec_error: IndexError: single positional indexer is out-of-bounds,,FA,FA,exec_error
llama_before_uniform,before,uniform,llama,140,4,1,False,ok,0,True,,False,AA,AA,semantic
llama_before_uniform,before,uniform,llama,141,0,2,False,ok,1,False,"exec_error: AttributeError: Can only use .str accessor with string values, not datetime64",,FA,AA,exec_error
llama_before_uniform,before,uniform,llama,141,1,2,False,ok,1,False,exec_error: KeyError: 'amount',,FA,AA,exec_error
llama_before_uniform,before,uniform,llama,141,2,2,False,ok,1,False,exec_error: TypeError: unsupported operand type(s) for &: 'str' and 'DatetimeArray',,FA,AA,exec_error
llama_before_uniform,before,uniform,llama,141,3,2,False,ok,1,False,exec_error: KeyError: 'Column not found: amount',,FA,AA,exec_error
llama_before_uniform,before,uniform,llama,141,4,2,False,ok,1,False,"exec_error: AttributeError: Can only use .str accessor with string values, not datetime64",,FA,AA,exec_error
llama_before_uniform,before,uniform,llama,142,0,2,False,ok,1,True,,False,AA,AA,semantic
llama_before_uniform,before,uniform,llama,142,1,2,False,ok,0,True,,False,AA,AA,semantic
llama_before_uniform,before,uniform,llama,142,2,2,False,ok,1,True,,False,AA,AA,semantic
llama_before_uniform,before,uniform,llama,142,3,2,False,ok,1,False,exec_error: KeyError: 'account',,FA,AA,exec_error
llama_before_uniform,before,uniform,llama,142,4,2,False,ok,1,False,exec_error: NameError: name 'houselhold_payment_accounts' is not defined,,FA,AA,exec_error
llama_before_uniform,before,uniform,llama,143,0,1,True,ok,1,False,exec_error: KeyError: 'Column not found: type',,FA,FA,exec_error
llama_before_uniform,before,uniform,llama,143,1,1,True,ok,1,True,,False,FA,FA,semantic
llama_before_uniform,before,uniform,llama,143,2,1,True,ok,1,True,,True,SA,SA,success
llama_before_uniform,before,uniform,llama,143,3,1,True,ok,1,False,exec_error: KeyError: 'account_id',,FA,FA,exec_error
llama_before_uniform,before,uniform,llama,143,4,1,True,ok,1,True,,True,SA,SA,success
llama_before_uniform,before,uniform,llama,144,0,3,True,ok,2,False,exec_error: AttributeError: Can only use .dt accessor with datetimelike values,,FA,AA,exec_error
llama_before_uniform,before,uniform,llama,144,1,3,True,ok,2,False,exec_error: AttributeError: Can only use .dt accessor with datetimelike values,,FA,AA,exec_error
llama_before_uniform,before,uniform,llama,144,2,3,True,ok,1,False,exec_error: AttributeError: Can only use .dt accessor with datetimelike values,,FA,AA,exec_error
llama_before_uniform,before,uniform,llama,144,3,3,True,ok,1,False,exec_error: AttributeError: Can only use .dt accessor with datetimelike values,,FA,AA,exec_error
llama_before_uniform,before,uniform,llama,144,4,3,True,ok,1,False,exec_error: KeyError: 'type',,FA,AA,exec_error
llama_before_uniform,before,uniform,llama,145,0,1,False,ok,0,False,"exec_error: AttributeError: Can only use .str accessor with string values, not datetime64",,FA,AA,exec_error
llama_before_uniform,before,uniform,llama,145,1,1,False,ok,1,False,"exec_error: AttributeError: Can only use .str accessor with string values, not datetime64",,FA,FA,exec_error
llama_before_uniform,before,uniform,llama,145,2,1,False,ok,1,False,exec_error: KeyError: 'date',,FA,FA,exec_error
llama_before_uniform,before,uniform,llama,145,3,1,False,ok,1,False,"exec_error: AttributeError: Can only use .str accessor with string values, not datetime64",,FA,FA,exec_error
llama_before_uniform,before,uniform,llama,145,4,1,False,ok,1,False,"exec_error: AttributeError: Can only use .str accessor with string values, not datetime64",,FA,FA,exec_error
llama_before_uniform,before,uniform,llama,146,0,3,True,ok,2,False,exec_error: KeyError: 'client_id',,FA,AA,exec_error
llama_before_uniform,before,uniform,llama,146,1,3,True,ok,2,False,exec_error: KeyError: 'client_id',,FA,AA,exec_error
llama_before_uniform,before,uniform,llama,146,2,3,True,ok,2,False,exec_error: KeyError: 'client_id',,FA,AA,exec_error
llama_before_uniform,before,uniform,llama,146,3,3,True,ok,1,True,,False,AA,AA,semantic
llama_before_uniform,before,uniform,llama,146,4,3,True,ok,2,False,exec_error: KeyError: 'client_id',,FA,AA,exec_error
llama_before_uniform,before,uniform,llama,147,0,1,False,ok,0,False,exec_error: KeyError: 'A1',,FA,AA,exec_error
llama_before_uniform,before,uniform,llama,147,1,1,False,ok,1,True,,False,FA,FA,semantic
llama_before_uniform,before,uniform,llama,147,2,1,False,ok,1,True,,False,FA,FA,semantic
llama_before_uniform,before,uniform,llama,147,3,1,False,ok,1,True,,False,FA,FA,semantic
llama_before_uniform,before,uniform,llama,147,4,1,False,ok,1,True,,False,FA,FA,semantic
llama_before_uniform,before,uniform,llama,148,0,2,True,ok,1,True,,False,AA,AA,semantic
llama_before_uniform,before,uniform,llama,148,1,2,True,ok,0,True,,False,AA,AA,semantic
llama_before_uniform,before,uniform,llama,148,2,2,True,ok,1,False,exec_error: TypeError: '>' not supported between instances of 'str' and 'int',,FA,AA,exec_error
llama_before_uniform,before,uniform,llama,148,3,2,True,ok,0,True,,False,AA,AA,semantic
llama_before_uniform,before,uniform,llama,148,4,2,True,ok,1,True,,False,AA,AA,semantic
llama_before_uniform,before,uniform,llama,149,0,2,True,ok,1,False,exec_error: TypeError: '>' not supported between instances of 'str' and 'int',,FA,AA,exec_error
llama_before_uniform,before,uniform,llama,149,1,2,True,ok,1,False,exec_error: KeyError: 'A1',,FA,AA,exec_error
llama_before_uniform,before,uniform,llama,149,2,2,True,ok,1,True,,False,AA,AA,semantic
llama_before_uniform,before,uniform,llama,149,3,2,True,ok,1,False,exec_error: KeyError: 'A2',,FA,AA,exec_error
llama_before_uniform,before,uniform,llama,149,4,2,True,ok,1,True,,False,AA,AA,semantic
llama_before_uniform,before,uniform,llama,150,0,2,False,ok,0,False,exec_error: KeyError: 'A3',,FA,AA,exec_error
llama_before_uniform,before,uniform,llama,150,1,2,False,ok,0,False,exec_error: KeyError: 'A9',,FA,AA,exec_error
llama_before_uniform,before,uniform,llama,150,2,2,False,ok,1,False,exec_error: KeyError: 'A9',,FA,AA,exec_error
llama_before_uniform,before,uniform,llama,150,3,2,False,ok,0,False,exec_error: KeyError: 'A3',,FA,AA,exec_error
llama_before_uniform,before,uniform,llama,150,4,2,False,ok,0,False,exec_error: IndexError: index 0 is out of bounds for axis 0 with size 0,,FA,AA,exec_error
llama_before_uniform,before,uniform,llama,151,0,2,False,ok,1,True,,False,AA,AA,semantic
llama_before_uniform,before,uniform,llama,151,1,2,False,ok,0,True,,False,AA,AA,semantic
llama_before_uniform,before,uniform,llama,151,2,2,False,ok,1,False,"exec_error: KeyError: ""['account_id', 'frequency', 'date'] not found in axis""",,FA,AA,exec_error
llama_before_uniform,before,uniform,llama,151,3,2,False,ok,1,True,,False,AA,AA,semantic
llama_before_uniform,before,uniform,llama,151,4,2,False,ok,1,True,,False,AA,AA,semantic
llama_before_uniform,before,uniform,llama,152,0,1,False,ok,1,False,exec_error: IndexingError: Unalignable boolean Series provided as indexer (index of the boolean Series and of the indexed object do not match).,,FA,FA,exec_error
llama_before_uniform,before,uniform,llama,152,1,1,False,ok,1,True,,False,FA,FA,semantic
llama_before_uniform,before,uniform,llama,152,2,1,False,ok,1,False,exec_error: NameError: name 'filtered_account' is not defined,,FA,FA,exec_error
llama_before_uniform,before,uniform,llama,152,3,1,False,ok,1,False,exec_error: TypeError: '>=' not supported between instances of 'Timestamp' and 'str',,FA,FA,exec_error
llama_before_uniform,before,uniform,llama,152,4,1,False,ok,1,False,exec_error: TypeError: '>' not supported between instances of 'str' and 'int',,FA,FA,exec_error
llama_before_uniform,before,uniform,llama,153,0,1,True,ok,1,True,,False,FA,FA,semantic
llama_before_uniform,before,uniform,llama,153,1,1,True,ok,1,True,,True,SA,SA,success
llama_before_uniform,before,uniform,llama,153,2,1,True,ok,1,True,,True,SA,SA,success
llama_before_uniform,before,uniform,llama,153,3,1,True,ok,1,True,,True,SA,SA,success
llama_before_uniform,before,uniform,llama,153,4,1,True,ok,1,True,,True,SA,SA,success
llama_before_uniform,before,uniform,llama,154,0,1,False,ok,0,True,,False,AA,AA,semantic
llama_before_uniform,before,uniform,llama,154,1,1,False,ok,0,False,exec_error: KeyError: 'A1',,FA,AA,exec_error
llama_before_uniform,before,uniform,llama,154,2,1,False,ok,0,False,exec_error: IndexError: single positional indexer is out-of-bounds,,FA,AA,exec_error
llama_before_uniform,before,uniform,llama,154,3,1,False,ok,1,True,,False,FA,FA,semantic
llama_before_uniform,before,uniform,llama,154,4,1,False,ok,1,True,,False,FA,FA,semantic
llama_before_uniform,before,uniform,llama,155,0,0,False,ok,0,False,exec_error: ZeroDivisionError: division by zero,,FA,FA,exec_error
llama_before_uniform,before,uniform,llama,155,1,0,False,ok,0,False,exec_error: NameError: name 'cards' is not defined,,FA,FA,exec_error
llama_before_uniform,before,uniform,llama,155,2,0,False,ok,0,False,exec_error: TypeError: '<' not supported between instances of 'str' and 'int',,FA,FA,exec_error
llama_before_uniform,before,uniform,llama,155,3,0,False,ok,0,False,exec_error: ZeroDivisionError: division by zero,,FA,FA,exec_error
llama_before_uniform,before,uniform,llama,155,4,0,False,ok,0,False,exec_error: ZeroDivisionError: division by zero,,FA,FA,exec_error
llama_before_uniform,before,uniform,llama,156,0,2,True,ok,1,True,,False,AA,AA,semantic
llama_before_uniform,before,uniform,llama,156,1,2,True,ok,1,True,,False,AA,AA,semantic
llama_before_uniform,before,uniform,llama,156,2,2,True,ok,1,False,exec_error: AttributeError: 'numpy.int64' object has no attribute 'unique',,FA,AA,exec_error
llama_before_uniform,before,uniform,llama,156,3,2,True,ok,1,True,,False,AA,AA,semantic
llama_before_uniform,before,uniform,llama,156,4,2,True,ok,1,True,,False,AA,AA,semantic
llama_before_uniform,before,uniform,llama,157,0,1,False,ok,0,False,"exec_error: ValueError: Operands are not aligned. Do `left, right = left.align(right, axis=1)` before operating.",,FA,AA,exec_error
llama_before_uniform,before,uniform,llama,157,1,1,False,ok,0,False,"exec_error: ValueError: Operands are not aligned. Do `left, right = left.align(right, axis=1)` before operating.",,FA,AA,exec_error
llama_before_uniform,before,uniform,llama,157,2,1,False,ok,0,True,,False,AA,AA,semantic
llama_before_uniform,before,uniform,llama,157,3,1,False,ok,0,False,"exec_error: ValueError: Operands are not aligned. Do `left, right = left.align(right, axis=1)` before operating.",,FA,AA,exec_error
llama_before_uniform,before,uniform,llama,157,4,1,False,ok,0,False,"exec_error: ValueError: Operands are not aligned. Do `left, right = left.align(right, axis=1)` before operating.",,FA,AA,exec_error
llama_before_uniform,before,uniform,llama,158,0,2,False,ok,1,True,,True,AA,AA,success
llama_before_uniform,before,uniform,llama,158,1,2,False,ok,0,False,exec_error: UnboundLocalError: cannot access local variable 'order_df' where it is not associated with a value,,FA,AA,exec_error
llama_before_uniform,before,uniform,llama,158,2,2,False,ok,1,True,,True,AA,AA,success
llama_before_uniform,before,uniform,llama,158,3,2,False,ok,0,False,"exec_error: ValueError: Operands are not aligned. Do `left, right = left.align(right, axis=1)` before operating.",,FA,AA,exec_error
llama_before_uniform,before,uniform,llama,158,4,2,False,ok,1,False,"exec_error: ValueError: Operands are not aligned. Do `left, right = left.align(right, axis=1)` before operating.",,FA,AA,exec_error
llama_before_uniform,before,uniform,llama,159,0,3,True,ok,2,True,,False,AA,AA,semantic
llama_before_uniform,before,uniform,llama,159,1,3,True,ok,0,False,exec_error: KeyError: 'district_id',,FA,AA,exec_error
llama_before_uniform,before,uniform,llama,159,2,3,True,ok,0,True,,False,AA,AA,semantic
llama_before_uniform,before,uniform,llama,159,3,3,True,ok,1,False,"exec_error: ValueError: Operands are not aligned. Do `left, right = left.align(right, axis=1)` before operating.",,FA,AA,exec_error
llama_before_uniform,before,uniform,llama,159,4,3,True,ok,0,True,,False,AA,AA,semantic
llama_before_uniform,before,uniform,llama,160,0,1,False,ok,1,True,,False,FA,FA,semantic
llama_before_uniform,before,uniform,llama,160,1,1,False,ok,1,True,,False,FA,FA,semantic
llama_before_uniform,before,uniform,llama,160,2,1,False,ok,1,True,,False,FA,FA,semantic
llama_before_uniform,before,uniform,llama,160,3,1,False,ok,1,True,,False,FA,FA,semantic
llama_before_uniform,before,uniform,llama,160,4,1,False,ok,1,True,,False,FA,FA,semantic
llama_before_uniform,before,uniform,llama,161,0,2,True,ok,0,True,,False,AA,AA,semantic
llama_before_uniform,before,uniform,llama,161,1,2,True,ok,1,False,"exec_error: ValueError: Operands are not aligned. Do `left, right = left.align(right, axis=1)` before operating.",,FA,AA,exec_error
llama_before_uniform,before,uniform,llama,161,2,2,True,ok,0,False,"exec_error: ValueError: Operands are not aligned. Do `left, right = left.align(right, axis=1)` before operating.",,FA,AA,exec_error
llama_before_uniform,before,uniform,llama,161,3,2,True,ok,0,False,exec_error: KeyError: 'account_id',,FA,AA,exec_error
llama_before_uniform,before,uniform,llama,161,4,2,True,ok,0,False,"exec_error: ValueError: Operands are not aligned. Do `left, right = left.align(right, axis=1)` before operating.",,FA,AA,exec_error
llama_before_uniform,before,uniform,llama,162,0,1,False,ok,1,True,,False,FA,FA,semantic
llama_before_uniform,before,uniform,llama,162,1,1,False,ok,0,True,,False,AA,AA,semantic
llama_before_uniform,before,uniform,llama,162,2,1,False,ok,0,True,,False,AA,AA,semantic
llama_before_uniform,before,uniform,llama,162,3,1,False,ok,1,True,,False,FA,FA,semantic
llama_before_uniform,before,uniform,llama,162,4,1,False,ok,1,True,,False,FA,FA,semantic
llama_before_uniform,before,uniform,llama,163,0,2,False,ok,2,True,,False,FA,FA,semantic
llama_before_uniform,before,uniform,llama,163,1,2,False,ok,1,True,,False,AA,AA,semantic
llama_before_uniform,before,uniform,llama,163,2,2,False,ok,2,False,exec_error: KeyError: 'status',,FA,FA,exec_error
llama_before_uniform,before,uniform,llama,163,3,2,False,ok,1,True,,False,AA,AA,semantic
llama_before_uniform,before,uniform,llama,163,4,2,False,ok,1,False,exec_error: KeyError: 'A2',,FA,AA,exec_error
llama_before_uniform,before,uniform,llama,164,0,3,True,ok,1,False,exec_error: KeyError: 'account_id',,FA,AA,exec_error
llama_before_uniform,before,uniform,llama,164,1,3,True,ok,1,False,"exec_error: KeyError: ""['account_id_x'] not in index""",,FA,AA,exec_error
llama_before_uniform,before,uniform,llama,164,2,3,True,ok,1,False,"exec_error: KeyError: ""['account_name'] not in index""",,FA,AA,exec_error
llama_before_uniform,before,uniform,llama,164,3,3,True,ok,1,True,,False,AA,AA,semantic
llama_before_uniform,before,uniform,llama,164,4,3,True,ok,1,True,,False,AA,AA,semantic
llama_before_uniform,before,uniform,llama,165,0,2,False,ok,1,False,"exec_error: ValueError: Operands are not aligned. Do `left, right = left.align(right, axis=1)` before operating.",,FA,AA,exec_error
llama_before_uniform,before,uniform,llama,165,1,2,False,ok,1,True,,False,AA,AA,semantic
llama_before_uniform,before,uniform,llama,165,2,2,False,ok,0,True,,False,AA,AA,semantic
llama_before_uniform,before,uniform,llama,165,3,2,False,ok,1,True,,False,AA,AA,semantic
llama_before_uniform,before,uniform,llama,165,4,2,False,ok,0,True,,False,AA,AA,semantic
llama_before_uniform,before,uniform,llama,166,0,1,False,ok,1,False,exec_error: KeyError: True,,FA,FA,exec_error
llama_before_uniform,before,uniform,llama,166,1,1,False,ok,0,True,,True,AA,AA,success
llama_before_uniform,before,uniform,llama,166,2,1,False,ok,0,True,,True,AA,AA,success
llama_before_uniform,before,uniform,llama,166,3,1,False,ok,0,True,,True,AA,AA,success
llama_before_uniform,before,uniform,llama,166,4,1,False,ok,0,True,,True,AA,AA,success
llama_before_uniform,before,uniform,llama,167,0,1,True,ok,0,False,exec_error: TypeError: '>' not supported between instances of 'str' and 'int',,FA,AA,exec_error
llama_before_uniform,before,uniform,llama,167,1,1,True,ok,1,True,,False,FA,FA,semantic
llama_before_uniform,before,uniform,llama,167,2,1,True,ok,1,True,,False,FA,FA,semantic
llama_before_uniform,before,uniform,llama,167,3,1,True,ok,0,False,exec_error: TypeError: '>' not supported between instances of 'str' and 'int',,FA,AA,exec_error
llama_before_uniform,before,uniform,llama,167,4,1,True,ok,0,False,exec_error: TypeError: '>' not supported between instances of 'str' and 'int',,FA,AA,exec_error
llama_before_uniform,before,uniform,llama,168,0,1,False,ok,1,True,,False,FA,FA,semantic
llama_before_uniform,before,uniform,llama,168,1,1,False,ok,1,False,"exec_error: TypeError: can only concatenate str (not ""int"") to str",,FA,FA,exec_error
llama_before_uniform,before,uniform,llama,168,2,1,False,ok,1,True,,False,FA,FA,semantic
llama_before_uniform,before,uniform,llama,168,3,1,False,ok,1,True,,False,FA,FA,semantic
llama_before_uniform,before,uniform,llama,168,4,1,False,ok,1,False,exec_error: TypeError: '>' not supported between instances of 'str' and 'int',,FA,FA,exec_error
llama_before_uniform,before,uniform,llama,169,0,3,True,ok,1,True,,False,AA,AA,semantic
llama_before_uniform,before,uniform,llama,169,1,3,True,ok,1,False,exec_error: TypeError: 'Timestamp' object is not subscriptable,,FA,AA,exec_error
llama_before_uniform,before,uniform,llama,169,2,3,True,ok,1,False,"exec_error: ValueError: Invalid frequency: Y. Failed to parse with error message: ValueError(""'Y' is no longer supported for offsets. Please use 'YE' instead."")",,FA,AA,exec_error
llama_before_uniform,before,uniform,llama,169,3,3,True,ok,1,False,exec_error: TypeError: 'Timestamp' object is not subscriptable,,FA,AA,exec_error
llama_before_uniform,before,uniform,llama,169,4,3,True,ok,1,True,,False,AA,AA,semantic
llama_before_uniform,before,uniform,llama,170,0,0,False,ok,0,False,exec_error: AttributeError: 'Timestamp' object has no attribute 'split',,FA,FA,exec_error
llama_before_uniform,before,uniform,llama,170,1,0,False,ok,0,True,,False,FA,FA,semantic
llama_before_uniform,before,uniform,llama,170,2,0,False,ok,0,True,,False,FA,FA,semantic
llama_before_uniform,before,uniform,llama,170,3,0,False,ok,0,False,exec_error: TypeError: '>' not supported between instances of 'Timestamp' and 'str',,FA,FA,exec_error
llama_before_uniform,before,uniform,llama,170,4,0,False,ok,0,False,exec_error: TypeError: 'Timestamp' object is not subscriptable,,FA,FA,exec_error
llama_before_uniform,before,uniform,llama,171,0,0,False,ok,1,False,exec_error: IndexError: single positional indexer is out-of-bounds,,FA,FA,exec_error
llama_before_uniform,before,uniform,llama,171,1,0,False,ok,0,False,exec_error: TypeError: unsupported operand type(s) for |: 'StringArray' and 'StringArray',,FA,FA,exec_error
llama_before_uniform,before,uniform,llama,171,2,0,False,ok,1,False,"exec_error: AttributeError: Can only use .str accessor with string values, not datetime64",,FA,FA,exec_error
llama_before_uniform,before,uniform,llama,171,3,0,False,ok,1,False,exec_error: KeyError: 'date',,FA,FA,exec_error
llama_before_uniform,before,uniform,llama,171,4,0,False,ok,1,True,,False,FA,FA,semantic
llama_before_uniform,before,uniform,llama,172,0,0,True,ok,1,True,,False,FA,FA,semantic
llama_before_uniform,before,uniform,llama,172,1,0,True,ok,1,False,exec_error: NameError: name 'df_disps' is not defined,,FA,FA,exec_error
llama_before_uniform,before,uniform,llama,172,2,0,True,ok,1,True,,False,FA,FA,semantic
llama_before_uniform,before,uniform,llama,172,3,0,True,ok,1,True,,False,FA,FA,semantic
llama_before_uniform,before,uniform,llama,172,4,0,True,ok,1,True,,False,FA,FA,semantic
llama_before_uniform,before,uniform,llama,173,0,1,False,ok,1,False,exec_error: KeyError: 'frequency',,FA,FA,exec_error
llama_before_uniform,before,uniform,llama,173,1,1,False,ok,0,True,,False,AA,AA,semantic
llama_before_uniform,before,uniform,llama,173,2,1,False,ok,1,False,exec_error: KeyError: 'frequency',,FA,FA,exec_error
llama_before_uniform,before,uniform,llama,173,3,1,False,ok,1,False,exec_error: KeyError: 'Column not found: amount',,FA,FA,exec_error
llama_before_uniform,before,uniform,llama,173,4,1,False,ok,1,True,,False,FA,FA,semantic
llama_before_uniform,before,uniform,llama,174,0,2,True,ok,0,False,"exec_error: ValueError: Operands are not aligned. Do `left, right = left.align(right, axis=1)` before operating.",,FA,AA,exec_error
llama_before_uniform,before,uniform,llama,174,1,2,True,ok,0,False,"exec_error: ValueError: Operands are not aligned. Do `left, right = left.align(right, axis=1)` before operating.",,FA,AA,exec_error
llama_before_uniform,before,uniform,llama,174,2,2,True,ok,0,False,"exec_error: ValueError: Operands are not aligned. Do `left, right = left.align(right, axis=1)` before operating.",,FA,AA,exec_error
llama_before_uniform,before,uniform,llama,174,3,2,True,ok,1,False,exec_error: KeyError: 0,,FA,AA,exec_error
llama_before_uniform,before,uniform,llama,174,4,2,True,ok,1,False,"exec_error: ValueError: Operands are not aligned. Do `left, right = left.align(right, axis=1)` before operating.",,FA,AA,exec_error
llama_before_uniform,before,uniform,llama,175,0,1,True,ok,2,True,,False,FA,FA,semantic
llama_before_uniform,before,uniform,llama,175,1,1,True,ok,1,False,exec_error: KeyError: 'type_x',,FA,FA,exec_error
llama_before_uniform,before,uniform,llama,175,2,1,True,ok,1,True,,False,FA,FA,semantic
llama_before_uniform,before,uniform,llama,175,3,1,True,ok,1,True,,False,FA,FA,semantic
llama_before_uniform,before,uniform,llama,175,4,1,True,ok,2,True,,False,FA,FA,semantic
llama_before_uniform,before,uniform,llama,176,0,3,True,ok,2,True,,False,AA,AA,semantic
llama_before_uniform,before,uniform,llama,176,1,3,True,ok,1,True,,False,AA,AA,semantic
llama_before_uniform,before,uniform,llama,176,2,3,True,ok,1,False,exec_error: KeyError: 'amount',,FA,AA,exec_error
llama_before_uniform,before,uniform,llama,176,3,3,True,ok,1,False,exec_error: KeyError: 'amount',,FA,AA,exec_error
llama_before_uniform,before,uniform,llama,176,4,3,True,ok,2,False,exec_error: KeyError: 'Column not found: disp_amount',,FA,AA,exec_error
llama_before_uniform,before,uniform,llama,177,0,3,True,ok,2,False,exec_error: KeyError: 'account_id',,FA,AA,exec_error
llama_before_uniform,before,uniform,llama,177,1,3,True,ok,3,False,exec_error: KeyError: 'disp_id',,FA,FA,exec_error
llama_before_uniform,before,uniform,llama,177,2,3,True,ok,1,False,exec_error: KeyError: 'account_id',,FA,AA,exec_error
llama_before_uniform,before,uniform,llama,177,3,3,True,ok,1,False,exec_error: ValueError: attempt to get argmax of an empty sequence,,FA,AA,exec_error
llama_before_uniform,before,uniform,llama,177,4,3,True,ok,0,False,exec_error: KeyError: 'amount',,FA,AA,exec_error
llama_before_uniform,before,uniform,llama,178,0,2,True,ok,0,False,"exec_error: ValueError: Operands are not aligned. Do `left, right = left.align(right, axis=1)` before operating.",,FA,AA,exec_error
llama_before_uniform,before,uniform,llama,178,1,2,True,ok,1,True,,False,AA,AA,semantic
llama_before_uniform,before,uniform,llama,178,2,2,True,ok,1,False,"exec_error: ValueError: Operands are not aligned. Do `left, right = left.align(right, axis=1)` before operating.",,FA,AA,exec_error
llama_before_uniform,before,uniform,llama,178,3,2,True,ok,0,True,,False,AA,AA,semantic
llama_before_uniform,before,uniform,llama,178,4,2,True,ok,0,False,"exec_error: ValueError: Operands are not aligned. Do `left, right = left.align(right, axis=1)` before operating.",,FA,AA,exec_error
llama_before_uniform,before,uniform,llama,179,0,3,True,ok,0,False,exec_error: AttributeError: Can only use .dt accessor with datetimelike values,,FA,AA,exec_error
llama_before_uniform,before,uniform,llama,179,1,3,True,ok,0,False,"exec_error: AttributeError: Can only use .str accessor with string values, not integer",,FA,AA,exec_error
llama_before_uniform,before,uniform,llama,179,2,3,True,ok,0,False,"exec_error: ValueError: Operands are not aligned. Do `left, right = left.align(right, axis=1)` before operating.",,FA,AA,exec_error
llama_before_uniform,before,uniform,llama,179,3,3,True,ok,0,False,exec_error: KeyError: 'amount',,FA,AA,exec_error
llama_before_uniform,before,uniform,llama,179,4,3,True,ok,0,False,"exec_error: ValueError: Operands are not aligned. Do `left, right = left.align(right, axis=1)` before operating.",,FA,AA,exec_error
llama_before_uniform,before,uniform,llama,180,0,2,True,ok,1,True,,False,AA,AA,semantic
llama_before_uniform,before,uniform,llama,180,1,2,True,ok,0,True,,False,AA,AA,semantic
llama_before_uniform,before,uniform,llama,180,2,2,True,ok,0,True,,False,AA,AA,semantic
llama_before_uniform,before,uniform,llama,180,3,2,True,ok,1,True,,False,AA,AA,semantic
llama_before_uniform,before,uniform,llama,180,4,2,True,ok,0,True,,False,AA,AA,semantic
llama_before_uniform,before,uniform,llama,181,0,2,True,ok,1,True,,False,AA,AA,semantic
llama_before_uniform,before,uniform,llama,181,1,2,True,ok,1,True,,False,AA,AA,semantic
llama_before_uniform,before,uniform,llama,181,2,2,True,ok,1,True,,False,AA,AA,semantic
llama_before_uniform,before,uniform,llama,181,3,2,True,ok,1,True,,False,AA,AA,semantic
llama_before_uniform,before,uniform,llama,181,4,2,True,ok,2,True,,False,FA,FA,semantic
llama_before_uniform,before,uniform,llama,182,0,3,True,ok,1,False,"exec_error: AttributeError: Can only use .str accessor with string values, not floating",,FA,AA,exec_error
llama_before_uniform,before,uniform,llama,182,1,3,True,ok,1,False,exec_error: KeyError: 'date',,FA,AA,exec_error
llama_before_uniform,before,uniform,llama,182,2,3,True,ok,1,False,"exec_error: AttributeError: Can only use .str accessor with string values, not datetime64",,FA,AA,exec_error
llama_before_uniform,before,uniform,llama,182,3,3,True,parse_fail,0,,,,FA,FA,step1_parse_fail
llama_before_uniform,before,uniform,llama,182,4,3,True,ok,1,False,exec_error: KeyError: 'date',,FA,AA,exec_error
llama_before_uniform,before,uniform,llama,183,0,1,False,parse_fail,0,,,,FA,FA,step1_parse_fail
llama_before_uniform,before,uniform,llama,183,1,1,False,ok,0,False,exec_error: KeyError: 'account_id',,FA,AA,exec_error
llama_before_uniform,before,uniform,llama,183,2,1,False,ok,0,True,,False,AA,AA,semantic
llama_before_uniform,before,uniform,llama,183,3,1,False,ok,0,True,,False,AA,AA,semantic
llama_before_uniform,before,uniform,llama,183,4,1,False,ok,0,False,exec_error: IndexError: index 0 is out of bounds for axis 0 with size 0,,FA,AA,exec_error
llama_before_uniform,before,uniform,llama,184,0,2,True,ok,1,True,,False,AA,AA,semantic
llama_before_uniform,before,uniform,llama,184,1,2,True,ok,1,True,,False,AA,AA,semantic
llama_before_uniform,before,uniform,llama,184,2,2,True,ok,1,True,,False,AA,AA,semantic
llama_before_uniform,before,uniform,llama,184,3,2,True,ok,1,True,,False,AA,AA,semantic
llama_before_uniform,before,uniform,llama,184,4,2,True,ok,1,True,,False,AA,AA,semantic
llama_before_uniform,before,uniform,llama,185,0,1,False,ok,0,False,exec_error: IndexError: index 0 is out of bounds for axis 0 with size 0,,FA,AA,exec_error
llama_before_uniform,before,uniform,llama,185,1,1,False,ok,0,False,exec_error: IndexError: index 0 is out of bounds for axis 0 with size 0,,FA,AA,exec_error
llama_before_uniform,before,uniform,llama,185,2,1,False,ok,1,True,,False,FA,FA,semantic
llama_before_uniform,before,uniform,llama,185,3,1,False,ok,1,False,exec_error: ZeroDivisionError: division by zero,,FA,FA,exec_error
llama_before_uniform,before,uniform,llama,185,4,1,False,ok,1,True,,False,FA,FA,semantic
llama_before_uniform,before,uniform,llama,186,0,2,True,ok,1,False,exec_error: ZeroDivisionError: division by zero,,FA,AA,exec_error
llama_before_uniform,before,uniform,llama,186,1,2,True,ok,1,True,,False,AA,AA,semantic
llama_before_uniform,before,uniform,llama,186,2,2,True,ok,1,False,exec_error: ZeroDivisionError: division by zero,,FA,AA,exec_error
llama_before_uniform,before,uniform,llama,186,3,2,True,ok,1,True,,False,AA,AA,semantic
llama_before_uniform,before,uniform,llama,186,4,2,True,ok,1,True,,False,AA,AA,semantic
llama_before_uniform,before,uniform,llama,187,0,1,True,ok,1,True,,False,FA,FA,semantic
llama_before_uniform,before,uniform,llama,187,1,1,True,ok,1,True,,False,FA,FA,semantic
llama_before_uniform,before,uniform,llama,187,2,1,True,ok,1,False,exec_error: KeyError: 'client_id',,FA,FA,exec_error
llama_before_uniform,before,uniform,llama,187,3,1,True,ok,1,True,,False,FA,FA,semantic
llama_before_uniform,before,uniform,llama,187,4,1,True,ok,1,True,,False,FA,FA,semantic
llama_before_uniform,before,uniform,llama,188,0,1,False,ok,1,False,exec_error: TypeError: Invalid comparison between dtype=timedelta64[us] and int,,FA,FA,exec_error
llama_before_uniform,before,uniform,llama,188,1,1,False,ok,1,False,exec_error: KeyError: 'date',,FA,FA,exec_error
llama_before_uniform,before,uniform,llama,188,2,1,False,ok,1,False,exec_error: KeyError: 'date',,FA,FA,exec_error
llama_before_uniform,before,uniform,llama,188,3,1,False,ok,1,False,exec_error: TypeError: Invalid comparison between dtype=timedelta64[us] and int,,FA,FA,exec_error
llama_before_uniform,before,uniform,llama,188,4,1,False,ok,1,False,"exec_error: TypeError: Addition/subtraction of integers and integer-arrays with DatetimeArray is no longer supported.  Instead of adding/subtracting `n`, use `n * obj.freq`",,FA,FA,exec_error
llama_before_uniform,before,uniform,llama,189,0,2,True,ok,1,False,"exec_error: TypeError: can only concatenate str (not ""int"") to str",,FA,AA,exec_error
llama_before_uniform,before,uniform,llama,189,1,2,True,ok,1,False,"exec_error: TypeError: can only concatenate str (not ""int"") to str",,FA,AA,exec_error
llama_before_uniform,before,uniform,llama,189,2,2,True,ok,0,False,exec_error: KeyError: 'client',,FA,AA,exec_error
llama_before_uniform,before,uniform,llama,189,3,2,True,ok,1,False,"exec_error: TypeError: can only concatenate str (not ""int"") to str",,FA,AA,exec_error
llama_before_uniform,before,uniform,llama,189,4,2,True,ok,2,False,"exec_error: TypeError: can only concatenate str (not ""int"") to str",,FA,FA,exec_error
llama_before_uniform,before,uniform,llama,190,0,1,False,ok,0,True,,False,AA,AA,semantic
llama_before_uniform,before,uniform,llama,190,1,1,False,ok,0,False,"exec_error: AttributeError: Can only use .str accessor with string values, not datetime64",,FA,AA,exec_error
llama_before_uniform,before,uniform,llama,190,2,1,False,ok,0,True,,False,AA,AA,semantic
llama_before_uniform,before,uniform,llama,190,3,1,False,ok,1,False,exec_error: KeyError: 'A1',,FA,FA,exec_error
llama_before_uniform,before,uniform,llama,190,4,1,False,ok,1,True,,False,FA,FA,semantic
llama_before_uniform,before,uniform,llama,191,0,1,False,ok,1,False,exec_error: KeyError: 'frequency',,FA,FA,exec_error
llama_before_uniform,before,uniform,llama,191,1,1,False,ok,1,True,,False,FA,FA,semantic
llama_before_uniform,before,uniform,llama,191,2,1,False,ok,1,True,,False,FA,FA,semantic
llama_before_uniform,before,uniform,llama,191,3,1,False,ok,1,True,,False,FA,FA,semantic
llama_before_uniform,before,uniform,llama,191,4,1,False,ok,1,True,,False,FA,FA,semantic
llama_before_uniform,before,uniform,llama,192,0,1,False,ok,1,False,exec_error: KeyError: 'frequency',,FA,FA,exec_error
llama_before_uniform,before,uniform,llama,192,1,1,False,ok,2,True,,False,FA,FA,semantic
llama_before_uniform,before,uniform,llama,192,2,1,False,ok,1,True,,False,FA,FA,semantic
llama_before_uniform,before,uniform,llama,192,3,1,False,ok,1,False,exec_error: KeyError: 'status_x',,FA,FA,exec_error
llama_before_uniform,before,uniform,llama,192,4,1,False,ok,1,True,,False,FA,FA,semantic
llama_before_uniform,before,uniform,llama,193,0,2,True,ok,1,False,exec_error: KeyError: 'account_id',,FA,AA,exec_error
llama_before_uniform,before,uniform,llama,193,1,2,True,ok,1,True,,False,AA,AA,semantic
llama_before_uniform,before,uniform,llama,193,2,2,True,ok,1,False,exec_error: KeyError: 'account_id',,FA,AA,exec_error
llama_before_uniform,before,uniform,llama,193,3,2,True,ok,1,True,,False,AA,AA,semantic
llama_before_uniform,before,uniform,llama,193,4,2,True,ok,1,True,,False,AA,AA,semantic
llama_before_uniform,before,uniform,llama,194,0,2,True,ok,1,True,,False,AA,AA,semantic
llama_before_uniform,before,uniform,llama,194,1,2,True,ok,2,False,exec_error: KeyError: 'age_y',,FA,FA,exec_error
llama_before_uniform,before,uniform,llama,194,2,2,True,ok,1,True,,False,AA,AA,semantic
llama_before_uniform,before,uniform,llama,194,3,2,True,ok,1,True,,False,AA,AA,semantic
llama_before_uniform,before,uniform,llama,194,4,2,True,ok,1,True,,False,AA,AA,semantic
llama_before_adaptive,before,adaptive,llama,89,0,1,False,ok,1,False,exec_error: KeyError: 'A15',,FA,FA,exec_error
llama_before_adaptive,before,adaptive,llama,89,1,1,False,ok,1,True,,False,FA,FA,semantic
llama_before_adaptive,before,adaptive,llama,89,2,1,False,ok,0,False,exec_error: KeyError: 'A15',,FA,AA,exec_error
llama_before_adaptive,before,adaptive,llama,89,3,1,False,ok,0,True,,False,AA,AA,semantic
llama_before_adaptive,before,adaptive,llama,89,4,1,False,ok,1,False,exec_error: KeyError: 'A2',,FA,FA,exec_error
llama_before_adaptive,before,adaptive,llama,90,0,2,False,ok,2,True,,False,FA,FA,semantic
llama_before_adaptive,before,adaptive,llama,90,1,2,False,ok,2,False,exec_error: IndexError: index 0 is out of bounds for axis 0 with size 0,,FA,FA,exec_error
llama_before_adaptive,before,adaptive,llama,90,2,2,False,ok,1,True,,False,AA,AA,semantic
llama_before_adaptive,before,adaptive,llama,90,3,2,False,ok,2,True,,False,FA,FA,semantic
llama_before_adaptive,before,adaptive,llama,90,4,2,False,ok,2,True,,False,FA,FA,semantic
llama_before_adaptive,before,adaptive,llama,91,0,0,False,ok,0,False,exec_error: FileNotFoundError: [Errno 2] No such file or directory: 'district.csv',,FA,FA,exec_error
llama_before_adaptive,before,adaptive,llama,91,1,0,False,ok,0,False,exec_error: KeyError: 'A2',,FA,FA,exec_error
llama_before_adaptive,before,adaptive,llama,91,2,0,False,ok,0,False,"exec_error: KeyError: ""None of [Index(['A2', 'A3', 'A4', 'A5', 'A6', 'A7', 'A8', 'A9', 'A10', 'A11', 'A12',\n       'A13', 'A14', 'A15', 'A16'],\n      dtype='str')] are in",,FA,FA,exec_error
llama_before_adaptive,before,adaptive,llama,91,3,0,False,ok,0,False,exec_error: KeyError: 'A6',,FA,FA,exec_error
llama_before_adaptive,before,adaptive,llama,91,4,0,False,ok,0,False,exec_error: FileNotFoundError: [Errno 2] No such file or directory: 'district.csv',,FA,FA,exec_error
llama_before_adaptive,before,adaptive,llama,92,0,1,False,ok,1,True,,False,FA,FA,semantic
llama_before_adaptive,before,adaptive,llama,92,1,1,False,ok,1,False,"exec_error: TypeError: can only concatenate str (not ""int"") to str",,FA,FA,exec_error
llama_before_adaptive,before,adaptive,llama,92,2,1,False,ok,1,True,,False,FA,FA,semantic
llama_before_adaptive,before,adaptive,llama,92,3,1,False,ok,2,False,exec_error: KeyError: 'gender',,FA,FA,exec_error
llama_before_adaptive,before,adaptive,llama,92,4,1,False,ok,1,False,"exec_error: TypeError: can only concatenate str (not ""int"") to str",,FA,FA,exec_error
llama_before_adaptive,before,adaptive,llama,93,0,1,False,ok,1,False,exec_error: TypeError: '>' not supported between instances of 'str' and 'int',,FA,FA,exec_error
llama_before_adaptive,before,adaptive,llama,93,1,1,False,ok,1,True,,False,FA,FA,semantic
llama_before_adaptive,before,adaptive,llama,93,2,1,False,ok,1,False,exec_error: KeyError: 'A1',,FA,FA,exec_error
llama_before_adaptive,before,adaptive,llama,93,3,1,False,ok,1,True,,False,FA,FA,semantic
llama_before_adaptive,before,adaptive,llama,93,4,1,False,ok,1,False,exec_error: TypeError: '>' not supported between instances of 'str' and 'int',,FA,FA,exec_error
llama_before_adaptive,before,adaptive,llama,94,0,3,True,ok,2,False,exec_error: KeyError: 'account_id',,FA,AA,exec_error
llama_before_adaptive,before,adaptive,llama,94,1,3,True,ok,2,False,exec_error: FileNotFoundError: [Errno 2] No such file or directory: 'account.csv',,FA,AA,exec_error
llama_before_adaptive,before,adaptive,llama,94,2,3,True,ok,2,False,exec_error: KeyError: 'account_id',,FA,AA,exec_error
llama_before_adaptive,before,adaptive,llama,94,3,3,True,ok,2,False,"exec_error: TypeError: can only concatenate str (not ""int"") to str",,FA,AA,exec_error
llama_before_adaptive,before,adaptive,llama,94,4,3,True,ok,3,False,"exec_error: TypeError: can only concatenate str (not ""int"") to str",,FA,FA,exec_error
llama_before_adaptive,before,adaptive,llama,95,0,3,True,ok,2,False,exec_error: KeyError: 'district_id',,FA,AA,exec_error
llama_before_adaptive,before,adaptive,llama,95,1,3,True,ok,2,False,exec_error: TypeError: dtype 'str' does not support operation 'mean',,FA,AA,exec_error
llama_before_adaptive,before,adaptive,llama,95,2,3,True,ok,3,False,exec_error: KeyError: 'client_id',,FA,FA,exec_error
llama_before_adaptive,before,adaptive,llama,95,3,3,True,ok,3,False,exec_error: KeyError: 'account_id',,FA,FA,exec_error
llama_before_adaptive,before,adaptive,llama,95,4,3,True,ok,2,False,exec_error: KeyError: 'client_id',,FA,AA,exec_error
llama_before_adaptive,before,adaptive,llama,96,0,1,True,ok,1,True,,False,FA,FA,semantic
llama_before_adaptive,before,adaptive,llama,96,1,1,True,ok,1,True,,False,FA,FA,semantic
llama_before_adaptive,before,adaptive,llama,96,2,1,True,ok,1,True,,False,FA,FA,semantic
llama_before_adaptive,before,adaptive,llama,96,3,1,True,ok,1,True,,False,FA,FA,semantic
llama_before_adaptive,before,adaptive,llama,96,4,1,True,ok,2,True,,False,FA,FA,semantic
llama_before_adaptive,before,adaptive,llama,97,0,1,True,ok,0,True,,False,AA,AA,semantic
llama_before_adaptive,before,adaptive,llama,97,1,1,True,ok,1,True,,False,FA,FA,semantic
llama_before_adaptive,before,adaptive,llama,97,2,1,True,ok,1,True,,False,FA,FA,semantic
llama_before_adaptive,before,adaptive,llama,97,3,1,True,ok,1,True,,False,FA,FA,semantic
llama_before_adaptive,before,adaptive,llama,97,4,1,True,ok,1,True,,False,FA,FA,semantic
llama_before_adaptive,before,adaptive,llama,98,0,1,False,ok,0,False,"exec_error: AttributeError: Can only use .str accessor with string values, not datetime64",,FA,AA,exec_error
llama_before_adaptive,before,adaptive,llama,98,1,1,False,ok,1,False,"exec_error: AttributeError: Can only use .str accessor with string values, not datetime64",,FA,FA,exec_error
llama_before_adaptive,before,adaptive,llama,98,2,1,False,ok,1,False,"exec_error: AttributeError: Can only use .str accessor with string values, not datetime64",,FA,FA,exec_error
llama_before_adaptive,before,adaptive,llama,98,3,1,False,ok,0,False,"exec_error: AttributeError: Can only use .str accessor with string values, not datetime64",,FA,AA,exec_error
llama_before_adaptive,before,adaptive,llama,98,4,1,False,ok,1,False,"exec_error: AttributeError: Can only use .str accessor with string values, not datetime64",,FA,FA,exec_error
llama_before_adaptive,before,adaptive,llama,99,0,1,False,ok,2,True,,False,FA,FA,semantic
llama_before_adaptive,before,adaptive,llama,99,1,1,False,ok,2,True,,False,FA,FA,semantic
llama_before_adaptive,before,adaptive,llama,99,2,1,False,ok,1,False,exec_error: KeyError: 'date',,FA,FA,exec_error
llama_before_adaptive,before,adaptive,llama,99,3,1,False,ok,2,False,exec_error: TypeError: Invalid comparison between dtype=timedelta64[us] and DateOffset,,FA,FA,exec_error
llama_before_adaptive,before,adaptive,llama,99,4,1,False,ok,2,False,exec_error: KeyError: 'amount_x',,FA,FA,exec_error
llama_before_adaptive,before,adaptive,llama,100,0,1,False,ok,0,True,,False,AA,AA,semantic
llama_before_adaptive,before,adaptive,llama,100,1,1,False,ok,1,True,,False,FA,FA,semantic
llama_before_adaptive,before,adaptive,llama,100,2,1,False,ok,0,True,,False,AA,AA,semantic
llama_before_adaptive,before,adaptive,llama,100,3,1,False,ok,0,True,,True,AA,AA,success
llama_before_adaptive,before,adaptive,llama,100,4,1,False,ok,1,False,exec_error: KeyError: 'client_id_x',,FA,FA,exec_error
llama_before_adaptive,before,adaptive,llama,101,0,0,False,ok,0,True,,False,FA,FA,semantic
llama_before_adaptive,before,adaptive,llama,101,1,0,False,ok,0,False,"exec_error: AttributeError: Can only use .str accessor with string values, not datetime64",,FA,FA,exec_error
llama_before_adaptive,before,adaptive,llama,101,2,0,False,ok,1,False,"exec_error: AttributeError: Can only use .str accessor with string values, not datetime64",,FA,FA,exec_error
llama_before_adaptive,before,adaptive,llama,101,3,0,False,ok,0,False,"exec_error: AttributeError: Can only use .str accessor with string values, not datetime64",,FA,FA,exec_error
llama_before_adaptive,before,adaptive,llama,101,4,0,False,ok,0,False,"exec_error: AttributeError: Can only use .str accessor with string values, not datetime64",,FA,FA,exec_error
llama_before_adaptive,before,adaptive,llama,102,0,1,False,ok,1,True,,True,SA,SA,success
llama_before_adaptive,before,adaptive,llama,102,1,1,False,ok,1,True,,False,FA,FA,semantic
llama_before_adaptive,before,adaptive,llama,102,2,1,False,ok,1,True,,False,FA,FA,semantic
llama_before_adaptive,before,adaptive,llama,102,3,1,False,ok,1,False,exec_error: KeyError: 'date',,FA,FA,exec_error
llama_before_adaptive,before,adaptive,llama,102,4,1,False,ok,1,False,exec_error: KeyError: 'date',,FA,FA,exec_error
llama_before_adaptive,before,adaptive,llama,103,0,2,True,ok,0,False,exec_error: KeyError: 'client_id',,FA,AA,exec_error
llama_before_adaptive,before,adaptive,llama,103,1,2,True,ok,0,False,"exec_error: ValueError: Operands are not aligned. Do `left, right = left.align(right, axis=1)` before operating.",,FA,AA,exec_error
llama_before_adaptive,before,adaptive,llama,103,2,2,True,ok,0,False,"exec_error: KeyError: ""None of ['disp_id'] are in the columns""",,FA,AA,exec_error
llama_before_adaptive,before,adaptive,llama,103,3,2,True,ok,3,False,exec_error: KeyError: 'client_id',,FA,FA,exec_error
llama_before_adaptive,before,adaptive,llama,103,4,2,True,ok,1,False,exec_error: KeyError: 'client_id',,FA,AA,exec_error
llama_before_adaptive,before,adaptive,llama,104,0,1,False,ok,1,False,exec_error: KeyError: 'currency',,FA,FA,exec_error
llama_before_adaptive,before,adaptive,llama,104,1,1,False,ok,0,True,,False,AA,AA,semantic
llama_before_adaptive,before,adaptive,llama,104,2,1,False,ok,1,True,,False,FA,FA,semantic
llama_before_adaptive,before,adaptive,llama,104,3,1,False,ok,0,False,exec_error: IndexError: single positional indexer is out-of-bounds,,FA,AA,exec_error
llama_before_adaptive,before,adaptive,llama,104,4,1,False,ok,1,False,exec_error: KeyError: 'date',,FA,FA,exec_error
llama_before_adaptive,before,adaptive,llama,105,0,1,False,ok,0,True,,True,AA,AA,success
llama_before_adaptive,before,adaptive,llama,105,1,1,False,ok,1,True,,True,SA,SA,success
llama_before_adaptive,before,adaptive,llama,105,2,1,False,ok,0,False,"exec_error: ValueError: Operands are not aligned. Do `left, right = left.align(right, axis=1)` before operating.",,FA,AA,exec_error
llama_before_adaptive,before,adaptive,llama,105,3,1,False,ok,1,True,,True,SA,SA,success
llama_before_adaptive,before,adaptive,llama,105,4,1,False,ok,1,False,exec_error: IndexError: single positional indexer is out-of-bounds,,FA,FA,exec_error
llama_before_adaptive,before,adaptive,llama,106,0,3,True,ok,0,False,exec_error: TypeError: unhashable type: 'DataFrame',,FA,AA,exec_error
llama_before_adaptive,before,adaptive,llama,106,1,3,True,ok,1,True,,False,AA,AA,semantic
llama_before_adaptive,before,adaptive,llama,106,2,3,True,ok,2,False,exec_error: KeyError: 'disp_id',,FA,AA,exec_error
llama_before_adaptive,before,adaptive,llama,106,3,3,True,ok,1,False,exec_error: KeyError: 'account_id',,FA,AA,exec_error
llama_before_adaptive,before,adaptive,llama,106,4,3,True,ok,0,True,,False,AA,AA,semantic
llama_before_adaptive,before,adaptive,llama,107,0,1,False,ok,0,True,,True,AA,AA,success
llama_before_adaptive,before,adaptive,llama,107,1,1,False,ok,2,False,exec_error: TypeError: dtype 'str' does not support operation 'mean',,FA,FA,exec_error
llama_before_adaptive,before,adaptive,llama,107,2,1,False,ok,1,False,"exec_error: TypeError: can only concatenate str (not ""int"") to str",,FA,FA,exec_error
llama_before_adaptive,before,adaptive,llama,107,3,1,False,ok,2,False,exec_error: TypeError: dtype 'str' does not support operation 'mean',,FA,FA,exec_error
llama_before_adaptive,before,adaptive,llama,107,4,1,False,ok,2,False,exec_error: TypeError: dtype 'str' does not support operation 'mean',,FA,FA,exec_error
llama_before_adaptive,before,adaptive,llama,108,0,2,False,ok,0,True,,True,AA,AA,success
llama_before_adaptive,before,adaptive,llama,108,1,2,False,ok,0,True,,True,AA,AA,success
llama_before_adaptive,before,adaptive,llama,108,2,2,False,ok,0,True,,False,AA,AA,semantic
llama_before_adaptive,before,adaptive,llama,108,3,2,False,ok,0,True,,False,AA,AA,semantic
llama_before_adaptive,before,adaptive,llama,108,4,2,False,ok,2,False,exec_error: IndexError: single positional indexer is out-of-bounds,,FA,FA,exec_error
llama_before_adaptive,before,adaptive,llama,109,0,1,False,ok,1,True,,True,SA,SA,success
llama_before_adaptive,before,adaptive,llama,109,1,1,False,ok,0,True,,False,AA,AA,semantic
llama_before_adaptive,before,adaptive,llama,109,2,1,False,ok,0,True,,True,AA,AA,success
llama_before_adaptive,before,adaptive,llama,109,3,1,False,ok,0,True,,True,AA,AA,success
llama_before_adaptive,before,adaptive,llama,109,4,1,False,ok,1,True,,True,SA,SA,success
llama_before_adaptive,before,adaptive,llama,110,0,2,True,ok,0,False,"exec_error: ValueError: Operands are not aligned. Do `left, right = left.align(right, axis=1)` before operating.",,FA,AA,exec_error
llama_before_adaptive,before,adaptive,llama,110,1,2,True,ok,0,False,exec_error: IndexError: single positional indexer is out-of-bounds,,FA,AA,exec_error
llama_before_adaptive,before,adaptive,llama,110,2,2,True,ok,0,False,exec_error: ValueError: DataFrame constructor not properly called!,,FA,AA,exec_error
llama_before_adaptive,before,adaptive,llama,110,3,2,True,ok,1,True,,False,AA,AA,semantic
llama_before_adaptive,before,adaptive,llama,110,4,2,True,ok,0,True,,False,AA,AA,semantic
llama_before_adaptive,before,adaptive,llama,111,0,1,False,ok,0,False,"exec_error: AttributeError: Can only use .str accessor with string values, not datetime64",,FA,AA,exec_error
llama_before_adaptive,before,adaptive,llama,111,1,1,False,ok,0,False,"exec_error: AttributeError: Can only use .str accessor with string values, not datetime64",,FA,AA,exec_error
llama_before_adaptive,before,adaptive,llama,111,2,1,False,ok,0,False,"exec_error: AttributeError: Can only use .str accessor with string values, not datetime64",,FA,AA,exec_error
llama_before_adaptive,before,adaptive,llama,111,3,1,False,ok,0,False,"exec_error: AttributeError: Can only use .str accessor with string values, not datetime64",,FA,AA,exec_error
llama_before_adaptive,before,adaptive,llama,111,4,1,False,ok,0,True,,True,AA,AA,success
llama_before_adaptive,before,adaptive,llama,112,0,1,False,ok,0,False,exec_error: KeyError: 'A1',,FA,AA,exec_error
llama_before_adaptive,before,adaptive,llama,112,1,1,False,ok,1,False,exec_error: KeyError: 'client_id',,FA,FA,exec_error
llama_before_adaptive,before,adaptive,llama,112,2,1,False,ok,0,True,,False,AA,AA,semantic
llama_before_adaptive,before,adaptive,llama,112,3,1,False,ok,0,False,exec_error: IndexError: single positional indexer is out-of-bounds,,FA,AA,exec_error
llama_before_adaptive,before,adaptive,llama,112,4,1,False,ok,0,True,,False,AA,AA,semantic
llama_before_adaptive,before,adaptive,llama,113,0,3,True,ok,0,False,exec_error: UnboundLocalError: cannot access local variable 'client' where it is not associated with a value,,FA,AA,exec_error
llama_before_adaptive,before,adaptive,llama,113,1,3,True,ok,0,False,exec_error: KeyError: 'client_id',,FA,AA,exec_error
llama_before_adaptive,before,adaptive,llama,113,2,3,True,ok,0,False,exec_error: FileNotFoundError: [Errno 2] No such file or directory: 'loan.csv',,FA,AA,exec_error
llama_before_adaptive,before,adaptive,llama,113,3,3,True,ok,2,False,exec_error: KeyError: 'client_id',,FA,AA,exec_error
llama_before_adaptive,before,adaptive,llama,113,4,3,True,ok,0,False,exec_error: KeyError: 'account_id',,FA,AA,exec_error
llama_before_adaptive,before,adaptive,llama,114,0,1,False,ok,0,False,exec_error: IndexError: index 0 is out of bounds for axis 0 with size 0,,FA,AA,exec_error
llama_before_adaptive,before,adaptive,llama,114,1,1,False,ok,0,False,exec_error: IndexError: single positional indexer is out-of-bounds,,FA,AA,exec_error
llama_before_adaptive,before,adaptive,llama,114,2,1,False,ok,0,False,exec_error: IndexError: single positional indexer is out-of-bounds,,FA,AA,exec_error
llama_before_adaptive,before,adaptive,llama,114,3,1,False,ok,0,False,exec_error: IndexError: single positional indexer is out-of-bounds,,FA,AA,exec_error
llama_before_adaptive,before,adaptive,llama,114,4,1,False,ok,0,False,exec_error: NameError: name 'district_id' is not defined,,FA,AA,exec_error
llama_before_adaptive,before,adaptive,llama,115,0,1,False,ok,0,False,exec_error: IndexError: index 0 is out of bounds for axis 0 with size 0,,FA,AA,exec_error
llama_before_adaptive,before,adaptive,llama,115,1,1,False,ok,0,False,exec_error: ValueError: attempt to get argmax of an empty sequence,,FA,AA,exec_error
llama_before_adaptive,before,adaptive,llama,115,2,1,False,ok,1,False,exec_error: ValueError: attempt to get argmax of an empty sequence,,FA,FA,exec_error
llama_before_adaptive,before,adaptive,llama,115,3,1,False,ok,0,True,,False,AA,AA,semantic
llama_before_adaptive,before,adaptive,llama,115,4,1,False,ok,0,False,exec_error: ValueError: attempt to get argmax of an empty sequence,,FA,AA,exec_error
llama_before_adaptive,before,adaptive,llama,116,0,2,False,ok,0,False,"exec_error: ValueError: Operands are not aligned. Do `left, right = left.align(right, axis=1)` before operating.",,FA,AA,exec_error
llama_before_adaptive,before,adaptive,llama,116,1,2,False,ok,0,True,,False,AA,AA,semantic
llama_before_adaptive,before,adaptive,llama,116,2,2,False,ok,0,False,exec_error: IndexError: index 0 is out of bounds for axis 0 with size 0,,FA,AA,exec_error
llama_before_adaptive,before,adaptive,llama,116,3,2,False,ok,0,False,"exec_error: ValueError: Operands are not aligned. Do `left, right = left.align(right, axis=1)` before operating.",,FA,AA,exec_error
llama_before_adaptive,before,adaptive,llama,116,4,2,False,ok,0,False,exec_error: IndexError: single positional indexer is out-of-bounds,,FA,AA,exec_error
llama_before_adaptive,before,adaptive,llama,117,0,0,False,ok,0,False,exec_error: KeyError: 'status',,FA,FA,exec_error
llama_before_adaptive,before,adaptive,llama,117,1,0,False,ok,0,False,exec_error: KeyError: 'status',,FA,FA,exec_error
llama_before_adaptive,before,adaptive,llama,117,2,0,False,ok,0,False,exec_error: KeyError: 'status',,FA,FA,exec_error
llama_before_adaptive,before,adaptive,llama,117,3,0,False,ok,0,False,exec_error: KeyError: 'status',,FA,FA,exec_error
llama_before_adaptive,before,adaptive,llama,117,4,0,False,ok,0,False,exec_error: KeyError: 'status',,FA,FA,exec_error
llama_before_adaptive,before,adaptive,llama,118,0,0,False,ok,0,False,exec_error: KeyError: 'amount',,FA,FA,exec_error
llama_before_adaptive,before,adaptive,llama,118,1,0,False,ok,0,False,exec_error: KeyError: 'amount',,FA,FA,exec_error
llama_before_adaptive,before,adaptive,llama,118,2,0,False,ok,0,False,exec_error: KeyError: 'amount',,FA,FA,exec_error
llama_before_adaptive,before,adaptive,llama,118,3,0,False,ok,0,True,,False,FA,FA,semantic
llama_before_adaptive,before,adaptive,llama,118,4,0,False,ok,0,False,exec_error: KeyError: 'amount',,FA,FA,exec_error
llama_before_adaptive,before,adaptive,llama,119,0,1,False,ok,1,False,"exec_error: AttributeError: Can only use .str accessor with string values, not datetime64",,FA,FA,exec_error
llama_before_adaptive,before,adaptive,llama,119,1,1,False,ok,1,False,"exec_error: ValueError: Length mismatch: Expected axis has 16 elements, new values have 12 elements",,FA,FA,exec_error
llama_before_adaptive,before,adaptive,llama,119,2,1,False,ok,1,False,"exec_error: AttributeError: Can only use .str accessor with string values, not datetime64",,FA,FA,exec_error
llama_before_adaptive,before,adaptive,llama,119,3,1,False,ok,1,False,"exec_error: AttributeError: Can only use .str accessor with string values, not datetime64",,FA,FA,exec_error
llama_before_adaptive,before,adaptive,llama,119,4,1,False,ok,1,False,"exec_error: AttributeError: Can only use .str accessor with string values, not datetime64",,FA,FA,exec_error
llama_before_adaptive,before,adaptive,llama,120,0,1,False,ok,0,False,exec_error: IndexError: index 0 is out of bounds for axis 0 with size 0,,FA,AA,exec_error
llama_before_adaptive,before,adaptive,llama,120,1,1,False,ok,0,False,exec_error: IndexError: index 0 is out of bounds for axis 0 with size 0,,FA,AA,exec_error
llama_before_adaptive,before,adaptive,llama,120,2,1,False,ok,1,True,,False,FA,FA,semantic
llama_before_adaptive,before,adaptive,llama,120,3,1,False,ok,1,True,,False,FA,FA,semantic
llama_before_adaptive,before,adaptive,llama,120,4,1,False,ok,1,True,,False,FA,FA,semantic
llama_before_adaptive,before,adaptive,llama,121,0,1,False,ok,0,False,exec_error: KeyError: 'account_id',,FA,AA,exec_error
llama_before_adaptive,before,adaptive,llama,121,1,1,False,ok,0,True,,False,AA,AA,semantic
llama_before_adaptive,before,adaptive,llama,121,2,1,False,ok,1,True,,True,SA,SA,success
llama_before_adaptive,before,adaptive,llama,121,3,1,False,ok,0,True,,True,AA,AA,success
llama_before_adaptive,before,adaptive,llama,121,4,1,False,ok,1,True,,False,FA,FA,semantic
llama_before_adaptive,before,adaptive,llama,122,0,2,False,ok,2,True,,False,FA,FA,semantic
llama_before_adaptive,before,adaptive,llama,122,1,2,False,ok,3,True,,False,FA,FA,semantic
llama_before_adaptive,before,adaptive,llama,122,2,2,False,ok,2,False,exec_error: AttributeError: 'DataFrame' object has no attribute 'to_frame',,FA,FA,exec_error
llama_before_adaptive,before,adaptive,llama,122,3,2,False,ok,2,True,,False,FA,FA,semantic
llama_before_adaptive,before,adaptive,llama,122,4,2,False,ok,2,True,,False,FA,FA,semantic
llama_before_adaptive,before,adaptive,llama,123,0,2,False,ok,2,True,,True,SA,SA,success
llama_before_adaptive,before,adaptive,llama,123,1,2,False,ok,2,True,,False,FA,FA,semantic
llama_before_adaptive,before,adaptive,llama,123,2,2,False,ok,2,True,,False,FA,FA,semantic
llama_before_adaptive,before,adaptive,llama,123,3,2,False,ok,2,False,"exec_error: TypeError: can only concatenate str (not ""int"") to str",,FA,FA,exec_error
llama_before_adaptive,before,adaptive,llama,123,4,2,False,ok,2,True,,True,SA,SA,success
llama_before_adaptive,before,adaptive,llama,124,0,2,False,ok,3,False,exec_error: TypeError: Cannot perform reduction 'mean' with string dtype,,FA,FA,exec_error
llama_before_adaptive,before,adaptive,llama,124,1,2,False,ok,2,False,exec_error: TypeError: dtype 'str' does not support operation 'mean',,FA,FA,exec_error
llama_before_adaptive,before,adaptive,llama,124,2,2,False,ok,2,False,exec_error: TypeError: dtype 'str' does not support operation 'mean',,FA,FA,exec_error
llama_before_adaptive,before,adaptive,llama,124,3,2,False,ok,3,False,exec_error: TypeError: dtype 'str' does not support operation 'mean',,FA,FA,exec_error
llama_before_adaptive,before,adaptive,llama,124,4,2,False,ok,2,True,,False,FA,FA,semantic
llama_before_adaptive,before,adaptive,llama,125,0,2,False,ok,2,False,exec_error: KeyError: 'year',,FA,FA,exec_error
llama_before_adaptive,before,adaptive,llama,125,1,2,False,ok,4,False,exec_error: KeyError: 'district_id',,FA,FA,exec_error
llama_before_adaptive,before,adaptive,llama,125,2,2,False,ok,2,False,exec_error: KeyError: 'account_id',,FA,FA,exec_error
llama_before_adaptive,before,adaptive,llama,125,3,2,False,ok,4,False,exec_error: KeyError: 'account_id',,FA,FA,exec_error
llama_before_adaptive,before,adaptive,llama,125,4,2,False,ok,2,False,exec_error: KeyError: 'account_id',,FA,FA,exec_error
llama_before_adaptive,before,adaptive,llama,126,0,1,False,ok,1,True,,False,FA,FA,semantic
llama_before_adaptive,before,adaptive,llama,126,1,1,False,ok,0,False,"exec_error: AttributeError: Can only use .str accessor with string values, not datetime64",,FA,AA,exec_error
llama_before_adaptive,before,adaptive,llama,126,2,1,False,ok,1,False,"exec_error: AttributeError: Can only use .str accessor with string values, not datetime64",,FA,FA,exec_error
llama_before_adaptive,before,adaptive,llama,126,3,1,False,ok,1,False,exec_error: IndexError: single positional indexer is out-of-bounds,,FA,FA,exec_error
llama_before_adaptive,before,adaptive,llama,126,4,1,False,ok,0,False,"exec_error: AttributeError: Can only use .str accessor with string values, not datetime64",,FA,AA,exec_error
llama_before_adaptive,before,adaptive,llama,127,0,0,False,ok,1,True,,False,FA,FA,semantic
llama_before_adaptive,before,adaptive,llama,127,1,0,False,ok,0,True,,False,FA,FA,semantic
llama_before_adaptive,before,adaptive,llama,127,2,0,False,ok,0,True,,False,FA,FA,semantic
llama_before_adaptive,before,adaptive,llama,127,3,0,False,ok,0,True,,False,FA,FA,semantic
llama_before_adaptive,before,adaptive,llama,127,4,0,False,ok,0,True,,False,FA,FA,semantic
llama_before_adaptive,before,adaptive,llama,128,0,1,False,ok,2,True,,False,FA,FA,semantic
llama_before_adaptive,before,adaptive,llama,128,1,1,False,ok,2,True,,False,FA,FA,semantic
llama_before_adaptive,before,adaptive,llama,128,2,1,False,ok,2,True,,False,FA,FA,semantic
llama_before_adaptive,before,adaptive,llama,128,3,1,False,ok,1,True,,False,FA,FA,semantic
llama_before_adaptive,before,adaptive,llama,128,4,1,False,ok,3,True,,False,FA,FA,semantic
llama_before_adaptive,before,adaptive,llama,129,0,2,False,ok,1,False,exec_error: KeyError: 'district',,FA,AA,exec_error
llama_before_adaptive,before,adaptive,llama,129,1,2,False,ok,1,False,"exec_error: AttributeError: Can only use .str accessor with string values, not datetime64",,FA,AA,exec_error
llama_before_adaptive,before,adaptive,llama,129,2,2,False,ok,1,False,exec_error: KeyError: 'bank',,FA,AA,exec_error
llama_before_adaptive,before,adaptive,llama,129,3,2,False,ok,1,False,"exec_error: AttributeError: Can only use .str accessor with string values, not datetime64",,FA,AA,exec_error
llama_before_adaptive,before,adaptive,llama,129,4,2,False,ok,1,False,exec_error: KeyError: 'A1',,FA,AA,exec_error
llama_before_adaptive,before,adaptive,llama,130,0,2,True,ok,0,True,,False,AA,AA,semantic
llama_before_adaptive,before,adaptive,llama,130,1,2,True,ok,0,False,exec_error: IndexError: single positional indexer is out-of-bounds,,FA,AA,exec_error
llama_before_adaptive,before,adaptive,llama,130,2,2,True,ok,0,False,exec_error: IndexError: index 0 is out of bounds for axis 0 with size 0,,FA,AA,exec_error
llama_before_adaptive,before,adaptive,llama,130,3,2,True,ok,0,False,exec_error: KeyError: 'A15',,FA,AA,exec_error
llama_before_adaptive,before,adaptive,llama,130,4,2,True,ok,1,False,exec_error: KeyError: 'A13',,FA,AA,exec_error
llama_before_adaptive,before,adaptive,llama,131,0,2,False,ok,1,False,exec_error: KeyError: 'district_id',,FA,AA,exec_error
llama_before_adaptive,before,adaptive,llama,131,1,2,False,ok,1,False,exec_error: KeyError: 'district_id',,FA,AA,exec_error
llama_before_adaptive,before,adaptive,llama,131,2,2,False,ok,3,False,exec_error: UnboundLocalError: cannot access local variable 'df_districts' where it is not associated with a value,,FA,FA,exec_error
llama_before_adaptive,before,adaptive,llama,131,3,2,False,ok,3,False,exec_error: IndexError: index 0 is out of bounds for axis 0 with size 0,,FA,FA,exec_error
llama_before_adaptive,before,adaptive,llama,131,4,2,False,ok,2,False,exec_error: AttributeError: 'numpy.int64' object has no attribute 'values',,FA,FA,exec_error
llama_before_adaptive,before,adaptive,llama,132,0,3,True,ok,1,False,exec_error: KeyError: 'client_id',,FA,AA,exec_error
llama_before_adaptive,before,adaptive,llama,132,1,3,True,ok,1,False,exec_error: KeyError: 'client_id',,FA,AA,exec_error
llama_before_adaptive,before,adaptive,llama,132,2,3,True,ok,1,False,exec_error: KeyError: 'client_id',,FA,AA,exec_error
llama_before_adaptive,before,adaptive,llama,132,3,3,True,ok,1,False,exec_error: KeyError: 'client_id',,FA,AA,exec_error
llama_before_adaptive,before,adaptive,llama,132,4,3,True,ok,1,False,exec_error: KeyError: 'client_id',,FA,AA,exec_error
llama_before_adaptive,before,adaptive,llama,133,0,0,False,ok,0,False,exec_error: ValueError: attempt to get argmax of an empty sequence,,FA,FA,exec_error
llama_before_adaptive,before,adaptive,llama,133,1,0,False,ok,0,False,exec_error: FileNotFoundError: [Errno 2] No such file or directory: 'district.csv',,FA,FA,exec_error
llama_before_adaptive,before,adaptive,llama,133,2,0,False,ok,0,False,exec_error: KeyError: 'A16',,FA,FA,exec_error
llama_before_adaptive,before,adaptive,llama,133,3,0,False,ok,0,False,exec_error: KeyError: 'A2',,FA,FA,exec_error
llama_before_adaptive,before,adaptive,llama,133,4,0,False,ok,0,False,exec_error: ValueError: attempt to get argmax of an empty sequence,,FA,FA,exec_error
llama_before_adaptive,before,adaptive,llama,134,0,1,False,ok,0,True,,True,AA,AA,success
llama_before_adaptive,before,adaptive,llama,134,1,1,False,ok,0,True,,True,AA,AA,success
llama_before_adaptive,before,adaptive,llama,134,2,1,False,ok,0,False,exec_error: IndexError: single positional indexer is out-of-bounds,,FA,AA,exec_error
llama_before_adaptive,before,adaptive,llama,134,3,1,False,ok,0,True,,True,AA,AA,success
llama_before_adaptive,before,adaptive,llama,134,4,1,False,ok,0,False,exec_error: ValueError: attempt to get argmax of an empty sequence,,FA,AA,exec_error
llama_before_adaptive,before,adaptive,llama,135,0,1,False,ok,1,True,,False,FA,FA,semantic
llama_before_adaptive,before,adaptive,llama,135,1,1,False,ok,1,True,,False,FA,FA,semantic
llama_before_adaptive,before,adaptive,llama,135,2,1,False,ok,1,True,,False,FA,FA,semantic
llama_before_adaptive,before,adaptive,llama,135,3,1,False,ok,1,True,,False,FA,FA,semantic
llama_before_adaptive,before,adaptive,llama,135,4,1,False,ok,1,True,,False,FA,FA,semantic
llama_before_adaptive,before,adaptive,llama,136,0,1,False,ok,1,True,,False,FA,FA,semantic
llama_before_adaptive,before,adaptive,llama,136,1,1,False,ok,1,False,exec_error: KeyError: 'status',,FA,FA,exec_error
llama_before_adaptive,before,adaptive,llama,136,2,1,False,ok,1,False,exec_error: KeyError: 'frequency',,FA,FA,exec_error
llama_before_adaptive,before,adaptive,llama,136,3,1,False,ok,0,False,exec_error: KeyError: 'frequency',,FA,AA,exec_error
llama_before_adaptive,before,adaptive,llama,136,4,1,False,ok,1,True,,False,FA,FA,semantic
llama_before_adaptive,before,adaptive,llama,137,0,2,False,ok,2,True,,False,FA,FA,semantic
llama_before_adaptive,before,adaptive,llama,137,1,2,False,ok,1,True,,False,AA,AA,semantic
llama_before_adaptive,before,adaptive,llama,137,2,2,False,ok,1,True,,False,AA,AA,semantic
llama_before_adaptive,before,adaptive,llama,137,3,2,False,ok,1,True,,False,AA,AA,semantic
llama_before_adaptive,before,adaptive,llama,137,4,2,False,ok,0,True,,False,AA,AA,semantic
llama_before_adaptive,before,adaptive,llama,138,0,1,False,ok,0,False,"exec_error: TypeError: can only concatenate str (not ""int"") to str",,FA,AA,exec_error
llama_before_adaptive,before,adaptive,llama,138,1,1,False,ok,0,False,exec_error: TypeError: DataFrame.nsmallest() missing 1 required positional argument: 'columns',,FA,AA,exec_error
llama_before_adaptive,before,adaptive,llama,138,2,1,False,ok,0,False,"exec_error: TypeError: can only concatenate str (not ""int"") to str",,FA,AA,exec_error
llama_before_adaptive,before,adaptive,llama,138,3,1,False,ok,2,False,"exec_error: TypeError: can only concatenate str (not ""int"") to str",,FA,FA,exec_error
llama_before_adaptive,before,adaptive,llama,138,4,1,False,ok,0,False,"exec_error: TypeError: can only concatenate str (not ""int"") to str",,FA,AA,exec_error
llama_before_adaptive,before,adaptive,llama,139,0,1,True,ok,1,True,,False,FA,FA,semantic
llama_before_adaptive,before,adaptive,llama,139,1,1,True,ok,1,True,,False,FA,FA,semantic
llama_before_adaptive,before,adaptive,llama,139,2,1,True,ok,1,False,exec_error: KeyError: 'type',,FA,FA,exec_error
llama_before_adaptive,before,adaptive,llama,139,3,1,True,ok,1,False,exec_error: IndexError: single positional indexer is out-of-bounds,,FA,FA,exec_error
llama_before_adaptive,before,adaptive,llama,139,4,1,True,ok,1,True,,False,FA,FA,semantic
llama_before_adaptive,before,adaptive,llama,140,0,1,False,ok,1,True,,True,SA,SA,success
llama_before_adaptive,before,adaptive,llama,140,1,1,False,ok,0,True,,True,AA,AA,success
llama_before_adaptive,before,adaptive,llama,140,2,1,False,ok,0,False,exec_error: KeyError: 'district_name',,FA,AA,exec_error
llama_before_adaptive,before,adaptive,llama,140,3,1,False,ok,0,False,"exec_error: ValueError: Operands are not aligned. Do `left, right = left.align(right, axis=1)` before operating.",,FA,AA,exec_error
llama_before_adaptive,before,adaptive,llama,140,4,1,False,ok,0,True,,True,AA,AA,success
llama_before_adaptive,before,adaptive,llama,141,0,2,False,ok,1,False,exec_error: AttributeError: 'Timestamp' object has no attribute 'startswith',,FA,AA,exec_error
llama_before_adaptive,before,adaptive,llama,141,1,2,False,ok,1,False,"exec_error: AttributeError: Can only use .str accessor with string values, not datetime64",,FA,AA,exec_error
llama_before_adaptive,before,adaptive,llama,141,2,2,False,ok,2,False,"exec_error: AttributeError: Can only use .str accessor with string values, not datetime64",,FA,FA,exec_error
llama_before_adaptive,before,adaptive,llama,141,3,2,False,ok,2,False,"exec_error: KeyError: ""['A1'] not in index""",,FA,FA,exec_error
llama_before_adaptive,before,adaptive,llama,141,4,2,False,ok,0,False,"exec_error: AttributeError: Can only use .str accessor with string values, not datetime64",,FA,AA,exec_error
llama_before_adaptive,before,adaptive,llama,142,0,2,False,ok,1,False,exec_error: NameError: name 'houshold_payment_accounts' is not defined,,FA,AA,exec_error
llama_before_adaptive,before,adaptive,llama,142,1,2,False,ok,2,True,,False,FA,FA,semantic
llama_before_adaptive,before,adaptive,llama,142,2,2,False,ok,2,False,exec_error: KeyError: 'A1',,FA,FA,exec_error
llama_before_adaptive,before,adaptive,llama,142,3,2,False,ok,2,True,,False,FA,FA,semantic
llama_before_adaptive,before,adaptive,llama,142,4,2,False,ok,1,False,exec_error: KeyError: 'district_id',,FA,AA,exec_error
llama_before_adaptive,before,adaptive,llama,143,0,1,True,ok,1,True,,False,FA,FA,semantic
llama_before_adaptive,before,adaptive,llama,143,1,1,True,ok,0,True,,False,AA,AA,semantic
llama_before_adaptive,before,adaptive,llama,143,2,1,True,ok,1,False,exec_error: TypeError: unsupported operand type(s) for &: 'str' and 'StringArray',,FA,FA,exec_error
llama_before_adaptive,before,adaptive,llama,143,3,1,True,ok,1,True,,True,SA,SA,success
llama_before_adaptive,before,adaptive,llama,143,4,1,True,ok,1,True,,False,FA,FA,semantic
llama_before_adaptive,before,adaptive,llama,144,0,3,True,ok,0,True,,False,AA,AA,semantic
llama_before_adaptive,before,adaptive,llama,144,1,3,True,parse_fail,0,,,,FA,FA,step1_parse_fail
llama_before_adaptive,before,adaptive,llama,144,2,3,True,ok,2,False,exec_error: KeyError: 'account_id',,FA,AA,exec_error
llama_before_adaptive,before,adaptive,llama,144,3,3,True,ok,2,False,"exec_error: ValueError: Invalid frequency: M. Failed to parse with error message: ValueError(""'M' is no longer supported for offsets. Please use 'ME' instead."")",,FA,AA,exec_error
llama_before_adaptive,before,adaptive,llama,144,4,3,True,ok,2,False,"exec_error: AttributeError: Can only use .str accessor with string values, not datetime64",,FA,AA,exec_error
llama_before_adaptive,before,adaptive,llama,145,0,1,False,ok,0,False,"exec_error: AttributeError: Can only use .str accessor with string values, not datetime64",,FA,AA,exec_error
llama_before_adaptive,before,adaptive,llama,145,1,1,False,ok,0,False,"exec_error: AttributeError: Can only use .str accessor with string values, not datetime64",,FA,AA,exec_error
llama_before_adaptive,before,adaptive,llama,145,2,1,False,ok,1,True,,False,FA,FA,semantic
llama_before_adaptive,before,adaptive,llama,145,3,1,False,ok,0,True,,False,AA,AA,semantic
llama_before_adaptive,before,adaptive,llama,145,4,1,False,ok,1,False,"exec_error: AttributeError: Can only use .str accessor with string values, not datetime64",,FA,FA,exec_error
llama_before_adaptive,before,adaptive,llama,146,0,3,True,ok,3,False,exec_error: KeyError: 'client_id',,FA,FA,exec_error
llama_before_adaptive,before,adaptive,llama,146,1,3,True,ok,3,False,exec_error: KeyError: 'client_id',,FA,FA,exec_error
llama_before_adaptive,before,adaptive,llama,146,2,3,True,ok,3,False,exec_error: KeyError: 'client_id',,FA,FA,exec_error
llama_before_adaptive,before,adaptive,llama,146,3,3,True,ok,3,False,exec_error: KeyError: 'account_id',,FA,FA,exec_error
llama_before_adaptive,before,adaptive,llama,146,4,3,True,ok,3,False,exec_error: KeyError: 'client_id',,FA,FA,exec_error
llama_before_adaptive,before,adaptive,llama,147,0,1,False,ok,1,False,exec_error: KeyError: 'client_id',,FA,FA,exec_error
llama_before_adaptive,before,adaptive,llama,147,1,1,False,ok,1,True,,False,FA,FA,semantic
llama_before_adaptive,before,adaptive,llama,147,2,1,False,ok,1,True,,False,FA,FA,semantic
llama_before_adaptive,before,adaptive,llama,147,3,1,False,ok,0,True,,False,AA,AA,semantic
llama_before_adaptive,before,adaptive,llama,147,4,1,False,ok,1,True,,False,FA,FA,semantic
llama_before_adaptive,before,adaptive,llama,148,0,2,True,ok,0,False,"exec_error: ValueError: Operands are not aligned. Do `left, right = left.align(right, axis=1)` before operating.",,FA,AA,exec_error
llama_before_adaptive,before,adaptive,llama,148,1,2,True,ok,1,False,exec_error: KeyError: 'type',,FA,AA,exec_error
llama_before_adaptive,before,adaptive,llama,148,2,2,True,ok,1,True,,False,AA,AA,semantic
llama_before_adaptive,before,adaptive,llama,148,3,2,True,ok,0,True,,False,AA,AA,semantic
llama_before_adaptive,before,adaptive,llama,148,4,2,True,ok,0,False,"exec_error: ValueError: Operands are not aligned. Do `left, right = left.align(right, axis=1)` before operating.",,FA,AA,exec_error
llama_before_adaptive,before,adaptive,llama,149,0,2,True,ok,1,False,"exec_error: TypeError: can only concatenate str (not ""int"") to str",,FA,AA,exec_error
llama_before_adaptive,before,adaptive,llama,149,1,2,True,ok,2,False,exec_error: KeyError: 'A1',,FA,FA,exec_error
llama_before_adaptive,before,adaptive,llama,149,2,2,True,ok,1,False,exec_error: KeyError: 'type_x',,FA,AA,exec_error
llama_before_adaptive,before,adaptive,llama,149,3,2,True,ok,1,True,,False,AA,AA,semantic
llama_before_adaptive,before,adaptive,llama,149,4,2,True,ok,1,False,exec_error: KeyError: 'type',,FA,AA,exec_error
llama_before_adaptive,before,adaptive,llama,150,0,2,False,ok,1,True,,False,AA,AA,semantic
llama_before_adaptive,before,adaptive,llama,150,1,2,False,ok,0,False,exec_error: IndexError: index 0 is out of bounds for axis 0 with size 0,,FA,AA,exec_error
llama_before_adaptive,before,adaptive,llama,150,2,2,False,ok,1,True,,False,AA,AA,semantic
llama_before_adaptive,before,adaptive,llama,150,3,2,False,ok,1,False,exec_error: IndexError: index 0 is out of bounds for axis 0 with size 0,,FA,AA,exec_error
llama_before_adaptive,before,adaptive,llama,150,4,2,False,ok,1,True,,False,AA,AA,semantic
llama_before_adaptive,before,adaptive,llama,151,0,2,False,ok,2,True,,False,FA,FA,semantic
llama_before_adaptive,before,adaptive,llama,151,1,2,False,ok,2,True,,False,FA,FA,semantic
llama_before_adaptive,before,adaptive,llama,151,2,2,False,ok,2,True,,False,FA,FA,semantic
llama_before_adaptive,before,adaptive,llama,151,3,2,False,ok,2,True,,False,FA,FA,semantic
llama_before_adaptive,before,adaptive,llama,151,4,2,False,ok,1,True,,False,AA,AA,semantic
llama_before_adaptive,before,adaptive,llama,152,0,1,False,ok,1,False,exec_error: TypeError: '>' not supported between instances of 'str' and 'int',,FA,FA,exec_error
llama_before_adaptive,before,adaptive,llama,152,1,1,False,ok,1,True,,False,FA,FA,semantic
llama_before_adaptive,before,adaptive,llama,152,2,1,False,ok,2,False,"exec_error: AttributeError: Can only use .str accessor with string values, not datetime64",,FA,FA,exec_error
llama_before_adaptive,before,adaptive,llama,152,3,1,False,ok,1,False,"exec_error: AttributeError: Can only use .str accessor with string values, not datetime64",,FA,FA,exec_error
llama_before_adaptive,before,adaptive,llama,152,4,1,False,ok,1,False,exec_error: TypeError: '>=' not supported between instances of 'str' and 'int',,FA,FA,exec_error
llama_before_adaptive,before,adaptive,llama,153,0,1,True,ok,1,True,,True,SA,SA,success
llama_before_adaptive,before,adaptive,llama,153,1,1,True,ok,1,True,,True,SA,SA,success
llama_before_adaptive,before,adaptive,llama,153,2,1,True,ok,1,True,,False,FA,FA,semantic
llama_before_adaptive,before,adaptive,llama,153,3,1,True,ok,1,False,exec_error: KeyError: 'type',,FA,FA,exec_error
llama_before_adaptive,before,adaptive,llama,153,4,1,True,ok,1,False,exec_error: KeyError: 'type',,FA,FA,exec_error
llama_before_adaptive,before,adaptive,llama,154,0,1,False,ok,1,False,exec_error: IndexingError: Too many indexers,,FA,FA,exec_error
llama_before_adaptive,before,adaptive,llama,154,1,1,False,ok,1,False,exec_error: KeyError: 'A1',,FA,FA,exec_error
llama_before_adaptive,before,adaptive,llama,154,2,1,False,ok,0,False,"exec_error: ValueError: Operands are not aligned. Do `left, right = left.align(right, axis=1)` before operating.",,FA,AA,exec_error
llama_before_adaptive,before,adaptive,llama,154,3,1,False,ok,0,True,,False,AA,AA,semantic
llama_before_adaptive,before,adaptive,llama,154,4,1,False,ok,1,True,,False,FA,FA,semantic
llama_before_adaptive,before,adaptive,llama,155,0,0,False,ok,0,False,exec_error: ZeroDivisionError: division by zero,,FA,FA,exec_error
llama_before_adaptive,before,adaptive,llama,155,1,0,False,ok,0,False,exec_error: ZeroDivisionError: division by zero,,FA,FA,exec_error
llama_before_adaptive,before,adaptive,llama,155,2,0,False,ok,0,False,exec_error: ZeroDivisionError: division by zero,,FA,FA,exec_error
llama_before_adaptive,before,adaptive,llama,155,3,0,False,ok,0,True,,False,FA,FA,semantic
llama_before_adaptive,before,adaptive,llama,155,4,0,False,ok,0,False,exec_error: NameError: name 'cards' is not defined,,FA,FA,exec_error
llama_before_adaptive,before,adaptive,llama,156,0,2,True,ok,1,False,exec_error: KeyError: 'client_id',,FA,AA,exec_error
llama_before_adaptive,before,adaptive,llama,156,1,2,True,ok,2,True,,False,FA,FA,semantic
llama_before_adaptive,before,adaptive,llama,156,2,2,True,ok,2,True,,True,SA,SA,success
llama_before_adaptive,before,adaptive,llama,156,3,2,True,ok,2,False,exec_error: KeyError: 'client_id',,FA,FA,exec_error
llama_before_adaptive,before,adaptive,llama,156,4,2,True,ok,1,False,exec_error: KeyError: 'client_id',,FA,AA,exec_error
llama_before_adaptive,before,adaptive,llama,157,0,1,False,ok,0,False,"exec_error: ValueError: Operands are not aligned. Do `left, right = left.align(right, axis=1)` before operating.",,FA,AA,exec_error
llama_before_adaptive,before,adaptive,llama,157,1,1,False,ok,0,False,"exec_error: ValueError: Operands are not aligned. Do `left, right = left.align(right, axis=1)` before operating.",,FA,AA,exec_error
llama_before_adaptive,before,adaptive,llama,157,2,1,False,ok,0,False,exec_error: KeyError: 'A1',,FA,AA,exec_error
llama_before_adaptive,before,adaptive,llama,157,3,1,False,ok,1,False,exec_error: KeyError: 'account_id',,FA,FA,exec_error
llama_before_adaptive,before,adaptive,llama,157,4,1,False,ok,0,True,,False,AA,AA,semantic
llama_before_adaptive,before,adaptive,llama,158,0,2,False,ok,0,False,exec_error: IndexError: index 0 is out of bounds for axis 0 with size 0,,FA,AA,exec_error
llama_before_adaptive,before,adaptive,llama,158,1,2,False,ok,0,False,exec_error: IndexError: index 0 is out of bounds for axis 0 with size 0,,FA,AA,exec_error
llama_before_adaptive,before,adaptive,llama,158,2,2,False,ok,0,False,"exec_error: ValueError: Operands are not aligned. Do `left, right = left.align(right, axis=1)` before operating.",,FA,AA,exec_error
llama_before_adaptive,before,adaptive,llama,158,3,2,False,ok,1,False,"exec_error: ValueError: Operands are not aligned. Do `left, right = left.align(right, axis=1)` before operating.",,FA,AA,exec_error
llama_before_adaptive,before,adaptive,llama,158,4,2,False,ok,0,False,"exec_error: ValueError: Operands are not aligned. Do `left, right = left.align(right, axis=1)` before operating.",,FA,AA,exec_error
llama_before_adaptive,before,adaptive,llama,159,0,3,True,ok,0,False,"exec_error: ValueError: Operands are not aligned. Do `left, right = left.align(right, axis=1)` before operating.",,FA,AA,exec_error
llama_before_adaptive,before,adaptive,llama,159,1,3,True,ok,0,False,exec_error: KeyError: 'client_id',,FA,AA,exec_error
llama_before_adaptive,before,adaptive,llama,159,2,3,True,ok,0,False,exec_error: KeyError: 'client_id',,FA,AA,exec_error
llama_before_adaptive,before,adaptive,llama,159,3,3,True,ok,0,False,exec_error: KeyError: 'client_id',,FA,AA,exec_error
llama_before_adaptive,before,adaptive,llama,159,4,3,True,ok,0,False,exec_error: KeyError: 'client_id',,FA,AA,exec_error
llama_before_adaptive,before,adaptive,llama,160,0,1,False,ok,1,True,,False,FA,FA,semantic
llama_before_adaptive,before,adaptive,llama,160,1,1,False,ok,1,True,,False,FA,FA,semantic
llama_before_adaptive,before,adaptive,llama,160,2,1,False,ok,1,True,,False,FA,FA,semantic
llama_before_adaptive,before,adaptive,llama,160,3,1,False,ok,1,True,,False,FA,FA,semantic
llama_before_adaptive,before,adaptive,llama,160,4,1,False,ok,1,True,,False,FA,FA,semantic
llama_before_adaptive,before,adaptive,llama,161,0,2,True,ok,2,False,exec_error: KeyError: 'client_id',,FA,FA,exec_error
llama_before_adaptive,before,adaptive,llama,161,1,2,True,ok,1,False,exec_error: KeyError: 'type',,FA,AA,exec_error
llama_before_adaptive,before,adaptive,llama,161,2,2,True,ok,0,False,"exec_error: ValueError: Operands are not aligned. Do `left, right = left.align(right, axis=1)` before operating.",,FA,AA,exec_error
llama_before_adaptive,before,adaptive,llama,161,3,2,True,ok,2,False,"exec_error: ValueError: Operands are not aligned. Do `left, right = left.align(right, axis=1)` before operating.",,FA,FA,exec_error
llama_before_adaptive,before,adaptive,llama,161,4,2,True,ok,0,False,"exec_error: ValueError: Operands are not aligned. Do `left, right = left.align(right, axis=1)` before operating.",,FA,AA,exec_error
llama_before_adaptive,before,adaptive,llama,162,0,1,False,ok,1,True,,False,FA,FA,semantic
llama_before_adaptive,before,adaptive,llama,162,1,1,False,ok,0,True,,False,AA,AA,semantic
llama_before_adaptive,before,adaptive,llama,162,2,1,False,ok,1,True,,False,FA,FA,semantic
llama_before_adaptive,before,adaptive,llama,162,3,1,False,ok,1,True,,False,FA,FA,semantic
llama_before_adaptive,before,adaptive,llama,162,4,1,False,ok,1,True,,False,FA,FA,semantic
llama_before_adaptive,before,adaptive,llama,163,0,2,False,ok,1,False,exec_error: ValueError: attempt to get argmax of an empty sequence,,FA,AA,exec_error
llama_before_adaptive,before,adaptive,llama,163,1,2,False,ok,1,False,exec_error: ValueError: attempt to get argmax of an empty sequence,,FA,AA,exec_error
llama_before_adaptive,before,adaptive,llama,163,2,2,False,ok,2,False,exec_error: ValueError: attempt to get argmax of an empty sequence,,FA,FA,exec_error
llama_before_adaptive,before,adaptive,llama,163,3,2,False,ok,2,False,exec_error: ValueError: attempt to get argmax of an empty sequence,,FA,FA,exec_error
llama_before_adaptive,before,adaptive,llama,163,4,2,False,ok,2,False,exec_error: ValueError: attempt to get argmax of an empty sequence,,FA,FA,exec_error
llama_before_adaptive,before,adaptive,llama,164,0,3,True,ok,2,False,exec_error: KeyError: 'account_id',,FA,AA,exec_error
llama_before_adaptive,before,adaptive,llama,164,1,3,True,ok,2,False,exec_error: KeyError: 'account_id',,FA,AA,exec_error
llama_before_adaptive,before,adaptive,llama,164,2,3,True,ok,2,False,exec_error: KeyError: 'account_to',,FA,AA,exec_error
llama_before_adaptive,before,adaptive,llama,164,3,3,True,ok,3,True,,False,FA,FA,semantic
llama_before_adaptive,before,adaptive,llama,164,4,3,True,ok,3,False,exec_error: KeyError: 'account_id',,FA,FA,exec_error
llama_before_adaptive,before,adaptive,llama,165,0,2,False,ok,0,False,"exec_error: ValueError: Operands are not aligned. Do `left, right = left.align(right, axis=1)` before operating.",,FA,AA,exec_error
llama_before_adaptive,before,adaptive,llama,165,1,2,False,ok,0,True,,False,AA,AA,semantic
llama_before_adaptive,before,adaptive,llama,165,2,2,False,ok,0,False,"exec_error: ValueError: Operands are not aligned. Do `left, right = left.align(right, axis=1)` before operating.",,FA,AA,exec_error
llama_before_adaptive,before,adaptive,llama,165,3,2,False,ok,1,True,,False,AA,AA,semantic
llama_before_adaptive,before,adaptive,llama,165,4,2,False,ok,2,True,,False,FA,FA,semantic
llama_before_adaptive,before,adaptive,llama,166,0,1,False,ok,0,True,,True,AA,AA,success
llama_before_adaptive,before,adaptive,llama,166,1,1,False,ok,0,True,,True,AA,AA,success
llama_before_adaptive,before,adaptive,llama,166,2,1,False,ok,0,True,,True,AA,AA,success
llama_before_adaptive,before,adaptive,llama,166,3,1,False,ok,0,True,,True,AA,AA,success
llama_before_adaptive,before,adaptive,llama,166,4,1,False,ok,0,True,,True,AA,AA,success
llama_before_adaptive,before,adaptive,llama,167,0,1,True,ok,1,False,exec_error: TypeError: '>' not supported between instances of 'str' and 'int',,FA,FA,exec_error
llama_before_adaptive,before,adaptive,llama,167,1,1,True,ok,1,False,exec_error: TypeError: '>' not supported between instances of 'str' and 'int',,FA,FA,exec_error
llama_before_adaptive,before,adaptive,llama,167,2,1,True,ok,1,False,exec_error: TypeError: '>' not supported between instances of 'str' and 'int',,FA,FA,exec_error
llama_before_adaptive,before,adaptive,llama,167,3,1,True,ok,0,False,exec_error: TypeError: '>' not supported between instances of 'str' and 'int',,FA,AA,exec_error
llama_before_adaptive,before,adaptive,llama,167,4,1,True,ok,0,False,exec_error: TypeError: '>' not supported between instances of 'str' and 'int',,FA,AA,exec_error
llama_before_adaptive,before,adaptive,llama,168,0,1,False,ok,0,True,,False,AA,AA,semantic
llama_before_adaptive,before,adaptive,llama,168,1,1,False,ok,1,False,"exec_error: TypeError: can only concatenate str (not ""int"") to str",,FA,FA,exec_error
llama_before_adaptive,before,adaptive,llama,168,2,1,False,ok,1,False,exec_error: IndexError: single positional indexer is out-of-bounds,,FA,FA,exec_error
llama_before_adaptive,before,adaptive,llama,168,3,1,False,ok,1,True,,False,FA,FA,semantic
llama_before_adaptive,before,adaptive,llama,168,4,1,False,ok,1,False,"exec_error: TypeError: can only concatenate str (not ""int"") to str",,FA,FA,exec_error
llama_before_adaptive,before,adaptive,llama,169,0,3,True,ok,3,False,exec_error: KeyError: 'client_id',,FA,FA,exec_error
llama_before_adaptive,before,adaptive,llama,169,1,3,True,ok,1,False,exec_error: TypeError: 'Timestamp' object is not subscriptable,,FA,AA,exec_error
llama_before_adaptive,before,adaptive,llama,169,2,3,True,ok,1,False,exec_error: KeyError: 'client_id',,FA,AA,exec_error
llama_before_adaptive,before,adaptive,llama,169,3,3,True,ok,2,False,exec_error: KeyError: 'client_id',,FA,AA,exec_error
llama_before_adaptive,before,adaptive,llama,169,4,3,True,ok,4,False,exec_error: KeyError: 'client_id',,FA,FA,exec_error
llama_before_adaptive,before,adaptive,llama,170,0,0,False,ok,0,False,exec_error: TypeError: 'Timestamp' object is not subscriptable,,FA,FA,exec_error
llama_before_adaptive,before,adaptive,llama,170,1,0,False,ok,0,False,exec_error: TypeError: 'Timestamp' object is not subscriptable,,FA,FA,exec_error
llama_before_adaptive,before,adaptive,llama,170,2,0,False,ok,0,True,,False,FA,FA,semantic
llama_before_adaptive,before,adaptive,llama,170,3,0,False,ok,0,True,,False,FA,FA,semantic
llama_before_adaptive,before,adaptive,llama,170,4,0,False,ok,0,True,,False,FA,FA,semantic
llama_before_adaptive,before,adaptive,llama,171,0,0,False,ok,0,False,exec_error: NameError: name 'df' is not defined,,FA,FA,exec_error
llama_before_adaptive,before,adaptive,llama,171,1,0,False,ok,0,False,exec_error: NameError: name 'df' is not defined,,FA,FA,exec_error
llama_before_adaptive,before,adaptive,llama,171,2,0,False,ok,0,False,exec_error: KeyError: 'A6',,FA,FA,exec_error
llama_before_adaptive,before,adaptive,llama,171,3,0,False,ok,0,False,exec_error: NameError: name 'df' is not defined,,FA,FA,exec_error
llama_before_adaptive,before,adaptive,llama,171,4,0,False,ok,0,False,exec_error: KeyError: 'A2',,FA,FA,exec_error
llama_before_adaptive,before,adaptive,llama,172,0,0,True,ok,0,False,exec_error: KeyError: 'type',,FA,FA,exec_error
llama_before_adaptive,before,adaptive,llama,172,1,0,True,ok,0,False,exec_error: KeyError: 'type',,FA,FA,exec_error
llama_before_adaptive,before,adaptive,llama,172,2,0,True,ok,0,False,exec_error: KeyError: 'type',,FA,FA,exec_error
llama_before_adaptive,before,adaptive,llama,172,3,0,True,ok,0,False,exec_error: KeyError: 'type',,FA,FA,exec_error
llama_before_adaptive,before,adaptive,llama,172,4,0,True,ok,0,False,exec_error: KeyError: 'type',,FA,FA,exec_error
llama_before_adaptive,before,adaptive,llama,173,0,1,False,ok,0,True,,False,AA,AA,semantic
llama_before_adaptive,before,adaptive,llama,173,1,1,False,ok,1,True,,False,FA,FA,semantic
llama_before_adaptive,before,adaptive,llama,173,2,1,False,ok,0,True,,False,AA,AA,semantic
llama_before_adaptive,before,adaptive,llama,173,3,1,False,ok,3,True,,False,FA,FA,semantic
llama_before_adaptive,before,adaptive,llama,173,4,1,False,ok,2,False,exec_error: KeyError: 'order_freq',,FA,FA,exec_error
llama_before_adaptive,before,adaptive,llama,174,0,2,True,ok,0,True,,False,AA,AA,semantic
llama_before_adaptive,before,adaptive,llama,174,1,2,True,ok,1,True,,False,AA,AA,semantic
llama_before_adaptive,before,adaptive,llama,174,2,2,True,ok,0,False,"exec_error: ValueError: Operands are not aligned. Do `left, right = left.align(right, axis=1)` before operating.",,FA,AA,exec_error
llama_before_adaptive,before,adaptive,llama,174,3,2,True,ok,0,False,exec_error: UnboundLocalError: cannot access local variable 'account' where it is not associated with a value,,FA,AA,exec_error
llama_before_adaptive,before,adaptive,llama,174,4,2,True,ok,0,False,"exec_error: ValueError: Operands are not aligned. Do `left, right = left.align(right, axis=1)` before operating.",,FA,AA,exec_error
llama_before_adaptive,before,adaptive,llama,175,0,1,True,ok,1,False,exec_error: KeyError: 'account_id_owner',,FA,FA,exec_error
llama_before_adaptive,before,adaptive,llama,175,1,1,True,ok,1,True,,False,FA,FA,semantic
llama_before_adaptive,before,adaptive,llama,175,2,1,True,ok,1,True,,False,FA,FA,semantic
llama_before_adaptive,before,adaptive,llama,175,3,1,True,ok,0,True,,False,AA,AA,semantic
llama_before_adaptive,before,adaptive,llama,175,4,1,True,ok,2,True,,False,FA,FA,semantic
llama_before_adaptive,before,adaptive,llama,176,0,3,True,ok,2,False,exec_error: KeyError: 'client_id',,FA,AA,exec_error
llama_before_adaptive,before,adaptive,llama,176,1,3,True,ok,0,False,exec_error: KeyError: 'client_id',,FA,AA,exec_error
llama_before_adaptive,before,adaptive,llama,176,2,3,True,ok,0,False,exec_error: KeyError: 'client_id',,FA,AA,exec_error
llama_before_adaptive,before,adaptive,llama,176,3,3,True,ok,0,False,exec_error: KeyError: 'client_id',,FA,AA,exec_error
llama_before_adaptive,before,adaptive,llama,176,4,3,True,ok,3,False,exec_error: KeyError: 'client_id',,FA,FA,exec_error
llama_before_adaptive,before,adaptive,llama,177,0,3,True,ok,1,False,exec_error: KeyError: 'account_id',,FA,AA,exec_error
llama_before_adaptive,before,adaptive,llama,177,1,3,True,ok,3,False,exec_error: KeyError: 'client_id',,FA,FA,exec_error
llama_before_adaptive,before,adaptive,llama,177,2,3,True,ok,3,False,exec_error: KeyError: 'client_id',,FA,FA,exec_error
llama_before_adaptive,before,adaptive,llama,177,3,3,True,ok,5,False,exec_error: KeyError: 'gender',,FA,FA,exec_error
llama_before_adaptive,before,adaptive,llama,177,4,3,True,ok,5,False,exec_error: KeyError: 'client_id',,FA,FA,exec_error
llama_before_adaptive,before,adaptive,llama,178,0,2,True,ok,0,False,"exec_error: ValueError: Operands are not aligned. Do `left, right = left.align(right, axis=1)` before operating.",,FA,AA,exec_error
llama_before_adaptive,before,adaptive,llama,178,1,2,True,ok,0,False,"exec_error: ValueError: Operands are not aligned. Do `left, right = left.align(right, axis=1)` before operating.",,FA,AA,exec_error
llama_before_adaptive,before,adaptive,llama,178,2,2,True,ok,0,False,"exec_error: ValueError: Operands are not aligned. Do `left, right = left.align(right, axis=1)` before operating.",,FA,AA,exec_error
llama_before_adaptive,before,adaptive,llama,178,3,2,True,ok,0,False,"exec_error: ValueError: Operands are not aligned. Do `left, right = left.align(right, axis=1)` before operating.",,FA,AA,exec_error
llama_before_adaptive,before,adaptive,llama,178,4,2,True,ok,0,False,exec_error: KeyError: 'client_id',,FA,AA,exec_error
llama_before_adaptive,before,adaptive,llama,179,0,3,True,ok,1,False,"exec_error: ValueError: Operands are not aligned. Do `left, right = left.align(right, axis=1)` before operating.",,FA,AA,exec_error
llama_before_adaptive,before,adaptive,llama,179,1,3,True,ok,0,False,exec_error: KeyError: 'client_id',,FA,AA,exec_error
llama_before_adaptive,before,adaptive,llama,179,2,3,True,ok,1,False,"exec_error: AttributeError: Can only use .str accessor with string values, not datetime64",,FA,AA,exec_error
llama_before_adaptive,before,adaptive,llama,179,3,3,True,ok,0,False,exec_error: NameError: name 'df' is not defined,,FA,AA,exec_error
llama_before_adaptive,before,adaptive,llama,179,4,3,True,ok,0,False,exec_error: KeyError: 'client_id',,FA,AA,exec_error
llama_before_adaptive,before,adaptive,llama,180,0,2,True,ok,1,False,exec_error: KeyError: 'client_id',,FA,AA,exec_error
llama_before_adaptive,before,adaptive,llama,180,1,2,True,ok,0,False,exec_error: KeyError: 'client_id',,FA,AA,exec_error
llama_before_adaptive,before,adaptive,llama,180,2,2,True,ok,2,True,,False,FA,FA,semantic
llama_before_adaptive,before,adaptive,llama,180,3,2,True,ok,1,False,exec_error: KeyError: 'birth_date',,FA,AA,exec_error
llama_before_adaptive,before,adaptive,llama,180,4,2,True,ok,1,False,exec_error: KeyError: 'client_id',,FA,AA,exec_error
llama_before_adaptive,before,adaptive,llama,181,0,2,True,ok,1,False,exec_error: KeyError: 'client_id',,FA,AA,exec_error
llama_before_adaptive,before,adaptive,llama,181,1,2,True,ok,2,False,exec_error: KeyError: 'client_id',,FA,FA,exec_error
llama_before_adaptive,before,adaptive,llama,181,2,2,True,ok,1,False,exec_error: KeyError: 'client_id',,FA,AA,exec_error
llama_before_adaptive,before,adaptive,llama,181,3,2,True,ok,1,False,exec_error: KeyError: 'client_id',,FA,AA,exec_error
llama_before_adaptive,before,adaptive,llama,181,4,2,True,ok,1,False,exec_error: KeyError: 'client_id',,FA,AA,exec_error
llama_before_adaptive,before,adaptive,llama,182,0,3,True,ok,3,False,"exec_error: AttributeError: Can only use .str accessor with string values, not datetime64",,FA,FA,exec_error
llama_before_adaptive,before,adaptive,llama,182,1,3,True,ok,1,True,,False,AA,AA,semantic
llama_before_adaptive,before,adaptive,llama,182,2,3,True,ok,1,False,exec_error: KeyError: 'client_id',,FA,AA,exec_error
llama_before_adaptive,before,adaptive,llama,182,3,3,True,ok,1,False,exec_error: KeyError: 'client_id',,FA,AA,exec_error
llama_before_adaptive,before,adaptive,llama,182,4,3,True,ok,2,False,exec_error: KeyError: 'client_id',,FA,AA,exec_error
llama_before_adaptive,before,adaptive,llama,183,0,1,False,ok,0,False,exec_error: IndexError: index 0 is out of bounds for axis 0 with size 0,,FA,AA,exec_error
llama_before_adaptive,before,adaptive,llama,183,1,1,False,ok,0,False,exec_error: IndexError: index 0 is out of bounds for axis 0 with size 0,,FA,AA,exec_error
llama_before_adaptive,before,adaptive,llama,183,2,1,False,ok,0,False,exec_error: IndexError: index 0 is out of bounds for axis 0 with size 0,,FA,AA,exec_error
llama_before_adaptive,before,adaptive,llama,183,3,1,False,ok,0,True,,False,AA,AA,semantic
llama_before_adaptive,before,adaptive,llama,183,4,1,False,ok,0,False,exec_error: IndexError: single positional indexer is out-of-bounds,,FA,AA,exec_error
llama_before_adaptive,before,adaptive,llama,184,0,2,True,ok,2,True,,False,FA,FA,semantic
llama_before_adaptive,before,adaptive,llama,184,1,2,True,ok,1,False,exec_error: KeyError: 'client_id',,FA,AA,exec_error
llama_before_adaptive,before,adaptive,llama,184,2,2,True,ok,1,False,exec_error: KeyError: 'client_id',,FA,AA,exec_error
llama_before_adaptive,before,adaptive,llama,184,3,2,True,ok,1,False,exec_error: KeyError: 'client_id',,FA,AA,exec_error
llama_before_adaptive,before,adaptive,llama,184,4,2,True,ok,1,False,exec_error: KeyError: 'client_id',,FA,AA,exec_error
llama_before_adaptive,before,adaptive,llama,185,0,1,False,ok,1,False,exec_error: ZeroDivisionError: division by zero,,FA,FA,exec_error
llama_before_adaptive,before,adaptive,llama,185,1,1,False,ok,0,False,exec_error: IndexError: single positional indexer is out-of-bounds,,FA,AA,exec_error
llama_before_adaptive,before,adaptive,llama,185,2,1,False,ok,0,True,,False,AA,AA,semantic
llama_before_adaptive,before,adaptive,llama,185,3,1,False,ok,0,False,exec_error: IndexError: single positional indexer is out-of-bounds,,FA,AA,exec_error
llama_before_adaptive,before,adaptive,llama,185,4,1,False,ok,1,True,,False,FA,FA,semantic
llama_before_adaptive,before,adaptive,llama,186,0,2,True,ok,1,False,exec_error: KeyError: 'client_id',,FA,AA,exec_error
llama_before_adaptive,before,adaptive,llama,186,1,2,True,ok,2,False,exec_error: KeyError: 'client_id',,FA,FA,exec_error
llama_before_adaptive,before,adaptive,llama,186,2,2,True,ok,1,False,exec_error: KeyError: 'client_id',,FA,AA,exec_error
llama_before_adaptive,before,adaptive,llama,186,3,2,True,ok,1,False,exec_error: KeyError: 'client_id',,FA,AA,exec_error
llama_before_adaptive,before,adaptive,llama,186,4,2,True,ok,1,False,exec_error: KeyError: 'client_id',,FA,AA,exec_error
llama_before_adaptive,before,adaptive,llama,187,0,1,True,ok,1,True,,False,FA,FA,semantic
llama_before_adaptive,before,adaptive,llama,187,1,1,True,ok,1,True,,False,FA,FA,semantic
llama_before_adaptive,before,adaptive,llama,187,2,1,True,ok,1,True,,False,FA,FA,semantic
llama_before_adaptive,before,adaptive,llama,187,3,1,True,ok,1,True,,False,FA,FA,semantic
llama_before_adaptive,before,adaptive,llama,187,4,1,True,ok,1,True,,False,FA,FA,semantic
llama_before_adaptive,before,adaptive,llama,188,0,1,False,ok,1,True,,False,FA,FA,semantic
llama_before_adaptive,before,adaptive,llama,188,1,1,False,ok,1,True,,False,FA,FA,semantic
llama_before_adaptive,before,adaptive,llama,188,2,1,False,ok,1,True,,False,FA,FA,semantic
llama_before_adaptive,before,adaptive,llama,188,3,1,False,ok,1,True,,False,FA,FA,semantic
llama_before_adaptive,before,adaptive,llama,188,4,1,False,ok,0,True,,False,AA,AA,semantic
llama_before_adaptive,before,adaptive,llama,189,0,2,True,ok,2,False,"exec_error: TypeError: can only concatenate str (not ""int"") to str",,FA,FA,exec_error
llama_before_adaptive,before,adaptive,llama,189,1,2,True,ok,2,False,"exec_error: TypeError: can only concatenate str (not ""int"") to str",,FA,FA,exec_error
llama_before_adaptive,before,adaptive,llama,189,2,2,True,ok,3,False,"exec_error: TypeError: can only concatenate str (not ""int"") to str",,FA,FA,exec_error
llama_before_adaptive,before,adaptive,llama,189,3,2,True,ok,2,False,exec_error: KeyError: 'client_id',,FA,FA,exec_error
llama_before_adaptive,before,adaptive,llama,189,4,2,True,ok,3,False,exec_error: KeyError: 'client_id',,FA,FA,exec_error
llama_before_adaptive,before,adaptive,llama,190,0,1,False,ok,1,False,"exec_error: AttributeError: Can only use .str accessor with string values, not datetime64",,FA,FA,exec_error
llama_before_adaptive,before,adaptive,llama,190,1,1,False,ok,0,False,"exec_error: AttributeError: Can only use .str accessor with string values, not datetime64",,FA,AA,exec_error
llama_before_adaptive,before,adaptive,llama,190,2,1,False,ok,1,True,,False,FA,FA,semantic
llama_before_adaptive,before,adaptive,llama,190,3,1,False,ok,1,True,,False,FA,FA,semantic
llama_before_adaptive,before,adaptive,llama,190,4,1,False,ok,1,True,,False,FA,FA,semantic
llama_before_adaptive,before,adaptive,llama,191,0,1,False,ok,1,True,,False,FA,FA,semantic
llama_before_adaptive,before,adaptive,llama,191,1,1,False,ok,1,True,,False,FA,FA,semantic
llama_before_adaptive,before,adaptive,llama,191,2,1,False,ok,1,True,,False,FA,FA,semantic
llama_before_adaptive,before,adaptive,llama,191,3,1,False,ok,1,True,,False,FA,FA,semantic
llama_before_adaptive,before,adaptive,llama,191,4,1,False,ok,1,True,,False,FA,FA,semantic
llama_before_adaptive,before,adaptive,llama,192,0,1,False,ok,1,True,,False,FA,FA,semantic
llama_before_adaptive,before,adaptive,llama,192,1,1,False,ok,1,True,,False,FA,FA,semantic
llama_before_adaptive,before,adaptive,llama,192,2,1,False,ok,2,False,exec_error: ValueError: Can only compare identically-labeled Series objects,,FA,FA,exec_error
llama_before_adaptive,before,adaptive,llama,192,3,1,False,ok,1,True,,False,FA,FA,semantic
llama_before_adaptive,before,adaptive,llama,192,4,1,False,ok,1,True,,False,FA,FA,semantic
llama_before_adaptive,before,adaptive,llama,193,0,2,True,ok,3,False,exec_error: KeyError: 'district_id',,FA,FA,exec_error
llama_before_adaptive,before,adaptive,llama,193,1,2,True,ok,3,False,"exec_error: KeyError: ""['A1'] not in index""",,FA,FA,exec_error
llama_before_adaptive,before,adaptive,llama,193,2,2,True,ok,2,False,exec_error: TypeError: unsupported operand type(s) for |: 'StringArray' and 'StringArray',,FA,FA,exec_error
llama_before_adaptive,before,adaptive,llama,193,3,2,True,parse_fail,0,,,,FA,FA,step1_parse_fail
llama_before_adaptive,before,adaptive,llama,193,4,2,True,ok,1,False,"exec_error: KeyError: ""None of [Index(['client_id'], dtype='str')] are in the [columns]""",,FA,AA,exec_error
llama_before_adaptive,before,adaptive,llama,194,0,2,True,ok,2,False,exec_error: KeyError: 'account_id',,FA,FA,exec_error
llama_before_adaptive,before,adaptive,llama,194,1,2,True,ok,2,False,exec_error: KeyError: 'client_id',,FA,FA,exec_error
llama_before_adaptive,before,adaptive,llama,194,2,2,True,ok,2,False,exec_error: KeyError: 'disp_id',,FA,FA,exec_error
llama_before_adaptive,before,adaptive,llama,194,3,2,True,ok,2,False,exec_error: KeyError: 'disp_id',,FA,FA,exec_error
llama_before_adaptive,before,adaptive,llama,194,4,2,True,ok,2,False,exec_error: KeyError: 'type',,FA,FA,exec_error
qwen_after_baseline,after,baseline,qwen,89,0,1,False,ok,4,False,exec_error: KeyError: 'district_id',,FA,FA,exec_error
qwen_after_baseline,after,baseline,qwen,89,1,1,False,ok,4,False,"exec_error: KeyError: ""['A1'] not in index""",,FA,FA,exec_error
qwen_after_baseline,after,baseline,qwen,89,2,1,False,ok,3,False,exec_error: KeyError: 'district_id',,FA,FA,exec_error
qwen_after_baseline,after,baseline,qwen,89,3,1,False,ok,1,False,exec_error: NameError: name 'acc' is not defined,,FA,FA,exec_error
qwen_after_baseline,after,baseline,qwen,89,4,1,False,ok,4,False,exec_error: KeyError: 'district_id',,FA,FA,exec_error
qwen_after_baseline,after,baseline,qwen,90,0,2,False,ok,2,False,exec_error: KeyError: 'A1',,FA,FA,exec_error
qwen_after_baseline,after,baseline,qwen,90,1,2,False,ok,2,False,exec_error: KeyError: 'client_id',,FA,FA,exec_error
qwen_after_baseline,after,baseline,qwen,90,2,2,False,ok,2,False,exec_error: KeyError: 'client_id',,FA,FA,exec_error
qwen_after_baseline,after,baseline,qwen,90,3,2,False,ok,1,True,,False,AA,AA,semantic
qwen_after_baseline,after,baseline,qwen,90,4,2,False,ok,2,False,exec_error: KeyError: 'client_id',,FA,FA,exec_error
qwen_after_baseline,after,baseline,qwen,91,0,0,False,ok,0,False,"exec_error: AttributeError: Can only use .str accessor with string values, not floating",,FA,FA,exec_error
qwen_after_baseline,after,baseline,qwen,91,1,0,False,ok,1,False,exec_error: KeyError: 'district_id',,FA,FA,exec_error
qwen_after_baseline,after,baseline,qwen,91,2,0,False,ok,0,False,exec_error: FileNotFoundError: [Errno 2] No such file or directory: 'district.csv',,FA,FA,exec_error
qwen_after_baseline,after,baseline,qwen,91,3,0,False,ok,1,True,,False,FA,FA,semantic
qwen_after_baseline,after,baseline,qwen,91,4,0,False,ok,0,False,exec_error: KeyError: 'A1',,FA,FA,exec_error
qwen_after_baseline,after,baseline,qwen,92,0,1,False,ok,2,False,exec_error: KeyError: 'client_id',,FA,FA,exec_error
qwen_after_baseline,after,baseline,qwen,92,1,1,False,ok,1,True,,False,FA,FA,semantic
qwen_after_baseline,after,baseline,qwen,92,2,1,False,ok,3,False,exec_error: KeyError: 'district_id',,FA,FA,exec_error
qwen_after_baseline,after,baseline,qwen,92,3,1,False,ok,1,False,exec_error: KeyError: 'Column not found: amount',,FA,FA,exec_error
qwen_after_baseline,after,baseline,qwen,92,4,1,False,ok,1,False,exec_error: KeyError: 'Column not found: amount',,FA,FA,exec_error
qwen_after_baseline,after,baseline,qwen,93,0,1,False,ok,0,False,exec_error: KeyError: 'Column not found: amount',,FA,AA,exec_error
qwen_after_baseline,after,baseline,qwen,93,1,1,False,ok,1,False,exec_error: KeyError: 'A1',,FA,FA,exec_error
qwen_after_baseline,after,baseline,qwen,93,2,1,False,ok,1,False,exec_error: KeyError: 'balance',,FA,FA,exec_error
qwen_after_baseline,after,baseline,qwen,93,3,1,False,ok,3,False,exec_error: KeyError: 'A1',,FA,FA,exec_error
qwen_after_baseline,after,baseline,qwen,93,4,1,False,ok,1,False,exec_error: KeyError: 'balance',,FA,FA,exec_error
qwen_after_baseline,after,baseline,qwen,94,0,3,True,ok,3,False,exec_error: KeyError: 'Column not found: amount',,FA,FA,exec_error
qwen_after_baseline,after,baseline,qwen,94,1,3,True,ok,3,False,exec_error: KeyError: 'account_id',,FA,FA,exec_error
qwen_after_baseline,after,baseline,qwen,94,2,3,True,ok,3,False,exec_error: KeyError: 'Column not found: amount',,FA,FA,exec_error
qwen_after_baseline,after,baseline,qwen,94,3,3,True,ok,3,False,"exec_error: KeyError: ""Label(s) ['amount'] do not exist""",,FA,FA,exec_error
qwen_after_baseline,after,baseline,qwen,94,4,3,True,ok,3,False,exec_error: KeyError: 'gender',,FA,FA,exec_error
qwen_after_baseline,after,baseline,qwen,95,0,3,True,ok,1,False,exec_error: KeyError: 'client_id',,FA,AA,exec_error
qwen_after_baseline,after,baseline,qwen,95,1,3,True,ok,2,False,exec_error: KeyError: 'client_id',,FA,AA,exec_error
qwen_after_baseline,after,baseline,qwen,95,2,3,True,ok,1,False,exec_error: KeyError: 'Column not found: A1',,FA,AA,exec_error
qwen_after_baseline,after,baseline,qwen,95,3,3,True,ok,1,False,"exec_error: ValueError: Cannot convert from timedelta64[us] to timedelta64[Y]. Supported resolutions are 's', 'ms', 'us', 'ns'",,FA,AA,exec_error
qwen_after_baseline,after,baseline,qwen,95,4,3,True,ok,2,False,exec_error: KeyError: 'client_id',,FA,AA,exec_error
qwen_after_baseline,after,baseline,qwen,96,0,1,True,ok,1,False,exec_error: KeyError: 'type',,FA,FA,exec_error
qwen_after_baseline,after,baseline,qwen,96,1,1,True,ok,1,True,,False,FA,FA,semantic
qwen_after_baseline,after,baseline,qwen,96,2,1,True,ok,1,True,,False,FA,FA,semantic
qwen_after_baseline,after,baseline,qwen,96,3,1,True,ok,1,False,exec_error: KeyError: 'client_id',,FA,FA,exec_error
qwen_after_baseline,after,baseline,qwen,96,4,1,True,ok,2,False,exec_error: KeyError: 'type',,FA,FA,exec_error
qwen_after_baseline,after,baseline,qwen,97,0,1,True,ok,1,False,"exec_error: KeyError: ""None of [Index(['client_id'], dtype='str')] are in the [columns]""",,FA,FA,exec_error
qwen_after_baseline,after,baseline,qwen,97,1,1,True,ok,2,True,,False,FA,FA,semantic
qwen_after_baseline,after,baseline,qwen,97,2,1,True,ok,2,False,exec_error: KeyError: 'disp_id',,FA,FA,exec_error
qwen_after_baseline,after,baseline,qwen,97,3,1,True,ok,1,False,exec_error: KeyError: 'type',,FA,FA,exec_error
qwen_after_baseline,after,baseline,qwen,97,4,1,True,ok,4,False,exec_error: KeyError: 'client_id',,FA,FA,exec_error
qwen_after_baseline,after,baseline,qwen,98,0,1,False,ok,3,False,exec_error: KeyError: 'date',,FA,FA,exec_error
qwen_after_baseline,after,baseline,qwen,98,1,1,False,ok,5,False,exec_error: KeyError: 'client_id',,FA,FA,exec_error
qwen_after_baseline,after,baseline,qwen,98,2,1,False,ok,2,False,exec_error: KeyError: 'date',,FA,FA,exec_error
qwen_after_baseline,after,baseline,qwen,98,3,1,False,ok,2,False,exec_error: KeyError: 'date',,FA,FA,exec_error
qwen_after_baseline,after,baseline,qwen,98,4,1,False,ok,1,True,,False,FA,FA,semantic
qwen_after_baseline,after,baseline,qwen,99,0,1,False,ok,1,False,exec_error: KeyError: 'date',,FA,FA,exec_error
qwen_after_baseline,after,baseline,qwen,99,1,1,False,ok,3,False,exec_error: KeyError: 'date',,FA,FA,exec_error
qwen_after_baseline,after,baseline,qwen,99,2,1,False,ok,2,False,exec_error: KeyError: 'client_id',,FA,FA,exec_error
qwen_after_baseline,after,baseline,qwen,99,3,1,False,ok,3,False,exec_error: KeyError: 'client_id',,FA,FA,exec_error
qwen_after_baseline,after,baseline,qwen,99,4,1,False,ok,2,False,exec_error: KeyError: 'date',,FA,FA,exec_error
qwen_after_baseline,after,baseline,qwen,100,0,1,False,ok,2,False,exec_error: KeyError: 'client_id',,FA,FA,exec_error
qwen_after_baseline,after,baseline,qwen,100,1,1,False,ok,2,False,exec_error: KeyError: 'client_id',,FA,FA,exec_error
qwen_after_baseline,after,baseline,qwen,100,2,1,False,ok,1,True,,False,FA,FA,semantic
qwen_after_baseline,after,baseline,qwen,100,3,1,False,ok,2,False,exec_error: KeyError: 'client_id',,FA,FA,exec_error
qwen_after_baseline,after,baseline,qwen,100,4,1,False,ok,1,False,exec_error: KeyError: 'client_id',,FA,FA,exec_error
qwen_after_baseline,after,baseline,qwen,101,0,0,False,ok,1,False,exec_error: KeyError: 'date',,FA,FA,exec_error
qwen_after_baseline,after,baseline,qwen,101,1,0,False,ok,1,False,exec_error: KeyError: 'date',,FA,FA,exec_error
qwen_after_baseline,after,baseline,qwen,101,2,0,False,ok,1,False,exec_error: KeyError: 'Column not found: date',,FA,FA,exec_error
qwen_after_baseline,after,baseline,qwen,101,3,0,False,ok,1,False,"exec_error: KeyError: ""['date'] not in index""",,FA,FA,exec_error
qwen_after_baseline,after,baseline,qwen,101,4,0,False,ok,2,False,exec_error: KeyError: 'Column not found: date',,FA,FA,exec_error
qwen_after_baseline,after,baseline,qwen,102,0,1,False,ok,1,True,,False,FA,FA,semantic
qwen_after_baseline,after,baseline,qwen,102,1,1,False,ok,1,False,exec_error: KeyError: 'amount',,FA,FA,exec_error
qwen_after_baseline,after,baseline,qwen,102,2,1,False,ok,1,False,"exec_error: AttributeError: Can only use .str accessor with string values, not datetime64",,FA,FA,exec_error
qwen_after_baseline,after,baseline,qwen,102,3,1,False,ok,1,False,exec_error: KeyError: 'Column not found: amount_x',,FA,FA,exec_error
qwen_after_baseline,after,baseline,qwen,102,4,1,False,ok,1,False,exec_error: KeyError: 'Column not found: amount_x',,FA,FA,exec_error
qwen_after_baseline,after,baseline,qwen,103,0,2,True,ok,1,False,exec_error: KeyError: 'client_id',,FA,AA,exec_error
qwen_after_baseline,after,baseline,qwen,103,1,2,True,ok,0,False,"exec_error: KeyError: ""None of [Index(['client_id'], dtype='str')] are in the [columns]""",,FA,AA,exec_error
qwen_after_baseline,after,baseline,qwen,103,2,2,True,ok,1,False,exec_error: KeyError: 'account_id',,FA,AA,exec_error
qwen_after_baseline,after,baseline,qwen,103,3,2,True,ok,1,False,exec_error: KeyError: 'account_id',,FA,AA,exec_error
qwen_after_baseline,after,baseline,qwen,103,4,2,True,ok,1,False,exec_error: KeyError: 'client_id',,FA,AA,exec_error
qwen_after_baseline,after,baseline,qwen,104,0,1,False,ok,1,False,"exec_error: ValueError: Operands are not aligned. Do `left, right = left.align(right, axis=1)` before operating.",,FA,FA,exec_error
qwen_after_baseline,after,baseline,qwen,104,1,1,False,ok,1,True,,False,FA,FA,semantic
qwen_after_baseline,after,baseline,qwen,104,2,1,False,ok,1,True,,False,FA,FA,semantic
qwen_after_baseline,after,baseline,qwen,104,3,1,False,ok,1,False,exec_error: NameError: name 'transaction' is not defined,,FA,FA,exec_error
qwen_after_baseline,after,baseline,qwen,104,4,1,False,ok,1,True,,False,FA,FA,semantic
qwen_after_baseline,after,baseline,qwen,105,0,1,False,ok,1,False,exec_error: KeyError: 'date',,FA,FA,exec_error
qwen_after_baseline,after,baseline,qwen,105,1,1,False,ok,1,True,,True,SA,SA,success
qwen_after_baseline,after,baseline,qwen,105,2,1,False,ok,1,False,exec_error: KeyError: 'date',,FA,FA,exec_error
qwen_after_baseline,after,baseline,qwen,105,3,1,False,ok,1,True,,True,SA,SA,success
qwen_after_baseline,after,baseline,qwen,105,4,1,False,ok,1,False,exec_error: KeyError: 'date',,FA,FA,exec_error
qwen_after_baseline,after,baseline,qwen,106,0,3,True,ok,2,False,exec_error: KeyError: 'client_id',,FA,AA,exec_error
qwen_after_baseline,after,baseline,qwen,106,1,3,True,ok,3,False,exec_error: KeyError: 'issued',,FA,FA,exec_error
qwen_after_baseline,after,baseline,qwen,106,2,3,True,ok,1,False,exec_error: KeyError: 'district_id',,FA,AA,exec_error
qwen_after_baseline,after,baseline,qwen,106,3,3,True,ok,4,False,exec_error: KeyError: 'account_id',,FA,FA,exec_error
qwen_after_baseline,after,baseline,qwen,106,4,3,True,ok,2,False,exec_error: KeyError: 'client_id',,FA,AA,exec_error
qwen_after_baseline,after,baseline,qwen,107,0,1,False,ok,2,False,exec_error: KeyError: 'district_id',,FA,FA,exec_error
qwen_after_baseline,after,baseline,qwen,107,1,1,False,ok,3,False,exec_error: KeyError: 'district_id',,FA,FA,exec_error
qwen_after_baseline,after,baseline,qwen,107,2,1,False,ok,3,False,exec_error: KeyError: 'district_id',,FA,FA,exec_error
qwen_after_baseline,after,baseline,qwen,107,3,1,False,ok,1,False,exec_error: KeyError: 'account_id',,FA,FA,exec_error
qwen_after_baseline,after,baseline,qwen,107,4,1,False,ok,2,False,exec_error: KeyError: 'district_id',,FA,FA,exec_error
qwen_after_baseline,after,baseline,qwen,108,0,2,False,ok,2,False,exec_error: KeyError: 'client_id',,FA,FA,exec_error
qwen_after_baseline,after,baseline,qwen,108,1,2,False,ok,3,False,exec_error: KeyError: 'client_id',,FA,FA,exec_error
qwen_after_baseline,after,baseline,qwen,108,2,2,False,ok,2,False,exec_error: KeyError: 'date',,FA,FA,exec_error
qwen_after_baseline,after,baseline,qwen,108,3,2,False,ok,3,False,exec_error: KeyError: 'date',,FA,FA,exec_error
qwen_after_baseline,after,baseline,qwen,108,4,2,False,ok,3,False,exec_error: KeyError: 'client_id',,FA,FA,exec_error
qwen_after_baseline,after,baseline,qwen,109,0,1,False,ok,1,False,exec_error: KeyError: 'client_id',,FA,FA,exec_error
qwen_after_baseline,after,baseline,qwen,109,1,1,False,ok,1,False,exec_error: KeyError: 'A1',,FA,FA,exec_error
qwen_after_baseline,after,baseline,qwen,109,2,1,False,ok,1,False,exec_error: KeyError: 'A1',,FA,FA,exec_error
qwen_after_baseline,after,baseline,qwen,109,3,1,False,ok,2,False,exec_error: KeyError: 'A1',,FA,FA,exec_error
qwen_after_baseline,after,baseline,qwen,109,4,1,False,ok,1,False,exec_error: KeyError: 'client_id',,FA,FA,exec_error
qwen_after_baseline,after,baseline,qwen,110,0,2,True,ok,1,False,"exec_error: KeyError: ""['disp_id'] not in index""",,FA,AA,exec_error
qwen_after_baseline,after,baseline,qwen,110,1,2,True,ok,2,False,exec_error: KeyError: 'client_id',,FA,FA,exec_error
qwen_after_baseline,after,baseline,qwen,110,2,2,True,ok,2,False,exec_error: KeyError: 'amount',,FA,FA,exec_error
qwen_after_baseline,after,baseline,qwen,110,3,2,True,ok,0,False,exec_error: KeyError: 'disp_id',,FA,AA,exec_error
qwen_after_baseline,after,baseline,qwen,110,4,2,True,ok,1,False,exec_error: KeyError: 'account_id',,FA,AA,exec_error
qwen_after_baseline,after,baseline,qwen,111,0,1,False,ok,0,True,,False,AA,AA,semantic
qwen_after_baseline,after,baseline,qwen,111,1,1,False,ok,0,False,exec_error: KeyError: 'A1',,FA,AA,exec_error
qwen_after_baseline,after,baseline,qwen,111,2,1,False,ok,1,True,,False,FA,FA,semantic
qwen_after_baseline,after,baseline,qwen,111,3,1,False,ok,1,False,exec_error: KeyError: 'type',,FA,FA,exec_error
qwen_after_baseline,after,baseline,qwen,111,4,1,False,ok,1,False,exec_error: KeyError: 'A1',,FA,FA,exec_error
qwen_after_baseline,after,baseline,qwen,112,0,1,False,ok,1,True,,False,FA,FA,semantic
qwen_after_baseline,after,baseline,qwen,112,1,1,False,ok,1,False,exec_error: KeyError: 'client_id',,FA,FA,exec_error
qwen_after_baseline,after,baseline,qwen,112,2,1,False,ok,2,False,exec_error: KeyError: 'client_id',,FA,FA,exec_error
qwen_after_baseline,after,baseline,qwen,112,3,1,False,ok,1,False,exec_error: KeyError: 'account_id',,FA,FA,exec_error
qwen_after_baseline,after,baseline,qwen,112,4,1,False,ok,2,False,exec_error: KeyError: 'district_id',,FA,FA,exec_error
qwen_after_baseline,after,baseline,qwen,113,0,3,True,ok,1,False,exec_error: KeyError: 'account_id',,FA,AA,exec_error
qwen_after_baseline,after,baseline,qwen,113,1,3,True,ok,1,False,exec_error: KeyError: 'account_id',,FA,AA,exec_error
qwen_after_baseline,after,baseline,qwen,113,2,3,True,ok,1,True,,False,AA,AA,semantic
qwen_after_baseline,after,baseline,qwen,113,3,3,True,ok,1,True,,False,AA,AA,semantic
qwen_after_baseline,after,baseline,qwen,113,4,3,True,ok,1,False,exec_error: KeyError: 'account_id',,FA,AA,exec_error
qwen_after_baseline,after,baseline,qwen,114,0,1,False,ok,1,False,exec_error: KeyError: 'date',,FA,FA,exec_error
qwen_after_baseline,after,baseline,qwen,114,1,1,False,ok,1,False,exec_error: KeyError: 'A1',,FA,FA,exec_error
qwen_after_baseline,after,baseline,qwen,114,2,1,False,ok,2,False,exec_error: KeyError: 'client_id',,FA,FA,exec_error
qwen_after_baseline,after,baseline,qwen,114,3,1,False,ok,2,False,exec_error: IndexError: single positional indexer is out-of-bounds,,FA,FA,exec_error
qwen_after_baseline,after,baseline,qwen,114,4,1,False,ok,2,False,exec_error: KeyError: 'Column not found: date',,FA,FA,exec_error
qwen_after_baseline,after,baseline,qwen,115,0,1,False,ok,2,False,exec_error: KeyError: 'client_id',,FA,FA,exec_error
qwen_after_baseline,after,baseline,qwen,115,1,1,False,ok,2,False,exec_error: KeyError: 'A1',,FA,FA,exec_error
qwen_after_baseline,after,baseline,qwen,115,2,1,False,ok,0,False,exec_error: KeyError: 'A1',,FA,AA,exec_error
qwen_after_baseline,after,baseline,qwen,115,3,1,False,ok,3,False,exec_error: KeyError: 'district_id',,FA,FA,exec_error
qwen_after_baseline,after,baseline,qwen,115,4,1,False,ok,2,False,exec_error: KeyError: 'district_id',,FA,FA,exec_error
qwen_after_baseline,after,baseline,qwen,116,0,2,False,ok,2,False,exec_error: KeyError: 'date',,FA,FA,exec_error
qwen_after_baseline,after,baseline,qwen,116,1,2,False,ok,5,False,exec_error: IndexError: single positional indexer is out-of-bounds,,FA,FA,exec_error
qwen_after_baseline,after,baseline,qwen,116,2,2,False,ok,3,False,exec_error: KeyError: 'client_id',,FA,FA,exec_error
qwen_after_baseline,after,baseline,qwen,116,3,2,False,ok,3,False,exec_error: KeyError: 'account_id',,FA,FA,exec_error
qwen_after_baseline,after,baseline,qwen,116,4,2,False,ok,4,False,exec_error: KeyError: 'client_id',,FA,FA,exec_error
qwen_after_baseline,after,baseline,qwen,117,0,0,False,ok,0,True,,False,FA,FA,semantic
qwen_after_baseline,after,baseline,qwen,117,1,0,False,ok,0,True,,False,FA,FA,semantic
qwen_after_baseline,after,baseline,qwen,117,2,0,False,ok,1,False,exec_error: KeyError: 'Column not found: amount',,FA,FA,exec_error
qwen_after_baseline,after,baseline,qwen,117,3,0,False,ok,0,True,,False,FA,FA,semantic
qwen_after_baseline,after,baseline,qwen,117,4,0,False,ok,0,True,,False,FA,FA,semantic
qwen_after_baseline,after,baseline,qwen,118,0,0,False,ok,0,True,,False,FA,FA,semantic
qwen_after_baseline,after,baseline,qwen,118,1,0,False,ok,1,True,,False,FA,FA,semantic
qwen_after_baseline,after,baseline,qwen,118,2,0,False,ok,1,True,,False,FA,FA,semantic
qwen_after_baseline,after,baseline,qwen,118,3,0,False,ok,1,True,,False,FA,FA,semantic
qwen_after_baseline,after,baseline,qwen,118,4,0,False,ok,0,True,,False,FA,FA,semantic
qwen_after_baseline,after,baseline,qwen,119,0,1,False,ok,2,False,exec_error: KeyError: 'issued',,FA,FA,exec_error
qwen_after_baseline,after,baseline,qwen,119,1,1,False,ok,2,False,exec_error: KeyError: 'issued',,FA,FA,exec_error
qwen_after_baseline,after,baseline,qwen,119,2,1,False,ok,2,True,,False,FA,FA,semantic
qwen_after_baseline,after,baseline,qwen,119,3,1,False,ok,4,True,,False,FA,FA,semantic
qwen_after_baseline,after,baseline,qwen,119,4,1,False,ok,2,False,"exec_error: KeyError: ""['A1'] not in index""",,FA,FA,exec_error
qwen_after_baseline,after,baseline,qwen,120,0,1,False,ok,1,True,,False,FA,FA,semantic
qwen_after_baseline,after,baseline,qwen,120,1,1,False,ok,1,False,exec_error: KeyError: 'A1',,FA,FA,exec_error
qwen_after_baseline,after,baseline,qwen,120,2,1,False,ok,1,False,exec_error: KeyError: 'A1',,FA,FA,exec_error
qwen_after_baseline,after,baseline,qwen,120,3,1,False,ok,0,True,,False,AA,AA,semantic
qwen_after_baseline,after,baseline,qwen,120,4,1,False,ok,1,True,,False,FA,FA,semantic
qwen_after_baseline,after,baseline,qwen,121,0,1,False,ok,0,True,,False,AA,AA,semantic
qwen_after_baseline,after,baseline,qwen,121,1,1,False,ok,0,True,,False,AA,AA,semantic
qwen_after_baseline,after,baseline,qwen,121,2,1,False,ok,1,True,,True,SA,SA,success
qwen_after_baseline,after,baseline,qwen,121,3,1,False,ok,0,False,exec_error: KeyError: 'A1',,FA,AA,exec_error
qwen_after_baseline,after,baseline,qwen,121,4,1,False,ok,0,True,,False,AA,AA,semantic
qwen_after_baseline,after,baseline,qwen,122,0,2,False,ok,2,True,,False,FA,FA,semantic
qwen_after_baseline,after,baseline,qwen,122,1,2,False,ok,2,True,,False,FA,FA,semantic
qwen_after_baseline,after,baseline,qwen,122,2,2,False,ok,2,False,"exec_error: ValueError: Operands are not aligned. Do `left, right = left.align(right, axis=1)` before operating.",,FA,FA,exec_error
qwen_after_baseline,after,baseline,qwen,122,3,2,False,ok,2,False,exec_error: KeyError: 'loan_id',,FA,FA,exec_error
qwen_after_baseline,after,baseline,qwen,122,4,2,False,ok,1,False,"exec_error: ValueError: Operands are not aligned. Do `left, right = left.align(right, axis=1)` before operating.",,FA,AA,exec_error
qwen_after_baseline,after,baseline,qwen,123,0,2,False,ok,2,True,,False,FA,FA,semantic
qwen_after_baseline,after,baseline,qwen,123,1,2,False,ok,2,False,"exec_error: KeyError: ""['A1'] not in index""",,FA,FA,exec_error
qwen_after_baseline,after,baseline,qwen,123,2,2,False,ok,3,False,"exec_error: KeyError: ""['A1'] not in index""",,FA,FA,exec_error
qwen_after_baseline,after,baseline,qwen,123,3,2,False,ok,2,False,"exec_error: KeyError: ""['A1'] not in index""",,FA,FA,exec_error
qwen_after_baseline,after,baseline,qwen,123,4,2,False,ok,2,False,exec_error: KeyError: 'account_id',,FA,FA,exec_error
qwen_after_baseline,after,baseline,qwen,124,0,2,False,ok,4,False,exec_error: KeyError: 'A1',,FA,FA,exec_error
qwen_after_baseline,after,baseline,qwen,124,1,2,False,ok,3,False,exec_error: KeyError: 'client_id',,FA,FA,exec_error
qwen_after_baseline,after,baseline,qwen,124,2,2,False,ok,3,False,exec_error: KeyError: 'client_id',,FA,FA,exec_error
qwen_after_baseline,after,baseline,qwen,124,3,2,False,ok,3,False,exec_error: KeyError: 'client_id',,FA,FA,exec_error
qwen_after_baseline,after,baseline,qwen,124,4,2,False,ok,4,False,exec_error: KeyError: 'client_id',,FA,FA,exec_error
qwen_after_baseline,after,baseline,qwen,125,0,2,False,ok,2,False,"exec_error: MergeError: No common columns to perform merge on. Merge options: left_on=None, right_on=None, left_index=False, right_index=False",,FA,FA,exec_error
qwen_after_baseline,after,baseline,qwen,125,1,2,False,ok,4,False,exec_error: KeyError: 'client_id',,FA,FA,exec_error
qwen_after_baseline,after,baseline,qwen,125,2,2,False,ok,4,False,exec_error: KeyError: 'district_id',,FA,FA,exec_error
qwen_after_baseline,after,baseline,qwen,125,3,2,False,ok,3,False,exec_error: KeyError: 'client_id',,FA,FA,exec_error
qwen_after_baseline,after,baseline,qwen,125,4,2,False,ok,4,False,exec_error: KeyError: 'loan_id',,FA,FA,exec_error
qwen_after_baseline,after,baseline,qwen,126,0,1,False,ok,1,True,,False,FA,FA,semantic
qwen_after_baseline,after,baseline,qwen,126,1,1,False,ok,1,False,"exec_error: AttributeError: Can only use .str accessor with string values, not datetime64",,FA,FA,exec_error
qwen_after_baseline,after,baseline,qwen,126,2,1,False,ok,1,True,,False,FA,FA,semantic
qwen_after_baseline,after,baseline,qwen,126,3,1,False,ok,0,True,,False,AA,AA,semantic
qwen_after_baseline,after,baseline,qwen,126,4,1,False,ok,1,False,"exec_error: AttributeError: Can only use .str accessor with string values, not datetime64",,FA,FA,exec_error
qwen_after_baseline,after,baseline,qwen,127,0,0,False,ok,0,False,exec_error: AttributeError: 'SeriesGroupBy' object has no attribute 'dt',,FA,FA,exec_error
qwen_after_baseline,after,baseline,qwen,127,1,0,False,ok,1,False,exec_error: KeyError: 'account_id',,FA,FA,exec_error
qwen_after_baseline,after,baseline,qwen,127,2,0,False,ok,0,False,exec_error: AttributeError: 'SeriesGroupBy' object has no attribute 'dt',,FA,FA,exec_error
qwen_after_baseline,after,baseline,qwen,127,3,0,False,ok,0,True,,False,FA,FA,semantic
qwen_after_baseline,after,baseline,qwen,127,4,0,False,ok,0,True,,False,FA,FA,semantic
qwen_after_baseline,after,baseline,qwen,128,0,1,False,ok,1,True,,False,FA,FA,semantic
qwen_after_baseline,after,baseline,qwen,128,1,1,False,ok,1,False,exec_error: KeyError: 'district_id',,FA,FA,exec_error
qwen_after_baseline,after,baseline,qwen,128,2,1,False,ok,1,False,exec_error: KeyError: 'account_id',,FA,FA,exec_error
qwen_after_baseline,after,baseline,qwen,128,3,1,False,ok,1,True,,False,FA,FA,semantic
qwen_after_baseline,after,baseline,qwen,128,4,1,False,ok,2,False,exec_error: KeyError: 'district_id',,FA,FA,exec_error
qwen_after_baseline,after,baseline,qwen,129,0,2,False,ok,2,False,exec_error: KeyError: 'date',,FA,FA,exec_error
qwen_after_baseline,after,baseline,qwen,129,1,2,False,ok,2,False,exec_error: KeyError: 'card_id',,FA,FA,exec_error
qwen_after_baseline,after,baseline,qwen,129,2,2,False,ok,2,False,exec_error: KeyError: 'account_id',,FA,FA,exec_error
qwen_after_baseline,after,baseline,qwen,129,3,2,False,ok,3,False,exec_error: KeyError: 'type',,FA,FA,exec_error
qwen_after_baseline,after,baseline,qwen,129,4,2,False,ok,4,False,exec_error: KeyError: 'disp_id',,FA,FA,exec_error
qwen_after_baseline,after,baseline,qwen,130,0,2,True,ok,2,False,exec_error: KeyError: 'A1',,FA,FA,exec_error
qwen_after_baseline,after,baseline,qwen,130,1,2,True,ok,3,False,exec_error: KeyError: 'card_id',,FA,FA,exec_error
qwen_after_baseline,after,baseline,qwen,130,2,2,True,ok,3,False,exec_error: KeyError: 'card_id',,FA,FA,exec_error
qwen_after_baseline,after,baseline,qwen,130,3,2,True,ok,3,False,"exec_error: KeyError: ""None of [Index(['client_id'], dtype='str')] are in the [columns]""",,FA,FA,exec_error
qwen_after_baseline,after,baseline,qwen,130,4,2,True,ok,2,False,exec_error: KeyError: 'card_id',,FA,FA,exec_error
qwen_after_baseline,after,baseline,qwen,131,0,2,False,ok,3,False,exec_error: KeyError: 'client_id',,FA,FA,exec_error
qwen_after_baseline,after,baseline,qwen,131,1,2,False,ok,3,False,exec_error: KeyError: 'client_id',,FA,FA,exec_error
qwen_after_baseline,after,baseline,qwen,131,2,2,False,ok,1,False,exec_error: ValueError: attempt to get argmax of an empty sequence,,FA,AA,exec_error
qwen_after_baseline,after,baseline,qwen,131,3,2,False,ok,2,True,,False,FA,FA,semantic
qwen_after_baseline,after,baseline,qwen,131,4,2,False,ok,2,False,exec_error: KeyError: 'A1',,FA,FA,exec_error
qwen_after_baseline,after,baseline,qwen,132,0,3,True,ok,3,False,exec_error: KeyError: 'client_id',,FA,FA,exec_error
qwen_after_baseline,after,baseline,qwen,132,1,3,True,ok,1,True,,False,AA,AA,semantic
qwen_after_baseline,after,baseline,qwen,132,2,3,True,ok,2,False,exec_error: KeyError: 'account_id',,FA,AA,exec_error
qwen_after_baseline,after,baseline,qwen,132,3,3,True,ok,1,False,exec_error: KeyError: 'account_id',,FA,AA,exec_error
qwen_after_baseline,after,baseline,qwen,132,4,3,True,ok,2,True,,False,AA,AA,semantic
qwen_after_baseline,after,baseline,qwen,133,0,0,False,ok,1,False,exec_error: KeyError: 'district_id',,FA,FA,exec_error
qwen_after_baseline,after,baseline,qwen,133,1,0,False,ok,2,False,exec_error: KeyError: 'client_id',,FA,FA,exec_error
qwen_after_baseline,after,baseline,qwen,133,2,0,False,ok,1,False,exec_error: UnboundLocalError: cannot access local variable 'filtered_df' where it is not associated with a value,,FA,FA,exec_error
qwen_after_baseline,after,baseline,qwen,133,3,0,False,ok,0,False,exec_error: KeyError: 'A1',,FA,FA,exec_error
qwen_after_baseline,after,baseline,qwen,133,4,0,False,ok,1,True,,False,FA,FA,semantic
qwen_after_baseline,after,baseline,qwen,134,0,1,False,ok,1,False,exec_error: KeyError: 'A1',,FA,FA,exec_error
qwen_after_baseline,after,baseline,qwen,134,1,1,False,ok,0,True,,True,AA,AA,success
qwen_after_baseline,after,baseline,qwen,134,2,1,False,ok,1,False,exec_error: KeyError: 'date',,FA,FA,exec_error
qwen_after_baseline,after,baseline,qwen,134,3,1,False,ok,1,False,exec_error: FileNotFoundError: [Errno 2] No such file or directory: 'path_to_crime_table.csv',,FA,FA,exec_error
qwen_after_baseline,after,baseline,qwen,134,4,1,False,ok,0,True,,True,AA,AA,success
qwen_after_baseline,after,baseline,qwen,135,0,1,False,ok,7,False,exec_error: KeyError: 'card_id',,FA,FA,exec_error
qwen_after_baseline,after,baseline,qwen,135,1,1,False,ok,6,False,exec_error: KeyError: 'card_id',,FA,FA,exec_error
qwen_after_baseline,after,baseline,qwen,135,2,1,False,ok,5,False,exec_error: KeyError: 'card_id',,FA,FA,exec_error
qwen_after_baseline,after,baseline,qwen,135,3,1,False,ok,5,False,exec_error: IncompatibleFrequency: Input has different freq=<DateOffset: months=1> from PeriodArray(freq=M),,FA,FA,exec_error
qwen_after_baseline,after,baseline,qwen,135,4,1,False,ok,4,False,exec_error: KeyError: 'card_id',,FA,FA,exec_error
qwen_after_baseline,after,baseline,qwen,136,0,1,False,ok,3,False,exec_error: KeyError: 'disp_id',,FA,FA,exec_error
qwen_after_baseline,after,baseline,qwen,136,1,1,False,ok,3,False,exec_error: KeyError: 'disp_id',,FA,FA,exec_error
qwen_after_baseline,after,baseline,qwen,136,2,1,False,ok,2,False,exec_error: KeyError: 'date',,FA,FA,exec_error
qwen_after_baseline,after,baseline,qwen,136,3,1,False,ok,3,False,exec_error: KeyError: 'card_id',,FA,FA,exec_error
qwen_after_baseline,after,baseline,qwen,136,4,1,False,ok,2,False,exec_error: KeyError: 'disp_id',,FA,FA,exec_error
qwen_after_baseline,after,baseline,qwen,137,0,2,False,ok,0,False,exec_error: KeyError: 'status',,FA,AA,exec_error
qwen_after_baseline,after,baseline,qwen,137,1,2,False,ok,1,True,,False,AA,AA,semantic
qwen_after_baseline,after,baseline,qwen,137,2,2,False,ok,1,False,exec_error: KeyError: 'A1',,FA,AA,exec_error
qwen_after_baseline,after,baseline,qwen,137,3,2,False,ok,1,False,exec_error: KeyError: 'district_id',,FA,AA,exec_error
qwen_after_baseline,after,baseline,qwen,137,4,2,False,ok,1,False,exec_error: KeyError: 'A1',,FA,AA,exec_error
qwen_after_baseline,after,baseline,qwen,138,0,1,False,ok,1,False,exec_error: KeyError: 'date',,FA,FA,exec_error
qwen_after_baseline,after,baseline,qwen,138,1,1,False,ok,2,False,exec_error: KeyError: 'A1',,FA,FA,exec_error
qwen_after_baseline,after,baseline,qwen,138,2,1,False,ok,2,False,exec_error: KeyError: 'k_symbol',,FA,FA,exec_error
qwen_after_baseline,after,baseline,qwen,138,3,1,False,ok,2,False,exec_error: UnboundLocalError: cannot access local variable 'filtered_df' where it is not associated with a value,,FA,FA,exec_error
qwen_after_baseline,after,baseline,qwen,138,4,1,False,ok,3,False,exec_error: KeyError: 'district_id',,FA,FA,exec_error
qwen_after_baseline,after,baseline,qwen,139,0,1,True,ok,1,False,exec_error: KeyError: 'account_id',,FA,FA,exec_error
qwen_after_baseline,after,baseline,qwen,139,1,1,True,ok,0,True,,False,AA,AA,semantic
qwen_after_baseline,after,baseline,qwen,139,2,1,True,parse_fail,0,,,,FA,FA,step1_parse_fail
qwen_after_baseline,after,baseline,qwen,139,3,1,True,ok,0,True,,False,AA,AA,semantic
qwen_after_baseline,after,baseline,qwen,139,4,1,True,ok,1,False,exec_error: KeyError: 'level',,FA,FA,exec_error
qwen_after_baseline,after,baseline,qwen,140,0,1,False,ok,0,True,,True,AA,AA,success
qwen_after_baseline,after,baseline,qwen,140,1,1,False,ok,1,True,,False,FA,FA,semantic
qwen_after_baseline,after,baseline,qwen,140,2,1,False,ok,0,True,,True,AA,AA,success
qwen_after_baseline,after,baseline,qwen,140,3,1,False,ok,1,True,,False,FA,FA,semantic
qwen_after_baseline,after,baseline,qwen,140,4,1,False,ok,0,True,,True,AA,AA,success
qwen_after_baseline,after,baseline,qwen,141,0,2,False,ok,1,False,exec_error: ValueError: You are trying to merge on str and int64 columns for key 'bank'. If you wish to proceed you should use pd.concat,,FA,AA,exec_error
qwen_after_baseline,after,baseline,qwen,141,1,2,False,ok,1,True,,True,AA,AA,success
qwen_after_baseline,after,baseline,qwen,141,2,2,False,ok,2,True,,False,FA,FA,semantic
qwen_after_baseline,after,baseline,qwen,141,3,2,False,ok,1,False,"exec_error: AttributeError: Can only use .str accessor with string values, not datetime64",,FA,AA,exec_error
qwen_after_baseline,after,baseline,qwen,141,4,2,False,ok,1,True,,False,AA,AA,semantic
qwen_after_baseline,after,baseline,qwen,142,0,2,False,ok,1,True,,False,AA,AA,semantic
qwen_after_baseline,after,baseline,qwen,142,1,2,False,ok,6,False,exec_error: KeyError: 'district_id',,FA,FA,exec_error
qwen_after_baseline,after,baseline,qwen,142,2,2,False,ok,3,False,exec_error: KeyError: 'client_id',,FA,FA,exec_error
qwen_after_baseline,after,baseline,qwen,142,3,2,False,ok,2,True,,False,FA,FA,semantic
qwen_after_baseline,after,baseline,qwen,142,4,2,False,ok,2,False,exec_error: KeyError: 'A1',,FA,FA,exec_error
qwen_after_baseline,after,baseline,qwen,143,0,1,True,ok,1,False,exec_error: KeyError: 'account_id',,FA,FA,exec_error
qwen_after_baseline,after,baseline,qwen,143,1,1,True,ok,0,False,exec_error: KeyError: 'account_id',,FA,AA,exec_error
qwen_after_baseline,after,baseline,qwen,143,2,1,True,ok,0,False,"exec_error: KeyError: ""None of [Index(['account_id'], dtype='str')] are in the [columns]""",,FA,AA,exec_error
qwen_after_baseline,after,baseline,qwen,143,3,1,True,ok,1,False,exec_error: KeyError: 'type',,FA,FA,exec_error
qwen_after_baseline,after,baseline,qwen,143,4,1,True,ok,1,False,exec_error: KeyError: 'account_id',,FA,FA,exec_error
qwen_after_baseline,after,baseline,qwen,144,0,3,True,ok,3,False,exec_error: KeyError: 'account_id',,FA,FA,exec_error
qwen_after_baseline,after,baseline,qwen,144,1,3,True,ok,2,False,exec_error: KeyError: 'account_id',,FA,AA,exec_error
qwen_after_baseline,after,baseline,qwen,144,2,3,True,ok,1,False,exec_error: KeyError: 'Column not found: amount',,FA,AA,exec_error
qwen_after_baseline,after,baseline,qwen,144,3,3,True,ok,1,False,exec_error: KeyError: 'client_id',,FA,AA,exec_error
qwen_after_baseline,after,baseline,qwen,144,4,3,True,ok,3,False,exec_error: KeyError: 'type',,FA,FA,exec_error
qwen_after_baseline,after,baseline,qwen,145,0,1,False,ok,3,False,exec_error: KeyError: 'date',,FA,FA,exec_error
qwen_after_baseline,after,baseline,qwen,145,1,1,False,ok,3,False,exec_error: KeyError: 'date',,FA,FA,exec_error
qwen_after_baseline,after,baseline,qwen,145,2,1,False,ok,3,False,exec_error: KeyError: 'date',,FA,FA,exec_error
qwen_after_baseline,after,baseline,qwen,145,3,1,False,ok,2,False,exec_error: KeyError: 'date',,FA,FA,exec_error
qwen_after_baseline,after,baseline,qwen,145,4,1,False,ok,3,False,exec_error: KeyError: 'client_id',,FA,FA,exec_error
qwen_after_baseline,after,baseline,qwen,146,0,3,True,ok,4,False,exec_error: KeyError: 'type',,FA,FA,exec_error
qwen_after_baseline,after,baseline,qwen,146,1,3,True,ok,4,False,exec_error: KeyError: 'account_id',,FA,FA,exec_error
qwen_after_baseline,after,baseline,qwen,146,2,3,True,ok,1,True,,False,AA,AA,semantic
qwen_after_baseline,after,baseline,qwen,146,3,3,True,ok,1,False,exec_error: KeyError: 'client_id',,FA,AA,exec_error
qwen_after_baseline,after,baseline,qwen,146,4,3,True,ok,4,True,,False,FA,FA,semantic
qwen_after_baseline,after,baseline,qwen,147,0,1,False,ok,1,False,exec_error: KeyError: 'A1',,FA,FA,exec_error
qwen_after_baseline,after,baseline,qwen,147,1,1,False,ok,2,False,exec_error: KeyError: 'district_id',,FA,FA,exec_error
qwen_after_baseline,after,baseline,qwen,147,2,1,False,ok,2,False,exec_error: KeyError: 'account_id',,FA,FA,exec_error
qwen_after_baseline,after,baseline,qwen,147,3,1,False,ok,1,True,,False,FA,FA,semantic
qwen_after_baseline,after,baseline,qwen,147,4,1,False,ok,0,False,exec_error: KeyError: 'A1',,FA,AA,exec_error
qwen_after_baseline,after,baseline,qwen,148,0,2,True,ok,1,False,exec_error: KeyError: 'client_id',,FA,AA,exec_error
qwen_after_baseline,after,baseline,qwen,148,1,2,True,ok,1,True,,False,AA,AA,semantic
qwen_after_baseline,after,baseline,qwen,148,2,2,True,ok,0,False,exec_error: TypeError: '>' not supported between instances of 'str' and 'int',,FA,AA,exec_error
qwen_after_baseline,after,baseline,qwen,148,3,2,True,ok,1,True,,False,AA,AA,semantic
qwen_after_baseline,after,baseline,qwen,148,4,2,True,ok,1,True,,False,AA,AA,semantic
qwen_after_baseline,after,baseline,qwen,149,0,2,True,ok,4,False,exec_error: KeyError: 'district_id',,FA,FA,exec_error
qwen_after_baseline,after,baseline,qwen,149,1,2,True,ok,4,False,exec_error: KeyError: 'district_id',,FA,FA,exec_error
qwen_after_baseline,after,baseline,qwen,149,2,2,True,ok,6,False,exec_error: KeyError: 'district_id',,FA,FA,exec_error
qwen_after_baseline,after,baseline,qwen,149,3,2,True,ok,3,False,exec_error: KeyError: 'district_id',,FA,FA,exec_error
qwen_after_baseline,after,baseline,qwen,149,4,2,True,ok,3,False,exec_error: KeyError: 'district_id',,FA,FA,exec_error
qwen_after_baseline,after,baseline,qwen,150,0,2,False,ok,2,False,exec_error: KeyError: 'bank_to',,FA,FA,exec_error
qwen_after_baseline,after,baseline,qwen,150,1,2,False,ok,3,False,exec_error: KeyError: 'A1',,FA,FA,exec_error
qwen_after_baseline,after,baseline,qwen,150,2,2,False,ok,1,True,,False,AA,AA,semantic
qwen_after_baseline,after,baseline,qwen,150,3,2,False,ok,2,True,,False,FA,FA,semantic
qwen_after_baseline,after,baseline,qwen,150,4,2,False,ok,0,False,exec_error: KeyError: 'A1',,FA,AA,exec_error
qwen_after_baseline,after,baseline,qwen,151,0,2,False,ok,1,True,,True,AA,AA,success
qwen_after_baseline,after,baseline,qwen,151,1,2,False,ok,1,False,"exec_error: KeyError: ""['A2'] not in index""",,FA,AA,exec_error
qwen_after_baseline,after,baseline,qwen,151,2,2,False,ok,1,False,exec_error: KeyError: 'type',,FA,AA,exec_error
qwen_after_baseline,after,baseline,qwen,151,3,2,False,ok,1,True,,False,AA,AA,semantic
qwen_after_baseline,after,baseline,qwen,151,4,2,False,ok,1,True,,False,AA,AA,semantic
qwen_after_baseline,after,baseline,qwen,152,0,1,False,ok,1,False,exec_error: KeyError: 'region',,FA,FA,exec_error
qwen_after_baseline,after,baseline,qwen,152,1,1,False,ok,0,False,"exec_error: AttributeError: Can only use .str accessor with string values, not datetime64",,FA,AA,exec_error
qwen_after_baseline,after,baseline,qwen,152,2,1,False,ok,1,False,exec_error: KeyError: 'date',,FA,FA,exec_error
qwen_after_baseline,after,baseline,qwen,152,3,1,False,ok,2,False,"exec_error: AttributeError: Can only use .str accessor with string values, not datetime64",,FA,FA,exec_error
qwen_after_baseline,after,baseline,qwen,152,4,1,False,ok,0,False,"exec_error: AttributeError: Can only use .str accessor with string values, not datetime64",,FA,AA,exec_error
qwen_after_baseline,after,baseline,qwen,153,0,1,True,ok,1,False,exec_error: KeyError: 'account_id',,FA,FA,exec_error
qwen_after_baseline,after,baseline,qwen,153,1,1,True,ok,1,True,,False,FA,FA,semantic
qwen_after_baseline,after,baseline,qwen,153,2,1,True,ok,1,False,exec_error: KeyError: 'account_id',,FA,FA,exec_error
qwen_after_baseline,after,baseline,qwen,153,3,1,True,ok,1,False,exec_error: KeyError: 'account_id',,FA,FA,exec_error
qwen_after_baseline,after,baseline,qwen,153,4,1,True,ok,1,False,"exec_error: KeyError: ""['client_id'] not in index""",,FA,FA,exec_error
qwen_after_baseline,after,baseline,qwen,154,0,1,False,ok,2,False,exec_error: KeyError: 'client_id',,FA,FA,exec_error
qwen_after_baseline,after,baseline,qwen,154,1,1,False,ok,1,True,,True,SA,SA,success
qwen_after_baseline,after,baseline,qwen,154,2,1,False,ok,1,True,,False,FA,FA,semantic
qwen_after_baseline,after,baseline,qwen,154,3,1,False,ok,0,True,,False,AA,AA,semantic
qwen_after_baseline,after,baseline,qwen,154,4,1,False,ok,0,False,"exec_error: ValueError: Operands are not aligned. Do `left, right = left.align(right, axis=1)` before operating.",,FA,AA,exec_error
qwen_after_baseline,after,baseline,qwen,155,0,0,False,ok,0,True,,False,FA,FA,semantic
qwen_after_baseline,after,baseline,qwen,155,1,0,False,ok,1,False,exec_error: KeyError: 'district_id',,FA,FA,exec_error
qwen_after_baseline,after,baseline,qwen,155,2,0,False,ok,0,False,exec_error: ZeroDivisionError: division by zero,,FA,FA,exec_error
qwen_after_baseline,after,baseline,qwen,155,3,0,False,ok,0,True,,False,FA,FA,semantic
qwen_after_baseline,after,baseline,qwen,155,4,0,False,ok,1,False,exec_error: KeyError: 'account_id',,FA,FA,exec_error
qwen_after_baseline,after,baseline,qwen,156,0,2,True,ok,2,False,exec_error: KeyError: 'name',,FA,FA,exec_error
qwen_after_baseline,after,baseline,qwen,156,1,2,True,ok,3,False,exec_error: KeyError: 'disp_id',,FA,FA,exec_error
qwen_after_baseline,after,baseline,qwen,156,2,2,True,ok,3,False,exec_error: KeyError: 'disp_id',,FA,FA,exec_error
qwen_after_baseline,after,baseline,qwen,156,3,2,True,ok,2,False,exec_error: KeyError: 'client_id',,FA,FA,exec_error
qwen_after_baseline,after,baseline,qwen,156,4,2,True,ok,1,False,exec_error: KeyError: 'amount',,FA,AA,exec_error
qwen_after_baseline,after,baseline,qwen,157,0,1,False,ok,1,True,,False,FA,FA,semantic
qwen_after_baseline,after,baseline,qwen,157,1,1,False,ok,1,True,,False,FA,FA,semantic
qwen_after_baseline,after,baseline,qwen,157,2,1,False,ok,2,False,exec_error: KeyError: 'client_id',,FA,FA,exec_error
qwen_after_baseline,after,baseline,qwen,157,3,1,False,ok,2,False,exec_error: FileNotFoundError: [Errno 2] No such file or directory: 'path_to_crime_data.csv',,FA,FA,exec_error
qwen_after_baseline,after,baseline,qwen,157,4,1,False,ok,0,False,exec_error: KeyError: 'account_id',,FA,AA,exec_error
qwen_after_baseline,after,baseline,qwen,158,0,2,False,ok,1,False,"exec_error: ValueError: Operands are not aligned. Do `left, right = left.align(right, axis=1)` before operating.",,FA,AA,exec_error
qwen_after_baseline,after,baseline,qwen,158,1,2,False,ok,1,False,"exec_error: ValueError: Operands are not aligned. Do `left, right = left.align(right, axis=1)` before operating.",,FA,AA,exec_error
qwen_after_baseline,after,baseline,qwen,158,2,2,False,ok,1,False,"exec_error: ValueError: Operands are not aligned. Do `left, right = left.align(right, axis=1)` before operating.",,FA,AA,exec_error
qwen_after_baseline,after,baseline,qwen,158,3,2,False,ok,0,False,"exec_error: ValueError: Operands are not aligned. Do `left, right = left.align(right, axis=1)` before operating.",,FA,AA,exec_error
qwen_after_baseline,after,baseline,qwen,158,4,2,False,ok,0,False,"exec_error: ValueError: Operands are not aligned. Do `left, right = left.align(right, axis=1)` before operating.",,FA,AA,exec_error
qwen_after_baseline,after,baseline,qwen,159,0,3,True,ok,0,False,exec_error: KeyError: 'account_id',,FA,AA,exec_error
qwen_after_baseline,after,baseline,qwen,159,1,3,True,ok,0,False,exec_error: KeyError: 'account_id',,FA,AA,exec_error
qwen_after_baseline,after,baseline,qwen,159,2,3,True,ok,0,False,exec_error: KeyError: 'account_id',,FA,AA,exec_error
qwen_after_baseline,after,baseline,qwen,159,3,3,True,ok,0,False,exec_error: KeyError: 'account_id',,FA,AA,exec_error
qwen_after_baseline,after,baseline,qwen,159,4,3,True,ok,1,False,"exec_error: KeyError: ""['account_id'] not in index""",,FA,AA,exec_error
qwen_after_baseline,after,baseline,qwen,160,0,1,False,ok,2,False,exec_error: KeyError: 'amount_loan',,FA,FA,exec_error
qwen_after_baseline,after,baseline,qwen,160,1,1,False,ok,1,True,,False,FA,FA,semantic
qwen_after_baseline,after,baseline,qwen,160,2,1,False,ok,2,True,,False,FA,FA,semantic
qwen_after_baseline,after,baseline,qwen,160,3,1,False,ok,2,True,,False,FA,FA,semantic
qwen_after_baseline,after,baseline,qwen,160,4,1,False,ok,3,False,exec_error: KeyError: 'amount_loan',,FA,FA,exec_error
qwen_after_baseline,after,baseline,qwen,161,0,2,True,ok,1,True,,False,AA,AA,semantic
qwen_after_baseline,after,baseline,qwen,161,1,2,True,ok,1,False,exec_error: KeyError: 'card_id',,FA,AA,exec_error
qwen_after_baseline,after,baseline,qwen,161,2,2,True,ok,1,True,,False,AA,AA,semantic
qwen_after_baseline,after,baseline,qwen,161,3,2,True,ok,1,False,"exec_error: ValueError: Operands are not aligned. Do `left, right = left.align(right, axis=1)` before operating.",,FA,AA,exec_error
qwen_after_baseline,after,baseline,qwen,161,4,2,True,ok,1,False,exec_error: KeyError: 'card_id',,FA,AA,exec_error
qwen_after_baseline,after,baseline,qwen,162,0,1,False,ok,1,True,,False,FA,FA,semantic
qwen_after_baseline,after,baseline,qwen,162,1,1,False,ok,1,False,"exec_error: ValueError: Operands are not aligned. Do `left, right = left.align(right, axis=1)` before operating.",,FA,FA,exec_error
qwen_after_baseline,after,baseline,qwen,162,2,1,False,ok,1,True,,False,FA,FA,semantic
qwen_after_baseline,after,baseline,qwen,162,3,1,False,ok,1,False,"exec_error: ValueError: Operands are not aligned. Do `left, right = left.align(right, axis=1)` before operating.",,FA,FA,exec_error
qwen_after_baseline,after,baseline,qwen,162,4,1,False,ok,0,False,"exec_error: ValueError: Operands are not aligned. Do `left, right = left.align(right, axis=1)` before operating.",,FA,AA,exec_error
qwen_after_baseline,after,baseline,qwen,163,0,2,False,ok,2,False,exec_error: IndexError: index 0 is out of bounds for axis 0 with size 0,,FA,FA,exec_error
qwen_after_baseline,after,baseline,qwen,163,1,2,False,ok,3,False,exec_error: KeyError: 'client_id',,FA,FA,exec_error
qwen_after_baseline,after,baseline,qwen,163,2,2,False,ok,1,False,exec_error: ValueError: attempt to get argmax of an empty sequence,,FA,AA,exec_error
qwen_after_baseline,after,baseline,qwen,163,3,2,False,ok,2,True,,False,FA,FA,semantic
qwen_after_baseline,after,baseline,qwen,163,4,2,False,ok,2,False,exec_error: IndexError: index 0 is out of bounds for axis 0 with size 0,,FA,FA,exec_error
qwen_after_baseline,after,baseline,qwen,164,0,3,True,ok,0,False,exec_error: KeyError: 'client_id',,FA,AA,exec_error
qwen_after_baseline,after,baseline,qwen,164,1,3,True,ok,0,False,exec_error: KeyError: 'client_id',,FA,AA,exec_error
qwen_after_baseline,after,baseline,qwen,164,2,3,True,ok,0,True,,False,AA,AA,semantic
qwen_after_baseline,after,baseline,qwen,164,3,3,True,ok,0,False,"exec_error: ValueError: Operands are not aligned. Do `left, right = left.align(right, axis=1)` before operating.",,FA,AA,exec_error
qwen_after_baseline,after,baseline,qwen,164,4,3,True,ok,0,False,exec_error: KeyError: 'client_id',,FA,AA,exec_error
qwen_after_baseline,after,baseline,qwen,165,0,2,False,ok,1,False,"exec_error: KeyError: ""['date'] not in index""",,FA,AA,exec_error
qwen_after_baseline,after,baseline,qwen,165,1,2,False,ok,1,False,"exec_error: KeyError: ""['date'] not in index""",,FA,AA,exec_error
qwen_after_baseline,after,baseline,qwen,165,2,2,False,ok,2,True,,False,FA,FA,semantic
qwen_after_baseline,after,baseline,qwen,165,3,2,False,ok,1,True,,False,AA,AA,semantic
qwen_after_baseline,after,baseline,qwen,165,4,2,False,ok,1,True,,False,AA,AA,semantic
qwen_after_baseline,after,baseline,qwen,166,0,1,False,ok,0,True,,False,AA,AA,semantic
qwen_after_baseline,after,baseline,qwen,166,1,1,False,ok,0,False,exec_error: KeyError: 'A1',,FA,AA,exec_error
qwen_after_baseline,after,baseline,qwen,166,2,1,False,ok,1,True,,False,FA,FA,semantic
qwen_after_baseline,after,baseline,qwen,166,3,1,False,ok,1,False,exec_error: KeyError: 'A1',,FA,FA,exec_error
qwen_after_baseline,after,baseline,qwen,166,4,1,False,ok,1,True,,True,SA,SA,success
qwen_after_baseline,after,baseline,qwen,167,0,1,True,ok,1,False,exec_error: KeyError: 'account_id',,FA,FA,exec_error
qwen_after_baseline,after,baseline,qwen,167,1,1,True,ok,2,False,exec_error: KeyError: 'client_id',,FA,FA,exec_error
qwen_after_baseline,after,baseline,qwen,167,2,1,True,ok,2,False,exec_error: KeyError: 'account_id',,FA,FA,exec_error
qwen_after_baseline,after,baseline,qwen,167,3,1,True,ok,1,False,"exec_error: KeyError: ""None of [Index(['client_id'], dtype='str')] are in the [columns]""",,FA,FA,exec_error
qwen_after_baseline,after,baseline,qwen,167,4,1,True,ok,1,False,exec_error: KeyError: 'account_id',,FA,FA,exec_error
qwen_after_baseline,after,baseline,qwen,168,0,1,False,ok,1,False,exec_error: KeyError: 'Column not found: amount',,FA,FA,exec_error
qwen_after_baseline,after,baseline,qwen,168,1,1,False,ok,1,False,exec_error: KeyError: 'client_id',,FA,FA,exec_error
qwen_after_baseline,after,baseline,qwen,168,2,1,False,ok,2,False,exec_error: KeyError: 'client_id',,FA,FA,exec_error
qwen_after_baseline,after,baseline,qwen,168,3,1,False,ok,1,False,exec_error: KeyError: 'district_id',,FA,FA,exec_error
qwen_after_baseline,after,baseline,qwen,168,4,1,False,ok,1,False,exec_error: KeyError: 'district_id',,FA,FA,exec_error
qwen_after_baseline,after,baseline,qwen,169,0,3,True,ok,2,False,exec_error: KeyError: 'client_id',,FA,AA,exec_error
qwen_after_baseline,after,baseline,qwen,169,1,3,True,ok,1,False,exec_error: KeyError: 'account_id',,FA,AA,exec_error
qwen_after_baseline,after,baseline,qwen,169,2,3,True,ok,2,False,exec_error: KeyError: 'date',,FA,AA,exec_error
qwen_after_baseline,after,baseline,qwen,169,3,3,True,ok,3,False,exec_error: KeyError: 'date',,FA,FA,exec_error
qwen_after_baseline,after,baseline,qwen,169,4,3,True,ok,1,False,exec_error: KeyError: 'account_id',,FA,AA,exec_error
qwen_after_baseline,after,baseline,qwen,170,0,0,False,ok,1,True,,False,FA,FA,semantic
qwen_after_baseline,after,baseline,qwen,170,1,0,False,ok,1,True,,False,FA,FA,semantic
qwen_after_baseline,after,baseline,qwen,170,2,0,False,ok,3,False,exec_error: KeyError: 'date',,FA,FA,exec_error
qwen_after_baseline,after,baseline,qwen,170,3,0,False,ok,0,True,,False,FA,FA,semantic
qwen_after_baseline,after,baseline,qwen,170,4,0,False,ok,1,False,exec_error: KeyError: 'account_id',,FA,FA,exec_error
qwen_after_baseline,after,baseline,qwen,171,0,0,False,ok,0,False,exec_error: KeyError: 'A8',,FA,FA,exec_error
qwen_after_baseline,after,baseline,qwen,171,1,0,False,ok,0,False,exec_error: KeyError: 'A1',,FA,FA,exec_error
qwen_after_baseline,after,baseline,qwen,171,2,0,False,ok,0,False,exec_error: KeyError: 'district',,FA,FA,exec_error
qwen_after_baseline,after,baseline,qwen,171,3,0,False,ok,0,False,exec_error: KeyError: 'A1',,FA,FA,exec_error
qwen_after_baseline,after,baseline,qwen,171,4,0,False,ok,0,False,exec_error: KeyError: 'crime_type',,FA,FA,exec_error
qwen_after_baseline,after,baseline,qwen,172,0,0,True,ok,0,True,,False,FA,FA,semantic
qwen_after_baseline,after,baseline,qwen,172,1,0,True,ok,0,True,,False,FA,FA,semantic
qwen_after_baseline,after,baseline,qwen,172,2,0,True,ok,0,True,,False,FA,FA,semantic
qwen_after_baseline,after,baseline,qwen,172,3,0,True,ok,0,True,,False,FA,FA,semantic
qwen_after_baseline,after,baseline,qwen,172,4,0,True,ok,1,True,,False,FA,FA,semantic
qwen_after_baseline,after,baseline,qwen,173,0,1,False,ok,0,False,exec_error: KeyError: 'type',,FA,AA,exec_error
qwen_after_baseline,after,baseline,qwen,173,1,1,False,ok,1,True,,False,FA,FA,semantic
qwen_after_baseline,after,baseline,qwen,173,2,1,False,ok,1,True,,False,FA,FA,semantic
qwen_after_baseline,after,baseline,qwen,173,3,1,False,ok,2,False,exec_error: KeyError: 'type',,FA,FA,exec_error
qwen_after_baseline,after,baseline,qwen,173,4,1,False,ok,3,False,exec_error: KeyError: 'type',,FA,FA,exec_error
qwen_after_baseline,after,baseline,qwen,174,0,2,True,ok,1,False,"exec_error: ValueError: Operands are not aligned. Do `left, right = left.align(right, axis=1)` before operating.",,FA,AA,exec_error
qwen_after_baseline,after,baseline,qwen,174,1,2,True,ok,1,False,"exec_error: ValueError: Operands are not aligned. Do `left, right = left.align(right, axis=1)` before operating.",,FA,AA,exec_error
qwen_after_baseline,after,baseline,qwen,174,2,2,True,ok,0,True,,False,AA,AA,semantic
qwen_after_baseline,after,baseline,qwen,174,3,2,True,ok,1,True,,False,AA,AA,semantic
qwen_after_baseline,after,baseline,qwen,174,4,2,True,ok,1,False,"exec_error: ValueError: Operands are not aligned. Do `left, right = left.align(right, axis=1)` before operating.",,FA,AA,exec_error
qwen_after_baseline,after,baseline,qwen,175,0,1,True,ok,2,False,exec_error: KeyError: 'type',,FA,FA,exec_error
qwen_after_baseline,after,baseline,qwen,175,1,1,True,ok,2,True,,False,FA,FA,semantic
qwen_after_baseline,after,baseline,qwen,175,2,1,True,ok,1,True,,False,FA,FA,semantic
qwen_after_baseline,after,baseline,qwen,175,3,1,True,ok,1,False,exec_error: KeyError: 'k_symbol',,FA,FA,exec_error
qwen_after_baseline,after,baseline,qwen,175,4,1,True,ok,1,True,,False,FA,FA,semantic
qwen_after_baseline,after,baseline,qwen,176,0,3,True,ok,2,True,,False,AA,AA,semantic
qwen_after_baseline,after,baseline,qwen,176,1,3,True,ok,3,False,exec_error: KeyError: 'type_loan',,FA,FA,exec_error
qwen_after_baseline,after,baseline,qwen,176,2,3,True,ok,1,True,,False,AA,AA,semantic
qwen_after_baseline,after,baseline,qwen,176,3,3,True,ok,1,False,exec_error: KeyError: 'account_id',,FA,AA,exec_error
qwen_after_baseline,after,baseline,qwen,176,4,3,True,ok,1,False,exec_error: KeyError: 'account_id',,FA,AA,exec_error
qwen_after_baseline,after,baseline,qwen,177,0,3,True,ok,0,False,exec_error: IndexError: single positional indexer is out-of-bounds,,FA,AA,exec_error
qwen_after_baseline,after,baseline,qwen,177,1,3,True,ok,2,True,,False,AA,AA,semantic
qwen_after_baseline,after,baseline,qwen,177,2,3,True,ok,1,False,exec_error: KeyError: 'client_id',,FA,AA,exec_error
qwen_after_baseline,after,baseline,qwen,177,3,3,True,ok,3,True,,False,FA,FA,semantic
qwen_after_baseline,after,baseline,qwen,177,4,3,True,ok,3,True,,False,FA,FA,semantic
qwen_after_baseline,after,baseline,qwen,178,0,2,True,ok,1,True,,False,AA,AA,semantic
qwen_after_baseline,after,baseline,qwen,178,1,2,True,ok,1,True,,True,AA,AA,success
qwen_after_baseline,after,baseline,qwen,178,2,2,True,ok,1,True,,False,AA,AA,semantic
qwen_after_baseline,after,baseline,qwen,178,3,2,True,ok,1,True,,False,AA,AA,semantic
qwen_after_baseline,after,baseline,qwen,178,4,2,True,ok,1,True,,False,AA,AA,semantic
qwen_after_baseline,after,baseline,qwen,179,0,3,True,ok,0,False,exec_error: KeyError: 'client_id',,FA,AA,exec_error
qwen_after_baseline,after,baseline,qwen,179,1,3,True,ok,2,False,exec_error: KeyError: 'amount_x',,FA,AA,exec_error
qwen_after_baseline,after,baseline,qwen,179,2,3,True,ok,0,False,"exec_error: ValueError: Operands are not aligned. Do `left, right = left.align(right, axis=1)` before operating.",,FA,AA,exec_error
qwen_after_baseline,after,baseline,qwen,179,3,3,True,ok,0,False,exec_error: KeyError: 'account_id',,FA,AA,exec_error
qwen_after_baseline,after,baseline,qwen,179,4,3,True,ok,1,False,exec_error: KeyError: 'account_id',,FA,AA,exec_error
qwen_after_baseline,after,baseline,qwen,180,0,2,True,ok,1,False,"exec_error: KeyError: ""['A1'] not in index""",,FA,AA,exec_error
qwen_after_baseline,after,baseline,qwen,180,1,2,True,ok,1,False,exec_error: KeyError: 'client_id',,FA,AA,exec_error
qwen_after_baseline,after,baseline,qwen,180,2,2,True,ok,1,False,exec_error: NameError: name 'col' is not defined,,FA,AA,exec_error
qwen_after_baseline,after,baseline,qwen,180,3,2,True,ok,2,False,exec_error: KeyError: 'client_id',,FA,FA,exec_error
qwen_after_baseline,after,baseline,qwen,180,4,2,True,ok,1,False,exec_error: KeyError: 'A1',,FA,AA,exec_error
qwen_after_baseline,after,baseline,qwen,181,0,2,True,ok,1,False,exec_error: KeyError: 'account_id',,FA,AA,exec_error
qwen_after_baseline,after,baseline,qwen,181,1,2,True,ok,1,True,,False,AA,AA,semantic
qwen_after_baseline,after,baseline,qwen,181,2,2,True,ok,1,True,,False,AA,AA,semantic
qwen_after_baseline,after,baseline,qwen,181,3,2,True,ok,1,True,,False,AA,AA,semantic
qwen_after_baseline,after,baseline,qwen,181,4,2,True,ok,1,True,,False,AA,AA,semantic
qwen_after_baseline,after,baseline,qwen,182,0,3,True,parse_fail,0,,,,FA,FA,step1_parse_fail
qwen_after_baseline,after,baseline,qwen,182,1,3,True,ok,1,True,,False,AA,AA,semantic
qwen_after_baseline,after,baseline,qwen,182,2,3,True,ok,1,True,,False,AA,AA,semantic
qwen_after_baseline,after,baseline,qwen,182,3,3,True,ok,1,False,exec_error: KeyError: 'k_symbol',,FA,AA,exec_error
qwen_after_baseline,after,baseline,qwen,182,4,3,True,ok,1,False,exec_error: KeyError: 'account_id',,FA,AA,exec_error
qwen_after_baseline,after,baseline,qwen,183,0,1,False,ok,1,False,exec_error: KeyError: 'A1',,FA,FA,exec_error
qwen_after_baseline,after,baseline,qwen,183,1,1,False,ok,1,True,,False,FA,FA,semantic
qwen_after_baseline,after,baseline,qwen,183,2,1,False,ok,1,True,,True,SA,SA,success
qwen_after_baseline,after,baseline,qwen,183,3,1,False,ok,1,True,,True,SA,SA,success
qwen_after_baseline,after,baseline,qwen,183,4,1,False,ok,1,False,exec_error: KeyError: 'A1',,FA,FA,exec_error
qwen_after_baseline,after,baseline,qwen,184,0,2,True,ok,1,False,exec_error: KeyError: 'type_x',,FA,AA,exec_error
qwen_after_baseline,after,baseline,qwen,184,1,2,True,ok,1,True,,False,AA,AA,semantic
qwen_after_baseline,after,baseline,qwen,184,2,2,True,ok,2,False,exec_error: KeyError: 'client_id',,FA,FA,exec_error
qwen_after_baseline,after,baseline,qwen,184,3,2,True,ok,2,False,exec_error: KeyError: 'account_id',,FA,FA,exec_error
qwen_after_baseline,after,baseline,qwen,184,4,2,True,ok,2,False,exec_error: KeyError: 'client_id',,FA,FA,exec_error
qwen_after_baseline,after,baseline,qwen,185,0,1,False,ok,1,False,exec_error: KeyError: 'client_id',,FA,FA,exec_error
qwen_after_baseline,after,baseline,qwen,185,1,1,False,ok,1,False,exec_error: NameError: name 'prague_branch_code' is not defined,,FA,FA,exec_error
qwen_after_baseline,after,baseline,qwen,185,2,1,False,ok,1,False,"exec_error: ValueError: Operands are not aligned. Do `left, right = left.align(right, axis=1)` before operating.",,FA,FA,exec_error
qwen_after_baseline,after,baseline,qwen,185,3,1,False,ok,2,False,"exec_error: ValueError: Operands are not aligned. Do `left, right = left.align(right, axis=1)` before operating.",,FA,FA,exec_error
qwen_after_baseline,after,baseline,qwen,185,4,1,False,ok,2,False,exec_error: KeyError: 'account_id',,FA,FA,exec_error
qwen_after_baseline,after,baseline,qwen,186,0,2,True,ok,1,False,exec_error: KeyError: 'frequency',,FA,AA,exec_error
qwen_after_baseline,after,baseline,qwen,186,1,2,True,ok,1,True,,False,AA,AA,semantic
qwen_after_baseline,after,baseline,qwen,186,2,2,True,ok,1,True,,False,AA,AA,semantic
qwen_after_baseline,after,baseline,qwen,186,3,2,True,ok,1,True,,False,AA,AA,semantic
qwen_after_baseline,after,baseline,qwen,186,4,2,True,ok,1,True,,False,AA,AA,semantic
qwen_after_baseline,after,baseline,qwen,187,0,1,True,ok,1,False,exec_error: KeyError: 'type',,FA,FA,exec_error
qwen_after_baseline,after,baseline,qwen,187,1,1,True,ok,2,False,exec_error: KeyError: 'card_id',,FA,FA,exec_error
qwen_after_baseline,after,baseline,qwen,187,2,1,True,ok,2,True,,False,FA,FA,semantic
qwen_after_baseline,after,baseline,qwen,187,3,1,True,ok,2,False,exec_error: KeyError: 'account_id',,FA,FA,exec_error
qwen_after_baseline,after,baseline,qwen,187,4,1,True,ok,2,False,exec_error: KeyError: 'card_id',,FA,FA,exec_error
qwen_after_baseline,after,baseline,qwen,188,0,1,False,ok,2,False,exec_error: KeyError: 'date',,FA,FA,exec_error
qwen_after_baseline,after,baseline,qwen,188,1,1,False,ok,1,False,exec_error: KeyError: 'date',,FA,FA,exec_error
qwen_after_baseline,after,baseline,qwen,188,2,1,False,ok,2,False,exec_error: KeyError: 'date',,FA,FA,exec_error
qwen_after_baseline,after,baseline,qwen,188,3,1,False,ok,3,False,exec_error: KeyError: 'disp_id',,FA,FA,exec_error
qwen_after_baseline,after,baseline,qwen,188,4,1,False,ok,2,False,exec_error: KeyError: 'client_id',,FA,FA,exec_error
qwen_after_baseline,after,baseline,qwen,189,0,2,True,ok,2,False,exec_error: KeyError: 'client_id',,FA,FA,exec_error
qwen_after_baseline,after,baseline,qwen,189,1,2,True,ok,2,False,exec_error: KeyError: 'Column not found: amount',,FA,FA,exec_error
qwen_after_baseline,after,baseline,qwen,189,2,2,True,ok,3,True,,False,FA,FA,semantic
qwen_after_baseline,after,baseline,qwen,189,3,2,True,ok,2,False,exec_error: KeyError: 'gender',,FA,FA,exec_error
qwen_after_baseline,after,baseline,qwen,189,4,2,True,ok,3,False,exec_error: KeyError: 'Column not found: amount',,FA,FA,exec_error
qwen_after_baseline,after,baseline,qwen,190,0,1,False,ok,1,False,exec_error: KeyError: 'A1',,FA,FA,exec_error
qwen_after_baseline,after,baseline,qwen,190,1,1,False,ok,0,True,,False,AA,AA,semantic
qwen_after_baseline,after,baseline,qwen,190,2,1,False,ok,1,False,exec_error: KeyError: 'A1',,FA,FA,exec_error
qwen_after_baseline,after,baseline,qwen,190,3,1,False,ok,1,True,,False,FA,FA,semantic
qwen_after_baseline,after,baseline,qwen,190,4,1,False,ok,0,True,,False,AA,AA,semantic
qwen_after_baseline,after,baseline,qwen,191,0,1,False,ok,3,False,exec_error: KeyError: 'client_id',,FA,FA,exec_error
qwen_after_baseline,after,baseline,qwen,191,1,1,False,ok,2,True,,False,FA,FA,semantic
qwen_after_baseline,after,baseline,qwen,191,2,1,False,ok,1,True,,False,FA,FA,semantic
qwen_after_baseline,after,baseline,qwen,191,3,1,False,ok,1,True,,False,FA,FA,semantic
qwen_after_baseline,after,baseline,qwen,191,4,1,False,ok,3,False,exec_error: KeyError: 'disp_id',,FA,FA,exec_error
qwen_after_baseline,after,baseline,qwen,192,0,1,False,ok,3,False,exec_error: KeyError: 'type',,FA,FA,exec_error
qwen_after_baseline,after,baseline,qwen,192,1,1,False,ok,2,True,,False,FA,FA,semantic
qwen_after_baseline,after,baseline,qwen,192,2,1,False,ok,3,False,exec_error: KeyError: 'disp_id',,FA,FA,exec_error
qwen_after_baseline,after,baseline,qwen,192,3,1,False,ok,2,True,,False,FA,FA,semantic
qwen_after_baseline,after,baseline,qwen,192,4,1,False,ok,2,True,,False,FA,FA,semantic
qwen_after_baseline,after,baseline,qwen,193,0,2,True,ok,10,False,exec_error: KeyError: 'district_id',,FA,FA,exec_error
qwen_after_baseline,after,baseline,qwen,193,1,2,True,ok,3,False,exec_error: KeyError: 'account_id',,FA,FA,exec_error
qwen_after_baseline,after,baseline,qwen,193,2,2,True,concat_only,0,,,,FA,FA,step1_concat_only
qwen_after_baseline,after,baseline,qwen,193,3,2,True,ok,1,False,exec_error: KeyError: 'type',,FA,AA,exec_error
qwen_after_baseline,after,baseline,qwen,193,4,2,True,ok,4,False,"exec_error: KeyError: ""['district_id'] not in index""",,FA,FA,exec_error
qwen_after_baseline,after,baseline,qwen,194,0,2,True,ok,3,False,exec_error: KeyError: 'account_id',,FA,FA,exec_error
qwen_after_baseline,after,baseline,qwen,194,1,2,True,ok,3,False,exec_error: KeyError: 'account_id',,FA,FA,exec_error
qwen_after_baseline,after,baseline,qwen,194,2,2,True,ok,2,False,exec_error: KeyError: 'client_id',,FA,FA,exec_error
qwen_after_baseline,after,baseline,qwen,194,3,2,True,ok,2,False,exec_error: KeyError: 'client_id',,FA,FA,exec_error
qwen_after_baseline,after,baseline,qwen,194,4,2,True,ok,3,False,exec_error: AttributeError: 'DatetimeProperties' object has no attribute 'add',,FA,FA,exec_error
qwen_after_uniform,after,uniform,qwen,89,0,1,False,ok,1,False,exec_error: TypeError: '>' not supported between instances of 'str' and 'int',,FA,FA,exec_error
qwen_after_uniform,after,uniform,qwen,89,1,1,False,ok,1,False,exec_error: KeyError: 'A1',,FA,FA,exec_error
qwen_after_uniform,after,uniform,qwen,89,2,1,False,ok,1,False,exec_error: KeyError: 'date_x',,FA,FA,exec_error
qwen_after_uniform,after,uniform,qwen,89,3,1,False,ok,1,True,,False,FA,FA,semantic
qwen_after_uniform,after,uniform,qwen,89,4,1,False,ok,1,True,,False,FA,FA,semantic
qwen_after_uniform,after,uniform,qwen,90,0,2,False,ok,1,True,,False,AA,AA,semantic
qwen_after_uniform,after,uniform,qwen,90,1,2,False,ok,1,True,,False,AA,AA,semantic
qwen_after_uniform,after,uniform,qwen,90,2,2,False,ok,1,True,,False,AA,AA,semantic
qwen_after_uniform,after,uniform,qwen,90,3,2,False,ok,1,True,,False,AA,AA,semantic
qwen_after_uniform,after,uniform,qwen,90,4,2,False,ok,1,True,,False,AA,AA,semantic
qwen_after_uniform,after,uniform,qwen,91,0,0,False,ok,0,True,,True,SA,SA,success
qwen_after_uniform,after,uniform,qwen,91,1,0,False,ok,0,False,exec_error: KeyError: 'A1',,FA,FA,exec_error
qwen_after_uniform,after,uniform,qwen,91,2,0,False,ok,1,False,exec_error: TypeError: dtype 'str' does not support operation 'mean',,FA,FA,exec_error
qwen_after_uniform,after,uniform,qwen,91,3,0,False,ok,0,True,,False,FA,FA,semantic
qwen_after_uniform,after,uniform,qwen,91,4,0,False,ok,0,False,exec_error: KeyError: 'A1',,FA,FA,exec_error
qwen_after_uniform,after,uniform,qwen,92,0,1,False,ok,1,False,exec_error: KeyError: 'Column not found: A1',,FA,FA,exec_error
qwen_after_uniform,after,uniform,qwen,92,1,1,False,ok,1,False,exec_error: KeyError: 'Column not found: A1',,FA,FA,exec_error
qwen_after_uniform,after,uniform,qwen,92,2,1,False,ok,1,True,,False,FA,FA,semantic
qwen_after_uniform,after,uniform,qwen,92,3,1,False,ok,0,False,exec_error: KeyError: 'Column not found: A1',,FA,AA,exec_error
qwen_after_uniform,after,uniform,qwen,92,4,1,False,ok,0,False,exec_error: KeyError: 'Column not found: A1',,FA,AA,exec_error
qwen_after_uniform,after,uniform,qwen,93,0,1,False,ok,1,False,exec_error: KeyError: 'A1',,FA,FA,exec_error
qwen_after_uniform,after,uniform,qwen,93,1,1,False,ok,1,True,,False,FA,FA,semantic
qwen_after_uniform,after,uniform,qwen,93,2,1,False,ok,1,False,exec_error: KeyError: 'average_salary',,FA,FA,exec_error
qwen_after_uniform,after,uniform,qwen,93,3,1,False,ok,1,True,,False,FA,FA,semantic
qwen_after_uniform,after,uniform,qwen,93,4,1,False,ok,1,False,exec_error: KeyError: 'A1',,FA,FA,exec_error
qwen_after_uniform,after,uniform,qwen,94,0,3,True,ok,1,True,,False,AA,AA,semantic
qwen_after_uniform,after,uniform,qwen,94,1,3,True,ok,1,False,exec_error: KeyError: 'A1',,FA,AA,exec_error
qwen_after_uniform,after,uniform,qwen,94,2,3,True,ok,1,False,exec_error: KeyError: 'Column not found: A1',,FA,AA,exec_error
qwen_after_uniform,after,uniform,qwen,94,3,3,True,ok,1,False,exec_error: KeyError: 'A1',,FA,AA,exec_error
qwen_after_uniform,after,uniform,qwen,94,4,3,True,ok,1,False,exec_error: KeyError: 'A1',,FA,AA,exec_error
qwen_after_uniform,after,uniform,qwen,95,0,3,True,ok,1,False,exec_error: TypeError: dtype 'str' does not support operation 'mean',,FA,AA,exec_error
qwen_after_uniform,after,uniform,qwen,95,1,3,True,ok,1,False,exec_error: KeyError: 'Column not found: salary',,FA,AA,exec_error
qwen_after_uniform,after,uniform,qwen,95,2,3,True,ok,1,False,exec_error: TypeError: dtype 'str' does not support operation 'mean',,FA,AA,exec_error
qwen_after_uniform,after,uniform,qwen,95,3,3,True,ok,2,False,exec_error: KeyError: 'Column not found: salary',,FA,AA,exec_error
qwen_after_uniform,after,uniform,qwen,95,4,3,True,ok,1,False,exec_error: TypeError: dtype 'str' does not support operation 'mean',,FA,AA,exec_error
qwen_after_uniform,after,uniform,qwen,96,0,1,True,ok,1,True,,False,FA,FA,semantic
qwen_after_uniform,after,uniform,qwen,96,1,1,True,ok,1,True,,False,FA,FA,semantic
qwen_after_uniform,after,uniform,qwen,96,2,1,True,ok,1,True,,False,FA,FA,semantic
qwen_after_uniform,after,uniform,qwen,96,3,1,True,ok,1,True,,False,FA,FA,semantic
qwen_after_uniform,after,uniform,qwen,96,4,1,True,ok,1,True,,False,FA,FA,semantic
qwen_after_uniform,after,uniform,qwen,97,0,1,True,ok,1,True,,False,FA,FA,semantic
qwen_after_uniform,after,uniform,qwen,97,1,1,True,ok,1,True,,False,FA,FA,semantic
qwen_after_uniform,after,uniform,qwen,97,2,1,True,ok,1,True,,False,FA,FA,semantic
qwen_after_uniform,after,uniform,qwen,97,3,1,True,ok,1,True,,False,FA,FA,semantic
qwen_after_uniform,after,uniform,qwen,97,4,1,True,ok,1,True,,False,FA,FA,semantic
qwen_after_uniform,after,uniform,qwen,98,0,1,False,ok,2,False,"exec_error: KeyError: ""['amount_x'] not in index""",,FA,FA,exec_error
qwen_after_uniform,after,uniform,qwen,98,1,1,False,ok,2,False,"exec_error: KeyError: ""['date'] not in index""",,FA,FA,exec_error
qwen_after_uniform,after,uniform,qwen,98,2,1,False,ok,2,False,"exec_error: KeyError: ""['date'] not in index""",,FA,FA,exec_error
qwen_after_uniform,after,uniform,qwen,98,3,1,False,ok,2,False,"exec_error: KeyError: ""['district_id_x', 'frequency_x', 'amount_x'] not in index""",,FA,FA,exec_error
qwen_after_uniform,after,uniform,qwen,98,4,1,False,ok,1,False,"exec_error: KeyError: ""['date'] not in index""",,FA,FA,exec_error
qwen_after_uniform,after,uniform,qwen,99,0,1,False,ok,2,False,exec_error: KeyError: 'date',,FA,FA,exec_error
qwen_after_uniform,after,uniform,qwen,99,1,1,False,ok,2,False,exec_error: KeyError: 'date',,FA,FA,exec_error
qwen_after_uniform,after,uniform,qwen,99,2,1,False,ok,2,False,exec_error: KeyError: 'date',,FA,FA,exec_error
qwen_after_uniform,after,uniform,qwen,99,3,1,False,ok,1,False,exec_error: KeyError: 'date',,FA,FA,exec_error
qwen_after_uniform,after,uniform,qwen,99,4,1,False,ok,2,False,exec_error: KeyError: 'date',,FA,FA,exec_error
qwen_after_uniform,after,uniform,qwen,100,0,1,False,ok,0,True,,False,AA,AA,semantic
qwen_after_uniform,after,uniform,qwen,100,1,1,False,ok,1,True,,False,FA,FA,semantic
qwen_after_uniform,after,uniform,qwen,100,2,1,False,ok,1,True,,False,FA,FA,semantic
qwen_after_uniform,after,uniform,qwen,100,3,1,False,ok,0,False,exec_error: ValueError: Can only compare identically-labeled Series objects,,FA,AA,exec_error
qwen_after_uniform,after,uniform,qwen,100,4,1,False,ok,1,True,,False,FA,FA,semantic
qwen_after_uniform,after,uniform,qwen,101,0,0,False,ok,0,False,"exec_error: AttributeError: Can only use .str accessor with string values, not datetime64",,FA,FA,exec_error
qwen_after_uniform,after,uniform,qwen,101,1,0,False,ok,0,False,"exec_error: AttributeError: Can only use .str accessor with string values, not datetime64",,FA,FA,exec_error
qwen_after_uniform,after,uniform,qwen,101,2,0,False,ok,0,True,,False,FA,FA,semantic
qwen_after_uniform,after,uniform,qwen,101,3,0,False,ok,0,False,"exec_error: AttributeError: Can only use .str accessor with string values, not datetime64",,FA,FA,exec_error
qwen_after_uniform,after,uniform,qwen,101,4,0,False,ok,0,True,,False,FA,FA,semantic
qwen_after_uniform,after,uniform,qwen,102,0,1,False,ok,1,False,exec_error: KeyError: 'balance_x',,FA,FA,exec_error
qwen_after_uniform,after,uniform,qwen,102,1,1,False,ok,2,True,,False,FA,FA,semantic
qwen_after_uniform,after,uniform,qwen,102,2,1,False,ok,1,True,,False,FA,FA,semantic
qwen_after_uniform,after,uniform,qwen,102,3,1,False,ok,1,True,,True,SA,SA,success
qwen_after_uniform,after,uniform,qwen,102,4,1,False,ok,1,False,"exec_error: AttributeError: Can only use .str accessor with string values, not datetime64",,FA,FA,exec_error
qwen_after_uniform,after,uniform,qwen,103,0,2,True,ok,0,True,,False,AA,AA,semantic
qwen_after_uniform,after,uniform,qwen,103,1,2,True,ok,1,False,exec_error: KeyError: 'date',,FA,AA,exec_error
qwen_after_uniform,after,uniform,qwen,103,2,2,True,ok,1,True,,False,AA,AA,semantic
qwen_after_uniform,after,uniform,qwen,103,3,2,True,ok,1,True,,False,AA,AA,semantic
qwen_after_uniform,after,uniform,qwen,103,4,2,True,ok,0,False,exec_error: KeyError: 'issue_date',,FA,AA,exec_error
qwen_after_uniform,after,uniform,qwen,104,0,1,False,ok,1,True,,True,SA,SA,success
qwen_after_uniform,after,uniform,qwen,104,1,1,False,ok,1,False,exec_error: KeyError: 'date',,FA,FA,exec_error
qwen_after_uniform,after,uniform,qwen,104,2,1,False,ok,1,True,,True,SA,SA,success
qwen_after_uniform,after,uniform,qwen,104,3,1,False,ok,1,True,,False,FA,FA,semantic
qwen_after_uniform,after,uniform,qwen,104,4,1,False,ok,1,True,,False,FA,FA,semantic
qwen_after_uniform,after,uniform,qwen,105,0,1,False,ok,1,False,exec_error: IndexError: index 0 is out of bounds for axis 0 with size 0,,FA,FA,exec_error
qwen_after_uniform,after,uniform,qwen,105,1,1,False,ok,1,True,,False,FA,FA,semantic
qwen_after_uniform,after,uniform,qwen,105,2,1,False,ok,1,False,"exec_error: ValueError: Operands are not aligned. Do `left, right = left.align(right, axis=1)` before operating.",,FA,FA,exec_error
qwen_after_uniform,after,uniform,qwen,105,3,1,False,ok,1,False,exec_error: KeyError: 'date',,FA,FA,exec_error
qwen_after_uniform,after,uniform,qwen,105,4,1,False,ok,1,False,exec_error: KeyError: 'district_id_y',,FA,FA,exec_error
qwen_after_uniform,after,uniform,qwen,106,0,3,True,ok,1,False,exec_error: AttributeError: Can only use .dt accessor with datetimelike values,,FA,AA,exec_error
qwen_after_uniform,after,uniform,qwen,106,1,3,True,ok,1,False,exec_error: AttributeError: Can only use .dt accessor with datetimelike values,,FA,AA,exec_error
qwen_after_uniform,after,uniform,qwen,106,2,3,True,ok,1,False,exec_error: KeyError: 'Column not found: amount',,FA,AA,exec_error
qwen_after_uniform,after,uniform,qwen,106,3,3,True,ok,1,False,exec_error: KeyError: 'Column not found: amount',,FA,AA,exec_error
qwen_after_uniform,after,uniform,qwen,106,4,3,True,ok,1,False,exec_error: AttributeError: Can only use .dt accessor with datetimelike values,,FA,AA,exec_error
qwen_after_uniform,after,uniform,qwen,107,0,1,False,ok,1,False,exec_error: KeyError: 'Column not found: A1',,FA,FA,exec_error
qwen_after_uniform,after,uniform,qwen,107,1,1,False,ok,1,False,exec_error: KeyError: 'Column not found: A1',,FA,FA,exec_error
qwen_after_uniform,after,uniform,qwen,107,2,1,False,ok,1,False,exec_error: KeyError: 'A1',,FA,FA,exec_error
qwen_after_uniform,after,uniform,qwen,107,3,1,False,ok,1,False,exec_error: KeyError: 'Column not found: A1',,FA,FA,exec_error
qwen_after_uniform,after,uniform,qwen,107,4,1,False,ok,1,False,exec_error: KeyError: 'Column not found: A1',,FA,FA,exec_error
qwen_after_uniform,after,uniform,qwen,108,0,2,False,ok,1,False,exec_error: KeyError: 'date',,FA,AA,exec_error
qwen_after_uniform,after,uniform,qwen,108,1,2,False,ok,1,False,exec_error: KeyError: 'date',,FA,AA,exec_error
qwen_after_uniform,after,uniform,qwen,108,2,2,False,ok,1,True,,False,AA,AA,semantic
qwen_after_uniform,after,uniform,qwen,108,3,2,False,ok,1,True,,False,AA,AA,semantic
qwen_after_uniform,after,uniform,qwen,108,4,2,False,ok,1,False,exec_error: KeyError: 'date',,FA,AA,exec_error
qwen_after_uniform,after,uniform,qwen,109,0,1,False,ok,1,True,,False,FA,FA,semantic
qwen_after_uniform,after,uniform,qwen,109,1,1,False,ok,1,True,,False,FA,FA,semantic
qwen_after_uniform,after,uniform,qwen,109,2,1,False,ok,1,False,exec_error: KeyError: 'A1',,FA,FA,exec_error
qwen_after_uniform,after,uniform,qwen,109,3,1,False,ok,1,True,,False,FA,FA,semantic
qwen_after_uniform,after,uniform,qwen,109,4,1,False,ok,1,True,,False,FA,FA,semantic
qwen_after_uniform,after,uniform,qwen,110,0,2,True,ok,1,False,exec_error: IndexError: index 0 is out of bounds for axis 0 with size 0,,FA,AA,exec_error
qwen_after_uniform,after,uniform,qwen,110,1,2,True,ok,1,False,exec_error: KeyError: 'client_id',,FA,AA,exec_error
qwen_after_uniform,after,uniform,qwen,110,2,2,True,ok,0,False,exec_error: KeyError: 'date',,FA,AA,exec_error
qwen_after_uniform,after,uniform,qwen,110,3,2,True,ok,1,True,,False,AA,AA,semantic
qwen_after_uniform,after,uniform,qwen,110,4,2,True,ok,0,False,"exec_error: ValueError: Operands are not aligned. Do `left, right = left.align(right, axis=1)` before operating.",,FA,AA,exec_error
qwen_after_uniform,after,uniform,qwen,111,0,1,False,ok,1,True,,True,SA,SA,success
qwen_after_uniform,after,uniform,qwen,111,1,1,False,ok,1,True,,True,SA,SA,success
qwen_after_uniform,after,uniform,qwen,111,2,1,False,ok,1,True,,False,FA,FA,semantic
qwen_after_uniform,after,uniform,qwen,111,3,1,False,ok,1,True,,True,SA,SA,success
qwen_after_uniform,after,uniform,qwen,111,4,1,False,ok,1,True,,True,SA,SA,success
qwen_after_uniform,after,uniform,qwen,112,0,1,False,ok,1,True,,False,FA,FA,semantic
qwen_after_uniform,after,uniform,qwen,112,1,1,False,ok,1,True,,False,FA,FA,semantic
qwen_after_uniform,after,uniform,qwen,112,2,1,False,ok,1,True,,False,FA,FA,semantic
qwen_after_uniform,after,uniform,qwen,112,3,1,False,ok,1,True,,True,SA,SA,success
qwen_after_uniform,after,uniform,qwen,112,4,1,False,ok,1,True,,False,FA,FA,semantic
qwen_after_uniform,after,uniform,qwen,113,0,3,True,ok,1,True,,False,AA,AA,semantic
qwen_after_uniform,after,uniform,qwen,113,1,3,True,ok,1,False,exec_error: KeyError: 'date',,FA,AA,exec_error
qwen_after_uniform,after,uniform,qwen,113,2,3,True,ok,1,True,,False,AA,AA,semantic
qwen_after_uniform,after,uniform,qwen,113,3,3,True,ok,1,False,exec_error: KeyError: 'birthday',,FA,AA,exec_error
qwen_after_uniform,after,uniform,qwen,113,4,3,True,ok,1,False,exec_error: KeyError: 'date',,FA,AA,exec_error
qwen_after_uniform,after,uniform,qwen,114,0,1,False,ok,1,False,exec_error: IndexError: single positional indexer is out-of-bounds,,FA,FA,exec_error
qwen_after_uniform,after,uniform,qwen,114,1,1,False,ok,1,False,exec_error: KeyError: 'account',,FA,FA,exec_error
qwen_after_uniform,after,uniform,qwen,114,2,1,False,ok,1,False,exec_error: IndexError: single positional indexer is out-of-bounds,,FA,FA,exec_error
qwen_after_uniform,after,uniform,qwen,114,3,1,False,ok,0,True,,True,AA,AA,success
qwen_after_uniform,after,uniform,qwen,114,4,1,False,ok,0,False,exec_error: KeyError: 'A2',,FA,AA,exec_error
qwen_after_uniform,after,uniform,qwen,115,0,1,False,ok,1,True,,False,FA,FA,semantic
qwen_after_uniform,after,uniform,qwen,115,1,1,False,ok,1,True,,False,FA,FA,semantic
qwen_after_uniform,after,uniform,qwen,115,2,1,False,ok,1,True,,False,FA,FA,semantic
qwen_after_uniform,after,uniform,qwen,115,3,1,False,ok,1,False,exec_error: KeyError: 'A1',,FA,FA,exec_error
qwen_after_uniform,after,uniform,qwen,115,4,1,False,ok,1,True,,False,FA,FA,semantic
qwen_after_uniform,after,uniform,qwen,116,0,2,False,ok,2,False,exec_error: KeyError: 'amount_start',,FA,FA,exec_error
qwen_after_uniform,after,uniform,qwen,116,1,2,False,ok,2,False,exec_error: KeyError: 'date',,FA,FA,exec_error
qwen_after_uniform,after,uniform,qwen,116,2,2,False,ok,0,False,exec_error: KeyError: 'balance',,FA,AA,exec_error
qwen_after_uniform,after,uniform,qwen,116,3,2,False,ok,1,False,exec_error: KeyError: 'date',,FA,AA,exec_error
qwen_after_uniform,after,uniform,qwen,116,4,2,False,ok,1,False,exec_error: IndexError: index 0 is out of bounds for axis 0 with size 0,,FA,AA,exec_error
qwen_after_uniform,after,uniform,qwen,117,0,0,False,ok,0,True,,False,FA,FA,semantic
qwen_after_uniform,after,uniform,qwen,117,1,0,False,ok,1,True,,False,FA,FA,semantic
qwen_after_uniform,after,uniform,qwen,117,2,0,False,ok,0,True,,False,FA,FA,semantic
qwen_after_uniform,after,uniform,qwen,117,3,0,False,ok,0,True,,False,FA,FA,semantic
qwen_after_uniform,after,uniform,qwen,117,4,0,False,ok,0,True,,False,FA,FA,semantic
qwen_after_uniform,after,uniform,qwen,118,0,0,False,ok,1,True,,False,FA,FA,semantic
qwen_after_uniform,after,uniform,qwen,118,1,0,False,ok,1,True,,False,FA,FA,semantic
qwen_after_uniform,after,uniform,qwen,118,2,0,False,ok,1,True,,False,FA,FA,semantic
qwen_after_uniform,after,uniform,qwen,118,3,0,False,ok,1,True,,False,FA,FA,semantic
qwen_after_uniform,after,uniform,qwen,118,4,0,False,ok,1,True,,False,FA,FA,semantic
qwen_after_uniform,after,uniform,qwen,119,0,1,False,ok,1,False,exec_error: KeyError: 'A1',,FA,FA,exec_error
qwen_after_uniform,after,uniform,qwen,119,1,1,False,ok,1,False,exec_error: TypeError: '<' not supported between instances of 'str' and 'int',,FA,FA,exec_error
qwen_after_uniform,after,uniform,qwen,119,2,1,False,ok,1,False,exec_error: TypeError: '<' not supported between instances of 'Timestamp' and 'str',,FA,FA,exec_error
qwen_after_uniform,after,uniform,qwen,119,3,1,False,ok,1,False,"exec_error: AttributeError: Can only use .str accessor with string values, not datetime64",,FA,FA,exec_error
qwen_after_uniform,after,uniform,qwen,119,4,1,False,ok,1,False,exec_error: KeyError: 'statement_date',,FA,FA,exec_error
qwen_after_uniform,after,uniform,qwen,120,0,1,False,ok,1,True,,False,FA,FA,semantic
qwen_after_uniform,after,uniform,qwen,120,1,1,False,ok,1,True,,False,FA,FA,semantic
qwen_after_uniform,after,uniform,qwen,120,2,1,False,ok,0,True,,False,AA,AA,semantic
qwen_after_uniform,after,uniform,qwen,120,3,1,False,ok,1,True,,False,FA,FA,semantic
qwen_after_uniform,after,uniform,qwen,120,4,1,False,ok,1,True,,False,FA,FA,semantic
qwen_after_uniform,after,uniform,qwen,121,0,1,False,ok,0,True,,False,AA,AA,semantic
qwen_after_uniform,after,uniform,qwen,121,1,1,False,ok,1,True,,True,SA,SA,success
qwen_after_uniform,after,uniform,qwen,121,2,1,False,ok,1,True,,True,SA,SA,success
qwen_after_uniform,after,uniform,qwen,121,3,1,False,ok,1,True,,True,SA,SA,success
qwen_after_uniform,after,uniform,qwen,121,4,1,False,ok,1,True,,False,FA,FA,semantic
qwen_after_uniform,after,uniform,qwen,122,0,2,False,ok,1,True,,False,AA,AA,semantic
qwen_after_uniform,after,uniform,qwen,122,1,2,False,ok,1,True,,False,AA,AA,semantic
qwen_after_uniform,after,uniform,qwen,122,2,2,False,ok,1,False,"exec_error: ValueError: Operands are not aligned. Do `left, right = left.align(right, axis=1)` before operating.",,FA,AA,exec_error
qwen_after_uniform,after,uniform,qwen,122,3,2,False,ok,1,True,,False,AA,AA,semantic
qwen_after_uniform,after,uniform,qwen,122,4,2,False,ok,1,False,exec_error: KeyError: 'district_id',,FA,AA,exec_error
qwen_after_uniform,after,uniform,qwen,123,0,2,False,ok,1,False,exec_error: KeyError: 'loan_amount',,FA,AA,exec_error
qwen_after_uniform,after,uniform,qwen,123,1,2,False,ok,1,False,exec_error: KeyError: 'amount',,FA,AA,exec_error
qwen_after_uniform,after,uniform,qwen,123,2,2,False,ok,1,False,exec_error: KeyError: 'loan_amount',,FA,AA,exec_error
qwen_after_uniform,after,uniform,qwen,123,3,2,False,ok,1,False,exec_error: KeyError: 'loan_amount',,FA,AA,exec_error
qwen_after_uniform,after,uniform,qwen,123,4,2,False,ok,1,False,exec_error: KeyError: 'loan_amount',,FA,AA,exec_error
qwen_after_uniform,after,uniform,qwen,124,0,2,False,ok,2,False,exec_error: KeyError: 'duration',,FA,FA,exec_error
qwen_after_uniform,after,uniform,qwen,124,1,2,False,ok,2,False,exec_error: KeyError: 'duration',,FA,FA,exec_error
qwen_after_uniform,after,uniform,qwen,124,2,2,False,ok,2,False,exec_error: KeyError: 'duration',,FA,FA,exec_error
qwen_after_uniform,after,uniform,qwen,124,3,2,False,ok,1,False,exec_error: KeyError: 'duration',,FA,AA,exec_error
qwen_after_uniform,after,uniform,qwen,124,4,2,False,ok,1,False,exec_error: KeyError: 'duration',,FA,AA,exec_error
qwen_after_uniform,after,uniform,qwen,125,0,2,False,ok,1,False,exec_error: TypeError: dtype 'str' does not support operation 'mean',,FA,AA,exec_error
qwen_after_uniform,after,uniform,qwen,125,1,2,False,ok,1,False,exec_error: KeyError: 'date',,FA,AA,exec_error
qwen_after_uniform,after,uniform,qwen,125,2,2,False,ok,1,False,exec_error: KeyError: 'Column not found: unemployment_rate',,FA,AA,exec_error
qwen_after_uniform,after,uniform,qwen,125,3,2,False,ok,1,False,exec_error: KeyError: 'date',,FA,AA,exec_error
qwen_after_uniform,after,uniform,qwen,125,4,2,False,parse_fail,0,,,,FA,FA,step1_parse_fail
qwen_after_uniform,after,uniform,qwen,126,0,1,False,ok,1,False,"exec_error: AttributeError: Can only use .str accessor with string values, not datetime64",,FA,FA,exec_error
qwen_after_uniform,after,uniform,qwen,126,1,1,False,ok,1,True,,False,FA,FA,semantic
qwen_after_uniform,after,uniform,qwen,126,2,1,False,ok,1,True,,True,SA,SA,success
qwen_after_uniform,after,uniform,qwen,126,3,1,False,ok,1,False,"exec_error: AttributeError: Can only use .str accessor with string values, not datetime64",,FA,FA,exec_error
qwen_after_uniform,after,uniform,qwen,126,4,1,False,ok,1,False,exec_error: KeyError: 'A1',,FA,FA,exec_error
qwen_after_uniform,after,uniform,qwen,127,0,0,False,ok,1,True,,False,FA,FA,semantic
qwen_after_uniform,after,uniform,qwen,127,1,0,False,ok,1,True,,False,FA,FA,semantic
qwen_after_uniform,after,uniform,qwen,127,2,0,False,ok,1,True,,False,FA,FA,semantic
qwen_after_uniform,after,uniform,qwen,127,3,0,False,ok,0,True,,False,FA,FA,semantic
qwen_after_uniform,after,uniform,qwen,127,4,0,False,ok,0,True,,False,FA,FA,semantic
qwen_after_uniform,after,uniform,qwen,128,0,1,False,ok,1,True,,False,FA,FA,semantic
qwen_after_uniform,after,uniform,qwen,128,1,1,False,ok,1,False,exec_error: KeyError: 'A1',,FA,FA,exec_error
qwen_after_uniform,after,uniform,qwen,128,2,1,False,ok,1,True,,False,FA,FA,semantic
qwen_after_uniform,after,uniform,qwen,128,3,1,False,ok,1,True,,False,FA,FA,semantic
qwen_after_uniform,after,uniform,qwen,128,4,1,False,ok,1,False,exec_error: KeyError: 'A1',,FA,FA,exec_error
qwen_after_uniform,after,uniform,qwen,129,0,2,False,ok,1,False,exec_error: KeyError: 'A1',,FA,AA,exec_error
qwen_after_uniform,after,uniform,qwen,129,1,2,False,ok,1,False,exec_error: KeyError: 'Column not found: amount',,FA,AA,exec_error
qwen_after_uniform,after,uniform,qwen,129,2,2,False,ok,1,False,exec_error: KeyError: 'Column not found: amount',,FA,AA,exec_error
qwen_after_uniform,after,uniform,qwen,129,3,2,False,ok,1,True,,False,AA,AA,semantic
qwen_after_uniform,after,uniform,qwen,129,4,2,False,ok,1,False,exec_error: KeyError: 'Column not found: amount',,FA,AA,exec_error
qwen_after_uniform,after,uniform,qwen,130,0,2,True,ok,1,False,exec_error: KeyError: 'A1',,FA,AA,exec_error
qwen_after_uniform,after,uniform,qwen,130,1,2,True,ok,1,True,,False,AA,AA,semantic
qwen_after_uniform,after,uniform,qwen,130,2,2,True,ok,1,True,,False,AA,AA,semantic
qwen_after_uniform,after,uniform,qwen,130,3,2,True,ok,2,False,exec_error: KeyError: 'client_id',,FA,FA,exec_error
qwen_after_uniform,after,uniform,qwen,130,4,2,True,ok,1,True,,False,AA,AA,semantic
qwen_after_uniform,after,uniform,qwen,131,0,2,False,ok,2,False,exec_error: UnboundLocalError: cannot access local variable 'filtered_df' where it is not associated with a value,,FA,FA,exec_error
qwen_after_uniform,after,uniform,qwen,131,1,2,False,ok,1,False,exec_error: TypeError: '>' not supported between instances of 'str' and 'int',,FA,AA,exec_error
qwen_after_uniform,after,uniform,qwen,131,2,2,False,ok,1,True,,False,AA,AA,semantic
qwen_after_uniform,after,uniform,qwen,131,3,2,False,ok,1,True,,False,AA,AA,semantic
qwen_after_uniform,after,uniform,qwen,131,4,2,False,ok,1,False,exec_error: ValueError: attempt to get argmax of an empty sequence,,FA,AA,exec_error
qwen_after_uniform,after,uniform,qwen,132,0,3,True,ok,1,False,exec_error: KeyError: 'Column not found: amount',,FA,AA,exec_error
qwen_after_uniform,after,uniform,qwen,132,1,3,True,ok,1,False,exec_error: TypeError: dtype 'str' does not support operation 'mean',,FA,AA,exec_error
qwen_after_uniform,after,uniform,qwen,132,2,3,True,ok,1,False,exec_error: KeyError: 'Column not found: amount',,FA,AA,exec_error
qwen_after_uniform,after,uniform,qwen,132,3,3,True,ok,1,False,exec_error: TypeError: dtype 'str' does not support operation 'mean',,FA,AA,exec_error
qwen_after_uniform,after,uniform,qwen,132,4,3,True,ok,1,False,exec_error: KeyError: 'Column not found: amount',,FA,AA,exec_error
qwen_after_uniform,after,uniform,qwen,133,0,0,False,ok,1,False,exec_error: TypeError: dtype 'str' does not support operation 'mean',,FA,FA,exec_error
qwen_after_uniform,after,uniform,qwen,133,1,0,False,ok,1,False,exec_error: TypeError: bad operand type for unary -: 'str',,FA,FA,exec_error
qwen_after_uniform,after,uniform,qwen,133,2,0,False,ok,2,False,exec_error: TypeError: dtype 'str' does not support operation 'mean',,FA,FA,exec_error
qwen_after_uniform,after,uniform,qwen,133,3,0,False,ok,1,False,exec_error: TypeError: unsupported operand type(s) for /: 'int' and 'str',,FA,FA,exec_error
qwen_after_uniform,after,uniform,qwen,133,4,0,False,ok,1,True,,False,FA,FA,semantic
qwen_after_uniform,after,uniform,qwen,134,0,1,False,ok,1,True,,False,FA,FA,semantic
qwen_after_uniform,after,uniform,qwen,134,1,1,False,ok,1,True,,False,FA,FA,semantic
qwen_after_uniform,after,uniform,qwen,134,2,1,False,ok,1,False,exec_error: KeyError: 'date',,FA,FA,exec_error
qwen_after_uniform,after,uniform,qwen,134,3,1,False,ok,1,False,exec_error: UnboundLocalError: cannot access local variable 'filtered' where it is not associated with a value,,FA,FA,exec_error
qwen_after_uniform,after,uniform,qwen,134,4,1,False,ok,1,True,,False,FA,FA,semantic
qwen_after_uniform,after,uniform,qwen,135,0,1,False,ok,1,True,,False,FA,FA,semantic
qwen_after_uniform,after,uniform,qwen,135,1,1,False,ok,1,True,,False,FA,FA,semantic
qwen_after_uniform,after,uniform,qwen,135,2,1,False,ok,1,True,,False,FA,FA,semantic
qwen_after_uniform,after,uniform,qwen,135,3,1,False,ok,1,True,,False,FA,FA,semantic
qwen_after_uniform,after,uniform,qwen,135,4,1,False,ok,1,True,,False,FA,FA,semantic
qwen_after_uniform,after,uniform,qwen,136,0,1,False,ok,1,True,,False,FA,FA,semantic
qwen_after_uniform,after,uniform,qwen,136,1,1,False,ok,1,True,,False,FA,FA,semantic
qwen_after_uniform,after,uniform,qwen,136,2,1,False,ok,1,True,,False,FA,FA,semantic
qwen_after_uniform,after,uniform,qwen,136,3,1,False,ok,1,True,,False,FA,FA,semantic
qwen_after_uniform,after,uniform,qwen,136,4,1,False,ok,1,True,,False,FA,FA,semantic
qwen_after_uniform,after,uniform,qwen,137,0,2,False,ok,0,True,,False,AA,AA,semantic
qwen_after_uniform,after,uniform,qwen,137,1,2,False,ok,0,True,,False,AA,AA,semantic
qwen_after_uniform,after,uniform,qwen,137,2,2,False,ok,0,False,exec_error: KeyError: 'Branch',,FA,AA,exec_error
qwen_after_uniform,after,uniform,qwen,137,3,2,False,ok,1,False,exec_error: KeyError: 'A1',,FA,AA,exec_error
qwen_after_uniform,after,uniform,qwen,137,4,2,False,ok,1,False,exec_error: KeyError: 'A1',,FA,AA,exec_error
qwen_after_uniform,after,uniform,qwen,138,0,1,False,ok,1,False,exec_error: KeyError: 'year',,FA,FA,exec_error
qwen_after_uniform,after,uniform,qwen,138,1,1,False,ok,0,False,exec_error: NameError: name 'crimes' is not defined,,FA,AA,exec_error
qwen_after_uniform,after,uniform,qwen,138,2,1,False,ok,1,False,exec_error: KeyError: 'Column not found: A1',,FA,FA,exec_error
qwen_after_uniform,after,uniform,qwen,138,3,1,False,ok,1,False,exec_error: UnboundLocalError: cannot access local variable 'filtered_data' where it is not associated with a value,,FA,FA,exec_error
qwen_after_uniform,after,uniform,qwen,138,4,1,False,ok,1,False,exec_error: TypeError: DataFrame.reset_index() got an unexpected keyword argument 'name'. Did you mean 'names'?,,FA,FA,exec_error
qwen_after_uniform,after,uniform,qwen,139,0,1,True,ok,1,True,,False,FA,FA,semantic
qwen_after_uniform,after,uniform,qwen,139,1,1,True,ok,1,True,,False,FA,FA,semantic
qwen_after_uniform,after,uniform,qwen,139,2,1,True,ok,1,True,,False,FA,FA,semantic
qwen_after_uniform,after,uniform,qwen,139,3,1,True,ok,1,True,,False,FA,FA,semantic
qwen_after_uniform,after,uniform,qwen,139,4,1,True,ok,1,True,,False,FA,FA,semantic
qwen_after_uniform,after,uniform,qwen,140,0,1,False,ok,1,True,,True,SA,SA,success
qwen_after_uniform,after,uniform,qwen,140,1,1,False,ok,1,True,,True,SA,SA,success
qwen_after_uniform,after,uniform,qwen,140,2,1,False,ok,0,True,,True,AA,AA,success
qwen_after_uniform,after,uniform,qwen,140,3,1,False,ok,1,True,,False,FA,FA,semantic
qwen_after_uniform,after,uniform,qwen,140,4,1,False,ok,1,False,exec_error: NameError: name 'load_data' is not defined,,FA,FA,exec_error
qwen_after_uniform,after,uniform,qwen,141,0,2,False,ok,0,False,exec_error: TypeError: '>' not supported between instances of 'str' and 'int',,FA,AA,exec_error
qwen_after_uniform,after,uniform,qwen,141,1,2,False,ok,1,False,exec_error: KeyError: 'amount',,FA,AA,exec_error
qwen_after_uniform,after,uniform,qwen,141,2,2,False,ok,1,False,exec_error: TypeError: '>' not supported between instances of 'str' and 'int',,FA,AA,exec_error
qwen_after_uniform,after,uniform,qwen,141,3,2,False,ok,1,False,exec_error: TypeError: '>' not supported between instances of 'str' and 'int',,FA,AA,exec_error
qwen_after_uniform,after,uniform,qwen,141,4,2,False,ok,1,False,exec_error: TypeError: '>' not supported between instances of 'str' and 'int',,FA,AA,exec_error
qwen_after_uniform,after,uniform,qwen,142,0,2,False,ok,1,True,,False,AA,AA,semantic
qwen_after_uniform,after,uniform,qwen,142,1,2,False,ok,1,True,,False,AA,AA,semantic
qwen_after_uniform,after,uniform,qwen,142,2,2,False,ok,1,True,,False,AA,AA,semantic
qwen_after_uniform,after,uniform,qwen,142,3,2,False,ok,0,True,,False,AA,AA,semantic
qwen_after_uniform,after,uniform,qwen,142,4,2,False,ok,1,True,,False,AA,AA,semantic
qwen_after_uniform,after,uniform,qwen,143,0,1,True,ok,1,True,,False,FA,FA,semantic
qwen_after_uniform,after,uniform,qwen,143,1,1,True,ok,1,True,,False,FA,FA,semantic
qwen_after_uniform,after,uniform,qwen,143,2,1,True,ok,1,True,,False,FA,FA,semantic
qwen_after_uniform,after,uniform,qwen,143,3,1,True,ok,1,False,exec_error: KeyError: 'type',,FA,FA,exec_error
qwen_after_uniform,after,uniform,qwen,143,4,1,True,ok,1,True,,False,FA,FA,semantic
qwen_after_uniform,after,uniform,qwen,144,0,3,True,ok,1,False,exec_error: AttributeError: Can only use .dt accessor with datetimelike values,,FA,AA,exec_error
qwen_after_uniform,after,uniform,qwen,144,1,3,True,ok,1,False,exec_error: KeyError: 'type',,FA,AA,exec_error
qwen_after_uniform,after,uniform,qwen,144,2,3,True,ok,1,False,exec_error: KeyError: 'Column not found: amount',,FA,AA,exec_error
qwen_after_uniform,after,uniform,qwen,144,3,3,True,ok,1,False,exec_error: KeyError: 'Column not found: amount',,FA,AA,exec_error
qwen_after_uniform,after,uniform,qwen,144,4,3,True,ok,1,False,"exec_error: KeyError: ""['card_id'] not in index""",,FA,AA,exec_error
qwen_after_uniform,after,uniform,qwen,145,0,1,False,ok,1,False,"exec_error: AttributeError: Can only use .str accessor with string values, not datetime64",,FA,FA,exec_error
qwen_after_uniform,after,uniform,qwen,145,1,1,False,ok,0,False,"exec_error: AttributeError: Can only use .str accessor with string values, not datetime64",,FA,AA,exec_error
qwen_after_uniform,after,uniform,qwen,145,2,1,False,ok,0,True,,False,AA,AA,semantic
qwen_after_uniform,after,uniform,qwen,145,3,1,False,ok,1,True,,False,FA,FA,semantic
qwen_after_uniform,after,uniform,qwen,145,4,1,False,ok,1,True,,False,FA,FA,semantic
qwen_after_uniform,after,uniform,qwen,146,0,3,True,ok,1,True,,False,AA,AA,semantic
qwen_after_uniform,after,uniform,qwen,146,1,3,True,ok,2,False,exec_error: KeyError: 'account_id_y',,FA,AA,exec_error
qwen_after_uniform,after,uniform,qwen,146,2,3,True,ok,1,True,,False,AA,AA,semantic
qwen_after_uniform,after,uniform,qwen,146,3,3,True,ok,1,True,,False,AA,AA,semantic
qwen_after_uniform,after,uniform,qwen,146,4,3,True,ok,2,False,exec_error: KeyError: 'type',,FA,AA,exec_error
qwen_after_uniform,after,uniform,qwen,147,0,1,False,ok,1,True,,False,FA,FA,semantic
qwen_after_uniform,after,uniform,qwen,147,1,1,False,ok,1,True,,False,FA,FA,semantic
qwen_after_uniform,after,uniform,qwen,147,2,1,False,ok,1,True,,False,FA,FA,semantic
qwen_after_uniform,after,uniform,qwen,147,3,1,False,ok,1,False,exec_error: KeyError: 'A1',,FA,FA,exec_error
qwen_after_uniform,after,uniform,qwen,147,4,1,False,ok,1,True,,False,FA,FA,semantic
qwen_after_uniform,after,uniform,qwen,148,0,2,True,ok,1,True,,True,AA,AA,success
qwen_after_uniform,after,uniform,qwen,148,1,2,True,ok,1,True,,True,AA,AA,success
qwen_after_uniform,after,uniform,qwen,148,2,2,True,ok,1,True,,True,AA,AA,success
qwen_after_uniform,after,uniform,qwen,148,3,2,True,ok,1,True,,True,AA,AA,success
qwen_after_uniform,after,uniform,qwen,148,4,2,True,ok,1,True,,True,AA,AA,success
qwen_after_uniform,after,uniform,qwen,149,0,2,True,ok,1,False,exec_error: KeyError: 'Column not found: A1',,FA,AA,exec_error
qwen_after_uniform,after,uniform,qwen,149,1,2,True,ok,1,False,exec_error: KeyError: 'A1',,FA,AA,exec_error
qwen_after_uniform,after,uniform,qwen,149,2,2,True,ok,1,False,exec_error: KeyError: 'A1',,FA,AA,exec_error
qwen_after_uniform,after,uniform,qwen,149,3,2,True,ok,1,False,exec_error: KeyError: 'A1',,FA,AA,exec_error
qwen_after_uniform,after,uniform,qwen,149,4,2,True,ok,1,False,exec_error: KeyError: 'A1',,FA,AA,exec_error
qwen_after_uniform,after,uniform,qwen,150,0,2,False,ok,1,True,,False,AA,AA,semantic
qwen_after_uniform,after,uniform,qwen,150,1,2,False,ok,1,True,,False,AA,AA,semantic
qwen_after_uniform,after,uniform,qwen,150,2,2,False,ok,0,False,exec_error: KeyError: 'A2',,FA,AA,exec_error
qwen_after_uniform,after,uniform,qwen,150,3,2,False,ok,0,False,exec_error: KeyError: 'A4',,FA,AA,exec_error
qwen_after_uniform,after,uniform,qwen,150,4,2,False,ok,1,True,,False,AA,AA,semantic
qwen_after_uniform,after,uniform,qwen,151,0,2,False,ok,1,True,,False,AA,AA,semantic
qwen_after_uniform,after,uniform,qwen,151,1,2,False,ok,1,False,exec_error: TypeError: '<' not supported between instances of 'str' and 'int',,FA,AA,exec_error
qwen_after_uniform,after,uniform,qwen,151,2,2,False,ok,1,False,exec_error: KeyError: 'transaction_type',,FA,AA,exec_error
qwen_after_uniform,after,uniform,qwen,151,3,2,False,ok,1,False,exec_error: TypeError: '<' not supported between instances of 'str' and 'int',,FA,AA,exec_error
qwen_after_uniform,after,uniform,qwen,151,4,2,False,ok,1,True,,False,AA,AA,semantic
qwen_after_uniform,after,uniform,qwen,152,0,1,False,ok,1,False,exec_error: TypeError: '>' not supported between instances of 'str' and 'int',,FA,FA,exec_error
qwen_after_uniform,after,uniform,qwen,152,1,1,False,ok,1,True,,False,FA,FA,semantic
qwen_after_uniform,after,uniform,qwen,152,2,1,False,ok,1,False,"exec_error: KeyError: ""['A1'] not in index""",,FA,FA,exec_error
qwen_after_uniform,after,uniform,qwen,152,3,1,False,ok,1,False,"exec_error: AttributeError: Can only use .str accessor with string values, not datetime64",,FA,FA,exec_error
qwen_after_uniform,after,uniform,qwen,152,4,1,False,ok,1,False,exec_error: TypeError: '>' not supported between instances of 'str' and 'int',,FA,FA,exec_error
qwen_after_uniform,after,uniform,qwen,153,0,1,True,ok,0,True,,False,AA,AA,semantic
qwen_after_uniform,after,uniform,qwen,153,1,1,True,ok,0,True,,True,AA,AA,success
qwen_after_uniform,after,uniform,qwen,153,2,1,True,ok,1,False,exec_error: TypeError: '<' not supported between instances of 'Timestamp' and 'str',,FA,FA,exec_error
qwen_after_uniform,after,uniform,qwen,153,3,1,True,ok,0,False,exec_error: KeyError: 'client_id',,FA,AA,exec_error
qwen_after_uniform,after,uniform,qwen,153,4,1,True,ok,0,True,,True,AA,AA,success
qwen_after_uniform,after,uniform,qwen,154,0,1,False,ok,1,False,exec_error: KeyError: 'A1',,FA,FA,exec_error
qwen_after_uniform,after,uniform,qwen,154,1,1,False,ok,1,True,,False,FA,FA,semantic
qwen_after_uniform,after,uniform,qwen,154,2,1,False,ok,1,True,,False,FA,FA,semantic
qwen_after_uniform,after,uniform,qwen,154,3,1,False,ok,1,True,,False,FA,FA,semantic
qwen_after_uniform,after,uniform,qwen,154,4,1,False,ok,1,True,,False,FA,FA,semantic
qwen_after_uniform,after,uniform,qwen,155,0,0,False,ok,1,False,exec_error: TypeError: '<' not supported between instances of 'str' and 'int',,FA,FA,exec_error
qwen_after_uniform,after,uniform,qwen,155,1,0,False,ok,1,True,,False,FA,FA,semantic
qwen_after_uniform,after,uniform,qwen,155,2,0,False,ok,0,False,exec_error: TypeError: '<' not supported between instances of 'str' and 'int',,FA,FA,exec_error
qwen_after_uniform,after,uniform,qwen,155,3,0,False,ok,0,False,exec_error: AttributeError: Can only use .dt accessor with datetimelike values,,FA,FA,exec_error
qwen_after_uniform,after,uniform,qwen,155,4,0,False,ok,0,False,exec_error: ZeroDivisionError: division by zero,,FA,FA,exec_error
qwen_after_uniform,after,uniform,qwen,156,0,2,True,ok,1,False,exec_error: KeyError: 'Column not found: amount',,FA,AA,exec_error
qwen_after_uniform,after,uniform,qwen,156,1,2,True,ok,1,True,,False,AA,AA,semantic
qwen_after_uniform,after,uniform,qwen,156,2,2,True,ok,1,False,exec_error: KeyError: 'Column not found: amount',,FA,AA,exec_error
qwen_after_uniform,after,uniform,qwen,156,3,2,True,ok,1,False,exec_error: KeyError: 'amount',,FA,AA,exec_error
qwen_after_uniform,after,uniform,qwen,156,4,2,True,ok,1,False,exec_error: KeyError: 'Column not found: amount',,FA,AA,exec_error
qwen_after_uniform,after,uniform,qwen,157,0,1,False,ok,1,False,exec_error: KeyError: 'A1',,FA,FA,exec_error
qwen_after_uniform,after,uniform,qwen,157,1,1,False,ok,1,False,"exec_error: ValueError: Operands are not aligned. Do `left, right = left.align(right, axis=1)` before operating.",,FA,FA,exec_error
qwen_after_uniform,after,uniform,qwen,157,2,1,False,ok,1,False,"exec_error: ValueError: Operands are not aligned. Do `left, right = left.align(right, axis=1)` before operating.",,FA,FA,exec_error
qwen_after_uniform,after,uniform,qwen,157,3,1,False,ok,1,True,,False,FA,FA,semantic
qwen_after_uniform,after,uniform,qwen,157,4,1,False,ok,1,True,,False,FA,FA,semantic
qwen_after_uniform,after,uniform,qwen,158,0,2,False,ok,0,False,"exec_error: ValueError: Operands are not aligned. Do `left, right = left.align(right, axis=1)` before operating.",,FA,AA,exec_error
qwen_after_uniform,after,uniform,qwen,158,1,2,False,ok,0,False,"exec_error: ValueError: Operands are not aligned. Do `left, right = left.align(right, axis=1)` before operating.",,FA,AA,exec_error
qwen_after_uniform,after,uniform,qwen,158,2,2,False,ok,1,False,"exec_error: ValueError: Operands are not aligned. Do `left, right = left.align(right, axis=1)` before operating.",,FA,AA,exec_error
qwen_after_uniform,after,uniform,qwen,158,3,2,False,ok,1,False,"exec_error: ValueError: Operands are not aligned. Do `left, right = left.align(right, axis=1)` before operating.",,FA,AA,exec_error
qwen_after_uniform,after,uniform,qwen,158,4,2,False,ok,0,True,,False,AA,AA,semantic
qwen_after_uniform,after,uniform,qwen,159,0,3,True,ok,1,True,,False,AA,AA,semantic
qwen_after_uniform,after,uniform,qwen,159,1,3,True,ok,1,True,,False,AA,AA,semantic
qwen_after_uniform,after,uniform,qwen,159,2,3,True,ok,1,True,,False,AA,AA,semantic
qwen_after_uniform,after,uniform,qwen,159,3,3,True,ok,1,True,,False,AA,AA,semantic
qwen_after_uniform,after,uniform,qwen,159,4,3,True,ok,1,False,exec_error: KeyError: 'subtype',,FA,AA,exec_error
qwen_after_uniform,after,uniform,qwen,160,0,1,False,ok,1,True,,False,FA,FA,semantic
qwen_after_uniform,after,uniform,qwen,160,1,1,False,ok,1,False,exec_error: KeyError: 'date',,FA,FA,exec_error
qwen_after_uniform,after,uniform,qwen,160,2,1,False,ok,1,True,,False,FA,FA,semantic
qwen_after_uniform,after,uniform,qwen,160,3,1,False,ok,1,True,,False,FA,FA,semantic
qwen_after_uniform,after,uniform,qwen,160,4,1,False,ok,1,True,,False,FA,FA,semantic
qwen_after_uniform,after,uniform,qwen,161,0,2,True,ok,1,False,"exec_error: ValueError: Operands are not aligned. Do `left, right = left.align(right, axis=1)` before operating.",,FA,AA,exec_error
qwen_after_uniform,after,uniform,qwen,161,1,2,True,ok,0,True,,False,AA,AA,semantic
qwen_after_uniform,after,uniform,qwen,161,2,2,True,ok,0,True,,False,AA,AA,semantic
qwen_after_uniform,after,uniform,qwen,161,3,2,True,ok,1,True,,False,AA,AA,semantic
qwen_after_uniform,after,uniform,qwen,161,4,2,True,ok,0,True,,False,AA,AA,semantic
qwen_after_uniform,after,uniform,qwen,162,0,1,False,ok,1,False,"exec_error: ValueError: Operands are not aligned. Do `left, right = left.align(right, axis=1)` before operating.",,FA,FA,exec_error
qwen_after_uniform,after,uniform,qwen,162,1,1,False,ok,1,False,"exec_error: ValueError: Operands are not aligned. Do `left, right = left.align(right, axis=1)` before operating.",,FA,FA,exec_error
qwen_after_uniform,after,uniform,qwen,162,2,1,False,ok,1,False,"exec_error: ValueError: Operands are not aligned. Do `left, right = left.align(right, axis=1)` before operating.",,FA,FA,exec_error
qwen_after_uniform,after,uniform,qwen,162,3,1,False,ok,0,False,"exec_error: ValueError: Operands are not aligned. Do `left, right = left.align(right, axis=1)` before operating.",,FA,AA,exec_error
qwen_after_uniform,after,uniform,qwen,162,4,1,False,ok,1,True,,False,FA,FA,semantic
qwen_after_uniform,after,uniform,qwen,163,0,2,False,ok,1,False,exec_error: IndexError: index 0 is out of bounds for axis 0 with size 0,,FA,AA,exec_error
qwen_after_uniform,after,uniform,qwen,163,1,2,False,ok,1,False,exec_error: ValueError: attempt to get argmax of an empty sequence,,FA,AA,exec_error
qwen_after_uniform,after,uniform,qwen,163,2,2,False,ok,1,True,,False,AA,AA,semantic
qwen_after_uniform,after,uniform,qwen,163,3,2,False,ok,1,False,"exec_error: KeyError: ""None of [Index(['A2', 'A3'], dtype='str')] are in the [columns]""",,FA,AA,exec_error
qwen_after_uniform,after,uniform,qwen,163,4,2,False,ok,1,False,exec_error: ValueError: attempt to get argmax of an empty sequence,,FA,AA,exec_error
qwen_after_uniform,after,uniform,qwen,164,0,3,True,ok,0,True,,False,AA,AA,semantic
qwen_after_uniform,after,uniform,qwen,164,1,3,True,ok,0,True,,False,AA,AA,semantic
qwen_after_uniform,after,uniform,qwen,164,2,3,True,ok,0,True,,False,AA,AA,semantic
qwen_after_uniform,after,uniform,qwen,164,3,3,True,ok,0,True,,False,AA,AA,semantic
qwen_after_uniform,after,uniform,qwen,164,4,3,True,ok,0,True,,False,AA,AA,semantic
qwen_after_uniform,after,uniform,qwen,165,0,2,False,ok,1,False,exec_error: KeyError: 'A1',,FA,AA,exec_error
qwen_after_uniform,after,uniform,qwen,165,1,2,False,ok,1,True,,False,AA,AA,semantic
qwen_after_uniform,after,uniform,qwen,165,2,2,False,ok,1,True,,False,AA,AA,semantic
qwen_after_uniform,after,uniform,qwen,165,3,2,False,ok,1,True,,False,AA,AA,semantic
qwen_after_uniform,after,uniform,qwen,165,4,2,False,ok,1,True,,False,AA,AA,semantic
qwen_after_uniform,after,uniform,qwen,166,0,1,False,ok,0,True,,True,AA,AA,success
qwen_after_uniform,after,uniform,qwen,166,1,1,False,ok,0,True,,True,AA,AA,success
qwen_after_uniform,after,uniform,qwen,166,2,1,False,ok,1,True,,True,SA,SA,success
qwen_after_uniform,after,uniform,qwen,166,3,1,False,ok,1,True,,True,SA,SA,success
qwen_after_uniform,after,uniform,qwen,166,4,1,False,ok,0,True,,True,AA,AA,success
qwen_after_uniform,after,uniform,qwen,167,0,1,True,ok,1,False,exec_error: AttributeError: Can only use .dt accessor with datetimelike values,,FA,FA,exec_error
qwen_after_uniform,after,uniform,qwen,167,1,1,True,ok,1,False,exec_error: KeyError: 'account_id',,FA,FA,exec_error
qwen_after_uniform,after,uniform,qwen,167,2,1,True,ok,1,True,,False,FA,FA,semantic
qwen_after_uniform,after,uniform,qwen,167,3,1,True,ok,1,False,exec_error: KeyError: 'type',,FA,FA,exec_error
qwen_after_uniform,after,uniform,qwen,167,4,1,True,ok,1,True,,False,FA,FA,semantic
qwen_after_uniform,after,uniform,qwen,168,0,1,False,ok,1,False,"exec_error: KeyError: ""['A1'] not in index""",,FA,FA,exec_error
qwen_after_uniform,after,uniform,qwen,168,1,1,False,ok,1,False,exec_error: KeyError: 'Column not found: salary',,FA,FA,exec_error
qwen_after_uniform,after,uniform,qwen,168,2,1,False,ok,1,False,exec_error: KeyError: 'A1',,FA,FA,exec_error
qwen_after_uniform,after,uniform,qwen,168,3,1,False,ok,1,False,exec_error: KeyError: 'Column not found: A1',,FA,FA,exec_error
qwen_after_uniform,after,uniform,qwen,168,4,1,False,ok,1,False,exec_error: KeyError: 'A1',,FA,FA,exec_error
qwen_after_uniform,after,uniform,qwen,169,0,3,True,ok,1,False,exec_error: KeyError: 'date',,FA,AA,exec_error
qwen_after_uniform,after,uniform,qwen,169,1,3,True,ok,1,False,exec_error: KeyError: 'date',,FA,AA,exec_error
qwen_after_uniform,after,uniform,qwen,169,2,3,True,ok,1,False,exec_error: KeyError: 'date',,FA,AA,exec_error
qwen_after_uniform,after,uniform,qwen,169,3,3,True,ok,1,False,exec_error: KeyError: 'date',,FA,AA,exec_error
qwen_after_uniform,after,uniform,qwen,169,4,3,True,ok,1,False,exec_error: KeyError: 'date',,FA,AA,exec_error
qwen_after_uniform,after,uniform,qwen,170,0,0,False,ok,0,True,,False,FA,FA,semantic
qwen_after_uniform,after,uniform,qwen,170,1,0,False,ok,0,False,"exec_error: AttributeError: Can only use .str accessor with string values, not datetime64",,FA,FA,exec_error
qwen_after_uniform,after,uniform,qwen,170,2,0,False,ok,0,False,"exec_error: AttributeError: Can only use .str accessor with string values, not datetime64",,FA,FA,exec_error
qwen_after_uniform,after,uniform,qwen,170,3,0,False,ok,0,True,,False,FA,FA,semantic
qwen_after_uniform,after,uniform,qwen,170,4,0,False,ok,0,True,,False,FA,FA,semantic
qwen_after_uniform,after,uniform,qwen,171,0,0,False,ok,0,False,exec_error: KeyError: 'A2',,FA,FA,exec_error
qwen_after_uniform,after,uniform,qwen,171,1,0,False,ok,1,True,,False,FA,FA,semantic
qwen_after_uniform,after,uniform,qwen,171,2,0,False,ok,1,False,exec_error: KeyError: 'date',,FA,FA,exec_error
qwen_after_uniform,after,uniform,qwen,171,3,0,False,ok,1,True,,False,FA,FA,semantic
qwen_after_uniform,after,uniform,qwen,171,4,0,False,ok,0,False,exec_error: TypeError: unsupported operand type(s) for -: 'str' and 'str',,FA,FA,exec_error
qwen_after_uniform,after,uniform,qwen,172,0,0,True,ok,0,True,,False,FA,FA,semantic
qwen_after_uniform,after,uniform,qwen,172,1,0,True,ok,1,True,,False,FA,FA,semantic
qwen_after_uniform,after,uniform,qwen,172,2,0,True,ok,1,True,,False,FA,FA,semantic
qwen_after_uniform,after,uniform,qwen,172,3,0,True,ok,0,True,,False,FA,FA,semantic
qwen_after_uniform,after,uniform,qwen,172,4,0,True,ok,0,True,,False,FA,FA,semantic
qwen_after_uniform,after,uniform,qwen,173,0,1,False,ok,1,True,,False,FA,FA,semantic
qwen_after_uniform,after,uniform,qwen,173,1,1,False,ok,1,False,exec_error: TypeError: dtype 'str' does not support operation 'mean',,FA,FA,exec_error
qwen_after_uniform,after,uniform,qwen,173,2,1,False,ok,0,True,,False,AA,AA,semantic
qwen_after_uniform,after,uniform,qwen,173,3,1,False,ok,0,True,,False,AA,AA,semantic
qwen_after_uniform,after,uniform,qwen,173,4,1,False,ok,1,True,,False,FA,FA,semantic
qwen_after_uniform,after,uniform,qwen,174,0,2,True,ok,1,True,,False,AA,AA,semantic
qwen_after_uniform,after,uniform,qwen,174,1,2,True,ok,1,True,,False,AA,AA,semantic
qwen_after_uniform,after,uniform,qwen,174,2,2,True,ok,1,True,,False,AA,AA,semantic
qwen_after_uniform,after,uniform,qwen,174,3,2,True,ok,1,False,"exec_error: ValueError: Operands are not aligned. Do `left, right = left.align(right, axis=1)` before operating.",,FA,AA,exec_error
qwen_after_uniform,after,uniform,qwen,174,4,2,True,ok,1,False,"exec_error: ValueError: Operands are not aligned. Do `left, right = left.align(right, axis=1)` before operating.",,FA,AA,exec_error
qwen_after_uniform,after,uniform,qwen,175,0,1,True,ok,1,True,,False,FA,FA,semantic
qwen_after_uniform,after,uniform,qwen,175,1,1,True,ok,0,True,,False,AA,AA,semantic
qwen_after_uniform,after,uniform,qwen,175,2,1,True,ok,1,True,,False,FA,FA,semantic
qwen_after_uniform,after,uniform,qwen,175,3,1,True,ok,1,True,,False,FA,FA,semantic
qwen_after_uniform,after,uniform,qwen,175,4,1,True,ok,1,True,,False,FA,FA,semantic
qwen_after_uniform,after,uniform,qwen,176,0,3,True,ok,1,False,exec_error: KeyError: 'amount',,FA,AA,exec_error
qwen_after_uniform,after,uniform,qwen,176,1,3,True,ok,2,False,exec_error: KeyError: 'Column not found: amount',,FA,AA,exec_error
qwen_after_uniform,after,uniform,qwen,176,2,3,True,ok,2,False,exec_error: KeyError: 'Column not found: amount',,FA,AA,exec_error
qwen_after_uniform,after,uniform,qwen,176,3,3,True,ok,1,True,,False,AA,AA,semantic
qwen_after_uniform,after,uniform,qwen,176,4,3,True,ok,1,False,exec_error: KeyError: 'amount',,FA,AA,exec_error
qwen_after_uniform,after,uniform,qwen,177,0,3,True,ok,1,False,exec_error: IndexError: single positional indexer is out-of-bounds,,FA,AA,exec_error
qwen_after_uniform,after,uniform,qwen,177,1,3,True,ok,1,False,exec_error: KeyError: 'Column not found: amount',,FA,AA,exec_error
qwen_after_uniform,after,uniform,qwen,177,2,3,True,ok,1,False,exec_error: KeyError: 'sum',,FA,AA,exec_error
qwen_after_uniform,after,uniform,qwen,177,3,3,True,ok,1,False,exec_error: IndexError: single positional indexer is out-of-bounds,,FA,AA,exec_error
qwen_after_uniform,after,uniform,qwen,177,4,3,True,ok,1,True,,False,AA,AA,semantic
qwen_after_uniform,after,uniform,qwen,178,0,2,True,ok,1,True,,False,AA,AA,semantic
qwen_after_uniform,after,uniform,qwen,178,1,2,True,ok,0,True,,False,AA,AA,semantic
qwen_after_uniform,after,uniform,qwen,178,2,2,True,ok,0,True,,False,AA,AA,semantic
qwen_after_uniform,after,uniform,qwen,178,3,2,True,ok,0,False,exec_error: KeyError: 'type',,FA,AA,exec_error
qwen_after_uniform,after,uniform,qwen,178,4,2,True,ok,1,True,,False,AA,AA,semantic
qwen_after_uniform,after,uniform,qwen,179,0,3,True,ok,1,False,"exec_error: ValueError: Operands are not aligned. Do `left, right = left.align(right, axis=1)` before operating.",,FA,AA,exec_error
qwen_after_uniform,after,uniform,qwen,179,1,3,True,ok,1,False,exec_error: KeyError: 'amount',,FA,AA,exec_error
qwen_after_uniform,after,uniform,qwen,179,2,3,True,ok,1,False,exec_error: KeyError: 'amount',,FA,AA,exec_error
qwen_after_uniform,after,uniform,qwen,179,3,3,True,ok,0,False,exec_error: KeyError: 617,,FA,AA,exec_error
qwen_after_uniform,after,uniform,qwen,179,4,3,True,ok,0,False,exec_error: KeyError: 'amount',,FA,AA,exec_error
qwen_after_uniform,after,uniform,qwen,180,0,2,True,ok,1,False,exec_error: KeyError: 'A1',,FA,AA,exec_error
qwen_after_uniform,after,uniform,qwen,180,1,2,True,ok,1,True,,False,AA,AA,semantic
qwen_after_uniform,after,uniform,qwen,180,2,2,True,ok,1,False,"exec_error: AttributeError: Can only use .str accessor with string values, not integer",,FA,AA,exec_error
qwen_after_uniform,after,uniform,qwen,180,3,2,True,ok,1,False,"exec_error: KeyError: ""['A1'] not in index""",,FA,AA,exec_error
qwen_after_uniform,after,uniform,qwen,180,4,2,True,ok,1,True,,False,AA,AA,semantic
qwen_after_uniform,after,uniform,qwen,181,0,2,True,ok,1,True,,False,AA,AA,semantic
qwen_after_uniform,after,uniform,qwen,181,1,2,True,ok,1,False,exec_error: KeyError: 'Column not found: amount',,FA,AA,exec_error
qwen_after_uniform,after,uniform,qwen,181,2,2,True,ok,1,True,,False,AA,AA,semantic
qwen_after_uniform,after,uniform,qwen,181,3,2,True,ok,1,True,,False,AA,AA,semantic
qwen_after_uniform,after,uniform,qwen,181,4,2,True,ok,1,True,,False,AA,AA,semantic
qwen_after_uniform,after,uniform,qwen,182,0,3,True,ok,2,False,exec_error: FileNotFoundError: [Errno 2] No such file or directory: 'path_to_customer_table.csv',,FA,AA,exec_error
qwen_after_uniform,after,uniform,qwen,182,1,3,True,ok,1,False,exec_error: KeyError: 'date',,FA,AA,exec_error
qwen_after_uniform,after,uniform,qwen,182,2,3,True,ok,1,False,exec_error: KeyError: 'date',,FA,AA,exec_error
qwen_after_uniform,after,uniform,qwen,182,3,3,True,ok,1,False,exec_error: KeyError: 'type',,FA,AA,exec_error
qwen_after_uniform,after,uniform,qwen,182,4,3,True,ok,2,False,exec_error: KeyError: 'date',,FA,AA,exec_error
qwen_after_uniform,after,uniform,qwen,183,0,1,False,ok,0,True,,True,AA,AA,success
qwen_after_uniform,after,uniform,qwen,183,1,1,False,ok,1,True,,True,SA,SA,success
qwen_after_uniform,after,uniform,qwen,183,2,1,False,ok,1,True,,True,SA,SA,success
qwen_after_uniform,after,uniform,qwen,183,3,1,False,ok,1,True,,False,FA,FA,semantic
qwen_after_uniform,after,uniform,qwen,183,4,1,False,ok,1,True,,True,SA,SA,success
qwen_after_uniform,after,uniform,qwen,184,0,2,True,ok,1,True,,False,AA,AA,semantic
qwen_after_uniform,after,uniform,qwen,184,1,2,True,ok,1,True,,False,AA,AA,semantic
qwen_after_uniform,after,uniform,qwen,184,2,2,True,ok,1,True,,False,AA,AA,semantic
qwen_after_uniform,after,uniform,qwen,184,3,2,True,ok,1,True,,False,AA,AA,semantic
qwen_after_uniform,after,uniform,qwen,184,4,2,True,ok,1,True,,False,AA,AA,semantic
qwen_after_uniform,after,uniform,qwen,185,0,1,False,ok,1,False,exec_error: KeyError: 'client_id',,FA,FA,exec_error
qwen_after_uniform,after,uniform,qwen,185,1,1,False,ok,1,False,exec_error: KeyError: 'Female',,FA,FA,exec_error
qwen_after_uniform,after,uniform,qwen,185,2,1,False,ok,0,False,exec_error: KeyError: 'birth_date',,FA,AA,exec_error
qwen_after_uniform,after,uniform,qwen,185,3,1,False,ok,1,True,,False,FA,FA,semantic
qwen_after_uniform,after,uniform,qwen,185,4,1,False,ok,1,False,exec_error: KeyError: 'client_id',,FA,FA,exec_error
qwen_after_uniform,after,uniform,qwen,186,0,2,True,ok,1,True,,False,AA,AA,semantic
qwen_after_uniform,after,uniform,qwen,186,1,2,True,ok,1,False,exec_error: KeyError: 'client_id',,FA,AA,exec_error
qwen_after_uniform,after,uniform,qwen,186,2,2,True,ok,0,True,,False,AA,AA,semantic
qwen_after_uniform,after,uniform,qwen,186,3,2,True,ok,1,False,exec_error: KeyError: 'client_id',,FA,AA,exec_error
qwen_after_uniform,after,uniform,qwen,186,4,2,True,ok,0,False,exec_error: KeyError: 'A2',,FA,AA,exec_error
qwen_after_uniform,after,uniform,qwen,187,0,1,True,ok,1,True,,False,FA,FA,semantic
qwen_after_uniform,after,uniform,qwen,187,1,1,True,ok,1,True,,False,FA,FA,semantic
qwen_after_uniform,after,uniform,qwen,187,2,1,True,ok,1,True,,False,FA,FA,semantic
qwen_after_uniform,after,uniform,qwen,187,3,1,True,ok,1,True,,False,FA,FA,semantic
qwen_after_uniform,after,uniform,qwen,187,4,1,True,ok,1,True,,False,FA,FA,semantic
qwen_after_uniform,after,uniform,qwen,188,0,1,False,ok,2,True,,False,FA,FA,semantic
qwen_after_uniform,after,uniform,qwen,188,1,1,False,ok,2,True,,False,FA,FA,semantic
qwen_after_uniform,after,uniform,qwen,188,2,1,False,ok,2,False,"exec_error: KeyError: ""['district_id_x', 'frequency_x'] not in index""",,FA,FA,exec_error
qwen_after_uniform,after,uniform,qwen,188,3,1,False,ok,2,False,exec_error: KeyError: 'date',,FA,FA,exec_error
qwen_after_uniform,after,uniform,qwen,188,4,1,False,ok,2,False,"exec_error: KeyError: ""['status_x', 'duration_x', 'payments_x'] not in index""",,FA,FA,exec_error
qwen_after_uniform,after,uniform,qwen,189,0,2,True,ok,2,False,exec_error: TypeError: dtype 'str' does not support operation 'mean',,FA,FA,exec_error
qwen_after_uniform,after,uniform,qwen,189,1,2,True,ok,1,False,exec_error: KeyError: 'client_id',,FA,AA,exec_error
qwen_after_uniform,after,uniform,qwen,189,2,2,True,ok,1,False,exec_error: AttributeError: 'Series' object has no attribute 'days',,FA,AA,exec_error
qwen_after_uniform,after,uniform,qwen,189,3,2,True,ok,2,False,exec_error: TypeError: dtype 'str' does not support operation 'mean',,FA,FA,exec_error
qwen_after_uniform,after,uniform,qwen,189,4,2,True,ok,1,False,exec_error: KeyError: 'A1',,FA,AA,exec_error
qwen_after_uniform,after,uniform,qwen,190,0,1,False,ok,1,True,,False,FA,FA,semantic
qwen_after_uniform,after,uniform,qwen,190,1,1,False,ok,0,True,,False,AA,AA,semantic
qwen_after_uniform,after,uniform,qwen,190,2,1,False,ok,1,False,"exec_error: KeyError: ""['A1'] not in index""",,FA,FA,exec_error
qwen_after_uniform,after,uniform,qwen,190,3,1,False,ok,1,True,,True,SA,SA,success
qwen_after_uniform,after,uniform,qwen,190,4,1,False,ok,1,True,,False,FA,FA,semantic
qwen_after_uniform,after,uniform,qwen,191,0,1,False,ok,1,True,,False,FA,FA,semantic
qwen_after_uniform,after,uniform,qwen,191,1,1,False,ok,1,True,,False,FA,FA,semantic
qwen_after_uniform,after,uniform,qwen,191,2,1,False,ok,1,True,,False,FA,FA,semantic
qwen_after_uniform,after,uniform,qwen,191,3,1,False,ok,1,True,,False,FA,FA,semantic
qwen_after_uniform,after,uniform,qwen,191,4,1,False,ok,0,True,,False,AA,AA,semantic
qwen_after_uniform,after,uniform,qwen,192,0,1,False,ok,1,False,exec_error: KeyError: 'date',,FA,FA,exec_error
qwen_after_uniform,after,uniform,qwen,192,1,1,False,ok,1,False,exec_error: KeyError: 'date',,FA,FA,exec_error
qwen_after_uniform,after,uniform,qwen,192,2,1,False,ok,1,False,exec_error: KeyError: 'date',,FA,FA,exec_error
qwen_after_uniform,after,uniform,qwen,192,3,1,False,ok,1,False,exec_error: KeyError: 'date',,FA,FA,exec_error
qwen_after_uniform,after,uniform,qwen,192,4,1,False,ok,1,True,,False,FA,FA,semantic
qwen_after_uniform,after,uniform,qwen,193,0,2,True,ok,1,True,,False,AA,AA,semantic
qwen_after_uniform,after,uniform,qwen,193,1,2,True,ok,1,True,,False,AA,AA,semantic
qwen_after_uniform,after,uniform,qwen,193,2,2,True,ok,0,False,exec_error: KeyError: 'right_to_issue_perm_orders',,FA,AA,exec_error
qwen_after_uniform,after,uniform,qwen,193,3,2,True,ok,1,False,exec_error: KeyError: 'A1',,FA,AA,exec_error
qwen_after_uniform,after,uniform,qwen,193,4,2,True,ok,0,False,exec_error: KeyError: 'A1',,FA,AA,exec_error
qwen_after_uniform,after,uniform,qwen,194,0,2,True,ok,1,False,exec_error: KeyError: 'type',,FA,AA,exec_error
qwen_after_uniform,after,uniform,qwen,194,1,2,True,ok,1,False,"exec_error: KeyError: ""['age'] not in index""",,FA,AA,exec_error
qwen_after_uniform,after,uniform,qwen,194,2,2,True,ok,1,False,"exec_error: KeyError: ""['age'] not in index""",,FA,AA,exec_error
qwen_after_uniform,after,uniform,qwen,194,3,2,True,ok,2,False,"exec_error: KeyError: ""None of [Index(['id', 'age'], dtype='str')] are in the [columns]""",,FA,FA,exec_error
qwen_after_uniform,after,uniform,qwen,194,4,2,True,ok,1,False,exec_error: KeyError: 'type',,FA,AA,exec_error
qwen_after_adaptive,after,adaptive,qwen,89,0,1,False,ok,1,False,exec_error: KeyError: 'A1',,FA,FA,exec_error
qwen_after_adaptive,after,adaptive,qwen,89,1,1,False,ok,1,False,exec_error: KeyError: 'A1',,FA,FA,exec_error
qwen_after_adaptive,after,adaptive,qwen,89,2,1,False,ok,1,False,exec_error: TypeError: Invalid comparison between dtype=datetime64[us] and int,,FA,FA,exec_error
qwen_after_adaptive,after,adaptive,qwen,89,3,1,False,ok,1,True,,False,FA,FA,semantic
qwen_after_adaptive,after,adaptive,qwen,89,4,1,False,ok,0,False,exec_error: KeyError: 'A1',,FA,AA,exec_error
qwen_after_adaptive,after,adaptive,qwen,90,0,2,False,ok,2,False,exec_error: KeyError: 'A1',,FA,FA,exec_error
qwen_after_adaptive,after,adaptive,qwen,90,1,2,False,ok,2,False,exec_error: KeyError: 'A1',,FA,FA,exec_error
qwen_after_adaptive,after,adaptive,qwen,90,2,2,False,ok,2,True,,False,FA,FA,semantic
qwen_after_adaptive,after,adaptive,qwen,90,3,2,False,ok,2,False,exec_error: KeyError: 'A1',,FA,FA,exec_error
qwen_after_adaptive,after,adaptive,qwen,90,4,2,False,ok,2,False,exec_error: KeyError: 'A1',,FA,FA,exec_error
qwen_after_adaptive,after,adaptive,qwen,91,0,0,False,ok,0,False,exec_error: KeyError: 'year',,FA,FA,exec_error
qwen_after_adaptive,after,adaptive,qwen,91,1,0,False,ok,0,True,,False,FA,FA,semantic
qwen_after_adaptive,after,adaptive,qwen,91,2,0,False,ok,0,False,exec_error: NameError: name 'loan_data' is not defined,,FA,FA,exec_error
qwen_after_adaptive,after,adaptive,qwen,91,3,0,False,ok,0,False,exec_error: KeyError: 'A1',,FA,FA,exec_error
qwen_after_adaptive,after,adaptive,qwen,91,4,0,False,ok,0,False,exec_error: KeyError: 'A1',,FA,FA,exec_error
qwen_after_adaptive,after,adaptive,qwen,92,0,1,False,ok,1,False,"exec_error: TypeError: can only concatenate str (not ""int"") to str",,FA,FA,exec_error
qwen_after_adaptive,after,adaptive,qwen,92,1,1,False,ok,1,False,exec_error: TypeError: dtype 'str' does not support operation 'mean',,FA,FA,exec_error
qwen_after_adaptive,after,adaptive,qwen,92,2,1,False,ok,1,False,exec_error: TypeError: Invalid comparison between dtype=datetime64[us] and int,,FA,FA,exec_error
qwen_after_adaptive,after,adaptive,qwen,92,3,1,False,ok,1,False,exec_error: KeyError: 'Column not found: A1',,FA,FA,exec_error
qwen_after_adaptive,after,adaptive,qwen,92,4,1,False,ok,1,False,exec_error: KeyError: 'Column not found: A1',,FA,FA,exec_error
qwen_after_adaptive,after,adaptive,qwen,93,0,1,False,ok,1,False,exec_error: KeyError: 'A1',,FA,FA,exec_error
qwen_after_adaptive,after,adaptive,qwen,93,1,1,False,ok,1,False,exec_error: KeyError: 'A1',,FA,FA,exec_error
qwen_after_adaptive,after,adaptive,qwen,93,2,1,False,ok,1,True,,False,FA,FA,semantic
qwen_after_adaptive,after,adaptive,qwen,93,3,1,False,ok,1,True,,False,FA,FA,semantic
qwen_after_adaptive,after,adaptive,qwen,93,4,1,False,ok,1,False,exec_error: KeyError: 'A1',,FA,FA,exec_error
qwen_after_adaptive,after,adaptive,qwen,94,0,3,True,ok,3,False,exec_error: KeyError: 'Column not found: salary',,FA,FA,exec_error
qwen_after_adaptive,after,adaptive,qwen,94,1,3,True,ok,3,False,exec_error: KeyError: 'Column not found: salary',,FA,FA,exec_error
qwen_after_adaptive,after,adaptive,qwen,94,2,3,True,ok,2,False,exec_error: KeyError: 'Column not found: A1',,FA,AA,exec_error
qwen_after_adaptive,after,adaptive,qwen,94,3,3,True,ok,2,False,exec_error: AttributeError: 'Series' object has no attribute 'days',,FA,AA,exec_error
qwen_after_adaptive,after,adaptive,qwen,94,4,3,True,ok,3,False,exec_error: KeyError: 'Column not found: A1',,FA,FA,exec_error
qwen_after_adaptive,after,adaptive,qwen,95,0,3,True,ok,2,False,exec_error: KeyError: 'client_id',,FA,AA,exec_error
qwen_after_adaptive,after,adaptive,qwen,95,1,3,True,ok,3,False,exec_error: KeyError: 'Column not found: A1',,FA,FA,exec_error
qwen_after_adaptive,after,adaptive,qwen,95,2,3,True,ok,3,False,exec_error: AttributeError: 'Series' object has no attribute 'days',,FA,FA,exec_error
qwen_after_adaptive,after,adaptive,qwen,95,3,3,True,ok,3,False,"exec_error: ValueError: Cannot convert from timedelta64[us] to timedelta64[Y]. Supported resolutions are 's', 'ms', 'us', 'ns'",,FA,FA,exec_error
qwen_after_adaptive,after,adaptive,qwen,95,4,3,True,ok,1,False,exec_error: AttributeError: 'Series' object has no attribute 'days',,FA,AA,exec_error
qwen_after_adaptive,after,adaptive,qwen,96,0,1,True,ok,1,True,,False,FA,FA,semantic
qwen_after_adaptive,after,adaptive,qwen,96,1,1,True,ok,1,True,,False,FA,FA,semantic
qwen_after_adaptive,after,adaptive,qwen,96,2,1,True,ok,1,True,,False,FA,FA,semantic
qwen_after_adaptive,after,adaptive,qwen,96,3,1,True,ok,1,True,,False,FA,FA,semantic
qwen_after_adaptive,after,adaptive,qwen,96,4,1,True,ok,1,True,,False,FA,FA,semantic
qwen_after_adaptive,after,adaptive,qwen,97,0,1,True,ok,1,True,,False,FA,FA,semantic
qwen_after_adaptive,after,adaptive,qwen,97,1,1,True,ok,1,True,,False,FA,FA,semantic
qwen_after_adaptive,after,adaptive,qwen,97,2,1,True,ok,1,True,,False,FA,FA,semantic
qwen_after_adaptive,after,adaptive,qwen,97,3,1,True,ok,1,True,,False,FA,FA,semantic
qwen_after_adaptive,after,adaptive,qwen,97,4,1,True,ok,1,True,,False,FA,FA,semantic
qwen_after_adaptive,after,adaptive,qwen,98,0,1,False,ok,2,False,"exec_error: AttributeError: Can only use .str accessor with string values, not datetime64",,FA,FA,exec_error
qwen_after_adaptive,after,adaptive,qwen,98,1,1,False,ok,1,True,,False,FA,FA,semantic
qwen_after_adaptive,after,adaptive,qwen,98,2,1,False,ok,2,True,,False,FA,FA,semantic
qwen_after_adaptive,after,adaptive,qwen,98,3,1,False,ok,2,False,"exec_error: KeyError: ""['frequency', 'date_x', 'amount_x', 'duration_x', 'payments_x', 'status_x'] not in index""",,FA,FA,exec_error
qwen_after_adaptive,after,adaptive,qwen,98,4,1,False,ok,1,False,"exec_error: KeyError: ""['date'] not in index""",,FA,FA,exec_error
qwen_after_adaptive,after,adaptive,qwen,99,0,1,False,ok,1,False,exec_error: KeyError: 'date',,FA,FA,exec_error
qwen_after_adaptive,after,adaptive,qwen,99,1,1,False,ok,1,False,exec_error: KeyError: 'date',,FA,FA,exec_error
qwen_after_adaptive,after,adaptive,qwen,99,2,1,False,ok,2,False,exec_error: ValueError: len(right_on) must equal len(left_on),,FA,FA,exec_error
qwen_after_adaptive,after,adaptive,qwen,99,3,1,False,ok,2,False,exec_error: KeyError: 'date',,FA,FA,exec_error
qwen_after_adaptive,after,adaptive,qwen,99,4,1,False,ok,1,False,exec_error: KeyError: 'date',,FA,FA,exec_error
qwen_after_adaptive,after,adaptive,qwen,100,0,1,False,ok,0,False,exec_error: KeyError: '[77] not in index',,FA,AA,exec_error
qwen_after_adaptive,after,adaptive,qwen,100,1,1,False,ok,1,True,,False,FA,FA,semantic
qwen_after_adaptive,after,adaptive,qwen,100,2,1,False,ok,1,False,"exec_error: AttributeError: Can only use .str accessor with string values, not datetime64",,FA,FA,exec_error
qwen_after_adaptive,after,adaptive,qwen,100,3,1,False,ok,1,True,,False,FA,FA,semantic
qwen_after_adaptive,after,adaptive,qwen,100,4,1,False,ok,1,True,,False,FA,FA,semantic
qwen_after_adaptive,after,adaptive,qwen,101,0,0,False,ok,0,True,,False,FA,FA,semantic
qwen_after_adaptive,after,adaptive,qwen,101,1,0,False,ok,0,False,"exec_error: AttributeError: Can only use .str accessor with string values, not datetime64",,FA,FA,exec_error
qwen_after_adaptive,after,adaptive,qwen,101,2,0,False,ok,1,True,,False,FA,FA,semantic
qwen_after_adaptive,after,adaptive,qwen,101,3,0,False,ok,0,True,,False,FA,FA,semantic
qwen_after_adaptive,after,adaptive,qwen,101,4,0,False,ok,0,True,,False,FA,FA,semantic
qwen_after_adaptive,after,adaptive,qwen,102,0,1,False,ok,1,True,,False,FA,FA,semantic
qwen_after_adaptive,after,adaptive,qwen,102,1,1,False,ok,1,True,,False,FA,FA,semantic
qwen_after_adaptive,after,adaptive,qwen,102,2,1,False,ok,1,False,"exec_error: AttributeError: Can only use .str accessor with string values, not datetime64",,FA,FA,exec_error
qwen_after_adaptive,after,adaptive,qwen,102,3,1,False,ok,1,False,exec_error: KeyError: 'date',,FA,FA,exec_error
qwen_after_adaptive,after,adaptive,qwen,102,4,1,False,ok,1,True,,False,FA,FA,semantic
qwen_after_adaptive,after,adaptive,qwen,103,0,2,True,ok,1,True,,True,AA,AA,success
qwen_after_adaptive,after,adaptive,qwen,103,1,2,True,ok,1,False,exec_error: KeyError: 'disp_id',,FA,AA,exec_error
qwen_after_adaptive,after,adaptive,qwen,103,2,2,True,ok,1,False,exec_error: KeyError: 'disp_id',,FA,AA,exec_error
qwen_after_adaptive,after,adaptive,qwen,103,3,2,True,ok,1,False,exec_error: KeyError: 'disp_id',,FA,AA,exec_error
qwen_after_adaptive,after,adaptive,qwen,103,4,2,True,ok,1,False,exec_error: KeyError: 'disp_id',,FA,AA,exec_error
qwen_after_adaptive,after,adaptive,qwen,104,0,1,False,ok,1,False,exec_error: KeyError: 'date',,FA,FA,exec_error
qwen_after_adaptive,after,adaptive,qwen,104,1,1,False,ok,1,True,,False,FA,FA,semantic
qwen_after_adaptive,after,adaptive,qwen,104,2,1,False,ok,1,False,exec_error: KeyError: 'date',,FA,FA,exec_error
qwen_after_adaptive,after,adaptive,qwen,104,3,1,False,ok,1,True,,False,FA,FA,semantic
qwen_after_adaptive,after,adaptive,qwen,104,4,1,False,ok,1,False,"exec_error: ValueError: Operands are not aligned. Do `left, right = left.align(right, axis=1)` before operating.",,FA,FA,exec_error
qwen_after_adaptive,after,adaptive,qwen,105,0,1,False,ok,1,False,"exec_error: KeyError: ""None of [Index(['district_id_y'], dtype='str')] are in the [columns]""",,FA,FA,exec_error
qwen_after_adaptive,after,adaptive,qwen,105,1,1,False,ok,1,True,,False,FA,FA,semantic
qwen_after_adaptive,after,adaptive,qwen,105,2,1,False,ok,1,True,,False,FA,FA,semantic
qwen_after_adaptive,after,adaptive,qwen,105,3,1,False,ok,1,False,exec_error: KeyError: 'date',,FA,FA,exec_error
qwen_after_adaptive,after,adaptive,qwen,105,4,1,False,ok,1,False,"exec_error: KeyError: ""None of [Index(['district_id_x'], dtype='str')] are in the [columns]""",,FA,FA,exec_error
qwen_after_adaptive,after,adaptive,qwen,106,0,3,True,ok,2,False,exec_error: AttributeError: Can only use .dt accessor with datetimelike values,,FA,AA,exec_error
qwen_after_adaptive,after,adaptive,qwen,106,1,3,True,ok,2,False,exec_error: AttributeError: Can only use .dt accessor with datetimelike values,,FA,AA,exec_error
qwen_after_adaptive,after,adaptive,qwen,106,2,3,True,ok,3,True,,False,FA,FA,semantic
qwen_after_adaptive,after,adaptive,qwen,106,3,3,True,ok,2,True,,True,AA,AA,success
qwen_after_adaptive,after,adaptive,qwen,106,4,3,True,ok,4,False,exec_error: KeyError: 'account_id',,FA,FA,exec_error
qwen_after_adaptive,after,adaptive,qwen,107,0,1,False,ok,1,False,exec_error: KeyError: 'A1',,FA,FA,exec_error
qwen_after_adaptive,after,adaptive,qwen,107,1,1,False,ok,2,False,exec_error: AttributeError: 'Series' object has no attribute 'days',,FA,FA,exec_error
qwen_after_adaptive,after,adaptive,qwen,107,2,1,False,ok,1,False,exec_error: KeyError: 'Column not found: A1',,FA,FA,exec_error
qwen_after_adaptive,after,adaptive,qwen,107,3,1,False,ok,1,False,exec_error: KeyError: 'A16_x',,FA,FA,exec_error
qwen_after_adaptive,after,adaptive,qwen,107,4,1,False,ok,2,False,exec_error: KeyError: 'Column not found: salary',,FA,FA,exec_error
qwen_after_adaptive,after,adaptive,qwen,108,0,2,False,ok,2,True,,False,FA,FA,semantic
qwen_after_adaptive,after,adaptive,qwen,108,1,2,False,ok,1,False,exec_error: KeyError: 'client_id',,FA,AA,exec_error
qwen_after_adaptive,after,adaptive,qwen,108,2,2,False,ok,1,True,,True,AA,AA,success
qwen_after_adaptive,after,adaptive,qwen,108,3,2,False,ok,1,True,,False,AA,AA,semantic
qwen_after_adaptive,after,adaptive,qwen,108,4,2,False,ok,2,False,exec_error: KeyError: 'date_x',,FA,FA,exec_error
qwen_after_adaptive,after,adaptive,qwen,109,0,1,False,ok,1,False,exec_error: KeyError: 'A1',,FA,FA,exec_error
qwen_after_adaptive,after,adaptive,qwen,109,1,1,False,ok,1,False,exec_error: KeyError: 'A1',,FA,FA,exec_error
qwen_after_adaptive,after,adaptive,qwen,109,2,1,False,ok,1,True,,False,FA,FA,semantic
qwen_after_adaptive,after,adaptive,qwen,109,3,1,False,ok,1,False,exec_error: KeyError: 'A1',,FA,FA,exec_error
qwen_after_adaptive,after,adaptive,qwen,109,4,1,False,ok,1,False,exec_error: KeyError: 'A1',,FA,FA,exec_error
qwen_after_adaptive,after,adaptive,qwen,110,0,2,True,ok,1,True,,False,AA,AA,semantic
qwen_after_adaptive,after,adaptive,qwen,110,1,2,True,ok,1,True,,False,AA,AA,semantic
qwen_after_adaptive,after,adaptive,qwen,110,2,2,True,ok,2,True,,False,FA,FA,semantic
qwen_after_adaptive,after,adaptive,qwen,110,3,2,True,ok,2,False,exec_error: KeyError: 'trans',,FA,FA,exec_error
qwen_after_adaptive,after,adaptive,qwen,110,4,2,True,ok,1,True,,False,AA,AA,semantic
qwen_after_adaptive,after,adaptive,qwen,111,0,1,False,ok,1,True,,True,SA,SA,success
qwen_after_adaptive,after,adaptive,qwen,111,1,1,False,ok,0,True,,False,AA,AA,semantic
qwen_after_adaptive,after,adaptive,qwen,111,2,1,False,ok,1,True,,True,SA,SA,success
qwen_after_adaptive,after,adaptive,qwen,111,3,1,False,ok,1,False,exec_error: IndexingError: Unalignable boolean Series provided as indexer (index of the boolean Series and of the indexed object do not match).,,FA,FA,exec_error
qwen_after_adaptive,after,adaptive,qwen,111,4,1,False,ok,1,True,,False,FA,FA,semantic
qwen_after_adaptive,after,adaptive,qwen,112,0,1,False,ok,1,True,,False,FA,FA,semantic
qwen_after_adaptive,after,adaptive,qwen,112,1,1,False,ok,1,True,,False,FA,FA,semantic
qwen_after_adaptive,after,adaptive,qwen,112,2,1,False,ok,1,True,,False,FA,FA,semantic
qwen_after_adaptive,after,adaptive,qwen,112,3,1,False,ok,1,True,,False,FA,FA,semantic
qwen_after_adaptive,after,adaptive,qwen,112,4,1,False,ok,1,True,,False,FA,FA,semantic
qwen_after_adaptive,after,adaptive,qwen,113,0,3,True,ok,2,False,exec_error: KeyError: 'date',,FA,AA,exec_error
qwen_after_adaptive,after,adaptive,qwen,113,1,3,True,ok,2,False,exec_error: KeyError: 'date',,FA,AA,exec_error
qwen_after_adaptive,after,adaptive,qwen,113,2,3,True,ok,2,False,exec_error: KeyError: 'date',,FA,AA,exec_error
qwen_after_adaptive,after,adaptive,qwen,113,3,3,True,ok,1,True,,False,AA,AA,semantic
qwen_after_adaptive,after,adaptive,qwen,113,4,3,True,ok,3,False,exec_error: KeyError: 'date',,FA,FA,exec_error
qwen_after_adaptive,after,adaptive,qwen,114,0,1,False,ok,0,True,,False,AA,AA,semantic
qwen_after_adaptive,after,adaptive,qwen,114,1,1,False,ok,1,False,exec_error: KeyError: 'account',,FA,FA,exec_error
qwen_after_adaptive,after,adaptive,qwen,114,2,1,False,ok,1,False,exec_error: KeyError: 'A1',,FA,FA,exec_error
qwen_after_adaptive,after,adaptive,qwen,114,3,1,False,ok,1,True,,True,SA,SA,success
qwen_after_adaptive,after,adaptive,qwen,114,4,1,False,ok,0,False,exec_error: KeyError: 'A3',,FA,AA,exec_error
qwen_after_adaptive,after,adaptive,qwen,115,0,1,False,ok,1,False,exec_error: KeyError: 'A1',,FA,FA,exec_error
qwen_after_adaptive,after,adaptive,qwen,115,1,1,False,ok,1,True,,False,FA,FA,semantic
qwen_after_adaptive,after,adaptive,qwen,115,2,1,False,ok,1,False,"exec_error: AttributeError: Can only use .str accessor with string values, not integer",,FA,FA,exec_error
qwen_after_adaptive,after,adaptive,qwen,115,3,1,False,ok,1,False,exec_error: KeyError: 'A1',,FA,FA,exec_error
qwen_after_adaptive,after,adaptive,qwen,115,4,1,False,ok,1,True,,False,FA,FA,semantic
qwen_after_adaptive,after,adaptive,qwen,116,0,2,False,ok,2,False,exec_error: KeyError: 'date',,FA,FA,exec_error
qwen_after_adaptive,after,adaptive,qwen,116,1,2,False,ok,1,True,,False,AA,AA,semantic
qwen_after_adaptive,after,adaptive,qwen,116,2,2,False,ok,2,False,exec_error: KeyError: 'client_id',,FA,FA,exec_error
qwen_after_adaptive,after,adaptive,qwen,116,3,2,False,ok,2,False,exec_error: KeyError: 'date',,FA,FA,exec_error
qwen_after_adaptive,after,adaptive,qwen,116,4,2,False,ok,2,False,exec_error: UnboundLocalError: cannot access local variable 'filtered_transactions' where it is not associated with a value,,FA,FA,exec_error
qwen_after_adaptive,after,adaptive,qwen,117,0,0,False,ok,0,True,,False,FA,FA,semantic
qwen_after_adaptive,after,adaptive,qwen,117,1,0,False,ok,0,True,,False,FA,FA,semantic
qwen_after_adaptive,after,adaptive,qwen,117,2,0,False,ok,0,True,,False,FA,FA,semantic
qwen_after_adaptive,after,adaptive,qwen,117,3,0,False,ok,0,True,,False,FA,FA,semantic
qwen_after_adaptive,after,adaptive,qwen,117,4,0,False,ok,0,True,,False,FA,FA,semantic
qwen_after_adaptive,after,adaptive,qwen,118,0,0,False,ok,0,False,exec_error: KeyError: 'amount',,FA,FA,exec_error
qwen_after_adaptive,after,adaptive,qwen,118,1,0,False,ok,0,True,,False,FA,FA,semantic
qwen_after_adaptive,after,adaptive,qwen,118,2,0,False,ok,0,True,,False,FA,FA,semantic
qwen_after_adaptive,after,adaptive,qwen,118,3,0,False,ok,0,True,,False,FA,FA,semantic
qwen_after_adaptive,after,adaptive,qwen,118,4,0,False,ok,0,True,,False,FA,FA,semantic
qwen_after_adaptive,after,adaptive,qwen,119,0,1,False,ok,1,False,exec_error: TypeError: '<' not supported between instances of 'str' and 'int',,FA,FA,exec_error
qwen_after_adaptive,after,adaptive,qwen,119,1,1,False,ok,1,True,,False,FA,FA,semantic
qwen_after_adaptive,after,adaptive,qwen,119,2,1,False,ok,1,False,exec_error: TypeError: '<' not supported between instances of 'Timestamp' and 'str',,FA,FA,exec_error
qwen_after_adaptive,after,adaptive,qwen,119,3,1,False,ok,1,False,"exec_error: KeyError: ""['A1'] not in index""",,FA,FA,exec_error
qwen_after_adaptive,after,adaptive,qwen,119,4,1,False,ok,1,False,exec_error: KeyError: 'statement_date',,FA,FA,exec_error
qwen_after_adaptive,after,adaptive,qwen,120,0,1,False,ok,1,True,,False,FA,FA,semantic
qwen_after_adaptive,after,adaptive,qwen,120,1,1,False,ok,1,True,,False,FA,FA,semantic
qwen_after_adaptive,after,adaptive,qwen,120,2,1,False,ok,1,False,exec_error: KeyError: 'A1',,FA,FA,exec_error
qwen_after_adaptive,after,adaptive,qwen,120,3,1,False,ok,1,True,,False,FA,FA,semantic
qwen_after_adaptive,after,adaptive,qwen,120,4,1,False,ok,1,True,,False,FA,FA,semantic
qwen_after_adaptive,after,adaptive,qwen,121,0,1,False,ok,0,True,,True,AA,AA,success
qwen_after_adaptive,after,adaptive,qwen,121,1,1,False,ok,1,True,,True,SA,SA,success
qwen_after_adaptive,after,adaptive,qwen,121,2,1,False,ok,1,True,,False,FA,FA,semantic
qwen_after_adaptive,after,adaptive,qwen,121,3,1,False,ok,1,True,,True,SA,SA,success
qwen_after_adaptive,after,adaptive,qwen,121,4,1,False,ok,1,True,,True,SA,SA,success
qwen_after_adaptive,after,adaptive,qwen,122,0,2,False,ok,2,True,,True,SA,SA,success
qwen_after_adaptive,after,adaptive,qwen,122,1,2,False,ok,2,True,,True,SA,SA,success
qwen_after_adaptive,after,adaptive,qwen,122,2,2,False,ok,2,True,,True,SA,SA,success
qwen_after_adaptive,after,adaptive,qwen,122,3,2,False,ok,2,False,"exec_error: KeyError: ""['A1'] not in index""",,FA,FA,exec_error
qwen_after_adaptive,after,adaptive,qwen,122,4,2,False,ok,2,False,"exec_error: KeyError: ""['A1'] not in index""",,FA,FA,exec_error
qwen_after_adaptive,after,adaptive,qwen,123,0,2,False,ok,3,False,"exec_error: KeyError: ""['A1'] not in index""",,FA,FA,exec_error
qwen_after_adaptive,after,adaptive,qwen,123,1,2,False,ok,2,False,"exec_error: KeyError: ""['A1'] not in index""",,FA,FA,exec_error
qwen_after_adaptive,after,adaptive,qwen,123,2,2,False,ok,2,False,"exec_error: KeyError: ""['A1'] not in index""",,FA,FA,exec_error
qwen_after_adaptive,after,adaptive,qwen,123,3,2,False,ok,1,True,,False,AA,AA,semantic
qwen_after_adaptive,after,adaptive,qwen,123,4,2,False,ok,2,True,,True,SA,SA,success
qwen_after_adaptive,after,adaptive,qwen,124,0,2,False,ok,3,False,exec_error: KeyError: 'Column not found: A1',,FA,FA,exec_error
qwen_after_adaptive,after,adaptive,qwen,124,1,2,False,ok,2,False,exec_error: KeyError: 'Column not found: A1',,FA,FA,exec_error
qwen_after_adaptive,after,adaptive,qwen,124,2,2,False,ok,3,False,exec_error: KeyError: 'Column not found: A1',,FA,FA,exec_error
qwen_after_adaptive,after,adaptive,qwen,124,3,2,False,ok,2,False,exec_error: TypeError: dtype 'str' does not support operation 'mean',,FA,FA,exec_error
qwen_after_adaptive,after,adaptive,qwen,124,4,2,False,ok,2,True,,False,FA,FA,semantic
qwen_after_adaptive,after,adaptive,qwen,125,0,2,False,ok,2,True,,False,FA,FA,semantic
qwen_after_adaptive,after,adaptive,qwen,125,1,2,False,ok,2,False,exec_error: KeyError: 'date',,FA,FA,exec_error
qwen_after_adaptive,after,adaptive,qwen,125,2,2,False,parse_fail,0,,,,FA,FA,step1_parse_fail
qwen_after_adaptive,after,adaptive,qwen,125,3,2,False,ok,3,False,"exec_error: KeyError: ""['A1'] not in index""",,FA,FA,exec_error
qwen_after_adaptive,after,adaptive,qwen,125,4,2,False,ok,2,False,exec_error: KeyError: 'date',,FA,FA,exec_error
qwen_after_adaptive,after,adaptive,qwen,126,0,1,False,ok,1,False,"exec_error: AttributeError: Can only use .str accessor with string values, not datetime64",,FA,FA,exec_error
qwen_after_adaptive,after,adaptive,qwen,126,1,1,False,ok,1,True,,True,SA,SA,success
qwen_after_adaptive,after,adaptive,qwen,126,2,1,False,ok,1,False,exec_error: KeyError: 'A1',,FA,FA,exec_error
qwen_after_adaptive,after,adaptive,qwen,126,3,1,False,ok,1,False,"exec_error: AttributeError: Can only use .str accessor with string values, not datetime64",,FA,FA,exec_error
qwen_after_adaptive,after,adaptive,qwen,126,4,1,False,ok,1,True,,True,SA,SA,success
qwen_after_adaptive,after,adaptive,qwen,127,0,0,False,ok,0,False,exec_error: KeyError: 'account_id',,FA,FA,exec_error
qwen_after_adaptive,after,adaptive,qwen,127,1,0,False,ok,0,True,,False,FA,FA,semantic
qwen_after_adaptive,after,adaptive,qwen,127,2,0,False,ok,0,True,,False,FA,FA,semantic
qwen_after_adaptive,after,adaptive,qwen,127,3,0,False,ok,0,True,,False,FA,FA,semantic
qwen_after_adaptive,after,adaptive,qwen,127,4,0,False,ok,0,True,,False,FA,FA,semantic
qwen_after_adaptive,after,adaptive,qwen,128,0,1,False,ok,1,False,"exec_error: KeyError: ""None of [Index(['A2', 'A3', 'A4', 'A5', 'A6', 'A7', 'A8', 'A9', 'A10', 'A11', 'A12',\n       'A13', 'A14', 'A15', 'A16'],\n      dtype='str')] are in",,FA,FA,exec_error
qwen_after_adaptive,after,adaptive,qwen,128,1,1,False,ok,1,True,,False,FA,FA,semantic
qwen_after_adaptive,after,adaptive,qwen,128,2,1,False,ok,1,True,,False,FA,FA,semantic
qwen_after_adaptive,after,adaptive,qwen,128,3,1,False,ok,1,True,,False,FA,FA,semantic
qwen_after_adaptive,after,adaptive,qwen,128,4,1,False,ok,1,True,,False,FA,FA,semantic
qwen_after_adaptive,after,adaptive,qwen,129,0,2,False,ok,3,True,,False,FA,FA,semantic
qwen_after_adaptive,after,adaptive,qwen,129,1,2,False,ok,1,False,exec_error: KeyError: 'A2',,FA,AA,exec_error
qwen_after_adaptive,after,adaptive,qwen,129,2,2,False,ok,2,True,,False,FA,FA,semantic
qwen_after_adaptive,after,adaptive,qwen,129,3,2,False,ok,1,False,exec_error: KeyError: 'A2',,FA,AA,exec_error
qwen_after_adaptive,after,adaptive,qwen,129,4,2,False,ok,2,False,exec_error: KeyError: 'type',,FA,FA,exec_error
qwen_after_adaptive,after,adaptive,qwen,130,0,2,True,ok,2,True,,False,FA,FA,semantic
qwen_after_adaptive,after,adaptive,qwen,130,1,2,True,ok,1,True,,False,AA,AA,semantic
qwen_after_adaptive,after,adaptive,qwen,130,2,2,True,ok,2,False,exec_error: KeyError: 'A1',,FA,FA,exec_error
qwen_after_adaptive,after,adaptive,qwen,130,3,2,True,ok,2,True,,False,FA,FA,semantic
qwen_after_adaptive,after,adaptive,qwen,130,4,2,True,ok,2,False,exec_error: KeyError: 'A1',,FA,FA,exec_error
qwen_after_adaptive,after,adaptive,qwen,131,0,2,False,ok,1,True,,False,AA,AA,semantic
qwen_after_adaptive,after,adaptive,qwen,131,1,2,False,ok,2,True,,False,FA,FA,semantic
qwen_after_adaptive,after,adaptive,qwen,131,2,2,False,ok,2,False,exec_error: ValueError: attempt to get argmax of an empty sequence,,FA,FA,exec_error
qwen_after_adaptive,after,adaptive,qwen,131,3,2,False,ok,2,True,,False,FA,FA,semantic
qwen_after_adaptive,after,adaptive,qwen,131,4,2,False,ok,2,False,exec_error: KeyError: 'A1',,FA,FA,exec_error
qwen_after_adaptive,after,adaptive,qwen,132,0,3,True,ok,1,True,,False,AA,AA,semantic
qwen_after_adaptive,after,adaptive,qwen,132,1,3,True,ok,1,True,,False,AA,AA,semantic
qwen_after_adaptive,after,adaptive,qwen,132,2,3,True,ok,1,True,,False,AA,AA,semantic
qwen_after_adaptive,after,adaptive,qwen,132,3,3,True,ok,1,True,,False,AA,AA,semantic
qwen_after_adaptive,after,adaptive,qwen,132,4,3,True,ok,1,True,,False,AA,AA,semantic
qwen_after_adaptive,after,adaptive,qwen,133,0,0,False,ok,0,True,,False,FA,FA,semantic
qwen_after_adaptive,after,adaptive,qwen,133,1,0,False,ok,0,False,"exec_error: KeyError: ""['A1'] not in index""",,FA,FA,exec_error
qwen_after_adaptive,after,adaptive,qwen,133,2,0,False,ok,1,False,"exec_error: AttributeError: Can only use .str accessor with string values, not integer",,FA,FA,exec_error
qwen_after_adaptive,after,adaptive,qwen,133,3,0,False,ok,0,False,exec_error: KeyError: 'A1',,FA,FA,exec_error
qwen_after_adaptive,after,adaptive,qwen,133,4,0,False,ok,0,False,exec_error: KeyError: 'year',,FA,FA,exec_error
qwen_after_adaptive,after,adaptive,qwen,134,0,1,False,ok,1,False,"exec_error: KeyError: ""Label(s) ['account_id'] do not exist""",,FA,FA,exec_error
qwen_after_adaptive,after,adaptive,qwen,134,1,1,False,ok,1,False,"exec_error: AttributeError: Can only use .str accessor with string values, not datetime64",,FA,FA,exec_error
qwen_after_adaptive,after,adaptive,qwen,134,2,1,False,ok,0,True,,True,AA,AA,success
qwen_after_adaptive,after,adaptive,qwen,134,3,1,False,ok,1,True,,False,FA,FA,semantic
qwen_after_adaptive,after,adaptive,qwen,134,4,1,False,ok,1,False,exec_error: ValueError: Can only compare identically-labeled Series objects,,FA,FA,exec_error
qwen_after_adaptive,after,adaptive,qwen,135,0,1,False,ok,1,True,,False,FA,FA,semantic
qwen_after_adaptive,after,adaptive,qwen,135,1,1,False,ok,1,False,exec_error: KeyError: 'date',,FA,FA,exec_error
qwen_after_adaptive,after,adaptive,qwen,135,2,1,False,ok,1,True,,False,FA,FA,semantic
qwen_after_adaptive,after,adaptive,qwen,135,3,1,False,ok,1,True,,False,FA,FA,semantic
qwen_after_adaptive,after,adaptive,qwen,135,4,1,False,ok,1,True,,False,FA,FA,semantic
qwen_after_adaptive,after,adaptive,qwen,136,0,1,False,ok,1,True,,False,FA,FA,semantic
qwen_after_adaptive,after,adaptive,qwen,136,1,1,False,ok,1,True,,False,FA,FA,semantic
qwen_after_adaptive,after,adaptive,qwen,136,2,1,False,ok,1,True,,False,FA,FA,semantic
qwen_after_adaptive,after,adaptive,qwen,136,3,1,False,ok,1,False,exec_error: KeyError: 'frequency_y',,FA,FA,exec_error
qwen_after_adaptive,after,adaptive,qwen,136,4,1,False,ok,1,True,,False,FA,FA,semantic
qwen_after_adaptive,after,adaptive,qwen,137,0,2,False,ok,2,False,exec_error: KeyError: 'A1',,FA,FA,exec_error
qwen_after_adaptive,after,adaptive,qwen,137,1,2,False,ok,1,True,,False,AA,AA,semantic
qwen_after_adaptive,after,adaptive,qwen,137,2,2,False,ok,1,False,exec_error: KeyError: 'A1',,FA,AA,exec_error
qwen_after_adaptive,after,adaptive,qwen,137,3,2,False,ok,1,False,exec_error: KeyError: 'A1',,FA,AA,exec_error
qwen_after_adaptive,after,adaptive,qwen,137,4,2,False,ok,1,True,,False,AA,AA,semantic
qwen_after_adaptive,after,adaptive,qwen,138,0,1,False,ok,1,False,exec_error: UnboundLocalError: cannot access local variable 'filtered' where it is not associated with a value,,FA,FA,exec_error
qwen_after_adaptive,after,adaptive,qwen,138,1,1,False,ok,1,False,exec_error: UnboundLocalError: cannot access local variable 'filtered_df' where it is not associated with a value,,FA,FA,exec_error
qwen_after_adaptive,after,adaptive,qwen,138,2,1,False,ok,1,False,exec_error: KeyError: 'A1',,FA,FA,exec_error
qwen_after_adaptive,after,adaptive,qwen,138,3,1,False,ok,1,False,exec_error: KeyError: 'client_id',,FA,FA,exec_error
qwen_after_adaptive,after,adaptive,qwen,138,4,1,False,ok,1,False,exec_error: IndexError: list index out of range,,FA,FA,exec_error
qwen_after_adaptive,after,adaptive,qwen,139,0,1,True,ok,1,True,,False,FA,FA,semantic
qwen_after_adaptive,after,adaptive,qwen,139,1,1,True,ok,1,False,exec_error: KeyError: 'type',,FA,FA,exec_error
qwen_after_adaptive,after,adaptive,qwen,139,2,1,True,ok,1,True,,False,FA,FA,semantic
qwen_after_adaptive,after,adaptive,qwen,139,3,1,True,ok,1,False,exec_error: KeyError: 'type',,FA,FA,exec_error
qwen_after_adaptive,after,adaptive,qwen,139,4,1,True,ok,1,True,,False,FA,FA,semantic
qwen_after_adaptive,after,adaptive,qwen,140,0,1,False,ok,1,True,,True,SA,SA,success
qwen_after_adaptive,after,adaptive,qwen,140,1,1,False,ok,1,True,,True,SA,SA,success
qwen_after_adaptive,after,adaptive,qwen,140,2,1,False,ok,1,True,,True,SA,SA,success
qwen_after_adaptive,after,adaptive,qwen,140,3,1,False,ok,1,True,,True,SA,SA,success
qwen_after_adaptive,after,adaptive,qwen,140,4,1,False,ok,1,True,,True,SA,SA,success
qwen_after_adaptive,after,adaptive,qwen,141,0,2,False,ok,1,True,,True,AA,AA,success
qwen_after_adaptive,after,adaptive,qwen,141,1,2,False,ok,2,False,exec_error: KeyError: 'date',,FA,FA,exec_error
qwen_after_adaptive,after,adaptive,qwen,141,2,2,False,ok,1,True,,True,AA,AA,success
qwen_after_adaptive,after,adaptive,qwen,141,3,2,False,ok,2,False,"exec_error: AttributeError: Can only use .str accessor with string values, not datetime64",,FA,FA,exec_error
qwen_after_adaptive,after,adaptive,qwen,141,4,2,False,ok,1,False,exec_error: KeyError: 'district_id',,FA,AA,exec_error
qwen_after_adaptive,after,adaptive,qwen,142,0,2,False,ok,3,True,,False,FA,FA,semantic
qwen_after_adaptive,after,adaptive,qwen,142,1,2,False,ok,1,False,exec_error: KeyError: 'district_id',,FA,AA,exec_error
qwen_after_adaptive,after,adaptive,qwen,142,2,2,False,ok,1,True,,False,AA,AA,semantic
qwen_after_adaptive,after,adaptive,qwen,142,3,2,False,ok,4,False,exec_timeout,,FA,FA,exec_timeout
qwen_after_adaptive,after,adaptive,qwen,142,4,2,False,ok,3,False,exec_error: KeyError: 'client_id',,FA,FA,exec_error
qwen_after_adaptive,after,adaptive,qwen,143,0,1,True,ok,1,False,exec_error: KeyError: 'type',,FA,FA,exec_error
qwen_after_adaptive,after,adaptive,qwen,143,1,1,True,ok,1,True,,True,SA,SA,success
qwen_after_adaptive,after,adaptive,qwen,143,2,1,True,ok,1,True,,False,FA,FA,semantic
qwen_after_adaptive,after,adaptive,qwen,143,3,1,True,ok,1,False,exec_error: KeyError: 'type',,FA,FA,exec_error
qwen_after_adaptive,after,adaptive,qwen,143,4,1,True,ok,1,True,,True,SA,SA,success
qwen_after_adaptive,after,adaptive,qwen,144,0,3,True,ok,2,False,exec_error: KeyError: 'card_id',,FA,AA,exec_error
qwen_after_adaptive,after,adaptive,qwen,144,1,3,True,ok,2,False,exec_error: KeyError: 'disp_id',,FA,AA,exec_error
qwen_after_adaptive,after,adaptive,qwen,144,2,3,True,ok,1,False,exec_error: KeyError: 'account_id',,FA,AA,exec_error
qwen_after_adaptive,after,adaptive,qwen,144,3,3,True,ok,2,False,exec_error: KeyError: 'type',,FA,AA,exec_error
qwen_after_adaptive,after,adaptive,qwen,144,4,3,True,ok,2,False,exec_error: KeyError: 'birth_date',,FA,AA,exec_error
qwen_after_adaptive,after,adaptive,qwen,145,0,1,False,ok,1,False,"exec_error: AttributeError: Can only use .str accessor with string values, not datetime64",,FA,FA,exec_error
qwen_after_adaptive,after,adaptive,qwen,145,1,1,False,ok,1,True,,False,FA,FA,semantic
qwen_after_adaptive,after,adaptive,qwen,145,2,1,False,ok,0,True,,False,AA,AA,semantic
qwen_after_adaptive,after,adaptive,qwen,145,3,1,False,ok,1,True,,False,FA,FA,semantic
qwen_after_adaptive,after,adaptive,qwen,145,4,1,False,ok,1,True,,False,FA,FA,semantic
qwen_after_adaptive,after,adaptive,qwen,146,0,3,True,ok,3,True,,False,FA,FA,semantic
qwen_after_adaptive,after,adaptive,qwen,146,1,3,True,ok,4,True,,False,FA,FA,semantic
qwen_after_adaptive,after,adaptive,qwen,146,2,3,True,ok,4,False,exec_error: KeyError: 'client_id',,FA,FA,exec_error
qwen_after_adaptive,after,adaptive,qwen,146,3,3,True,ok,4,True,,False,FA,FA,semantic
qwen_after_adaptive,after,adaptive,qwen,146,4,3,True,ok,4,True,,False,FA,FA,semantic
qwen_after_adaptive,after,adaptive,qwen,147,0,1,False,ok,1,False,exec_error: KeyError: 'A1',,FA,FA,exec_error
qwen_after_adaptive,after,adaptive,qwen,147,1,1,False,ok,1,True,,False,FA,FA,semantic
qwen_after_adaptive,after,adaptive,qwen,147,2,1,False,ok,1,True,,False,FA,FA,semantic
qwen_after_adaptive,after,adaptive,qwen,147,3,1,False,ok,1,False,exec_error: KeyError: 'A1',,FA,FA,exec_error
qwen_after_adaptive,after,adaptive,qwen,147,4,1,False,ok,0,False,exec_error: KeyError: 'A1',,FA,AA,exec_error
qwen_after_adaptive,after,adaptive,qwen,148,0,2,True,ok,1,True,,True,AA,AA,success
qwen_after_adaptive,after,adaptive,qwen,148,1,2,True,ok,1,True,,True,AA,AA,success
qwen_after_adaptive,after,adaptive,qwen,148,2,2,True,ok,1,False,exec_error: KeyError: 'A1',,FA,AA,exec_error
qwen_after_adaptive,after,adaptive,qwen,148,3,2,True,ok,1,False,exec_error: KeyError: 'A1',,FA,AA,exec_error
qwen_after_adaptive,after,adaptive,qwen,148,4,2,True,ok,1,True,,True,AA,AA,success
qwen_after_adaptive,after,adaptive,qwen,149,0,2,True,ok,2,False,exec_error: KeyError: 'A1',,FA,FA,exec_error
qwen_after_adaptive,after,adaptive,qwen,149,1,2,True,ok,3,True,,False,FA,FA,semantic
qwen_after_adaptive,after,adaptive,qwen,149,2,2,True,ok,3,False,"exec_error: KeyError: ""['A15'] not in index""",,FA,FA,exec_error
qwen_after_adaptive,after,adaptive,qwen,149,3,2,True,ok,1,False,exec_error: KeyError: 'type',,FA,AA,exec_error
qwen_after_adaptive,after,adaptive,qwen,149,4,2,True,ok,1,False,exec_error: KeyError: 'A1',,FA,AA,exec_error
qwen_after_adaptive,after,adaptive,qwen,150,0,2,False,ok,2,False,exec_error: KeyError: 'A2',,FA,FA,exec_error
qwen_after_adaptive,after,adaptive,qwen,150,1,2,False,ok,1,False,exec_error: KeyError: 'A1',,FA,AA,exec_error
qwen_after_adaptive,after,adaptive,qwen,150,2,2,False,ok,3,True,,False,FA,FA,semantic
qwen_after_adaptive,after,adaptive,qwen,150,3,2,False,ok,2,True,,False,FA,FA,semantic
qwen_after_adaptive,after,adaptive,qwen,150,4,2,False,ok,3,False,exec_error: KeyError: 'A1',,FA,FA,exec_error
qwen_after_adaptive,after,adaptive,qwen,151,0,2,False,ok,2,True,,False,FA,FA,semantic
qwen_after_adaptive,after,adaptive,qwen,151,1,2,False,ok,2,True,,False,FA,FA,semantic
qwen_after_adaptive,after,adaptive,qwen,151,2,2,False,ok,2,True,,True,SA,SA,success
qwen_after_adaptive,after,adaptive,qwen,151,3,2,False,ok,1,True,,False,AA,AA,semantic
qwen_after_adaptive,after,adaptive,qwen,151,4,2,False,ok,2,True,,False,FA,FA,semantic
qwen_after_adaptive,after,adaptive,qwen,152,0,1,False,ok,1,False,exec_error: UnboundLocalError: cannot access local variable 'filtered_df' where it is not associated with a value,,FA,FA,exec_error
qwen_after_adaptive,after,adaptive,qwen,152,1,1,False,ok,1,False,exec_error: TypeError: Cannot perform reduction 'mean' with string dtype,,FA,FA,exec_error
qwen_after_adaptive,after,adaptive,qwen,152,2,1,False,ok,1,False,exec_error: TypeError: '>' not supported between instances of 'str' and 'int',,FA,FA,exec_error
qwen_after_adaptive,after,adaptive,qwen,152,3,1,False,ok,1,False,exec_error: TypeError: Cannot perform reduction 'mean' with string dtype,,FA,FA,exec_error
qwen_after_adaptive,after,adaptive,qwen,152,4,1,False,ok,2,False,exec_error: KeyError: 'A1',,FA,FA,exec_error
qwen_after_adaptive,after,adaptive,qwen,153,0,1,True,ok,0,True,,True,AA,AA,success
qwen_after_adaptive,after,adaptive,qwen,153,1,1,True,ok,0,False,exec_error: KeyError: 'balance',,FA,AA,exec_error
qwen_after_adaptive,after,adaptive,qwen,153,2,1,True,ok,1,True,,False,FA,FA,semantic
qwen_after_adaptive,after,adaptive,qwen,153,3,1,True,ok,1,True,,False,FA,FA,semantic
qwen_after_adaptive,after,adaptive,qwen,153,4,1,True,ok,0,True,,True,AA,AA,success
qwen_after_adaptive,after,adaptive,qwen,154,0,1,False,ok,1,True,,False,FA,FA,semantic
qwen_after_adaptive,after,adaptive,qwen,154,1,1,False,ok,1,True,,True,SA,SA,success
qwen_after_adaptive,after,adaptive,qwen,154,2,1,False,ok,1,True,,False,FA,FA,semantic
qwen_after_adaptive,after,adaptive,qwen,154,3,1,False,ok,1,True,,False,FA,FA,semantic
qwen_after_adaptive,after,adaptive,qwen,154,4,1,False,ok,1,True,,True,SA,SA,success
qwen_after_adaptive,after,adaptive,qwen,155,0,0,False,ok,0,False,exec_error: KeyError: 'issued',,FA,FA,exec_error
qwen_after_adaptive,after,adaptive,qwen,155,1,0,False,ok,0,True,,False,FA,FA,semantic
qwen_after_adaptive,after,adaptive,qwen,155,2,0,False,ok,0,False,exec_error: AttributeError: Can only use .dt accessor with datetimelike values,,FA,FA,exec_error
qwen_after_adaptive,after,adaptive,qwen,155,3,0,False,ok,0,False,exec_error: KeyError: 'issue_date',,FA,FA,exec_error
qwen_after_adaptive,after,adaptive,qwen,155,4,0,False,ok,0,False,exec_error: AttributeError: Can only use .dt accessor with datetimelike values,,FA,FA,exec_error
qwen_after_adaptive,after,adaptive,qwen,156,0,2,True,ok,2,False,exec_error: KeyError: 'client_id',,FA,FA,exec_error
qwen_after_adaptive,after,adaptive,qwen,156,1,2,True,ok,2,True,,True,SA,SA,success
qwen_after_adaptive,after,adaptive,qwen,156,2,2,True,ok,2,True,,True,SA,SA,success
qwen_after_adaptive,after,adaptive,qwen,156,3,2,True,ok,2,True,,False,FA,FA,semantic
qwen_after_adaptive,after,adaptive,qwen,156,4,2,True,ok,2,False,exec_error: KeyError: 'name',,FA,FA,exec_error
qwen_after_adaptive,after,adaptive,qwen,157,0,1,False,ok,1,True,,False,FA,FA,semantic
qwen_after_adaptive,after,adaptive,qwen,157,1,1,False,ok,1,True,,False,FA,FA,semantic
qwen_after_adaptive,after,adaptive,qwen,157,2,1,False,ok,1,True,,False,FA,FA,semantic
qwen_after_adaptive,after,adaptive,qwen,157,3,1,False,ok,1,True,,False,FA,FA,semantic
qwen_after_adaptive,after,adaptive,qwen,157,4,1,False,ok,1,True,,False,FA,FA,semantic
qwen_after_adaptive,after,adaptive,qwen,158,0,2,False,ok,0,False,exec_error: KeyError: 'district_id',,FA,AA,exec_error
qwen_after_adaptive,after,adaptive,qwen,158,1,2,False,ok,0,False,exec_error: KeyError: 'district_id',,FA,AA,exec_error
qwen_after_adaptive,after,adaptive,qwen,158,2,2,False,ok,0,False,exec_error: KeyError: 'district_id',,FA,AA,exec_error
qwen_after_adaptive,after,adaptive,qwen,158,3,2,False,ok,1,False,"exec_error: ValueError: Operands are not aligned. Do `left, right = left.align(right, axis=1)` before operating.",,FA,AA,exec_error
qwen_after_adaptive,after,adaptive,qwen,158,4,2,False,ok,1,False,exec_error: KeyError: 'district_id',,FA,AA,exec_error
qwen_after_adaptive,after,adaptive,qwen,159,0,3,True,ok,3,False,exec_error: KeyError: 'type',,FA,FA,exec_error
qwen_after_adaptive,after,adaptive,qwen,159,1,3,True,ok,3,False,exec_error: UndefinedVariableError: name 'type' is not defined,,FA,FA,exec_error
qwen_after_adaptive,after,adaptive,qwen,159,2,3,True,ok,3,False,exec_error: KeyError: 'type',,FA,FA,exec_error
qwen_after_adaptive,after,adaptive,qwen,159,3,3,True,ok,3,False,exec_error: KeyError: 'account_id',,FA,FA,exec_error
qwen_after_adaptive,after,adaptive,qwen,159,4,3,True,ok,1,False,exec_error: KeyError: 'disp_id',,FA,AA,exec_error
qwen_after_adaptive,after,adaptive,qwen,160,0,1,False,ok,1,True,,False,FA,FA,semantic
qwen_after_adaptive,after,adaptive,qwen,160,1,1,False,ok,1,True,,False,FA,FA,semantic
qwen_after_adaptive,after,adaptive,qwen,160,2,1,False,ok,1,True,,False,FA,FA,semantic
qwen_after_adaptive,after,adaptive,qwen,160,3,1,False,ok,1,False,exec_error: KeyError: 'amount_loan',,FA,FA,exec_error
qwen_after_adaptive,after,adaptive,qwen,160,4,1,False,ok,1,True,,False,FA,FA,semantic
qwen_after_adaptive,after,adaptive,qwen,161,0,2,True,ok,2,False,"exec_error: ValueError: Operands are not aligned. Do `left, right = left.align(right, axis=1)` before operating.",,FA,FA,exec_error
qwen_after_adaptive,after,adaptive,qwen,161,1,2,True,ok,1,False,"exec_error: ValueError: Operands are not aligned. Do `left, right = left.align(right, axis=1)` before operating.",,FA,AA,exec_error
qwen_after_adaptive,after,adaptive,qwen,161,2,2,True,ok,2,False,exec_error: KeyError: 'type',,FA,FA,exec_error
qwen_after_adaptive,after,adaptive,qwen,161,3,2,True,ok,2,False,"exec_error: ValueError: Operands are not aligned. Do `left, right = left.align(right, axis=1)` before operating.",,FA,FA,exec_error
qwen_after_adaptive,after,adaptive,qwen,161,4,2,True,ok,1,True,,False,AA,AA,semantic
qwen_after_adaptive,after,adaptive,qwen,162,0,1,False,ok,1,False,"exec_error: ValueError: Operands are not aligned. Do `left, right = left.align(right, axis=1)` before operating.",,FA,FA,exec_error
qwen_after_adaptive,after,adaptive,qwen,162,1,1,False,ok,0,False,exec_error: ValueError: Cannot index with multidimensional key,,FA,AA,exec_error
qwen_after_adaptive,after,adaptive,qwen,162,2,1,False,ok,1,False,exec_error: KeyError: 'A1',,FA,FA,exec_error
qwen_after_adaptive,after,adaptive,qwen,162,3,1,False,ok,1,True,,False,FA,FA,semantic
qwen_after_adaptive,after,adaptive,qwen,162,4,1,False,ok,1,False,"exec_error: ValueError: Operands are not aligned. Do `left, right = left.align(right, axis=1)` before operating.",,FA,FA,exec_error
qwen_after_adaptive,after,adaptive,qwen,163,0,2,False,ok,2,False,exec_error: IndexError: index 0 is out of bounds for axis 0 with size 0,,FA,FA,exec_error
qwen_after_adaptive,after,adaptive,qwen,163,1,2,False,ok,2,True,,False,FA,FA,semantic
qwen_after_adaptive,after,adaptive,qwen,163,2,2,False,ok,2,False,exec_error: IndexError: index 0 is out of bounds for axis 0 with size 0,,FA,FA,exec_error
qwen_after_adaptive,after,adaptive,qwen,163,3,2,False,ok,2,False,exec_error: IndexError: index 0 is out of bounds for axis 0 with size 0,,FA,FA,exec_error
qwen_after_adaptive,after,adaptive,qwen,163,4,2,False,ok,2,True,,False,FA,FA,semantic
qwen_after_adaptive,after,adaptive,qwen,164,0,3,True,ok,1,False,exec_error: KeyError: 'client_id',,FA,AA,exec_error
qwen_after_adaptive,after,adaptive,qwen,164,1,3,True,ok,0,True,,False,AA,AA,semantic
qwen_after_adaptive,after,adaptive,qwen,164,2,3,True,ok,0,True,,False,AA,AA,semantic
qwen_after_adaptive,after,adaptive,qwen,164,3,3,True,ok,0,True,,False,AA,AA,semantic
qwen_after_adaptive,after,adaptive,qwen,164,4,3,True,ok,0,True,,False,AA,AA,semantic
qwen_after_adaptive,after,adaptive,qwen,165,0,2,False,ok,2,False,"exec_error: ValueError: Operands are not aligned. Do `left, right = left.align(right, axis=1)` before operating.",,FA,FA,exec_error
qwen_after_adaptive,after,adaptive,qwen,165,1,2,False,ok,1,False,exec_error: KeyError: 'account_id',,FA,AA,exec_error
qwen_after_adaptive,after,adaptive,qwen,165,2,2,False,ok,1,False,"exec_error: KeyError: ""['date'] not in index""",,FA,AA,exec_error
qwen_after_adaptive,after,adaptive,qwen,165,3,2,False,ok,1,True,,False,AA,AA,semantic
qwen_after_adaptive,after,adaptive,qwen,165,4,2,False,ok,1,False,exec_error: KeyError: 'account_id',,FA,AA,exec_error
qwen_after_adaptive,after,adaptive,qwen,166,0,1,False,ok,0,True,,False,AA,AA,semantic
qwen_after_adaptive,after,adaptive,qwen,166,1,1,False,ok,0,True,,True,AA,AA,success
qwen_after_adaptive,after,adaptive,qwen,166,2,1,False,ok,0,True,,False,AA,AA,semantic
qwen_after_adaptive,after,adaptive,qwen,166,3,1,False,ok,0,True,,True,AA,AA,success
qwen_after_adaptive,after,adaptive,qwen,166,4,1,False,ok,1,True,,True,SA,SA,success
qwen_after_adaptive,after,adaptive,qwen,167,0,1,True,ok,1,False,exec_error: KeyError: 'account_id',,FA,FA,exec_error
qwen_after_adaptive,after,adaptive,qwen,167,1,1,True,ok,1,True,,True,SA,SA,success
qwen_after_adaptive,after,adaptive,qwen,167,2,1,True,ok,1,False,exec_error: AttributeError: Can only use .dt accessor with datetimelike values,,FA,FA,exec_error
qwen_after_adaptive,after,adaptive,qwen,167,3,1,True,ok,1,False,exec_error: KeyError: 'account_id',,FA,FA,exec_error
qwen_after_adaptive,after,adaptive,qwen,167,4,1,True,ok,1,False,exec_error: AttributeError: Can only use .dt accessor with datetimelike values,,FA,FA,exec_error
qwen_after_adaptive,after,adaptive,qwen,168,0,1,False,ok,1,False,exec_error: KeyError: 'Column not found: A1',,FA,FA,exec_error
qwen_after_adaptive,after,adaptive,qwen,168,1,1,False,ok,1,True,,False,FA,FA,semantic
qwen_after_adaptive,after,adaptive,qwen,168,2,1,False,ok,1,False,exec_error: KeyError: 'Column not found: A1',,FA,FA,exec_error
qwen_after_adaptive,after,adaptive,qwen,168,3,1,False,ok,2,False,exec_error: KeyError: 'Column not found: A1',,FA,FA,exec_error
qwen_after_adaptive,after,adaptive,qwen,168,4,1,False,ok,2,False,exec_error: KeyError: 'Column not found: A1',,FA,FA,exec_error
qwen_after_adaptive,after,adaptive,qwen,169,0,3,True,ok,3,False,exec_error: KeyError: 'date',,FA,FA,exec_error
qwen_after_adaptive,after,adaptive,qwen,169,1,3,True,ok,1,False,exec_error: KeyError: 'date',,FA,AA,exec_error
qwen_after_adaptive,after,adaptive,qwen,169,2,3,True,ok,3,False,exec_error: KeyError: 'date',,FA,FA,exec_error
qwen_after_adaptive,after,adaptive,qwen,169,3,3,True,ok,3,False,exec_error: KeyError: 'date',,FA,FA,exec_error
qwen_after_adaptive,after,adaptive,qwen,169,4,3,True,ok,3,False,exec_error: KeyError: 'date',,FA,FA,exec_error
qwen_after_adaptive,after,adaptive,qwen,170,0,0,False,ok,0,True,,False,FA,FA,semantic
qwen_after_adaptive,after,adaptive,qwen,170,1,0,False,ok,0,True,,False,FA,FA,semantic
qwen_after_adaptive,after,adaptive,qwen,170,2,0,False,ok,0,False,"exec_error: AttributeError: Can only use .str accessor with string values, not datetime64",,FA,FA,exec_error
qwen_after_adaptive,after,adaptive,qwen,170,3,0,False,ok,0,False,"exec_error: AttributeError: Can only use .str accessor with string values, not datetime64",,FA,FA,exec_error
qwen_after_adaptive,after,adaptive,qwen,170,4,0,False,ok,0,False,"exec_error: AttributeError: Can only use .str accessor with string values, not datetime64",,FA,FA,exec_error
qwen_after_adaptive,after,adaptive,qwen,171,0,0,False,ok,0,False,exec_error: KeyError: 'A3',,FA,FA,exec_error
qwen_after_adaptive,after,adaptive,qwen,171,1,0,False,ok,0,False,exec_error: KeyError: 'A14',,FA,FA,exec_error
qwen_after_adaptive,after,adaptive,qwen,171,2,0,False,ok,0,True,,False,FA,FA,semantic
qwen_after_adaptive,after,adaptive,qwen,171,3,0,False,ok,0,False,exec_error: KeyError: 'A3',,FA,FA,exec_error
qwen_after_adaptive,after,adaptive,qwen,171,4,0,False,ok,0,False,exec_error: KeyError: 'A1',,FA,FA,exec_error
qwen_after_adaptive,after,adaptive,qwen,172,0,0,True,ok,0,True,,False,FA,FA,semantic
qwen_after_adaptive,after,adaptive,qwen,172,1,0,True,ok,0,True,,False,FA,FA,semantic
qwen_after_adaptive,after,adaptive,qwen,172,2,0,True,ok,0,False,exec_error: TypeError: unsupported operand type(s) for |: 'str' and 'StringArray',,FA,FA,exec_error
qwen_after_adaptive,after,adaptive,qwen,172,3,0,True,ok,0,True,,False,FA,FA,semantic
qwen_after_adaptive,after,adaptive,qwen,172,4,0,True,ok,0,True,,False,FA,FA,semantic
qwen_after_adaptive,after,adaptive,qwen,173,0,1,False,ok,1,False,exec_error: ValueError: You are trying to merge on int64 and str columns for key 'account_id'. If you wish to proceed you should use pd.concat,,FA,FA,exec_error
qwen_after_adaptive,after,adaptive,qwen,173,1,1,False,ok,1,False,exec_error: KeyError: 'k_symbol',,FA,FA,exec_error
qwen_after_adaptive,after,adaptive,qwen,173,2,1,False,ok,0,False,exec_error: KeyError: 'account_from',,FA,AA,exec_error
qwen_after_adaptive,after,adaptive,qwen,173,3,1,False,ok,1,True,,False,FA,FA,semantic
qwen_after_adaptive,after,adaptive,qwen,173,4,1,False,ok,1,False,exec_error: KeyError: 'VYBERU',,FA,FA,exec_error
qwen_after_adaptive,after,adaptive,qwen,174,0,2,True,ok,1,True,,False,AA,AA,semantic
qwen_after_adaptive,after,adaptive,qwen,174,1,2,True,ok,1,True,,False,AA,AA,semantic
qwen_after_adaptive,after,adaptive,qwen,174,2,2,True,ok,1,True,,False,AA,AA,semantic
qwen_after_adaptive,after,adaptive,qwen,174,3,2,True,ok,1,True,,False,AA,AA,semantic
qwen_after_adaptive,after,adaptive,qwen,174,4,2,True,ok,1,True,,False,AA,AA,semantic
qwen_after_adaptive,after,adaptive,qwen,175,0,1,True,ok,1,False,exec_error: KeyError: 'type',,FA,FA,exec_error
qwen_after_adaptive,after,adaptive,qwen,175,1,1,True,ok,0,True,,False,AA,AA,semantic
qwen_after_adaptive,after,adaptive,qwen,175,2,1,True,ok,1,True,,False,FA,FA,semantic
qwen_after_adaptive,after,adaptive,qwen,175,3,1,True,ok,1,True,,False,FA,FA,semantic
qwen_after_adaptive,after,adaptive,qwen,175,4,1,True,ok,0,True,,False,AA,AA,semantic
qwen_after_adaptive,after,adaptive,qwen,176,0,3,True,ok,3,False,exec_error: KeyError: 'disp_id',,FA,FA,exec_error
qwen_after_adaptive,after,adaptive,qwen,176,1,3,True,ok,3,True,,False,FA,FA,semantic
qwen_after_adaptive,after,adaptive,qwen,176,2,3,True,ok,3,True,,False,FA,FA,semantic
qwen_after_adaptive,after,adaptive,qwen,176,3,3,True,ok,1,True,,False,AA,AA,semantic
qwen_after_adaptive,after,adaptive,qwen,176,4,3,True,ok,1,True,,False,AA,AA,semantic
qwen_after_adaptive,after,adaptive,qwen,177,0,3,True,ok,4,False,exec_error: IndexError: single positional indexer is out-of-bounds,,FA,FA,exec_error
qwen_after_adaptive,after,adaptive,qwen,177,1,3,True,ok,3,True,,False,FA,FA,semantic
qwen_after_adaptive,after,adaptive,qwen,177,2,3,True,ok,2,False,"exec_error: ValueError: Operands are not aligned. Do `left, right = left.align(right, axis=1)` before operating.",,FA,AA,exec_error
qwen_after_adaptive,after,adaptive,qwen,177,3,3,True,ok,3,True,,False,FA,FA,semantic
qwen_after_adaptive,after,adaptive,qwen,177,4,3,True,ok,2,False,exec_error: KeyError: 'gender',,FA,AA,exec_error
qwen_after_adaptive,after,adaptive,qwen,178,0,2,True,ok,2,True,,False,FA,FA,semantic
qwen_after_adaptive,after,adaptive,qwen,178,1,2,True,ok,2,False,exec_error: KeyError: 'type',,FA,FA,exec_error
qwen_after_adaptive,after,adaptive,qwen,178,2,2,True,ok,1,False,"exec_error: ValueError: Operands are not aligned. Do `left, right = left.align(right, axis=1)` before operating.",,FA,AA,exec_error
qwen_after_adaptive,after,adaptive,qwen,178,3,2,True,ok,2,False,"exec_error: ValueError: Operands are not aligned. Do `left, right = left.align(right, axis=1)` before operating.",,FA,FA,exec_error
qwen_after_adaptive,after,adaptive,qwen,178,4,2,True,ok,1,False,"exec_error: ValueError: Operands are not aligned. Do `left, right = left.align(right, axis=1)` before operating.",,FA,AA,exec_error
qwen_after_adaptive,after,adaptive,qwen,179,0,3,True,ok,3,True,,False,FA,FA,semantic
qwen_after_adaptive,after,adaptive,qwen,179,1,3,True,ok,3,False,exec_error: KeyError: 'date',,FA,FA,exec_error
qwen_after_adaptive,after,adaptive,qwen,179,2,3,True,ok,0,False,exec_error: KeyError: 'date',,FA,AA,exec_error
qwen_after_adaptive,after,adaptive,qwen,179,3,3,True,ok,1,True,,False,AA,AA,semantic
qwen_after_adaptive,after,adaptive,qwen,179,4,3,True,ok,3,False,exec_error: KeyError: 'date',,FA,FA,exec_error
qwen_after_adaptive,after,adaptive,qwen,180,0,2,True,ok,3,False,exec_error: KeyError: 'district_id',,FA,FA,exec_error
qwen_after_adaptive,after,adaptive,qwen,180,1,2,True,ok,2,False,exec_error: KeyError: 'A8',,FA,FA,exec_error
qwen_after_adaptive,after,adaptive,qwen,180,2,2,True,ok,3,False,"exec_error: MergeError: Passing 'suffixes' which cause duplicate columns {'district_id_x', 'district_id_y'} is not allowed.",,FA,FA,exec_error
qwen_after_adaptive,after,adaptive,qwen,180,3,2,True,ok,3,False,"exec_error: MergeError: Passing 'suffixes' which cause duplicate columns {'district_id_x', 'district_id_y'} is not allowed.",,FA,FA,exec_error
qwen_after_adaptive,after,adaptive,qwen,180,4,2,True,ok,3,True,,False,FA,FA,semantic
qwen_after_adaptive,after,adaptive,qwen,181,0,2,True,ok,3,True,,False,FA,FA,semantic
qwen_after_adaptive,after,adaptive,qwen,181,1,2,True,ok,3,True,,False,FA,FA,semantic
qwen_after_adaptive,after,adaptive,qwen,181,2,2,True,ok,3,True,,False,FA,FA,semantic
qwen_after_adaptive,after,adaptive,qwen,181,3,2,True,ok,3,True,,False,FA,FA,semantic
qwen_after_adaptive,after,adaptive,qwen,181,4,2,True,ok,3,True,,False,FA,FA,semantic
qwen_after_adaptive,after,adaptive,qwen,182,0,3,True,ok,3,True,,False,FA,FA,semantic
qwen_after_adaptive,after,adaptive,qwen,182,1,3,True,ok,3,False,exec_error: KeyError: 'type',,FA,FA,exec_error
qwen_after_adaptive,after,adaptive,qwen,182,2,3,True,ok,2,True,,False,AA,AA,semantic
qwen_after_adaptive,after,adaptive,qwen,182,3,3,True,ok,2,False,exec_error: KeyError: 'type',,FA,AA,exec_error
qwen_after_adaptive,after,adaptive,qwen,182,4,3,True,ok,2,False,exec_error: KeyError: 'disp_id',,FA,AA,exec_error
qwen_after_adaptive,after,adaptive,qwen,183,0,1,False,ok,1,True,,True,SA,SA,success
qwen_after_adaptive,after,adaptive,qwen,183,1,1,False,ok,1,True,,False,FA,FA,semantic
qwen_after_adaptive,after,adaptive,qwen,183,2,1,False,ok,1,True,,False,FA,FA,semantic
qwen_after_adaptive,after,adaptive,qwen,183,3,1,False,ok,1,False,"exec_error: AttributeError: Can only use .str accessor with string values, not datetime64",,FA,FA,exec_error
qwen_after_adaptive,after,adaptive,qwen,183,4,1,False,ok,1,True,,False,FA,FA,semantic
qwen_after_adaptive,after,adaptive,qwen,184,0,2,True,ok,2,False,exec_error: KeyError: 'type',,FA,FA,exec_error
qwen_after_adaptive,after,adaptive,qwen,184,1,2,True,ok,2,False,exec_error: KeyError: 'type',,FA,FA,exec_error
qwen_after_adaptive,after,adaptive,qwen,184,2,2,True,ok,2,False,exec_error: KeyError: 'type',,FA,FA,exec_error
qwen_after_adaptive,after,adaptive,qwen,184,3,2,True,ok,2,False,exec_error: KeyError: 'type',,FA,FA,exec_error
qwen_after_adaptive,after,adaptive,qwen,184,4,2,True,ok,2,True,,False,FA,FA,semantic
qwen_after_adaptive,after,adaptive,qwen,185,0,1,False,ok,0,True,,False,AA,AA,semantic
qwen_after_adaptive,after,adaptive,qwen,185,1,1,False,ok,0,True,,False,AA,AA,semantic
qwen_after_adaptive,after,adaptive,qwen,185,2,1,False,ok,1,True,,False,FA,FA,semantic
qwen_after_adaptive,after,adaptive,qwen,185,3,1,False,ok,1,False,exec_error: KeyError: 'gender',,FA,FA,exec_error
qwen_after_adaptive,after,adaptive,qwen,185,4,1,False,ok,1,True,,False,FA,FA,semantic
qwen_after_adaptive,after,adaptive,qwen,186,0,2,True,ok,1,False,exec_error: KeyError: 'client_id',,FA,AA,exec_error
qwen_after_adaptive,after,adaptive,qwen,186,1,2,True,ok,1,False,exec_error: KeyError: 'client_id',,FA,AA,exec_error
qwen_after_adaptive,after,adaptive,qwen,186,2,2,True,ok,1,False,exec_error: KeyError: 'client_id',,FA,AA,exec_error
qwen_after_adaptive,after,adaptive,qwen,186,3,2,True,ok,1,True,,False,AA,AA,semantic
qwen_after_adaptive,after,adaptive,qwen,186,4,2,True,ok,1,True,,False,AA,AA,semantic
qwen_after_adaptive,after,adaptive,qwen,187,0,1,True,ok,1,True,,False,FA,FA,semantic
qwen_after_adaptive,after,adaptive,qwen,187,1,1,True,ok,1,True,,False,FA,FA,semantic
qwen_after_adaptive,after,adaptive,qwen,187,2,1,True,ok,1,True,,False,FA,FA,semantic
qwen_after_adaptive,after,adaptive,qwen,187,3,1,True,ok,1,True,,False,FA,FA,semantic
qwen_after_adaptive,after,adaptive,qwen,187,4,1,True,ok,1,True,,False,FA,FA,semantic
qwen_after_adaptive,after,adaptive,qwen,188,0,1,False,ok,2,False,exec_error: ValueError: len(right_on) must equal len(left_on),,FA,FA,exec_error
qwen_after_adaptive,after,adaptive,qwen,188,1,1,False,ok,1,False,exec_error: KeyError: 'date',,FA,FA,exec_error
qwen_after_adaptive,after,adaptive,qwen,188,2,1,False,ok,2,False,exec_error: KeyError: 'date',,FA,FA,exec_error
qwen_after_adaptive,after,adaptive,qwen,188,3,1,False,ok,1,True,,False,FA,FA,semantic
qwen_after_adaptive,after,adaptive,qwen,188,4,1,False,ok,2,True,,False,FA,FA,semantic
qwen_after_adaptive,after,adaptive,qwen,189,0,2,True,ok,3,False,exec_error: KeyError: 'Column not found: A1',,FA,FA,exec_error
qwen_after_adaptive,after,adaptive,qwen,189,1,2,True,ok,3,False,exec_error: AttributeError: 'Series' object has no attribute 'days',,FA,FA,exec_error
qwen_after_adaptive,after,adaptive,qwen,189,2,2,True,ok,2,False,exec_error: AttributeError: 'Series' object has no attribute 'days',,FA,FA,exec_error
qwen_after_adaptive,after,adaptive,qwen,189,3,2,True,ok,3,False,exec_error: KeyError: 'Column not found: A14',,FA,FA,exec_error
qwen_after_adaptive,after,adaptive,qwen,189,4,2,True,ok,3,False,"exec_error: ValueError: Cannot convert from timedelta64[us] to timedelta64[Y]. Supported resolutions are 's', 'ms', 'us', 'ns'",,FA,FA,exec_error
qwen_after_adaptive,after,adaptive,qwen,190,0,1,False,ok,1,False,exec_error: KeyError: 'A1',,FA,FA,exec_error
qwen_after_adaptive,after,adaptive,qwen,190,1,1,False,ok,1,False,exec_error: KeyError: 'A1',,FA,FA,exec_error
qwen_after_adaptive,after,adaptive,qwen,190,2,1,False,ok,1,False,exec_error: KeyError: 'A1',,FA,FA,exec_error
qwen_after_adaptive,after,adaptive,qwen,190,3,1,False,ok,1,True,,False,FA,FA,semantic
qwen_after_adaptive,after,adaptive,qwen,190,4,1,False,ok,1,False,exec_error: KeyError: 'A1',,FA,FA,exec_error
qwen_after_adaptive,after,adaptive,qwen,191,0,1,False,ok,1,True,,False,FA,FA,semantic
qwen_after_adaptive,after,adaptive,qwen,191,1,1,False,ok,1,True,,False,FA,FA,semantic
qwen_after_adaptive,after,adaptive,qwen,191,2,1,False,ok,1,True,,False,FA,FA,semantic
qwen_after_adaptive,after,adaptive,qwen,191,3,1,False,ok,1,True,,False,FA,FA,semantic
qwen_after_adaptive,after,adaptive,qwen,191,4,1,False,ok,1,True,,False,FA,FA,semantic
qwen_after_adaptive,after,adaptive,qwen,192,0,1,False,ok,1,False,exec_error: KeyError: 'date',,FA,FA,exec_error
qwen_after_adaptive,after,adaptive,qwen,192,1,1,False,ok,1,False,exec_error: KeyError: 'date',,FA,FA,exec_error
qwen_after_adaptive,after,adaptive,qwen,192,2,1,False,ok,1,True,,False,FA,FA,semantic
qwen_after_adaptive,after,adaptive,qwen,192,3,1,False,ok,1,True,,False,FA,FA,semantic
qwen_after_adaptive,after,adaptive,qwen,192,4,1,False,ok,1,False,exec_error: KeyError: 'date',,FA,FA,exec_error
qwen_after_adaptive,after,adaptive,qwen,193,0,2,True,ok,1,False,exec_error: KeyError: 'type',,FA,AA,exec_error
qwen_after_adaptive,after,adaptive,qwen,193,1,2,True,ok,1,False,exec_error: KeyError: 'A17',,FA,AA,exec_error
qwen_after_adaptive,after,adaptive,qwen,193,2,2,True,ok,2,False,exec_error: KeyError: 'type',,FA,FA,exec_error
qwen_after_adaptive,after,adaptive,qwen,193,3,2,True,ok,1,True,,False,AA,AA,semantic
qwen_after_adaptive,after,adaptive,qwen,193,4,2,True,ok,1,False,"exec_error: KeyError: ""None of [Index(['client_id', 'A1'], dtype='str')] are in the [columns]""",,FA,AA,exec_error
qwen_after_adaptive,after,adaptive,qwen,194,0,2,True,ok,1,False,exec_error: KeyError: 'type_x',,FA,AA,exec_error
qwen_after_adaptive,after,adaptive,qwen,194,1,2,True,ok,2,True,,False,FA,FA,semantic
qwen_after_adaptive,after,adaptive,qwen,194,2,2,True,ok,2,False,exec_error: KeyError: 'type',,FA,FA,exec_error
qwen_after_adaptive,after,adaptive,qwen,194,3,2,True,ok,3,False,exec_error: KeyError: 'status',,FA,FA,exec_error
qwen_after_adaptive,after,adaptive,qwen,194,4,2,True,ok,2,False,exec_error: KeyError: 'type',,FA,FA,exec_error
llama_after_baseline,after,baseline,llama,89,0,1,False,ok,4,False,exec_error: KeyError: 'client_id',,FA,FA,exec_error
llama_after_baseline,after,baseline,llama,89,1,1,False,parse_fail,0,,,,FA,FA,step1_parse_fail
llama_after_baseline,after,baseline,llama,89,2,1,False,ok,6,False,exec_error: KeyError: 'account_id',,FA,FA,exec_error
llama_after_baseline,after,baseline,llama,89,3,1,False,ok,3,False,exec_error: KeyError: 'card_id',,FA,FA,exec_error
llama_after_baseline,after,baseline,llama,89,4,1,False,ok,5,False,exec_error: KeyError: 'disp_id',,FA,FA,exec_error
llama_after_baseline,after,baseline,llama,90,0,2,False,ok,2,True,,False,FA,FA,semantic
llama_after_baseline,after,baseline,llama,90,1,2,False,ok,2,False,"exec_error: TypeError: can only concatenate str (not ""int"") to str",,FA,FA,exec_error
llama_after_baseline,after,baseline,llama,90,2,2,False,ok,2,False,exec_error: KeyError: 'status',,FA,FA,exec_error
llama_after_baseline,after,baseline,llama,90,3,2,False,ok,2,True,,False,FA,FA,semantic
llama_after_baseline,after,baseline,llama,90,4,2,False,ok,3,False,exec_error: UnboundLocalError: cannot access local variable 'client' where it is not associated with a value,,FA,FA,exec_error
llama_after_baseline,after,baseline,llama,91,0,0,False,ok,3,False,exec_error: KeyError: 'district_id',,FA,FA,exec_error
llama_after_baseline,after,baseline,llama,91,1,0,False,ok,2,False,"exec_error: ValueError: The truth value of a DataFrame is ambiguous. Use a.empty, a.bool(), a.item(), a.any() or a.all().",,FA,FA,exec_error
llama_after_baseline,after,baseline,llama,91,2,0,False,parse_fail,0,,,,FA,FA,step1_parse_fail
llama_after_baseline,after,baseline,llama,91,3,0,False,ok,2,False,"exec_error: AttributeError: Can only use .str accessor with string values, not datetime64",,FA,FA,exec_error
llama_after_baseline,after,baseline,llama,91,4,0,False,ok,1,False,"exec_error: AttributeError: Can only use .str accessor with string values, not datetime64",,FA,FA,exec_error
llama_after_baseline,after,baseline,llama,92,0,1,False,ok,2,False,exec_error: KeyError: 'account_id',,FA,FA,exec_error
llama_after_baseline,after,baseline,llama,92,1,1,False,ok,3,False,exec_error: KeyError: 'district_id',,FA,FA,exec_error
llama_after_baseline,after,baseline,llama,92,2,1,False,ok,2,False,exec_error: KeyError: 'account_id',,FA,FA,exec_error
llama_after_baseline,after,baseline,llama,92,3,1,False,ok,2,False,exec_error: KeyError: 'account_id',,FA,FA,exec_error
llama_after_baseline,after,baseline,llama,92,4,1,False,ok,5,False,exec_error: KeyError: 'district_id',,FA,FA,exec_error
llama_after_baseline,after,baseline,llama,93,0,1,False,ok,2,False,exec_error: KeyError: 'account_id',,FA,FA,exec_error
llama_after_baseline,after,baseline,llama,93,1,1,False,ok,2,False,exec_error: KeyError: 'account_id',,FA,FA,exec_error
llama_after_baseline,after,baseline,llama,93,2,1,False,ok,2,False,exec_error: KeyError: 'account_id',,FA,FA,exec_error
llama_after_baseline,after,baseline,llama,93,3,1,False,ok,2,False,exec_error: KeyError: 'account_id',,FA,FA,exec_error
llama_after_baseline,after,baseline,llama,93,4,1,False,ok,2,False,exec_error: KeyError: 'account_id',,FA,FA,exec_error
llama_after_baseline,after,baseline,llama,94,0,3,True,ok,2,False,exec_error: TypeError: unsupported operand type(s) for /: 'str' and 'int',,FA,AA,exec_error
llama_after_baseline,after,baseline,llama,94,1,3,True,ok,3,False,exec_error: KeyError: 'district_id',,FA,FA,exec_error
llama_after_baseline,after,baseline,llama,94,2,3,True,ok,1,False,"exec_error: TypeError: can only concatenate str (not ""int"") to str",,FA,AA,exec_error
llama_after_baseline,after,baseline,llama,94,3,3,True,ok,2,False,exec_error: KeyError: 'client_id',,FA,AA,exec_error
llama_after_baseline,after,baseline,llama,94,4,3,True,ok,1,False,"exec_error: TypeError: can only concatenate str (not ""int"") to str",,FA,AA,exec_error
llama_after_baseline,after,baseline,llama,95,0,3,True,ok,2,False,"exec_error: TypeError: int() argument must be a string, a bytes-like object or a real number, not 'Timestamp'",,FA,AA,exec_error
llama_after_baseline,after,baseline,llama,95,1,3,True,ok,2,False,"exec_error: TypeError: can only concatenate str (not ""int"") to str",,FA,AA,exec_error
llama_after_baseline,after,baseline,llama,95,2,3,True,ok,1,False,"exec_error: TypeError: can only concatenate str (not ""int"") to str",,FA,AA,exec_error
llama_after_baseline,after,baseline,llama,95,3,3,True,ok,1,False,"exec_error: TypeError: can only concatenate str (not ""int"") to str",,FA,AA,exec_error
llama_after_baseline,after,baseline,llama,95,4,3,True,ok,2,False,exec_error: KeyError: 'account_id',,FA,AA,exec_error
llama_after_baseline,after,baseline,llama,96,0,1,True,ok,1,False,exec_error: KeyError: 'client_id',,FA,FA,exec_error
llama_after_baseline,after,baseline,llama,96,1,1,True,ok,1,True,,False,FA,FA,semantic
llama_after_baseline,after,baseline,llama,96,2,1,True,ok,8,True,,False,FA,FA,semantic
llama_after_baseline,after,baseline,llama,96,3,1,True,ok,1,False,exec_error: KeyError: 'client_id',,FA,FA,exec_error
llama_after_baseline,after,baseline,llama,96,4,1,True,ok,1,False,exec_error: UnboundLocalError: cannot access local variable 'card' where it is not associated with a value,,FA,FA,exec_error
llama_after_baseline,after,baseline,llama,97,0,1,True,parse_fail,0,,,,FA,FA,step1_parse_fail
llama_after_baseline,after,baseline,llama,97,1,1,True,ok,6,False,exec_error: KeyError: 'client_id',,FA,FA,exec_error
llama_after_baseline,after,baseline,llama,97,2,1,True,ok,5,False,"exec_error: KeyError: ""['trans_id'] not in index""",,FA,FA,exec_error
llama_after_baseline,after,baseline,llama,97,3,1,True,ok,6,False,exec_error: KeyError: 'client_id',,FA,FA,exec_error
llama_after_baseline,after,baseline,llama,97,4,1,True,ok,4,False,exec_error: KeyError: 'client_id',,FA,FA,exec_error
llama_after_baseline,after,baseline,llama,98,0,1,False,ok,3,False,exec_error: KeyError: 'disp_id',,FA,FA,exec_error
llama_after_baseline,after,baseline,llama,98,1,1,False,ok,3,False,exec_error: KeyError: 'disp_id',,FA,FA,exec_error
llama_after_baseline,after,baseline,llama,98,2,1,False,ok,3,False,exec_error: KeyError: 'date',,FA,FA,exec_error
llama_after_baseline,after,baseline,llama,98,3,1,False,ok,3,False,exec_error: KeyError: 'client_id',,FA,FA,exec_error
llama_after_baseline,after,baseline,llama,98,4,1,False,ok,3,False,exec_error: KeyError: 'date',,FA,FA,exec_error
llama_after_baseline,after,baseline,llama,99,0,1,False,ok,3,False,exec_error: KeyError: 'client_id',,FA,FA,exec_error
llama_after_baseline,after,baseline,llama,99,1,1,False,ok,6,False,exec_error: KeyError: 'disp_id',,FA,FA,exec_error
llama_after_baseline,after,baseline,llama,99,2,1,False,ok,3,False,exec_error: KeyError: 'status',,FA,FA,exec_error
llama_after_baseline,after,baseline,llama,99,3,1,False,ok,3,False,exec_error: TypeError: unsupported operand type(s) for /: 'numpy.ndarray' and 'DateOffset',,FA,FA,exec_error
llama_after_baseline,after,baseline,llama,99,4,1,False,ok,3,False,exec_error: TypeError: unsupported operand type(s) for +: 'Timestamp' and 'str',,FA,FA,exec_error
llama_after_baseline,after,baseline,llama,100,0,1,False,ok,2,False,exec_error: UnboundLocalError: cannot access local variable 'client' where it is not associated with a value,,FA,FA,exec_error
llama_after_baseline,after,baseline,llama,100,1,1,False,ok,3,False,exec_error: KeyError: 'client_id',,FA,FA,exec_error
llama_after_baseline,after,baseline,llama,100,2,1,False,ok,2,True,,False,FA,FA,semantic
llama_after_baseline,after,baseline,llama,100,3,1,False,ok,2,False,exec_error: KeyError: 'status',,FA,FA,exec_error
llama_after_baseline,after,baseline,llama,100,4,1,False,ok,2,False,exec_error: KeyError: '_account',,FA,FA,exec_error
llama_after_baseline,after,baseline,llama,101,0,0,False,ok,2,False,exec_error: KeyError: 'date',,FA,FA,exec_error
llama_after_baseline,after,baseline,llama,101,1,0,False,ok,1,False,exec_error: KeyError: 'date',,FA,FA,exec_error
llama_after_baseline,after,baseline,llama,101,2,0,False,ok,0,False,exec_error: AttributeError: 'numpy.int64' object has no attribute 'unique',,FA,FA,exec_error
llama_after_baseline,after,baseline,llama,101,3,0,False,ok,8,False,exec_error: KeyError: 'district_id',,FA,FA,exec_error
llama_after_baseline,after,baseline,llama,101,4,0,False,ok,1,True,,False,FA,FA,semantic
llama_after_baseline,after,baseline,llama,102,0,1,False,ok,2,True,,False,FA,FA,semantic
llama_after_baseline,after,baseline,llama,102,1,1,False,ok,3,False,exec_error: KeyError: 'date',,FA,FA,exec_error
llama_after_baseline,after,baseline,llama,102,2,1,False,ok,1,True,,False,FA,FA,semantic
llama_after_baseline,after,baseline,llama,102,3,1,False,ok,7,False,exec_error: KeyError: 'district_id',,FA,FA,exec_error
llama_after_baseline,after,baseline,llama,102,4,1,False,ok,2,False,exec_error: KeyError: 'amount',,FA,FA,exec_error
llama_after_baseline,after,baseline,llama,103,0,2,True,ok,1,False,exec_error: KeyError: 'date',,FA,AA,exec_error
llama_after_baseline,after,baseline,llama,103,1,2,True,ok,1,False,"exec_error: ValueError: Operands are not aligned. Do `left, right = left.align(right, axis=1)` before operating.",,FA,AA,exec_error
llama_after_baseline,after,baseline,llama,103,2,2,True,ok,1,False,exec_error: KeyError: 'client_id',,FA,AA,exec_error
llama_after_baseline,after,baseline,llama,103,3,2,True,ok,1,False,exec_error: KeyError: 'client_id',,FA,AA,exec_error
llama_after_baseline,after,baseline,llama,103,4,2,True,ok,1,False,exec_error: KeyError: 'client_id',,FA,AA,exec_error
llama_after_baseline,after,baseline,llama,104,0,1,False,ok,1,False,"exec_error: KeyError: ""['date'] not in index""",,FA,FA,exec_error
llama_after_baseline,after,baseline,llama,104,1,1,False,ok,1,False,"exec_error: KeyError: ""['date_x'] not in index""",,FA,FA,exec_error
llama_after_baseline,after,baseline,llama,104,2,1,False,ok,1,False,exec_error: KeyError: 'date_x',,FA,FA,exec_error
llama_after_baseline,after,baseline,llama,104,3,1,False,ok,1,True,,False,FA,FA,semantic
llama_after_baseline,after,baseline,llama,104,4,1,False,ok,1,True,,False,FA,FA,semantic
llama_after_baseline,after,baseline,llama,105,0,1,False,ok,3,False,exec_error: KeyError: 'disp_id',,FA,FA,exec_error
llama_after_baseline,after,baseline,llama,105,1,1,False,ok,3,False,exec_error: KeyError: 'disp_id',,FA,FA,exec_error
llama_after_baseline,after,baseline,llama,105,2,1,False,ok,10,False,exec_error: KeyError: 'disp_id',,FA,FA,exec_error
llama_after_baseline,after,baseline,llama,105,3,1,False,ok,3,False,exec_error: KeyError: 'disp_id',,FA,FA,exec_error
llama_after_baseline,after,baseline,llama,105,4,1,False,ok,3,False,exec_error: KeyError: 'disp_id',,FA,FA,exec_error
llama_after_baseline,after,baseline,llama,106,0,3,True,ok,5,False,exec_error: KeyError: 'client_id',,FA,FA,exec_error
llama_after_baseline,after,baseline,llama,106,1,3,True,ok,2,False,exec_error: KeyError: 'client_id',,FA,AA,exec_error
llama_after_baseline,after,baseline,llama,106,2,3,True,ok,2,False,exec_error: KeyError: 'card_id',,FA,AA,exec_error
llama_after_baseline,after,baseline,llama,106,3,3,True,ok,3,False,exec_error: KeyError: 'client_id',,FA,FA,exec_error
llama_after_baseline,after,baseline,llama,106,4,3,True,ok,3,False,exec_error: KeyError: 'client_id',,FA,FA,exec_error
llama_after_baseline,after,baseline,llama,107,0,1,False,ok,2,False,"exec_error: TypeError: can only concatenate str (not ""int"") to str",,FA,FA,exec_error
llama_after_baseline,after,baseline,llama,107,1,1,False,ok,3,False,exec_error: KeyError: 'district_id',,FA,FA,exec_error
llama_after_baseline,after,baseline,llama,107,2,1,False,ok,3,False,"exec_error: TypeError: can only concatenate str (not ""int"") to str",,FA,FA,exec_error
llama_after_baseline,after,baseline,llama,107,3,1,False,ok,6,False,exec_error: KeyError: 'A2',,FA,FA,exec_error
llama_after_baseline,after,baseline,llama,107,4,1,False,ok,8,False,exec_error: KeyError: 'disp_id',,FA,FA,exec_error
llama_after_baseline,after,baseline,llama,108,0,2,False,ok,2,False,exec_error: KeyError: 'account_id',,FA,FA,exec_error
llama_after_baseline,after,baseline,llama,108,1,2,False,ok,4,False,exec_error: KeyError: 'client_id',,FA,FA,exec_error
llama_after_baseline,after,baseline,llama,108,2,2,False,ok,3,False,exec_error: KeyError: 'amount',,FA,FA,exec_error
llama_after_baseline,after,baseline,llama,108,3,2,False,ok,2,False,exec_error: KeyError: 'client_id',,FA,FA,exec_error
llama_after_baseline,after,baseline,llama,108,4,2,False,ok,4,False,exec_error: KeyError: 'date_x',,FA,FA,exec_error
llama_after_baseline,after,baseline,llama,109,0,1,False,ok,2,False,exec_error: KeyError: 'client_id',,FA,FA,exec_error
llama_after_baseline,after,baseline,llama,109,1,1,False,ok,3,False,exec_error: KeyError: 'client_id',,FA,FA,exec_error
llama_after_baseline,after,baseline,llama,109,2,1,False,ok,4,False,exec_error: KeyError: 'client_id',,FA,FA,exec_error
llama_after_baseline,after,baseline,llama,109,3,1,False,ok,5,False,exec_error: UnboundLocalError: cannot access local variable 'account' where it is not associated with a value,,FA,FA,exec_error
llama_after_baseline,after,baseline,llama,109,4,1,False,ok,2,False,exec_error: KeyError: 'district_id',,FA,FA,exec_error
llama_after_baseline,after,baseline,llama,110,0,2,True,ok,3,False,exec_error: KeyError: 'disp_id',,FA,FA,exec_error
llama_after_baseline,after,baseline,llama,110,1,2,True,ok,1,False,exec_error: ValueError: You are trying to merge on datetime64[us] and str columns for key 'date'. If you wish to proceed you should use pd.concat,,FA,AA,exec_error
llama_after_baseline,after,baseline,llama,110,2,2,True,ok,2,False,exec_error: UnboundLocalError: cannot access local variable 'client' where it is not associated with a value,,FA,FA,exec_error
llama_after_baseline,after,baseline,llama,110,3,2,True,ok,2,False,exec_error: KeyError: 'account_id',,FA,FA,exec_error
llama_after_baseline,after,baseline,llama,110,4,2,True,ok,2,False,exec_error: ValueError: You are trying to merge on datetime64[us] and str columns for key 'date'. If you wish to proceed you should use pd.concat,,FA,FA,exec_error
llama_after_baseline,after,baseline,llama,111,0,1,False,ok,2,False,exec_error: UnboundLocalError: cannot access local variable 'district' where it is not associated with a value,,FA,FA,exec_error
llama_after_baseline,after,baseline,llama,111,1,1,False,ok,1,False,exec_error: NameError: name 'date' is not defined,,FA,FA,exec_error
llama_after_baseline,after,baseline,llama,111,2,1,False,ok,1,True,,True,SA,SA,success
llama_after_baseline,after,baseline,llama,111,3,1,False,ok,3,False,exec_error: KeyError: 'account_id',,FA,FA,exec_error
llama_after_baseline,after,baseline,llama,111,4,1,False,ok,0,False,exec_error: UnboundLocalError: cannot access local variable 'account' where it is not associated with a value,,FA,AA,exec_error
llama_after_baseline,after,baseline,llama,112,0,1,False,ok,3,False,exec_error: UnboundLocalError: cannot access local variable 'district' where it is not associated with a value,,FA,FA,exec_error
llama_after_baseline,after,baseline,llama,112,1,1,False,ok,2,False,exec_error: KeyError: 'client_id',,FA,FA,exec_error
llama_after_baseline,after,baseline,llama,112,2,1,False,ok,2,False,exec_error: KeyError: 'client_id',,FA,FA,exec_error
llama_after_baseline,after,baseline,llama,112,3,1,False,ok,5,False,"exec_error: KeyError:       account_id  district_id         frequency       date
0              1           18  POPLATEK MESICNE 1995-03-24
1              2            1  P",,FA,FA,exec_error
llama_after_baseline,after,baseline,llama,112,4,1,False,ok,2,False,exec_error: KeyError: 'client_id',,FA,FA,exec_error
llama_after_baseline,after,baseline,llama,113,0,3,True,ok,3,False,exec_error: KeyError: 'client_id',,FA,FA,exec_error
llama_after_baseline,after,baseline,llama,113,1,3,True,ok,5,False,exec_error: UnboundLocalError: cannot access local variable 'loan' where it is not associated with a value,,FA,FA,exec_error
llama_after_baseline,after,baseline,llama,113,2,3,True,parse_fail,0,,,,FA,FA,step1_parse_fail
llama_after_baseline,after,baseline,llama,113,3,3,True,ok,2,False,exec_error: KeyError: 'loan_id',,FA,AA,exec_error
llama_after_baseline,after,baseline,llama,113,4,3,True,ok,1,False,exec_error: KeyError: 'account_id',,FA,AA,exec_error
llama_after_baseline,after,baseline,llama,114,0,1,False,ok,2,False,exec_error: KeyError: 'client_id',,FA,FA,exec_error
llama_after_baseline,after,baseline,llama,114,1,1,False,ok,3,False,exec_error: IndexError: single positional indexer is out-of-bounds,,FA,FA,exec_error
llama_after_baseline,after,baseline,llama,114,2,1,False,ok,4,False,exec_error: KeyError: 'date',,FA,FA,exec_error
llama_after_baseline,after,baseline,llama,114,3,1,False,ok,2,False,exec_error: KeyError: 'client_id',,FA,FA,exec_error
llama_after_baseline,after,baseline,llama,114,4,1,False,ok,2,False,exec_error: UnboundLocalError: cannot access local variable 'account' where it is not associated with a value,,FA,FA,exec_error
llama_after_baseline,after,baseline,llama,115,0,1,False,ok,1,True,,False,FA,FA,semantic
llama_after_baseline,after,baseline,llama,115,1,1,False,ok,1,False,exec_error: ZeroDivisionError: division by zero,,FA,FA,exec_error
llama_after_baseline,after,baseline,llama,115,2,1,False,ok,4,False,exec_error: KeyError: 'account_id',,FA,FA,exec_error
llama_after_baseline,after,baseline,llama,115,3,1,False,ok,5,False,exec_error: ValueError: attempt to get argmax of an empty sequence,,FA,FA,exec_error
llama_after_baseline,after,baseline,llama,115,4,1,False,ok,3,False,exec_error: ValueError: attempt to get argmax of an empty sequence,,FA,FA,exec_error
llama_after_baseline,after,baseline,llama,116,0,2,False,ok,4,False,exec_error: NameError: name 'left_on' is not defined,,FA,FA,exec_error
llama_after_baseline,after,baseline,llama,116,1,2,False,ok,3,False,exec_error: KeyError: 'account_id',,FA,FA,exec_error
llama_after_baseline,after,baseline,llama,116,2,2,False,ok,6,False,exec_error: KeyError: 'account_id',,FA,FA,exec_error
llama_after_baseline,after,baseline,llama,116,3,2,False,ok,2,False,exec_error: KeyError: 'client_id',,FA,FA,exec_error
llama_after_baseline,after,baseline,llama,116,4,2,False,ok,4,False,exec_error: KeyError: 'account_id',,FA,FA,exec_error
llama_after_baseline,after,baseline,llama,117,0,0,False,ok,2,False,exec_error: KeyError: 'account_id',,FA,FA,exec_error
llama_after_baseline,after,baseline,llama,117,1,0,False,ok,2,False,exec_error: KeyError: 'client_id',,FA,FA,exec_error
llama_after_baseline,after,baseline,llama,117,2,0,False,ok,1,True,,False,FA,FA,semantic
llama_after_baseline,after,baseline,llama,117,3,0,False,ok,3,False,exec_error: KeyError: 'account_id',,FA,FA,exec_error
llama_after_baseline,after,baseline,llama,117,4,0,False,ok,4,False,exec_error: KeyError: 'client_id',,FA,FA,exec_error
llama_after_baseline,after,baseline,llama,118,0,0,False,ok,1,True,,False,FA,FA,semantic
llama_after_baseline,after,baseline,llama,118,1,0,False,ok,3,False,exec_error: KeyError: 'client_id',,FA,FA,exec_error
llama_after_baseline,after,baseline,llama,118,2,0,False,ok,1,False,exec_error: KeyError: 'issue',,FA,FA,exec_error
llama_after_baseline,after,baseline,llama,118,3,0,False,ok,1,True,,False,FA,FA,semantic
llama_after_baseline,after,baseline,llama,118,4,0,False,ok,3,False,exec_error: KeyError: 'account_id',,FA,FA,exec_error
llama_after_baseline,after,baseline,llama,119,0,1,False,ok,3,False,exec_error: KeyError: 'date',,FA,FA,exec_error
llama_after_baseline,after,baseline,llama,119,1,1,False,ok,3,False,exec_error: UnboundLocalError: cannot access local variable 'account' where it is not associated with a value,,FA,FA,exec_error
llama_after_baseline,after,baseline,llama,119,2,1,False,ok,4,False,exec_error: KeyError: 'disp_id',,FA,FA,exec_error
llama_after_baseline,after,baseline,llama,119,3,1,False,ok,3,False,exec_error: KeyError: 'date',,FA,FA,exec_error
llama_after_baseline,after,baseline,llama,119,4,1,False,ok,3,False,exec_error: KeyError: 'account_id',,FA,FA,exec_error
llama_after_baseline,after,baseline,llama,120,0,1,False,ok,4,False,exec_error: KeyError: 'account_id',,FA,FA,exec_error
llama_after_baseline,after,baseline,llama,120,1,1,False,ok,3,False,exec_error: UnboundLocalError: cannot access local variable 'account' where it is not associated with a value,,FA,FA,exec_error
llama_after_baseline,after,baseline,llama,120,2,1,False,ok,2,False,exec_error: UnboundLocalError: cannot access local variable 'account' where it is not associated with a value,,FA,FA,exec_error
llama_after_baseline,after,baseline,llama,120,3,1,False,ok,1,False,exec_error: ValueError: You are trying to merge on str and int64 columns for key 'column'. If you wish to proceed you should use pd.concat,,FA,FA,exec_error
llama_after_baseline,after,baseline,llama,120,4,1,False,ok,3,False,exec_error: TypeError: unsupported operand type(s) for &: 'DatetimeArray' and 'DatetimeArray',,FA,FA,exec_error
llama_after_baseline,after,baseline,llama,121,0,1,False,ok,5,False,exec_error: UnboundLocalError: cannot access local variable 'account' where it is not associated with a value,,FA,FA,exec_error
llama_after_baseline,after,baseline,llama,121,1,1,False,ok,2,False,exec_error: UnboundLocalError: cannot access local variable 'account' where it is not associated with a value,,FA,FA,exec_error
llama_after_baseline,after,baseline,llama,121,2,1,False,ok,2,False,exec_error: KeyError: 'client_id',,FA,FA,exec_error
llama_after_baseline,after,baseline,llama,121,3,1,False,ok,3,False,exec_error: KeyError: 'district_id',,FA,FA,exec_error
llama_after_baseline,after,baseline,llama,121,4,1,False,ok,1,False,exec_error: UnboundLocalError: cannot access local variable 'account' where it is not associated with a value,,FA,FA,exec_error
llama_after_baseline,after,baseline,llama,122,0,2,False,ok,2,False,exec_error: KeyError: 'account_id',,FA,FA,exec_error
llama_after_baseline,after,baseline,llama,122,1,2,False,ok,3,False,exec_error: KeyError: 'account_id',,FA,FA,exec_error
llama_after_baseline,after,baseline,llama,122,2,2,False,ok,2,False,exec_error: KeyError: 'account_id',,FA,FA,exec_error
llama_after_baseline,after,baseline,llama,122,3,2,False,parse_fail,0,,,,FA,FA,step1_parse_fail
llama_after_baseline,after,baseline,llama,122,4,2,False,ok,2,True,,False,FA,FA,semantic
llama_after_baseline,after,baseline,llama,123,0,2,False,ok,5,False,exec_error: KeyError: 'account_id',,FA,FA,exec_error
llama_after_baseline,after,baseline,llama,123,1,2,False,ok,3,False,exec_error: KeyError: 'client_id',,FA,FA,exec_error
llama_after_baseline,after,baseline,llama,123,2,2,False,ok,3,False,exec_error: KeyError: 'account_id',,FA,FA,exec_error
llama_after_baseline,after,baseline,llama,123,3,2,False,ok,3,False,exec_error: KeyError: 'account_id',,FA,FA,exec_error
llama_after_baseline,after,baseline,llama,123,4,2,False,ok,2,False,"exec_error: TypeError: can only concatenate str (not ""int"") to str",,FA,FA,exec_error
llama_after_baseline,after,baseline,llama,124,0,2,False,ok,2,False,exec_error: UnboundLocalError: cannot access local variable 'loan' where it is not associated with a value,,FA,FA,exec_error
llama_after_baseline,after,baseline,llama,124,1,2,False,ok,5,False,exec_error: UnboundLocalError: cannot access local variable 'loan' where it is not associated with a value,,FA,FA,exec_error
llama_after_baseline,after,baseline,llama,124,2,2,False,ok,3,False,exec_error: KeyError: 'account_id',,FA,FA,exec_error
llama_after_baseline,after,baseline,llama,124,3,2,False,ok,2,False,exec_error: UnboundLocalError: cannot access local variable 'loan' where it is not associated with a value,,FA,FA,exec_error
llama_after_baseline,after,baseline,llama,124,4,2,False,ok,2,False,exec_error: KeyError: 'account_id',,FA,FA,exec_error
llama_after_baseline,after,baseline,llama,125,0,2,False,ok,4,False,exec_error: KeyError: 'account_id',,FA,FA,exec_error
llama_after_baseline,after,baseline,llama,125,1,2,False,ok,3,False,exec_error: KeyError: 'balance',,FA,FA,exec_error
llama_after_baseline,after,baseline,llama,125,2,2,False,ok,9,False,exec_error: KeyError: 'district_id',,FA,FA,exec_error
llama_after_baseline,after,baseline,llama,125,3,2,False,ok,4,False,exec_error: KeyError: 'client_id',,FA,FA,exec_error
llama_after_baseline,after,baseline,llama,125,4,2,False,ok,4,False,exec_error: NameError: name 'A2' is not defined,,FA,FA,exec_error
llama_after_baseline,after,baseline,llama,126,0,1,False,ok,1,False,exec_error: UnboundLocalError: cannot access local variable 'account' where it is not associated with a value,,FA,FA,exec_error
llama_after_baseline,after,baseline,llama,126,1,1,False,ok,2,False,exec_error: UnboundLocalError: cannot access local variable 'account' where it is not associated with a value,,FA,FA,exec_error
llama_after_baseline,after,baseline,llama,126,2,1,False,ok,2,False,"exec_error: AttributeError: Can only use .str accessor with string values, not datetime64",,FA,FA,exec_error
llama_after_baseline,after,baseline,llama,126,3,1,False,ok,0,True,,True,AA,AA,success
llama_after_baseline,after,baseline,llama,126,4,1,False,ok,2,False,"exec_error: AttributeError: Can only use .str accessor with string values, not datetime64",,FA,FA,exec_error
llama_after_baseline,after,baseline,llama,127,0,0,False,ok,3,False,exec_error: KeyError: 'date',,FA,FA,exec_error
llama_after_baseline,after,baseline,llama,127,1,0,False,ok,2,False,exec_error: KeyError: 'disp_id',,FA,FA,exec_error
llama_after_baseline,after,baseline,llama,127,2,0,False,ok,1,False,exec_error: KeyError: 'frequency',,FA,FA,exec_error
llama_after_baseline,after,baseline,llama,127,3,0,False,ok,2,False,exec_error: KeyError: 'type_x',,FA,FA,exec_error
llama_after_baseline,after,baseline,llama,127,4,0,False,ok,1,False,exec_error: KeyError: 'disp_id',,FA,FA,exec_error
llama_after_baseline,after,baseline,llama,128,0,1,False,ok,2,True,,False,FA,FA,semantic
llama_after_baseline,after,baseline,llama,128,1,1,False,ok,1,True,,False,FA,FA,semantic
llama_after_baseline,after,baseline,llama,128,2,1,False,ok,2,False,exec_error: KeyError: 'district_id',,FA,FA,exec_error
llama_after_baseline,after,baseline,llama,128,3,1,False,ok,2,True,,False,FA,FA,semantic
llama_after_baseline,after,baseline,llama,128,4,1,False,ok,1,True,,False,FA,FA,semantic
llama_after_baseline,after,baseline,llama,129,0,2,False,parse_fail,0,,,,FA,FA,step1_parse_fail
llama_after_baseline,after,baseline,llama,129,1,2,False,ok,1,False,"exec_error: AttributeError: Can only use .str accessor with string values, not datetime64",,FA,AA,exec_error
llama_after_baseline,after,baseline,llama,129,2,2,False,ok,1,False,exec_error: KeyError: 'A2',,FA,AA,exec_error
llama_after_baseline,after,baseline,llama,129,3,2,False,ok,1,False,exec_error: UnboundLocalError: cannot access local variable 'trans' where it is not associated with a value,,FA,AA,exec_error
llama_after_baseline,after,baseline,llama,129,4,2,False,ok,1,True,,False,AA,AA,semantic
llama_after_baseline,after,baseline,llama,130,0,2,True,ok,0,False,exec_error: KeyError: 'client_id',,FA,AA,exec_error
llama_after_baseline,after,baseline,llama,130,1,2,True,ok,2,False,exec_error: KeyError: 'client_id',,FA,FA,exec_error
llama_after_baseline,after,baseline,llama,130,2,2,True,ok,3,False,exec_error: KeyError: 'account_id',,FA,FA,exec_error
llama_after_baseline,after,baseline,llama,130,3,2,True,ok,2,False,exec_error: KeyError: 'client_id',,FA,FA,exec_error
llama_after_baseline,after,baseline,llama,130,4,2,True,ok,2,False,exec_error: KeyError: 'client_id',,FA,FA,exec_error
llama_after_baseline,after,baseline,llama,131,0,2,False,ok,3,False,exec_error: UnboundLocalError: cannot access local variable 'loan' where it is not associated with a value,,FA,FA,exec_error
llama_after_baseline,after,baseline,llama,131,1,2,False,ok,7,False,exec_error: KeyError: 'client_id',,FA,FA,exec_error
llama_after_baseline,after,baseline,llama,131,2,2,False,ok,2,True,,False,FA,FA,semantic
llama_after_baseline,after,baseline,llama,131,3,2,False,ok,2,True,,False,FA,FA,semantic
llama_after_baseline,after,baseline,llama,131,4,2,False,ok,4,False,exec_error: UnboundLocalError: cannot access local variable 'loan' where it is not associated with a value,,FA,FA,exec_error
llama_after_baseline,after,baseline,llama,132,0,3,True,ok,1,True,,False,AA,AA,semantic
llama_after_baseline,after,baseline,llama,132,1,3,True,ok,7,False,exec_error: KeyError: 'client_id',,FA,FA,exec_error
llama_after_baseline,after,baseline,llama,132,2,3,True,ok,2,True,,False,AA,AA,semantic
llama_after_baseline,after,baseline,llama,132,3,3,True,ok,1,True,,False,AA,AA,semantic
llama_after_baseline,after,baseline,llama,132,4,3,True,ok,1,True,,False,AA,AA,semantic
llama_after_baseline,after,baseline,llama,133,0,0,False,ok,1,False,exec_error: KeyError: 'A2',,FA,FA,exec_error
llama_after_baseline,after,baseline,llama,133,1,0,False,ok,4,False,exec_error: KeyError: 'disp_id',,FA,FA,exec_error
llama_after_baseline,after,baseline,llama,133,2,0,False,ok,7,False,exec_error: TypeError: unsupported operand type(s) for /: 'str' and 'float',,FA,FA,exec_error
llama_after_baseline,after,baseline,llama,133,3,0,False,ok,3,False,exec_error: KeyError: 'district_id',,FA,FA,exec_error
llama_after_baseline,after,baseline,llama,133,4,0,False,ok,2,False,exec_error: KeyError: 'district_id',,FA,FA,exec_error
llama_after_baseline,after,baseline,llama,134,0,1,False,ok,20,False,exec_error: NameError: name 'crime' is not defined,,FA,FA,exec_error
llama_after_baseline,after,baseline,llama,134,1,1,False,ok,0,False,exec_error: KeyError: 'branch',,FA,AA,exec_error
llama_after_baseline,after,baseline,llama,134,2,1,False,ok,11,False,exec_error: KeyError: 'disp_id',,FA,FA,exec_error
llama_after_baseline,after,baseline,llama,134,3,1,False,ok,2,False,exec_error: KeyError: 'A2',,FA,FA,exec_error
llama_after_baseline,after,baseline,llama,134,4,1,False,ok,4,False,exec_error: NameError: name 'crime' is not defined,,FA,FA,exec_error
llama_after_baseline,after,baseline,llama,135,0,1,False,ok,3,False,exec_error: KeyError: 'card_id',,FA,FA,exec_error
llama_after_baseline,after,baseline,llama,135,1,1,False,ok,3,False,exec_error: KeyError: 'account_id',,FA,FA,exec_error
llama_after_baseline,after,baseline,llama,135,2,1,False,ok,2,True,,False,FA,FA,semantic
llama_after_baseline,after,baseline,llama,135,3,1,False,ok,2,True,,False,FA,FA,semantic
llama_after_baseline,after,baseline,llama,135,4,1,False,ok,7,False,exec_error: KeyError: 'type_x',,FA,FA,exec_error
llama_after_baseline,after,baseline,llama,136,0,1,False,ok,4,False,exec_error: UnboundLocalError: cannot access local variable 'loan' where it is not associated with a value,,FA,FA,exec_error
llama_after_baseline,after,baseline,llama,136,1,1,False,ok,7,False,exec_error: KeyError: 'account_id',,FA,FA,exec_error
llama_after_baseline,after,baseline,llama,136,2,1,False,ok,0,False,exec_error: UnboundLocalError: cannot access local variable 'loan' where it is not associated with a value,,FA,AA,exec_error
llama_after_baseline,after,baseline,llama,136,3,1,False,ok,6,False,exec_error: KeyError: 'account_id',,FA,FA,exec_error
llama_after_baseline,after,baseline,llama,136,4,1,False,ok,4,False,exec_error: UnboundLocalError: cannot access local variable 'loan' where it is not associated with a value,,FA,FA,exec_error
llama_after_baseline,after,baseline,llama,137,0,2,False,ok,2,False,exec_error: UnboundLocalError: cannot access local variable 'account' where it is not associated with a value,,FA,FA,exec_error
llama_after_baseline,after,baseline,llama,137,1,2,False,ok,4,False,exec_error: KeyError: 'client_id',,FA,FA,exec_error
llama_after_baseline,after,baseline,llama,137,2,2,False,ok,7,False,exec_error: UnboundLocalError: cannot access local variable 'account' where it is not associated with a value,,FA,FA,exec_error
llama_after_baseline,after,baseline,llama,137,3,2,False,ok,12,False,exec_error: KeyError: 'district_id',,FA,FA,exec_error
llama_after_baseline,after,baseline,llama,137,4,2,False,ok,5,False,exec_error: UnboundLocalError: cannot access local variable 'account' where it is not associated with a value,,FA,FA,exec_error
llama_after_baseline,after,baseline,llama,138,0,1,False,ok,1,True,,False,FA,FA,semantic
llama_after_baseline,after,baseline,llama,138,1,1,False,ok,2,False,exec_error: KeyError: 'account_id',,FA,FA,exec_error
llama_after_baseline,after,baseline,llama,138,2,1,False,ok,2,False,exec_error: ValueError: You are trying to merge on str and int64 columns for key 'A2'. If you wish to proceed you should use pd.concat,,FA,FA,exec_error
llama_after_baseline,after,baseline,llama,138,3,1,False,ok,4,False,exec_error: KeyError: 'date',,FA,FA,exec_error
llama_after_baseline,after,baseline,llama,138,4,1,False,ok,3,False,"exec_error: AttributeError: Can only use .str accessor with string values, not datetime64",,FA,FA,exec_error
llama_after_baseline,after,baseline,llama,139,0,1,True,ok,1,False,exec_error: KeyError: 'type',,FA,FA,exec_error
llama_after_baseline,after,baseline,llama,139,1,1,True,ok,1,True,,False,FA,FA,semantic
llama_after_baseline,after,baseline,llama,139,2,1,True,ok,1,False,exec_error: KeyError: 'type_x',,FA,FA,exec_error
llama_after_baseline,after,baseline,llama,139,3,1,True,ok,3,False,exec_error: UnboundLocalError: cannot access local variable 'card' where it is not associated with a value,,FA,FA,exec_error
llama_after_baseline,after,baseline,llama,139,4,1,True,ok,1,False,exec_error: UnboundLocalError: cannot access local variable 'card' where it is not associated with a value,,FA,FA,exec_error
llama_after_baseline,after,baseline,llama,140,0,1,False,ok,1,True,,True,SA,SA,success
llama_after_baseline,after,baseline,llama,140,1,1,False,ok,1,True,,False,FA,FA,semantic
llama_after_baseline,after,baseline,llama,140,2,1,False,ok,1,False,exec_error: KeyError: 'account_id',,FA,FA,exec_error
llama_after_baseline,after,baseline,llama,140,3,1,False,ok,1,False,exec_error: KeyError: 'account_id',,FA,FA,exec_error
llama_after_baseline,after,baseline,llama,140,4,1,False,ok,1,False,"exec_error: ValueError: Operands are not aligned. Do `left, right = left.align(right, axis=1)` before operating.",,FA,FA,exec_error
llama_after_baseline,after,baseline,llama,141,0,2,False,ok,3,False,exec_error: KeyError: 'account_id',,FA,FA,exec_error
llama_after_baseline,after,baseline,llama,141,1,2,False,ok,4,False,exec_error: KeyError: 'account_id',,FA,FA,exec_error
llama_after_baseline,after,baseline,llama,141,2,2,False,ok,3,False,exec_error: KeyError: 'account_id',,FA,FA,exec_error
llama_after_baseline,after,baseline,llama,141,3,2,False,ok,2,False,"exec_error: AttributeError: Can only use .str accessor with string values, not datetime64",,FA,FA,exec_error
llama_after_baseline,after,baseline,llama,141,4,2,False,ok,5,False,exec_error: KeyError: 'client_id',,FA,FA,exec_error
llama_after_baseline,after,baseline,llama,142,0,2,False,ok,2,False,exec_error: UnboundLocalError: cannot access local variable 'account' where it is not associated with a value,,FA,FA,exec_error
llama_after_baseline,after,baseline,llama,142,1,2,False,ok,6,False,exec_error: KeyError: 'district_id',,FA,FA,exec_error
llama_after_baseline,after,baseline,llama,142,2,2,False,ok,2,False,exec_error: FileNotFoundError: [Errno 2] No such file or directory: 'account.csv',,FA,FA,exec_error
llama_after_baseline,after,baseline,llama,142,3,2,False,ok,4,False,exec_error: KeyError: 'A2',,FA,FA,exec_error
llama_after_baseline,after,baseline,llama,142,4,2,False,ok,2,True,,False,FA,FA,semantic
llama_after_baseline,after,baseline,llama,143,0,1,True,ok,2,False,exec_error: KeyError: 'disp_id',,FA,FA,exec_error
llama_after_baseline,after,baseline,llama,143,1,1,True,ok,2,False,exec_error: KeyError: 'type',,FA,FA,exec_error
llama_after_baseline,after,baseline,llama,143,2,1,True,ok,1,False,exec_error: UnboundLocalError: cannot access local variable 'card' where it is not associated with a value,,FA,FA,exec_error
llama_after_baseline,after,baseline,llama,143,3,1,True,ok,2,False,exec_error: UnboundLocalError: cannot access local variable 'card' where it is not associated with a value,,FA,FA,exec_error
llama_after_baseline,after,baseline,llama,143,4,1,True,ok,4,False,exec_error: KeyError: 'account_id',,FA,FA,exec_error
llama_after_baseline,after,baseline,llama,144,0,3,True,ok,4,False,exec_error: KeyError: 'date',,FA,FA,exec_error
llama_after_baseline,after,baseline,llama,144,1,3,True,ok,3,False,exec_error: UnboundLocalError: cannot access local variable 'card' where it is not associated with a value,,FA,FA,exec_error
llama_after_baseline,after,baseline,llama,144,2,3,True,ok,1,False,exec_error: UnboundLocalError: cannot access local variable 'account' where it is not associated with a value,,FA,AA,exec_error
llama_after_baseline,after,baseline,llama,144,3,3,True,ok,3,False,exec_error: KeyError: 'type',,FA,FA,exec_error
llama_after_baseline,after,baseline,llama,144,4,3,True,ok,3,False,exec_error: KeyError: 'account_id',,FA,FA,exec_error
llama_after_baseline,after,baseline,llama,145,0,1,False,ok,4,False,"exec_error: AttributeError: Can only use .str accessor with string values, not datetime64",,FA,FA,exec_error
llama_after_baseline,after,baseline,llama,145,1,1,False,ok,1,False,exec_error: KeyError: 'account_id',,FA,FA,exec_error
llama_after_baseline,after,baseline,llama,145,2,1,False,ok,3,False,exec_error: KeyError: 'account_id',,FA,FA,exec_error
llama_after_baseline,after,baseline,llama,145,3,1,False,ok,1,False,"exec_error: AttributeError: Can only use .str accessor with string values, not datetime64",,FA,FA,exec_error
llama_after_baseline,after,baseline,llama,145,4,1,False,ok,1,False,exec_error: KeyError: 'account_id',,FA,FA,exec_error
llama_after_baseline,after,baseline,llama,146,0,3,True,ok,3,True,,False,FA,FA,semantic
llama_after_baseline,after,baseline,llama,146,1,3,True,ok,3,False,exec_error: KeyError: 'district_id',,FA,FA,exec_error
llama_after_baseline,after,baseline,llama,146,2,3,True,ok,3,False,exec_error: KeyError: 'client_id',,FA,FA,exec_error
llama_after_baseline,after,baseline,llama,146,3,3,True,ok,3,False,exec_error: KeyError: 'disp_id',,FA,FA,exec_error
llama_after_baseline,after,baseline,llama,146,4,3,True,ok,4,False,exec_error: KeyError: 'client_id',,FA,FA,exec_error
llama_after_baseline,after,baseline,llama,147,0,1,False,ok,3,False,exec_error: KeyError: 'account_id',,FA,FA,exec_error
llama_after_baseline,after,baseline,llama,147,1,1,False,ok,2,False,exec_error: KeyError: 'account_id',,FA,FA,exec_error
llama_after_baseline,after,baseline,llama,147,2,1,False,ok,2,True,,False,FA,FA,semantic
llama_after_baseline,after,baseline,llama,147,3,1,False,ok,2,False,exec_error: KeyError: 'account_id',,FA,FA,exec_error
llama_after_baseline,after,baseline,llama,147,4,1,False,ok,4,False,exec_error: UnboundLocalError: cannot access local variable 'client' where it is not associated with a value,,FA,FA,exec_error
llama_after_baseline,after,baseline,llama,148,0,2,True,ok,1,False,exec_error: UnboundLocalError: cannot access local variable 'district' where it is not associated with a value,,FA,AA,exec_error
llama_after_baseline,after,baseline,llama,148,1,2,True,ok,2,True,,False,FA,FA,semantic
llama_after_baseline,after,baseline,llama,148,2,2,True,ok,2,True,,False,FA,FA,semantic
llama_after_baseline,after,baseline,llama,148,3,2,True,parse_fail,0,,,,FA,FA,step1_parse_fail
llama_after_baseline,after,baseline,llama,148,4,2,True,ok,3,True,,False,FA,FA,semantic
llama_after_baseline,after,baseline,llama,149,0,2,True,ok,4,False,exec_error: KeyError: 'disp_id',,FA,FA,exec_error
llama_after_baseline,after,baseline,llama,149,1,2,True,ok,5,False,exec_error: KeyError: 'account_type',,FA,FA,exec_error
llama_after_baseline,after,baseline,llama,149,2,2,True,ok,3,False,"exec_error: TypeError: can only concatenate str (not ""int"") to str",,FA,FA,exec_error
llama_after_baseline,after,baseline,llama,149,3,2,True,ok,9,False,exec_error: KeyError: 'account_id',,FA,FA,exec_error
llama_after_baseline,after,baseline,llama,149,4,2,True,ok,7,False,exec_error: KeyError: 'client_id',,FA,FA,exec_error
llama_after_baseline,after,baseline,llama,150,0,2,False,ok,5,False,exec_error: UnboundLocalError: cannot access local variable 'district' where it is not associated with a value,,FA,FA,exec_error
llama_after_baseline,after,baseline,llama,150,1,2,False,ok,5,False,exec_error: KeyError: 'bank',,FA,FA,exec_error
llama_after_baseline,after,baseline,llama,150,2,2,False,ok,3,False,exec_error: KeyError: 'bank',,FA,FA,exec_error
llama_after_baseline,after,baseline,llama,150,3,2,False,ok,4,False,exec_error: KeyError: 'disp_id',,FA,FA,exec_error
llama_after_baseline,after,baseline,llama,150,4,2,False,ok,2,True,,False,FA,FA,semantic
llama_after_baseline,after,baseline,llama,151,0,2,False,ok,4,False,exec_error: KeyError: 'client_id',,FA,FA,exec_error
llama_after_baseline,after,baseline,llama,151,1,2,False,ok,2,True,,False,FA,FA,semantic
llama_after_baseline,after,baseline,llama,151,2,2,False,ok,2,False,exec_error: KeyError: 'account_id',,FA,FA,exec_error
llama_after_baseline,after,baseline,llama,151,3,2,False,ok,2,True,,False,FA,FA,semantic
llama_after_baseline,after,baseline,llama,151,4,2,False,ok,2,True,,False,FA,FA,semantic
llama_after_baseline,after,baseline,llama,152,0,1,False,ok,3,False,"exec_error: ValueError: If using all scalar values, you must pass an index",,FA,FA,exec_error
llama_after_baseline,after,baseline,llama,152,1,1,False,ok,3,False,exec_error: KeyError: 'A2',,FA,FA,exec_error
llama_after_baseline,after,baseline,llama,152,2,1,False,ok,10,False,"exec_error: ValueError: If using all scalar values, you must pass an index",,FA,FA,exec_error
llama_after_baseline,after,baseline,llama,152,3,1,False,ok,5,False,exec_error: TypeError: merge() got an unexpected keyword argument 'A2',,FA,FA,exec_error
llama_after_baseline,after,baseline,llama,152,4,1,False,ok,4,False,exec_error: KeyError: 'disp_id',,FA,FA,exec_error
llama_after_baseline,after,baseline,llama,153,0,1,True,ok,3,False,exec_error: KeyError: 'disp_id',,FA,FA,exec_error
llama_after_baseline,after,baseline,llama,153,1,1,True,ok,3,False,exec_error: UnboundLocalError: cannot access local variable 'card' where it is not associated with a value,,FA,FA,exec_error
llama_after_baseline,after,baseline,llama,153,2,1,True,ok,1,False,exec_error: UnboundLocalError: cannot access local variable 'card' where it is not associated with a value,,FA,FA,exec_error
llama_after_baseline,after,baseline,llama,153,3,1,True,ok,2,False,exec_error: KeyError: 'disp_id',,FA,FA,exec_error
llama_after_baseline,after,baseline,llama,153,4,1,True,ok,4,False,exec_error: UnboundLocalError: cannot access local variable 'card' where it is not associated with a value,,FA,FA,exec_error
llama_after_baseline,after,baseline,llama,154,0,1,False,ok,1,True,,False,FA,FA,semantic
llama_after_baseline,after,baseline,llama,154,1,1,False,ok,1,True,,False,FA,FA,semantic
llama_after_baseline,after,baseline,llama,154,2,1,False,ok,1,True,,False,FA,FA,semantic
llama_after_baseline,after,baseline,llama,154,3,1,False,ok,1,True,,True,SA,SA,success
llama_after_baseline,after,baseline,llama,154,4,1,False,ok,1,True,,False,FA,FA,semantic
llama_after_baseline,after,baseline,llama,155,0,0,False,ok,1,False,exec_error: ValueError: You are trying to merge on str and datetime64[us] columns for key 'issued'. If you wish to proceed you should use pd.concat,,FA,FA,exec_error
llama_after_baseline,after,baseline,llama,155,1,0,False,ok,1,False,exec_error: ValueError: You are trying to merge on str and datetime64[us] columns for key 'issued'. If you wish to proceed you should use pd.concat,,FA,FA,exec_error
llama_after_baseline,after,baseline,llama,155,2,0,False,ok,1,False,exec_error: ValueError: You are trying to merge on str and int64 columns for key 'issued'. If you wish to proceed you should use pd.concat,,FA,FA,exec_error
llama_after_baseline,after,baseline,llama,155,3,0,False,ok,1,False,exec_error: ValueError: You are trying to merge on str and int64 columns for key 'issued'. If you wish to proceed you should use pd.concat,,FA,FA,exec_error
llama_after_baseline,after,baseline,llama,155,4,0,False,ok,2,False,exec_error: KeyError: 'card_id',,FA,FA,exec_error
llama_after_baseline,after,baseline,llama,156,0,2,True,ok,3,True,,False,FA,FA,semantic
llama_after_baseline,after,baseline,llama,156,1,2,True,ok,7,False,exec_error: UnboundLocalError: cannot access local variable 'account' where it is not associated with a value,,FA,FA,exec_error
llama_after_baseline,after,baseline,llama,156,2,2,True,ok,3,False,exec_error: UnboundLocalError: cannot access local variable 'loan' where it is not associated with a value,,FA,FA,exec_error
llama_after_baseline,after,baseline,llama,156,3,2,True,ok,4,False,exec_error: KeyError: 'Column not found: _loan_amount',,FA,FA,exec_error
llama_after_baseline,after,baseline,llama,156,4,2,True,ok,3,False,exec_error: KeyError: 'account_id',,FA,FA,exec_error
llama_after_baseline,after,baseline,llama,157,0,1,False,ok,2,False,exec_error: KeyError: 'date',,FA,FA,exec_error
llama_after_baseline,after,baseline,llama,157,1,1,False,ok,4,False,exec_error: KeyError: 'disp_id',,FA,FA,exec_error
llama_after_baseline,after,baseline,llama,157,2,1,False,ok,3,False,exec_error: KeyError: 'district_id',,FA,FA,exec_error
llama_after_baseline,after,baseline,llama,157,3,1,False,ok,5,False,exec_error: KeyError: 'client_id',,FA,FA,exec_error
llama_after_baseline,after,baseline,llama,157,4,1,False,ok,2,False,exec_error: KeyError: 'account_id',,FA,FA,exec_error
llama_after_baseline,after,baseline,llama,158,0,2,False,ok,1,False,"exec_error: KeyError: ""['account_id_order'] not in index""",,FA,AA,exec_error
llama_after_baseline,after,baseline,llama,158,1,2,False,ok,4,False,exec_error: UnboundLocalError: cannot access local variable 'account' where it is not associated with a value,,FA,FA,exec_error
llama_after_baseline,after,baseline,llama,158,2,2,False,ok,3,False,"exec_error: KeyError: ""['district_id'] not in index""",,FA,FA,exec_error
llama_after_baseline,after,baseline,llama,158,3,2,False,ok,2,False,exec_error: UnboundLocalError: cannot access local variable 'account' where it is not associated with a value,,FA,FA,exec_error
llama_after_baseline,after,baseline,llama,158,4,2,False,ok,3,True,,False,FA,FA,semantic
llama_after_baseline,after,baseline,llama,159,0,3,True,ok,1,False,"exec_error: ValueError: Operands are not aligned. Do `left, right = left.align(right, axis=1)` before operating.",,FA,AA,exec_error
llama_after_baseline,after,baseline,llama,159,1,3,True,ok,2,False,exec_error: UnboundLocalError: cannot access local variable 'client' where it is not associated with a value,,FA,AA,exec_error
llama_after_baseline,after,baseline,llama,159,2,3,True,ok,11,False,exec_error: UnboundLocalError: cannot access local variable 'client' where it is not associated with a value,,FA,FA,exec_error
llama_after_baseline,after,baseline,llama,159,3,3,True,ok,4,False,"exec_error: ValueError: Operands are not aligned. Do `left, right = left.align(right, axis=1)` before operating.",,FA,FA,exec_error
llama_after_baseline,after,baseline,llama,159,4,3,True,ok,5,False,exec_error: TypeError: 'DataFrame' object is not callable,,FA,FA,exec_error
llama_after_baseline,after,baseline,llama,160,0,1,False,ok,3,True,,False,FA,FA,semantic
llama_after_baseline,after,baseline,llama,160,1,1,False,ok,1,False,exec_error: KeyError: 'disp_id',,FA,FA,exec_error
llama_after_baseline,after,baseline,llama,160,2,1,False,ok,6,False,exec_error: UnboundLocalError: cannot access local variable 'card' where it is not associated with a value,,FA,FA,exec_error
llama_after_baseline,after,baseline,llama,160,3,1,False,ok,2,False,exec_error: KeyError: 'disp_id',,FA,FA,exec_error
llama_after_baseline,after,baseline,llama,160,4,1,False,ok,7,False,exec_error: KeyError: 'disp_id',,FA,FA,exec_error
llama_after_baseline,after,baseline,llama,161,0,2,True,ok,4,False,"exec_error: ValueError: Operands are not aligned. Do `left, right = left.align(right, axis=1)` before operating.",,FA,FA,exec_error
llama_after_baseline,after,baseline,llama,161,1,2,True,ok,2,False,exec_error: KeyError: 'type',,FA,FA,exec_error
llama_after_baseline,after,baseline,llama,161,2,2,True,ok,2,False,exec_error: UnboundLocalError: cannot access local variable 'card' where it is not associated with a value,,FA,FA,exec_error
llama_after_baseline,after,baseline,llama,161,3,2,True,ok,2,False,exec_error: KeyError: 'client_id',,FA,FA,exec_error
llama_after_baseline,after,baseline,llama,161,4,2,True,ok,1,False,exec_error: KeyError: 'client_id',,FA,AA,exec_error
llama_after_baseline,after,baseline,llama,162,0,1,False,ok,1,False,exec_error: UnboundLocalError: cannot access local variable 'client' where it is not associated with a value,,FA,FA,exec_error
llama_after_baseline,after,baseline,llama,162,1,1,False,ok,1,False,exec_error: UnboundLocalError: cannot access local variable 'client' where it is not associated with a value,,FA,FA,exec_error
llama_after_baseline,after,baseline,llama,162,2,1,False,ok,1,False,exec_error: UnboundLocalError: cannot access local variable 'client' where it is not associated with a value,,FA,FA,exec_error
llama_after_baseline,after,baseline,llama,162,3,1,False,ok,1,False,exec_error: UnboundLocalError: cannot access local variable 'client' where it is not associated with a value,,FA,FA,exec_error
llama_after_baseline,after,baseline,llama,162,4,1,False,ok,1,False,exec_error: UnboundLocalError: cannot access local variable 'client' where it is not associated with a value,,FA,FA,exec_error
llama_after_baseline,after,baseline,llama,163,0,2,False,ok,4,False,exec_error: KeyError: '_loan.status',,FA,FA,exec_error
llama_after_baseline,after,baseline,llama,163,1,2,False,parse_fail,0,,,,FA,FA,step1_parse_fail
llama_after_baseline,after,baseline,llama,163,2,2,False,ok,4,False,exec_error: KeyError: 'account_id',,FA,FA,exec_error
llama_after_baseline,after,baseline,llama,163,3,2,False,ok,2,False,"exec_error: KeyError: ""['count'] not in index""",,FA,FA,exec_error
llama_after_baseline,after,baseline,llama,163,4,2,False,parse_fail,0,,,,FA,FA,step1_parse_fail
llama_after_baseline,after,baseline,llama,164,0,3,True,concat_only,0,,,,FA,FA,step1_concat_only
llama_after_baseline,after,baseline,llama,164,1,3,True,ok,4,False,exec_error: UnboundLocalError: cannot access local variable 'order' where it is not associated with a value,,FA,FA,exec_error
llama_after_baseline,after,baseline,llama,164,2,3,True,ok,9,False,exec_error: UnboundLocalError: cannot access local variable 'order' where it is not associated with a value,,FA,FA,exec_error
llama_after_baseline,after,baseline,llama,164,3,3,True,ok,10,False,exec_error: UnboundLocalError: cannot access local variable 'order' where it is not associated with a value,,FA,FA,exec_error
llama_after_baseline,after,baseline,llama,164,4,3,True,parse_fail,0,,,,FA,FA,step1_parse_fail
llama_after_baseline,after,baseline,llama,165,0,2,False,ok,2,True,,False,FA,FA,semantic
llama_after_baseline,after,baseline,llama,165,1,2,False,ok,2,True,,False,FA,FA,semantic
llama_after_baseline,after,baseline,llama,165,2,2,False,ok,2,True,,False,FA,FA,semantic
llama_after_baseline,after,baseline,llama,165,3,2,False,ok,2,True,,False,FA,FA,semantic
llama_after_baseline,after,baseline,llama,165,4,2,False,ok,3,False,exec_error: UnboundLocalError: cannot access local variable 'account' where it is not associated with a value,,FA,FA,exec_error
llama_after_baseline,after,baseline,llama,166,0,1,False,ok,1,False,exec_error: UnboundLocalError: cannot access local variable 'account' where it is not associated with a value,,FA,FA,exec_error
llama_after_baseline,after,baseline,llama,166,1,1,False,ok,1,False,exec_error: UnboundLocalError: cannot access local variable 'account' where it is not associated with a value,,FA,FA,exec_error
llama_after_baseline,after,baseline,llama,166,2,1,False,ok,1,True,,False,FA,FA,semantic
llama_after_baseline,after,baseline,llama,166,3,1,False,ok,1,True,,True,SA,SA,success
llama_after_baseline,after,baseline,llama,166,4,1,False,ok,1,True,,True,SA,SA,success
llama_after_baseline,after,baseline,llama,167,0,1,True,ok,1,False,exec_error: ValueError: invalid literal for int() with base 10: '1995-04-24',,FA,FA,exec_error
llama_after_baseline,after,baseline,llama,167,1,1,True,ok,3,False,exec_error: KeyError: 'client_id',,FA,FA,exec_error
llama_after_baseline,after,baseline,llama,167,2,1,True,ok,2,False,exec_error: KeyError: 'card_id',,FA,FA,exec_error
llama_after_baseline,after,baseline,llama,167,3,1,True,ok,3,False,exec_error: KeyError: 'client_id',,FA,FA,exec_error
llama_after_baseline,after,baseline,llama,167,4,1,True,ok,2,False,exec_error: KeyError: 'client_id',,FA,FA,exec_error
llama_after_baseline,after,baseline,llama,168,0,1,False,ok,2,False,exec_error: KeyError: 'client_id',,FA,FA,exec_error
llama_after_baseline,after,baseline,llama,168,1,1,False,ok,3,False,exec_error: KeyError: 'client_id',,FA,FA,exec_error
llama_after_baseline,after,baseline,llama,168,2,1,False,ok,3,False,exec_error: KeyError: 'client_id',,FA,FA,exec_error
llama_after_baseline,after,baseline,llama,168,3,1,False,ok,3,False,exec_error: KeyError: 'client_id',,FA,FA,exec_error
llama_after_baseline,after,baseline,llama,168,4,1,False,ok,3,False,exec_error: KeyError: 'client_id',,FA,FA,exec_error
llama_after_baseline,after,baseline,llama,169,0,3,True,ok,2,False,exec_error: KeyError: 'client_id',,FA,AA,exec_error
llama_after_baseline,after,baseline,llama,169,1,3,True,ok,2,False,exec_error: UnboundLocalError: cannot access local variable 'client' where it is not associated with a value,,FA,AA,exec_error
llama_after_baseline,after,baseline,llama,169,2,3,True,ok,3,True,,False,FA,FA,semantic
llama_after_baseline,after,baseline,llama,169,3,3,True,ok,2,False,exec_error: UnboundLocalError: cannot access local variable 'client' where it is not associated with a value,,FA,AA,exec_error
llama_after_baseline,after,baseline,llama,169,4,3,True,ok,0,False,exec_error: UnboundLocalError: cannot access local variable 'client' where it is not associated with a value,,FA,AA,exec_error
llama_after_baseline,after,baseline,llama,170,0,0,False,ok,1,False,exec_error: KeyError: 'type',,FA,FA,exec_error
llama_after_baseline,after,baseline,llama,170,1,0,False,ok,1,False,exec_error: KeyError: 'type',,FA,FA,exec_error
llama_after_baseline,after,baseline,llama,170,2,0,False,ok,1,False,exec_error: KeyError: 'card_id',,FA,FA,exec_error
llama_after_baseline,after,baseline,llama,170,3,0,False,ok,2,False,exec_error: KeyError: 'account_id',,FA,FA,exec_error
llama_after_baseline,after,baseline,llama,170,4,0,False,ok,1,False,exec_error: KeyError: 'account_id',,FA,FA,exec_error
llama_after_baseline,after,baseline,llama,171,0,0,False,ok,3,False,exec_error: TypeError: Series.rename() got an unexpected keyword argument 'columns',,FA,FA,exec_error
llama_after_baseline,after,baseline,llama,171,1,0,False,parse_fail,0,,,,FA,FA,step1_parse_fail
llama_after_baseline,after,baseline,llama,171,2,0,False,ok,2,False,"exec_error: ValueError: Operands are not aligned. Do `left, right = left.align(right, axis=1)` before operating.",,FA,FA,exec_error
llama_after_baseline,after,baseline,llama,171,3,0,False,ok,1,False,exec_error: KeyError: 'crime_id',,FA,FA,exec_error
llama_after_baseline,after,baseline,llama,171,4,0,False,ok,2,False,exec_error: KeyError: 'district_id',,FA,FA,exec_error
llama_after_baseline,after,baseline,llama,172,0,0,True,ok,3,False,exec_error: KeyError: 'district_id',,FA,FA,exec_error
llama_after_baseline,after,baseline,llama,172,1,0,True,ok,2,False,exec_error: KeyError: 'type',,FA,FA,exec_error
llama_after_baseline,after,baseline,llama,172,2,0,True,ok,4,False,exec_error: KeyError: 'type_x',,FA,FA,exec_error
llama_after_baseline,after,baseline,llama,172,3,0,True,ok,3,False,exec_error: KeyError: 'disp_id',,FA,FA,exec_error
llama_after_baseline,after,baseline,llama,172,4,0,True,ok,1,False,exec_error: TypeError: unsupported operand type(s) for |: 'str' and 'StringArray',,FA,FA,exec_error
llama_after_baseline,after,baseline,llama,173,0,1,False,ok,1,False,exec_error: KeyError: 'amount',,FA,FA,exec_error
llama_after_baseline,after,baseline,llama,173,1,1,False,ok,11,False,exec_error: KeyError: 'card_id',,FA,FA,exec_error
llama_after_baseline,after,baseline,llama,173,2,1,False,ok,3,False,"exec_error: KeyError: ""['count'] not in index""",,FA,FA,exec_error
llama_after_baseline,after,baseline,llama,173,3,1,False,ok,2,True,,False,FA,FA,semantic
llama_after_baseline,after,baseline,llama,173,4,1,False,ok,4,False,exec_error: KeyError: 'amount',,FA,FA,exec_error
llama_after_baseline,after,baseline,llama,174,0,2,True,ok,1,False,exec_error: KeyError: 'account_id',,FA,AA,exec_error
llama_after_baseline,after,baseline,llama,174,1,2,True,ok,1,False,exec_error: UnboundLocalError: cannot access local variable 'account' where it is not associated with a value,,FA,AA,exec_error
llama_after_baseline,after,baseline,llama,174,2,2,True,ok,1,True,,False,AA,AA,semantic
llama_after_baseline,after,baseline,llama,174,3,2,True,ok,1,False,exec_error: KeyError: 'account_id',,FA,AA,exec_error
llama_after_baseline,after,baseline,llama,174,4,2,True,ok,1,True,,False,AA,AA,semantic
llama_after_baseline,after,baseline,llama,175,0,1,True,ok,1,False,exec_error: KeyError: 'type_x',,FA,FA,exec_error
llama_after_baseline,after,baseline,llama,175,1,1,True,ok,1,False,exec_error: KeyError: 'type_x',,FA,FA,exec_error
llama_after_baseline,after,baseline,llama,175,2,1,True,ok,3,True,,False,FA,FA,semantic
llama_after_baseline,after,baseline,llama,175,3,1,True,ok,1,True,,False,FA,FA,semantic
llama_after_baseline,after,baseline,llama,175,4,1,True,ok,1,False,exec_error: AttributeError: 'DataFrame' object has no attribute 'account_id',,FA,FA,exec_error
llama_after_baseline,after,baseline,llama,176,0,3,True,ok,4,False,exec_error: KeyError: 'client_id',,FA,FA,exec_error
llama_after_baseline,after,baseline,llama,176,1,3,True,ok,0,False,exec_error: UnboundLocalError: cannot access local variable 'loan' where it is not associated with a value,,FA,AA,exec_error
llama_after_baseline,after,baseline,llama,176,2,3,True,ok,2,False,exec_error: TypeError: 'DataFrame' object is not callable,,FA,AA,exec_error
llama_after_baseline,after,baseline,llama,176,3,3,True,ok,0,False,exec_error: UnboundLocalError: cannot access local variable 'client' where it is not associated with a value,,FA,AA,exec_error
llama_after_baseline,after,baseline,llama,176,4,3,True,ok,2,False,exec_error: KeyError: 'client_id',,FA,AA,exec_error
llama_after_baseline,after,baseline,llama,177,0,3,True,ok,24,False,exec_error: KeyError: 'client_id',,FA,FA,exec_error
llama_after_baseline,after,baseline,llama,177,1,3,True,ok,3,False,exec_error: KeyError: 'client_id',,FA,FA,exec_error
llama_after_baseline,after,baseline,llama,177,2,3,True,ok,6,False,exec_error: KeyError: 'client_id',,FA,FA,exec_error
llama_after_baseline,after,baseline,llama,177,3,3,True,ok,4,False,exec_error: KeyError: 'account_id',,FA,FA,exec_error
llama_after_baseline,after,baseline,llama,177,4,3,True,ok,3,False,exec_error: KeyError: 'account_id',,FA,FA,exec_error
llama_after_baseline,after,baseline,llama,178,0,2,True,ok,2,False,exec_error: UnboundLocalError: cannot access local variable 'client' where it is not associated with a value,,FA,FA,exec_error
llama_after_baseline,after,baseline,llama,178,1,2,True,ok,5,False,exec_error: UnboundLocalError: cannot access local variable 'client' where it is not associated with a value,,FA,FA,exec_error
llama_after_baseline,after,baseline,llama,178,2,2,True,ok,27,False,exec_error: KeyError: 'client_id',,FA,FA,exec_error
llama_after_baseline,after,baseline,llama,178,3,2,True,ok,1,False,exec_error: UnboundLocalError: cannot access local variable 'card' where it is not associated with a value,,FA,AA,exec_error
llama_after_baseline,after,baseline,llama,178,4,2,True,ok,2,False,"exec_error: KeyError: ""['type'] not in index""",,FA,FA,exec_error
llama_after_baseline,after,baseline,llama,179,0,3,True,ok,2,False,exec_error: KeyError: 'date',,FA,AA,exec_error
llama_after_baseline,after,baseline,llama,179,1,3,True,ok,2,False,"exec_error: ValueError: Operands are not aligned. Do `left, right = left.align(right, axis=1)` before operating.",,FA,AA,exec_error
llama_after_baseline,after,baseline,llama,179,2,3,True,ok,2,False,exec_error: KeyError: 'account_id',,FA,AA,exec_error
llama_after_baseline,after,baseline,llama,179,3,3,True,ok,2,False,exec_error: KeyError: 'account_id',,FA,AA,exec_error
llama_after_baseline,after,baseline,llama,179,4,3,True,ok,2,False,exec_error: KeyError: 'account_id',,FA,AA,exec_error
llama_after_baseline,after,baseline,llama,180,0,2,True,ok,2,False,exec_error: KeyError: 'district_id',,FA,FA,exec_error
llama_after_baseline,after,baseline,llama,180,1,2,True,ok,2,False,exec_error: KeyError: 'district_id',,FA,FA,exec_error
llama_after_baseline,after,baseline,llama,180,2,2,True,ok,2,False,exec_error: KeyError: 'account_id',,FA,FA,exec_error
llama_after_baseline,after,baseline,llama,180,3,2,True,ok,2,False,exec_error: KeyError: 'district_id',,FA,FA,exec_error
llama_after_baseline,after,baseline,llama,180,4,2,True,ok,2,False,exec_error: KeyError: 'account_id',,FA,FA,exec_error
llama_after_baseline,after,baseline,llama,181,0,2,True,ok,2,False,"exec_error: KeyError: ""None of [Index(['client_id'], dtype='str')] are in the [columns]""",,FA,FA,exec_error
llama_after_baseline,after,baseline,llama,181,1,2,True,ok,2,True,,False,FA,FA,semantic
llama_after_baseline,after,baseline,llama,181,2,2,True,ok,1,True,,False,AA,AA,semantic
llama_after_baseline,after,baseline,llama,181,3,2,True,ok,2,False,exec_error: KeyError: 'client_id',,FA,FA,exec_error
llama_after_baseline,after,baseline,llama,181,4,2,True,ok,2,False,exec_error: KeyError: 'rank',,FA,FA,exec_error
llama_after_baseline,after,baseline,llama,182,0,3,True,ok,5,False,exec_error: KeyError: 'order_id',,FA,FA,exec_error
llama_after_baseline,after,baseline,llama,182,1,3,True,ok,4,True,,False,FA,FA,semantic
llama_after_baseline,after,baseline,llama,182,2,3,True,ok,5,False,exec_error: KeyError: 'account_id',,FA,FA,exec_error
llama_after_baseline,after,baseline,llama,182,3,3,True,ok,5,False,"exec_error: MergeError: Passing 'suffixes' which cause duplicate columns {'date_x', 'date_y'} is not allowed.",,FA,FA,exec_error
llama_after_baseline,after,baseline,llama,182,4,3,True,ok,5,True,,False,FA,FA,semantic
llama_after_baseline,after,baseline,llama,183,0,1,False,ok,2,False,exec_error: KeyError: 'disp_id',,FA,FA,exec_error
llama_after_baseline,after,baseline,llama,183,1,1,False,ok,2,False,exec_error: KeyError: 'date',,FA,FA,exec_error
llama_after_baseline,after,baseline,llama,183,2,1,False,ok,2,False,exec_error: KeyError: 'date',,FA,FA,exec_error
llama_after_baseline,after,baseline,llama,183,3,1,False,ok,2,False,exec_error: NameError: name 'accounts' is not defined,,FA,FA,exec_error
llama_after_baseline,after,baseline,llama,183,4,1,False,parse_fail,0,,,,FA,FA,step1_parse_fail
llama_after_baseline,after,baseline,llama,184,0,2,True,ok,2,False,exec_error: KeyError: 'client_id',,FA,FA,exec_error
llama_after_baseline,after,baseline,llama,184,1,2,True,ok,3,False,exec_error: UnboundLocalError: cannot access local variable 'client' where it is not associated with a value,,FA,FA,exec_error
llama_after_baseline,after,baseline,llama,184,2,2,True,ok,1,False,exec_error: KeyError: 'disp_id',,FA,AA,exec_error
llama_after_baseline,after,baseline,llama,184,3,2,True,ok,1,False,exec_error: KeyError: 'client_id',,FA,AA,exec_error
llama_after_baseline,after,baseline,llama,184,4,2,True,ok,2,False,exec_error: KeyError: 'client_id',,FA,FA,exec_error
llama_after_baseline,after,baseline,llama,185,0,1,False,ok,2,False,exec_error: KeyError: 'district_id',,FA,FA,exec_error
llama_after_baseline,after,baseline,llama,185,1,1,False,ok,3,False,exec_error: KeyError: 'account_id',,FA,FA,exec_error
llama_after_baseline,after,baseline,llama,185,2,1,False,ok,2,False,exec_error: KeyError: 'client_id',,FA,FA,exec_error
llama_after_baseline,after,baseline,llama,185,3,1,False,ok,3,False,exec_error: KeyError: 'district_id',,FA,FA,exec_error
llama_after_baseline,after,baseline,llama,185,4,1,False,ok,2,False,exec_error: KeyError: 'client_id',,FA,FA,exec_error
llama_after_baseline,after,baseline,llama,186,0,2,True,ok,7,False,exec_error: KeyError: 'client_id',,FA,FA,exec_error
llama_after_baseline,after,baseline,llama,186,1,2,True,ok,8,False,exec_error: KeyError: 'client_id',,FA,FA,exec_error
llama_after_baseline,after,baseline,llama,186,2,2,True,ok,7,False,exec_error: KeyError: 'client_id',,FA,FA,exec_error
llama_after_baseline,after,baseline,llama,186,3,2,True,ok,5,False,exec_error: KeyError: 'disp_id',,FA,FA,exec_error
llama_after_baseline,after,baseline,llama,186,4,2,True,ok,2,False,exec_error: KeyError: 'disp_id',,FA,FA,exec_error
llama_after_baseline,after,baseline,llama,187,0,1,True,ok,2,False,exec_error: KeyError: 'frequency',,FA,FA,exec_error
llama_after_baseline,after,baseline,llama,187,1,1,True,ok,1,False,exec_error: KeyError: 'client_id',,FA,FA,exec_error
llama_after_baseline,after,baseline,llama,187,2,1,True,ok,4,False,exec_error: UnboundLocalError: cannot access local variable 'client' where it is not associated with a value,,FA,FA,exec_error
llama_after_baseline,after,baseline,llama,187,3,1,True,ok,7,False,exec_error: KeyError: 'client_id',,FA,FA,exec_error
llama_after_baseline,after,baseline,llama,187,4,1,True,ok,2,False,exec_error: KeyError: 'type',,FA,FA,exec_error
llama_after_baseline,after,baseline,llama,188,0,1,False,ok,4,False,exec_error: KeyError: 'disp_id',,FA,FA,exec_error
llama_after_baseline,after,baseline,llama,188,1,1,False,ok,1,False,exec_error: TypeError: unsupported operand type(s) for +: 'Timestamp' and 'str',,FA,FA,exec_error
llama_after_baseline,after,baseline,llama,188,2,1,False,ok,2,False,exec_error: UnboundLocalError: cannot access local variable 'loan' where it is not associated with a value,,FA,FA,exec_error
llama_after_baseline,after,baseline,llama,188,3,1,False,ok,3,False,exec_error: UnboundLocalError: cannot access local variable 'loan' where it is not associated with a value,,FA,FA,exec_error
llama_after_baseline,after,baseline,llama,188,4,1,False,ok,5,False,exec_error: KeyError: 'disp_id',,FA,FA,exec_error
llama_after_baseline,after,baseline,llama,189,0,2,True,ok,2,False,exec_error: TypeError: Cannot perform reduction 'mean' with string dtype,,FA,FA,exec_error
llama_after_baseline,after,baseline,llama,189,1,2,True,ok,2,False,"exec_error: TypeError: can only concatenate str (not ""int"") to str",,FA,FA,exec_error
llama_after_baseline,after,baseline,llama,189,2,2,True,ok,1,False,"exec_error: TypeError: can only concatenate str (not ""int"") to str",,FA,AA,exec_error
llama_after_baseline,after,baseline,llama,189,3,2,True,ok,2,False,exec_error: TypeError: unsupported operand type(s) for /: 'int' and 'str',,FA,FA,exec_error
llama_after_baseline,after,baseline,llama,189,4,2,True,ok,3,False,"exec_error: TypeError: can only concatenate str (not ""int"") to str",,FA,FA,exec_error
llama_after_baseline,after,baseline,llama,190,0,1,False,ok,1,True,,False,FA,FA,semantic
llama_after_baseline,after,baseline,llama,190,1,1,False,ok,1,False,exec_error: KeyError: 'birth_year',,FA,FA,exec_error
llama_after_baseline,after,baseline,llama,190,2,1,False,ok,1,True,,False,FA,FA,semantic
llama_after_baseline,after,baseline,llama,190,3,1,False,ok,2,True,,False,FA,FA,semantic
llama_after_baseline,after,baseline,llama,190,4,1,False,ok,1,True,,False,FA,FA,semantic
llama_after_baseline,after,baseline,llama,191,0,1,False,ok,2,False,exec_error: UnboundLocalError: cannot access local variable 'loan' where it is not associated with a value,,FA,FA,exec_error
llama_after_baseline,after,baseline,llama,191,1,1,False,ok,2,False,exec_error: UnboundLocalError: cannot access local variable 'loan' where it is not associated with a value,,FA,FA,exec_error
llama_after_baseline,after,baseline,llama,191,2,1,False,ok,1,False,exec_error: UnboundLocalError: cannot access local variable 'loan' where it is not associated with a value,,FA,FA,exec_error
llama_after_baseline,after,baseline,llama,191,3,1,False,ok,5,False,exec_error: KeyError: 'disp_id',,FA,FA,exec_error
llama_after_baseline,after,baseline,llama,191,4,1,False,ok,5,False,exec_error: KeyError: 'disp_id',,FA,FA,exec_error
llama_after_baseline,after,baseline,llama,192,0,1,False,ok,3,False,exec_error: UnboundLocalError: cannot access local variable 'loan' where it is not associated with a value,,FA,FA,exec_error
llama_after_baseline,after,baseline,llama,192,1,1,False,ok,7,False,exec_error: KeyError: 'card_id',,FA,FA,exec_error
llama_after_baseline,after,baseline,llama,192,2,1,False,ok,8,False,exec_error: KeyError: 'client_id',,FA,FA,exec_error
llama_after_baseline,after,baseline,llama,192,3,1,False,ok,2,False,exec_error: KeyError: 'loan_id',,FA,FA,exec_error
llama_after_baseline,after,baseline,llama,192,4,1,False,ok,2,False,exec_error: KeyError: 'type',,FA,FA,exec_error
llama_after_baseline,after,baseline,llama,193,0,2,True,ok,4,False,exec_error: KeyError: 'type_x',,FA,FA,exec_error
llama_after_baseline,after,baseline,llama,193,1,2,True,ok,4,False,exec_error: KeyError: 'status_y',,FA,FA,exec_error
llama_after_baseline,after,baseline,llama,193,2,2,True,ok,6,False,exec_error: KeyError: 'disp_id',,FA,FA,exec_error
llama_after_baseline,after,baseline,llama,193,3,2,True,ok,2,False,exec_error: KeyError: 'district_id',,FA,FA,exec_error
llama_after_baseline,after,baseline,llama,193,4,2,True,ok,2,False,exec_error: KeyError: 'district_id',,FA,FA,exec_error
llama_after_baseline,after,baseline,llama,194,0,2,True,ok,2,False,exec_error: KeyError: 'client_id',,FA,FA,exec_error
llama_after_baseline,after,baseline,llama,194,1,2,True,ok,2,False,exec_error: KeyError: 'client_id',,FA,FA,exec_error
llama_after_baseline,after,baseline,llama,194,2,2,True,ok,8,False,exec_error: UnboundLocalError: cannot access local variable 'client' where it is not associated with a value,,FA,FA,exec_error
llama_after_baseline,after,baseline,llama,194,3,2,True,ok,4,False,exec_error: KeyError: 'client_id',,FA,FA,exec_error
llama_after_baseline,after,baseline,llama,194,4,2,True,ok,4,False,exec_error: KeyError: 'client_id',,FA,FA,exec_error
llama_after_uniform,after,uniform,llama,89,0,1,False,ok,2,False,exec_error: FileNotFoundError: [Errno 2] No such file or directory: 'district.csv',,FA,FA,exec_error
llama_after_uniform,after,uniform,llama,89,1,1,False,ok,2,False,exec_error: IndexError: index 0 is out of bounds for axis 0 with size 0,,FA,FA,exec_error
llama_after_uniform,after,uniform,llama,89,2,1,False,parse_fail,0,,,,FA,FA,step1_parse_fail
llama_after_uniform,after,uniform,llama,89,3,1,False,ok,2,False,exec_error: KeyError: 'issue',,FA,FA,exec_error
llama_after_uniform,after,uniform,llama,89,4,1,False,ok,2,False,exec_error: KeyError: 'issuance_after_transaction',,FA,FA,exec_error
llama_after_uniform,after,uniform,llama,90,0,2,False,parse_fail,0,,,,FA,FA,step1_parse_fail
llama_after_uniform,after,uniform,llama,90,1,2,False,ok,1,True,,False,AA,AA,semantic
llama_after_uniform,after,uniform,llama,90,2,2,False,ok,2,False,exec_error: KeyError: 'region',,FA,FA,exec_error
llama_after_uniform,after,uniform,llama,90,3,2,False,ok,1,True,,False,AA,AA,semantic
llama_after_uniform,after,uniform,llama,90,4,2,False,ok,2,False,exec_error: FileNotFoundError: [Errno 2] No such file or directory: 'account.csv',,FA,FA,exec_error
llama_after_uniform,after,uniform,llama,91,0,0,False,ok,1,True,,False,FA,FA,semantic
llama_after_uniform,after,uniform,llama,91,1,0,False,ok,2,False,exec_error: TypeError: unsupported operand type(s) for /: 'str' and 'str',,FA,FA,exec_error
llama_after_uniform,after,uniform,llama,91,2,0,False,ok,1,False,exec_error: TypeError: unsupported operand type(s) for /: 'str' and 'str',,FA,FA,exec_error
llama_after_uniform,after,uniform,llama,91,3,0,False,ok,1,False,exec_error: TypeError: unsupported operand type(s) for /: 'str' and 'str',,FA,FA,exec_error
llama_after_uniform,after,uniform,llama,91,4,0,False,ok,1,False,"exec_error: IndexError: Too many levels: Index has only 1 level, not 2",,FA,FA,exec_error
llama_after_uniform,after,uniform,llama,92,0,1,False,ok,1,False,"exec_error: TypeError: can only concatenate str (not ""int"") to str",,FA,FA,exec_error
llama_after_uniform,after,uniform,llama,92,1,1,False,ok,1,False,"exec_error: TypeError: Invalid value '<StringArray>
[]
Length: 0, dtype: str' for dtype 'int64'",,FA,FA,exec_error
llama_after_uniform,after,uniform,llama,92,2,1,False,ok,1,False,"exec_error: TypeError: can only concatenate str (not ""int"") to str",,FA,FA,exec_error
llama_after_uniform,after,uniform,llama,92,3,1,False,ok,1,True,,False,FA,FA,semantic
llama_after_uniform,after,uniform,llama,92,4,1,False,ok,2,False,exec_error: ValueError: You are trying to merge on int64 and str columns for key 'client_id'. If you wish to proceed you should use pd.concat,,FA,FA,exec_error
llama_after_uniform,after,uniform,llama,93,0,1,False,ok,1,True,,False,FA,FA,semantic
llama_after_uniform,after,uniform,llama,93,1,1,False,ok,1,False,exec_error: TypeError: Cannot perform reduction 'mean' with string dtype,,FA,FA,exec_error
llama_after_uniform,after,uniform,llama,93,2,1,False,ok,2,False,exec_error: ValueError: You are trying to merge on str and int64 columns for key 'A2'. If you wish to proceed you should use pd.concat,,FA,FA,exec_error
llama_after_uniform,after,uniform,llama,93,3,1,False,ok,1,True,,False,FA,FA,semantic
llama_after_uniform,after,uniform,llama,93,4,1,False,ok,1,True,,False,FA,FA,semantic
llama_after_uniform,after,uniform,llama,94,0,3,True,ok,1,False,"exec_error: TypeError: can only concatenate str (not ""int"") to str",,FA,AA,exec_error
llama_after_uniform,after,uniform,llama,94,1,3,True,ok,1,False,"exec_error: TypeError: can only concatenate str (not ""int"") to str",,FA,AA,exec_error
llama_after_uniform,after,uniform,llama,94,2,3,True,ok,2,False,exec_error: KeyError: 'average_salary_frequency',,FA,AA,exec_error
llama_after_uniform,after,uniform,llama,94,3,3,True,ok,1,False,"exec_error: TypeError: can only concatenate str (not ""int"") to str",,FA,AA,exec_error
llama_after_uniform,after,uniform,llama,94,4,3,True,ok,6,False,"exec_error: TypeError: can only concatenate str (not ""int"") to str",,FA,FA,exec_error
llama_after_uniform,after,uniform,llama,95,0,3,True,ok,2,False,exec_error: KeyError: 'client_id',,FA,AA,exec_error
llama_after_uniform,after,uniform,llama,95,1,3,True,ok,2,False,exec_error: KeyError: 'salary',,FA,AA,exec_error
llama_after_uniform,after,uniform,llama,95,2,3,True,ok,1,False,exec_error: AttributeError: 'numpy.int64' object has no attribute 'to_frame',,FA,AA,exec_error
llama_after_uniform,after,uniform,llama,95,3,3,True,ok,1,False,exec_error: KeyError: 'Column not found: salary',,FA,AA,exec_error
llama_after_uniform,after,uniform,llama,95,4,3,True,ok,2,False,exec_error: KeyError: 'amount',,FA,AA,exec_error
llama_after_uniform,after,uniform,llama,96,0,1,True,ok,3,False,exec_error: KeyError: 'type',,FA,FA,exec_error
llama_after_uniform,after,uniform,llama,96,1,1,True,ok,1,True,,False,FA,FA,semantic
llama_after_uniform,after,uniform,llama,96,2,1,True,ok,3,False,exec_error: KeyError: 'account_id',,FA,FA,exec_error
llama_after_uniform,after,uniform,llama,96,3,1,True,ok,1,True,,False,FA,FA,semantic
llama_after_uniform,after,uniform,llama,96,4,1,True,ok,1,True,,False,FA,FA,semantic
llama_after_uniform,after,uniform,llama,97,0,1,True,ok,2,False,exec_error: KeyError: 'type_x',,FA,FA,exec_error
llama_after_uniform,after,uniform,llama,97,1,1,True,ok,1,True,,False,FA,FA,semantic
llama_after_uniform,after,uniform,llama,97,2,1,True,ok,0,False,exec_error: UnboundLocalError: cannot access local variable 'disp' where it is not associated with a value,,FA,AA,exec_error
llama_after_uniform,after,uniform,llama,97,3,1,True,ok,0,False,exec_error: UnboundLocalError: cannot access local variable 'disp' where it is not associated with a value,,FA,AA,exec_error
llama_after_uniform,after,uniform,llama,97,4,1,True,ok,1,False,exec_error: KeyError: 'client_id',,FA,FA,exec_error
llama_after_uniform,after,uniform,llama,98,0,1,False,ok,1,False,exec_error: KeyError: 'date',,FA,FA,exec_error
llama_after_uniform,after,uniform,llama,98,1,1,False,ok,2,False,exec_error: KeyError: 'date',,FA,FA,exec_error
llama_after_uniform,after,uniform,llama,98,2,1,False,ok,1,False,exec_error: KeyError: 'date',,FA,FA,exec_error
llama_after_uniform,after,uniform,llama,98,3,1,False,ok,2,False,exec_error: KeyError: 'date',,FA,FA,exec_error
llama_after_uniform,after,uniform,llama,98,4,1,False,ok,1,False,exec_error: KeyError: 'date',,FA,FA,exec_error
llama_after_uniform,after,uniform,llama,99,0,1,False,ok,1,True,,False,FA,FA,semantic
llama_after_uniform,after,uniform,llama,99,1,1,False,ok,2,False,exec_error: KeyError: 'date',,FA,FA,exec_error
llama_after_uniform,after,uniform,llama,99,2,1,False,ok,1,False,exec_error: KeyError: 'date',,FA,FA,exec_error
llama_after_uniform,after,uniform,llama,99,3,1,False,ok,1,False,"exec_error: ValueError: Units 'M', 'Y', and 'y' are no longer supported, as they do not represent unambiguous timedelta values durations.",,FA,FA,exec_error
llama_after_uniform,after,uniform,llama,99,4,1,False,ok,1,False,"exec_error: ValueError: The truth value of a Series is ambiguous. Use a.empty, a.bool(), a.item(), a.any() or a.all().",,FA,FA,exec_error
llama_after_uniform,after,uniform,llama,100,0,1,False,ok,2,False,exec_error: NameError: name 'account_opened' is not defined,,FA,FA,exec_error
llama_after_uniform,after,uniform,llama,100,1,1,False,ok,2,False,exec_error: KeyError: 'client_id',,FA,FA,exec_error
llama_after_uniform,after,uniform,llama,100,2,1,False,ok,1,False,exec_error: KeyError: 'A1',,FA,FA,exec_error
llama_after_uniform,after,uniform,llama,100,3,1,False,ok,2,False,exec_error: KeyError: 'client_id',,FA,FA,exec_error
llama_after_uniform,after,uniform,llama,100,4,1,False,ok,1,False,exec_error: KeyError: 'account_opened',,FA,FA,exec_error
llama_after_uniform,after,uniform,llama,101,0,0,False,ok,1,False,exec_error: KeyError: 'date',,FA,FA,exec_error
llama_after_uniform,after,uniform,llama,101,1,0,False,ok,1,False,exec_error: KeyError: 'date',,FA,FA,exec_error
llama_after_uniform,after,uniform,llama,101,2,0,False,ok,2,False,exec_error: KeyError: 'date',,FA,FA,exec_error
llama_after_uniform,after,uniform,llama,101,3,0,False,ok,1,False,exec_error: KeyError: 'date',,FA,FA,exec_error
llama_after_uniform,after,uniform,llama,101,4,0,False,ok,2,False,exec_error: KeyError: 'date',,FA,FA,exec_error
llama_after_uniform,after,uniform,llama,102,0,1,False,ok,1,True,,False,FA,FA,semantic
llama_after_uniform,after,uniform,llama,102,1,1,False,ok,1,False,exec_error: KeyError: 'date_x',,FA,FA,exec_error
llama_after_uniform,after,uniform,llama,102,2,1,False,ok,1,False,exec_error: KeyError: 'account_id',,FA,FA,exec_error
llama_after_uniform,after,uniform,llama,102,3,1,False,ok,1,True,,False,FA,FA,semantic
llama_after_uniform,after,uniform,llama,102,4,1,False,ok,2,False,exec_error: KeyError: 'amount',,FA,FA,exec_error
llama_after_uniform,after,uniform,llama,103,0,2,True,ok,1,False,exec_error: KeyError: 'issue_date',,FA,AA,exec_error
llama_after_uniform,after,uniform,llama,103,1,2,True,ok,1,False,exec_error: KeyError: 'disp_date',,FA,AA,exec_error
llama_after_uniform,after,uniform,llama,103,2,2,True,ok,1,False,exec_error: KeyError: 'issue_date',,FA,AA,exec_error
llama_after_uniform,after,uniform,llama,103,3,2,True,ok,1,False,exec_error: KeyError: 'issue_date',,FA,AA,exec_error
llama_after_uniform,after,uniform,llama,103,4,2,True,ok,1,False,exec_error: KeyError: 'issue_date',,FA,AA,exec_error
llama_after_uniform,after,uniform,llama,104,0,1,False,ok,1,False,exec_error: KeyError: 'date',,FA,FA,exec_error
llama_after_uniform,after,uniform,llama,104,1,1,False,ok,1,False,exec_error: KeyError: 'date_y',,FA,FA,exec_error
llama_after_uniform,after,uniform,llama,104,2,1,False,ok,1,False,exec_error: KeyError: 'date',,FA,FA,exec_error
llama_after_uniform,after,uniform,llama,104,3,1,False,ok,1,False,exec_error: KeyError: 'date_x',,FA,FA,exec_error
llama_after_uniform,after,uniform,llama,104,4,1,False,ok,1,True,,False,FA,FA,semantic
llama_after_uniform,after,uniform,llama,105,0,1,False,ok,1,False,exec_error: KeyError: 'date',,FA,FA,exec_error
llama_after_uniform,after,uniform,llama,105,1,1,False,ok,1,True,,False,FA,FA,semantic
llama_after_uniform,after,uniform,llama,105,2,1,False,ok,2,False,exec_error: KeyError: 'district_id_x',,FA,FA,exec_error
llama_after_uniform,after,uniform,llama,105,3,1,False,ok,3,False,exec_error: KeyError: 'loan_id',,FA,FA,exec_error
llama_after_uniform,after,uniform,llama,105,4,1,False,ok,1,True,,True,SA,SA,success
llama_after_uniform,after,uniform,llama,106,0,3,True,ok,2,False,exec_error: KeyError: 'opened',,FA,AA,exec_error
llama_after_uniform,after,uniform,llama,106,1,3,True,ok,4,False,exec_error: KeyError: 'Column not found: disp_id',,FA,FA,exec_error
llama_after_uniform,after,uniform,llama,106,2,3,True,ok,2,True,,False,AA,AA,semantic
llama_after_uniform,after,uniform,llama,106,3,3,True,ok,2,True,,False,AA,AA,semantic
llama_after_uniform,after,uniform,llama,106,4,3,True,ok,2,False,exec_error: KeyError: 'Column not found: amount',,FA,AA,exec_error
llama_after_uniform,after,uniform,llama,107,0,1,False,ok,1,False,"exec_error: TypeError: Boolean array expected for the condition, not int64",,FA,FA,exec_error
llama_after_uniform,after,uniform,llama,107,1,1,False,ok,2,False,exec_error: KeyError: 'A16',,FA,FA,exec_error
llama_after_uniform,after,uniform,llama,107,2,1,False,ok,2,True,,True,SA,SA,success
llama_after_uniform,after,uniform,llama,107,3,1,False,ok,2,True,,True,SA,SA,success
llama_after_uniform,after,uniform,llama,107,4,1,False,ok,2,False,exec_error: TypeError: unsupported operand type(s) for /: 'str' and 'str',,FA,FA,exec_error
llama_after_uniform,after,uniform,llama,108,0,2,False,ok,1,False,exec_error: KeyError: 'amount_account',,FA,AA,exec_error
llama_after_uniform,after,uniform,llama,108,1,2,False,ok,2,False,exec_error: KeyError: 'date_y',,FA,FA,exec_error
llama_after_uniform,after,uniform,llama,108,2,2,False,ok,1,False,exec_error: KeyError: 'amount',,FA,AA,exec_error
llama_after_uniform,after,uniform,llama,108,3,2,False,ok,2,False,"exec_error: KeyError: ""['amount'] not in index""",,FA,FA,exec_error
llama_after_uniform,after,uniform,llama,108,4,2,False,ok,3,False,exec_error: MergeError: Passing 'suffixes' which cause duplicate columns {'date_account'} is not allowed.,,FA,FA,exec_error
llama_after_uniform,after,uniform,llama,109,0,1,False,ok,1,True,,False,FA,FA,semantic
llama_after_uniform,after,uniform,llama,109,1,1,False,ok,1,True,,True,SA,SA,success
llama_after_uniform,after,uniform,llama,109,2,1,False,ok,1,True,,False,FA,FA,semantic
llama_after_uniform,after,uniform,llama,109,3,1,False,ok,1,True,,False,FA,FA,semantic
llama_after_uniform,after,uniform,llama,109,4,1,False,ok,1,True,,True,SA,SA,success
llama_after_uniform,after,uniform,llama,110,0,2,True,ok,1,False,"exec_error: KeyError: ""['amount'] not in index""",,FA,AA,exec_error
llama_after_uniform,after,uniform,llama,110,1,2,True,ok,1,False,exec_error: KeyError: 'amount',,FA,AA,exec_error
llama_after_uniform,after,uniform,llama,110,2,2,True,ok,1,True,,False,AA,AA,semantic
llama_after_uniform,after,uniform,llama,110,3,2,True,ok,1,False,exec_error: KeyError: 'client_id',,FA,AA,exec_error
llama_after_uniform,after,uniform,llama,110,4,2,True,ok,2,False,exec_error: KeyError: 'client_id',,FA,FA,exec_error
llama_after_uniform,after,uniform,llama,111,0,1,False,ok,1,True,,False,FA,FA,semantic
llama_after_uniform,after,uniform,llama,111,1,1,False,ok,0,False,exec_error: FileNotFoundError: [Errno 2] No such file or directory: 'district.csv',,FA,AA,exec_error
llama_after_uniform,after,uniform,llama,111,2,1,False,ok,1,True,,False,FA,FA,semantic
llama_after_uniform,after,uniform,llama,111,3,1,False,ok,1,False,"exec_error: AttributeError: Can only use .str accessor with string values, not datetime64",,FA,FA,exec_error
llama_after_uniform,after,uniform,llama,111,4,1,False,ok,1,False,exec_error: TypeError: read_csv() got an unexpected keyword argument 'columns',,FA,FA,exec_error
llama_after_uniform,after,uniform,llama,112,0,1,False,ok,1,True,,False,FA,FA,semantic
llama_after_uniform,after,uniform,llama,112,1,1,False,ok,1,True,,False,FA,FA,semantic
llama_after_uniform,after,uniform,llama,112,2,1,False,parse_fail,0,,,,FA,FA,step1_parse_fail
llama_after_uniform,after,uniform,llama,112,3,1,False,ok,1,True,,False,FA,FA,semantic
llama_after_uniform,after,uniform,llama,112,4,1,False,ok,1,True,,False,FA,FA,semantic
llama_after_uniform,after,uniform,llama,113,0,3,True,ok,1,False,exec_error: KeyError: 'date',,FA,AA,exec_error
llama_after_uniform,after,uniform,llama,113,1,3,True,ok,1,False,exec_error: KeyError: 'date',,FA,AA,exec_error
llama_after_uniform,after,uniform,llama,113,2,3,True,ok,1,False,exec_error: TypeError: not all arguments converted during string formatting,,FA,AA,exec_error
llama_after_uniform,after,uniform,llama,113,3,3,True,ok,1,False,"exec_error: TypeError: int() argument must be a string, a bytes-like object or a real number, not 'Series'",,FA,AA,exec_error
llama_after_uniform,after,uniform,llama,113,4,3,True,ok,1,False,exec_error: KeyError: 'date',,FA,AA,exec_error
llama_after_uniform,after,uniform,llama,114,0,1,False,ok,1,False,exec_error: IndexError: single positional indexer is out-of-bounds,,FA,FA,exec_error
llama_after_uniform,after,uniform,llama,114,1,1,False,ok,1,False,exec_error: IndexError: single positional indexer is out-of-bounds,,FA,FA,exec_error
llama_after_uniform,after,uniform,llama,114,2,1,False,ok,0,False,exec_error: IndexError: index 0 is out of bounds for axis 0 with size 0,,FA,AA,exec_error
llama_after_uniform,after,uniform,llama,114,3,1,False,ok,1,False,exec_error: IndexError: single positional indexer is out-of-bounds,,FA,FA,exec_error
llama_after_uniform,after,uniform,llama,114,4,1,False,ok,1,False,exec_error: IndexError: index 0 is out of bounds for axis 0 with size 0,,FA,FA,exec_error
llama_after_uniform,after,uniform,llama,115,0,1,False,ok,2,False,"exec_error: TypeError: can only concatenate str (not ""int"") to str",,FA,FA,exec_error
llama_after_uniform,after,uniform,llama,115,1,1,False,ok,1,False,exec_error: IndexError: single positional indexer is out-of-bounds,,FA,FA,exec_error
llama_after_uniform,after,uniform,llama,115,2,1,False,ok,2,False,exec_error: KeyError: 'gender',,FA,FA,exec_error
llama_after_uniform,after,uniform,llama,115,3,1,False,ok,1,False,exec_error: ValueError: attempt to get argmax of an empty sequence,,FA,FA,exec_error
llama_after_uniform,after,uniform,llama,115,4,1,False,ok,1,False,"exec_error: ValueError: Operands are not aligned. Do `left, right = left.align(right, axis=1)` before operating.",,FA,FA,exec_error
llama_after_uniform,after,uniform,llama,116,0,2,False,ok,2,False,exec_error: KeyError: 'date',,FA,FA,exec_error
llama_after_uniform,after,uniform,llama,116,1,2,False,ok,1,False,exec_error: KeyError: 'date',,FA,AA,exec_error
llama_after_uniform,after,uniform,llama,116,2,2,False,ok,1,False,"exec_error: KeyError: ""Label(s) ['balance'] do not exist""",,FA,AA,exec_error
llama_after_uniform,after,uniform,llama,116,3,2,False,ok,1,False,exec_error: KeyError: 'date',,FA,AA,exec_error
llama_after_uniform,after,uniform,llama,116,4,2,False,ok,5,False,exec_error: KeyError: 'date',,FA,FA,exec_error
llama_after_uniform,after,uniform,llama,117,0,0,False,ok,1,True,,False,FA,FA,semantic
llama_after_uniform,after,uniform,llama,117,1,0,False,ok,1,True,,False,FA,FA,semantic
llama_after_uniform,after,uniform,llama,117,2,0,False,ok,1,True,,False,FA,FA,semantic
llama_after_uniform,after,uniform,llama,117,3,0,False,ok,1,True,,False,FA,FA,semantic
llama_after_uniform,after,uniform,llama,117,4,0,False,ok,1,True,,False,FA,FA,semantic
llama_after_uniform,after,uniform,llama,118,0,0,False,ok,1,True,,False,FA,FA,semantic
llama_after_uniform,after,uniform,llama,118,1,0,False,ok,1,True,,False,FA,FA,semantic
llama_after_uniform,after,uniform,llama,118,2,0,False,ok,1,True,,False,FA,FA,semantic
llama_after_uniform,after,uniform,llama,118,3,0,False,ok,1,True,,False,FA,FA,semantic
llama_after_uniform,after,uniform,llama,118,4,0,False,ok,1,False,exec_error: ZeroDivisionError: division by zero,,FA,FA,exec_error
llama_after_uniform,after,uniform,llama,119,0,1,False,ok,1,True,,False,FA,FA,semantic
llama_after_uniform,after,uniform,llama,119,1,1,False,ok,3,False,"exec_error: AttributeError: Can only use .str accessor with string values, not datetime64",,FA,FA,exec_error
llama_after_uniform,after,uniform,llama,119,2,1,False,ok,1,True,,False,FA,FA,semantic
llama_after_uniform,after,uniform,llama,119,3,1,False,ok,2,False,exec_error: KeyError: 'date_date',,FA,FA,exec_error
llama_after_uniform,after,uniform,llama,119,4,1,False,ok,1,False,"exec_error: AttributeError: Can only use .str accessor with string values, not datetime64",,FA,FA,exec_error
llama_after_uniform,after,uniform,llama,120,0,1,False,ok,0,True,,False,AA,AA,semantic
llama_after_uniform,after,uniform,llama,120,1,1,False,ok,1,True,,False,FA,FA,semantic
llama_after_uniform,after,uniform,llama,120,2,1,False,ok,1,False,"exec_error: ValueError: Operands are not aligned. Do `left, right = left.align(right, axis=1)` before operating.",,FA,FA,exec_error
llama_after_uniform,after,uniform,llama,120,3,1,False,ok,1,False,"exec_error: ValueError: Operands are not aligned. Do `left, right = left.align(right, axis=1)` before operating.",,FA,FA,exec_error
llama_after_uniform,after,uniform,llama,120,4,1,False,parse_fail,0,,,,FA,FA,step1_parse_fail
llama_after_uniform,after,uniform,llama,121,0,1,False,ok,1,True,,True,SA,SA,success
llama_after_uniform,after,uniform,llama,121,1,1,False,ok,1,False,exec_error: KeyError: 'A2',,FA,FA,exec_error
llama_after_uniform,after,uniform,llama,121,2,1,False,ok,1,True,,True,SA,SA,success
llama_after_uniform,after,uniform,llama,121,3,1,False,ok,1,True,,True,SA,SA,success
llama_after_uniform,after,uniform,llama,121,4,1,False,ok,1,True,,True,SA,SA,success
llama_after_uniform,after,uniform,llama,122,0,2,False,ok,1,True,,False,AA,AA,semantic
llama_after_uniform,after,uniform,llama,122,1,2,False,ok,0,False,exec_error: KeyError: 'A2',,FA,AA,exec_error
llama_after_uniform,after,uniform,llama,122,2,2,False,ok,1,False,exec_error: KeyError: 'district',,FA,AA,exec_error
llama_after_uniform,after,uniform,llama,122,3,2,False,ok,1,True,,False,AA,AA,semantic
llama_after_uniform,after,uniform,llama,122,4,2,False,ok,0,True,,False,AA,AA,semantic
llama_after_uniform,after,uniform,llama,123,0,2,False,ok,1,False,exec_error: KeyError: 'loan_amount',,FA,AA,exec_error
llama_after_uniform,after,uniform,llama,123,1,2,False,ok,2,False,exec_error: KeyError: 'loan_amount',,FA,FA,exec_error
llama_after_uniform,after,uniform,llama,123,2,2,False,ok,1,False,exec_error: KeyError: 'loan_amount',,FA,AA,exec_error
llama_after_uniform,after,uniform,llama,123,3,2,False,ok,2,False,exec_error: KeyError: 'loan_amount',,FA,FA,exec_error
llama_after_uniform,after,uniform,llama,123,4,2,False,ok,1,False,exec_error: KeyError: 'loan_amount',,FA,AA,exec_error
llama_after_uniform,after,uniform,llama,124,0,2,False,ok,1,False,exec_error: TypeError: Cannot perform reduction 'mean' with string dtype,,FA,AA,exec_error
llama_after_uniform,after,uniform,llama,124,1,2,False,ok,1,True,,False,AA,AA,semantic
llama_after_uniform,after,uniform,llama,124,2,2,False,ok,1,False,"exec_error: AttributeError: Can only use .str accessor with string values, not datetime64",,FA,AA,exec_error
llama_after_uniform,after,uniform,llama,124,3,2,False,ok,1,False,exec_error: TypeError: Cannot perform reduction 'mean' with string dtype,,FA,AA,exec_error
llama_after_uniform,after,uniform,llama,124,4,2,False,ok,2,False,"exec_error: ValueError: If using all scalar values, you must pass an index",,FA,FA,exec_error
llama_after_uniform,after,uniform,llama,125,0,2,False,ok,2,False,exec_error: UnboundLocalError: cannot access local variable 'district' where it is not associated with a value,,FA,FA,exec_error
llama_after_uniform,after,uniform,llama,125,1,2,False,ok,2,False,exec_error: NameError: name 'compute_unemployment_increment' is not defined,,FA,FA,exec_error
llama_after_uniform,after,uniform,llama,125,2,2,False,ok,2,False,exec_error: KeyError: 'rate_1996',,FA,FA,exec_error
llama_after_uniform,after,uniform,llama,125,3,2,False,ok,3,False,exec_error: NameError: name 'unemployment' is not defined,,FA,FA,exec_error
llama_after_uniform,after,uniform,llama,125,4,2,False,ok,2,False,exec_error: KeyError: 'unemployment_1996',,FA,FA,exec_error
llama_after_uniform,after,uniform,llama,126,0,1,False,ok,1,False,"exec_error: AttributeError: Can only use .str accessor with string values, not datetime64",,FA,FA,exec_error
llama_after_uniform,after,uniform,llama,126,1,1,False,ok,1,True,,False,FA,FA,semantic
llama_after_uniform,after,uniform,llama,126,2,1,False,ok,1,False,"exec_error: AttributeError: Can only use .str accessor with string values, not datetime64",,FA,FA,exec_error
llama_after_uniform,after,uniform,llama,126,3,1,False,ok,1,False,"exec_error: AttributeError: Can only use .str accessor with string values, not datetime64",,FA,FA,exec_error
llama_after_uniform,after,uniform,llama,126,4,1,False,ok,1,True,,False,FA,FA,semantic
llama_after_uniform,after,uniform,llama,127,0,0,False,ok,1,False,exec_error: UnboundLocalError: cannot access local variable 'account' where it is not associated with a value,,FA,FA,exec_error
llama_after_uniform,after,uniform,llama,127,1,0,False,ok,1,True,,False,FA,FA,semantic
llama_after_uniform,after,uniform,llama,127,2,0,False,ok,2,False,exec_error: KeyError: 'frequency_x',,FA,FA,exec_error
llama_after_uniform,after,uniform,llama,127,3,0,False,ok,1,False,exec_error: UnboundLocalError: cannot access local variable 'account' where it is not associated with a value,,FA,FA,exec_error
llama_after_uniform,after,uniform,llama,127,4,0,False,ok,1,False,exec_error: TypeError: datetime64 type does not support operation 'sum',,FA,FA,exec_error
llama_after_uniform,after,uniform,llama,128,0,1,False,ok,2,True,,True,SA,SA,success
llama_after_uniform,after,uniform,llama,128,1,1,False,ok,1,True,,False,FA,FA,semantic
llama_after_uniform,after,uniform,llama,128,2,1,False,ok,1,True,,False,FA,FA,semantic
llama_after_uniform,after,uniform,llama,128,3,1,False,ok,2,False,"exec_error: KeyError: ""['district_name'] not in index""",,FA,FA,exec_error
llama_after_uniform,after,uniform,llama,128,4,1,False,ok,1,True,,True,SA,SA,success
llama_after_uniform,after,uniform,llama,129,0,2,False,ok,1,False,exec_error: UnboundLocalError: cannot access local variable 'account' where it is not associated with a value,,FA,AA,exec_error
llama_after_uniform,after,uniform,llama,129,1,2,False,ok,1,False,exec_error: KeyError: 'Column not found: amount',,FA,AA,exec_error
llama_after_uniform,after,uniform,llama,129,2,2,False,ok,1,False,exec_error: KeyError: 'A5',,FA,AA,exec_error
llama_after_uniform,after,uniform,llama,129,3,2,False,parse_fail,0,,,,FA,FA,step1_parse_fail
llama_after_uniform,after,uniform,llama,129,4,2,False,ok,1,False,exec_error: KeyError: 'amount',,FA,AA,exec_error
llama_after_uniform,after,uniform,llama,130,0,2,True,ok,2,False,exec_error: KeyError: 'client_id',,FA,FA,exec_error
llama_after_uniform,after,uniform,llama,130,1,2,True,ok,1,True,,False,AA,AA,semantic
llama_after_uniform,after,uniform,llama,130,2,2,True,ok,2,False,exec_error: KeyError: 'account_type',,FA,FA,exec_error
llama_after_uniform,after,uniform,llama,130,3,2,True,ok,0,False,exec_error: IndexError: index 0 is out of bounds for axis 0 with size 0,,FA,AA,exec_error
llama_after_uniform,after,uniform,llama,130,4,2,True,ok,1,False,exec_error: KeyError: 'credit_card',,FA,AA,exec_error
llama_after_uniform,after,uniform,llama,131,0,2,False,ok,2,False,exec_error: KeyError: 'status',,FA,FA,exec_error
llama_after_uniform,after,uniform,llama,131,1,2,False,ok,2,False,exec_error: IndexError: single positional indexer is out-of-bounds,,FA,FA,exec_error
llama_after_uniform,after,uniform,llama,131,2,2,False,ok,1,False,exec_error: KeyError: 'status',,FA,AA,exec_error
llama_after_uniform,after,uniform,llama,131,3,2,False,ok,1,False,exec_error: TypeError: '>' not supported between instances of 'Timestamp' and 'str',,FA,AA,exec_error
llama_after_uniform,after,uniform,llama,131,4,2,False,ok,2,True,,False,FA,FA,semantic
llama_after_uniform,after,uniform,llama,132,0,3,True,ok,2,True,,False,AA,AA,semantic
llama_after_uniform,after,uniform,llama,132,1,3,True,ok,1,False,exec_error: KeyError: 'Column not found: disp_amount',,FA,AA,exec_error
llama_after_uniform,after,uniform,llama,132,2,3,True,ok,2,False,exec_error: AttributeError: 'Series' object has no attribute 'join',,FA,AA,exec_error
llama_after_uniform,after,uniform,llama,132,3,3,True,ok,1,False,exec_error: UnboundLocalError: cannot access local variable 'client' where it is not associated with a value,,FA,AA,exec_error
llama_after_uniform,after,uniform,llama,132,4,3,True,ok,1,True,,False,AA,AA,semantic
llama_after_uniform,after,uniform,llama,133,0,0,False,ok,2,False,exec_error: TypeError: unsupported operand type(s) for /: 'str' and 'str',,FA,FA,exec_error
llama_after_uniform,after,uniform,llama,133,1,0,False,ok,1,False,exec_error: KeyError: 'A6',,FA,FA,exec_error
llama_after_uniform,after,uniform,llama,133,2,0,False,ok,1,False,exec_error: TypeError: unsupported operand type(s) for /: 'str' and 'str',,FA,FA,exec_error
llama_after_uniform,after,uniform,llama,133,3,0,False,ok,1,False,exec_error: AttributeError: 'Timestamp' object has no attribute 'startswith',,FA,FA,exec_error
llama_after_uniform,after,uniform,llama,133,4,0,False,ok,1,False,exec_error: TypeError: unsupported operand type(s) for /: 'str' and 'str',,FA,FA,exec_error
llama_after_uniform,after,uniform,llama,134,0,1,False,ok,0,False,exec_error: KeyError: 'branch',,FA,AA,exec_error
llama_after_uniform,after,uniform,llama,134,1,1,False,ok,1,False,exec_error: KeyError: 'branch_id',,FA,FA,exec_error
llama_after_uniform,after,uniform,llama,134,2,1,False,ok,3,False,exec_error: KeyError: 'branch_id',,FA,FA,exec_error
llama_after_uniform,after,uniform,llama,134,3,1,False,ok,1,False,exec_error: KeyError: 'branch_id',,FA,FA,exec_error
llama_after_uniform,after,uniform,llama,134,4,1,False,ok,2,False,exec_error: KeyError: 'A2',,FA,FA,exec_error
llama_after_uniform,after,uniform,llama,135,0,1,False,ok,3,False,exec_error: KeyError: 'account_id',,FA,FA,exec_error
llama_after_uniform,after,uniform,llama,135,1,1,False,ok,2,False,exec_error: KeyError: 'balance',,FA,FA,exec_error
llama_after_uniform,after,uniform,llama,135,2,1,False,ok,1,True,,False,FA,FA,semantic
llama_after_uniform,after,uniform,llama,135,3,1,False,ok,2,False,exec_error: KeyError: 'balance',,FA,FA,exec_error
llama_after_uniform,after,uniform,llama,135,4,1,False,ok,2,False,exec_error: KeyError: 'account_id',,FA,FA,exec_error
llama_after_uniform,after,uniform,llama,136,0,1,False,ok,1,False,exec_error: KeyError: 'date',,FA,FA,exec_error
llama_after_uniform,after,uniform,llama,136,1,1,False,ok,1,True,,False,FA,FA,semantic
llama_after_uniform,after,uniform,llama,136,2,1,False,ok,1,False,exec_error: KeyError: 'date',,FA,FA,exec_error
llama_after_uniform,after,uniform,llama,136,3,1,False,ok,1,False,exec_error: KeyError: 'date',,FA,FA,exec_error
llama_after_uniform,after,uniform,llama,136,4,1,False,ok,1,False,exec_error: UnboundLocalError: cannot access local variable 'account' where it is not associated with a value,,FA,FA,exec_error
llama_after_uniform,after,uniform,llama,137,0,2,False,ok,1,True,,False,AA,AA,semantic
llama_after_uniform,after,uniform,llama,137,1,2,False,ok,0,False,exec_error: KeyError: 'A1',,FA,AA,exec_error
llama_after_uniform,after,uniform,llama,137,2,2,False,ok,1,True,,False,AA,AA,semantic
llama_after_uniform,after,uniform,llama,137,3,2,False,ok,1,True,,False,AA,AA,semantic
llama_after_uniform,after,uniform,llama,137,4,2,False,ok,1,True,,False,AA,AA,semantic
llama_after_uniform,after,uniform,llama,138,0,1,False,ok,1,False,exec_error: TypeError: unsupported operand type(s) for -: 'str' and 'str',,FA,FA,exec_error
llama_after_uniform,after,uniform,llama,138,1,1,False,ok,3,False,exec_error: KeyError: 'branch_id',,FA,FA,exec_error
llama_after_uniform,after,uniform,llama,138,2,1,False,ok,6,False,exec_error: KeyError: 'branch_id',,FA,FA,exec_error
llama_after_uniform,after,uniform,llama,138,3,1,False,ok,2,False,exec_error: KeyError: 'branch_id',,FA,FA,exec_error
llama_after_uniform,after,uniform,llama,138,4,1,False,ok,3,False,exec_error: KeyError: 'A2',,FA,FA,exec_error
llama_after_uniform,after,uniform,llama,139,0,1,True,ok,1,True,,False,FA,FA,semantic
llama_after_uniform,after,uniform,llama,139,1,1,True,ok,2,True,,False,FA,FA,semantic
llama_after_uniform,after,uniform,llama,139,2,1,True,ok,1,False,exec_error: KeyError: 'type_disps',,FA,FA,exec_error
llama_after_uniform,after,uniform,llama,139,3,1,True,ok,1,True,,False,FA,FA,semantic
llama_after_uniform,after,uniform,llama,139,4,1,True,ok,1,False,exec_error: KeyError: 'type_x',,FA,FA,exec_error
llama_after_uniform,after,uniform,llama,140,0,1,False,ok,1,True,,False,FA,FA,semantic
llama_after_uniform,after,uniform,llama,140,1,1,False,ok,1,True,,True,SA,SA,success
llama_after_uniform,after,uniform,llama,140,2,1,False,ok,1,True,,True,SA,SA,success
llama_after_uniform,after,uniform,llama,140,3,1,False,ok,1,False,"exec_error: ValueError: Operands are not aligned. Do `left, right = left.align(right, axis=1)` before operating.",,FA,FA,exec_error
llama_after_uniform,after,uniform,llama,140,4,1,False,ok,1,True,,True,SA,SA,success
llama_after_uniform,after,uniform,llama,141,0,2,False,ok,1,False,exec_error: KeyError: 'amount',,FA,AA,exec_error
llama_after_uniform,after,uniform,llama,141,1,2,False,ok,1,False,"exec_error: ValueError: Length mismatch: Expected axis has 19 elements, new values have 2 elements",,FA,AA,exec_error
llama_after_uniform,after,uniform,llama,141,2,2,False,ok,2,False,exec_error: KeyError: 'district_id',,FA,FA,exec_error
llama_after_uniform,after,uniform,llama,141,3,2,False,ok,1,False,"exec_error: AttributeError: Can only use .str accessor with string values, not datetime64",,FA,AA,exec_error
llama_after_uniform,after,uniform,llama,141,4,2,False,ok,2,False,"exec_error: ValueError: Operands are not aligned. Do `left, right = left.align(right, axis=1)` before operating.",,FA,FA,exec_error
llama_after_uniform,after,uniform,llama,142,0,2,False,ok,1,True,,False,AA,AA,semantic
llama_after_uniform,after,uniform,llama,142,1,2,False,ok,1,True,,False,AA,AA,semantic
llama_after_uniform,after,uniform,llama,142,2,2,False,ok,1,True,,False,AA,AA,semantic
llama_after_uniform,after,uniform,llama,142,3,2,False,ok,1,True,,False,AA,AA,semantic
llama_after_uniform,after,uniform,llama,142,4,2,False,ok,1,True,,False,AA,AA,semantic
llama_after_uniform,after,uniform,llama,143,0,1,True,ok,3,True,,False,FA,FA,semantic
llama_after_uniform,after,uniform,llama,143,1,1,True,parse_fail,0,,,,FA,FA,step1_parse_fail
llama_after_uniform,after,uniform,llama,143,2,1,True,ok,3,True,,True,SA,SA,success
llama_after_uniform,after,uniform,llama,143,3,1,True,ok,1,False,exec_error: KeyError: 'type_x',,FA,FA,exec_error
llama_after_uniform,after,uniform,llama,143,4,1,True,ok,1,False,exec_error: ValueError: Length of values (0) does not match length of index (1),,FA,FA,exec_error
llama_after_uniform,after,uniform,llama,144,0,3,True,ok,1,False,exec_error: KeyError: 'Column not found: amount',,FA,AA,exec_error
llama_after_uniform,after,uniform,llama,144,1,3,True,ok,1,False,exec_error: KeyError: 'issued',,FA,AA,exec_error
llama_after_uniform,after,uniform,llama,144,2,3,True,ok,1,False,exec_error: AttributeError: Can only use .dt accessor with datetimelike values,,FA,AA,exec_error
llama_after_uniform,after,uniform,llama,144,3,3,True,ok,1,False,exec_error: AttributeError: Can only use .dt accessor with datetimelike values,,FA,AA,exec_error
llama_after_uniform,after,uniform,llama,144,4,3,True,ok,1,False,exec_error: AttributeError: Can only use .dt accessor with datetimelike values,,FA,AA,exec_error
llama_after_uniform,after,uniform,llama,145,0,1,False,ok,1,False,exec_error: KeyError: 'date',,FA,FA,exec_error
llama_after_uniform,after,uniform,llama,145,1,1,False,ok,1,False,exec_error: KeyError: 'account_id',,FA,FA,exec_error
llama_after_uniform,after,uniform,llama,145,2,1,False,ok,0,True,,False,AA,AA,semantic
llama_after_uniform,after,uniform,llama,145,3,1,False,ok,1,True,,False,FA,FA,semantic
llama_after_uniform,after,uniform,llama,145,4,1,False,ok,1,False,"exec_error: AttributeError: Can only use .str accessor with string values, not datetime64",,FA,FA,exec_error
llama_after_uniform,after,uniform,llama,146,0,3,True,ok,2,False,exec_error: UnboundLocalError: cannot access local variable 'client' where it is not associated with a value,,FA,AA,exec_error
llama_after_uniform,after,uniform,llama,146,1,3,True,ok,2,False,exec_error: KeyError: 'client_id',,FA,AA,exec_error
llama_after_uniform,after,uniform,llama,146,2,3,True,ok,2,True,,False,AA,AA,semantic
llama_after_uniform,after,uniform,llama,146,3,3,True,ok,3,False,exec_error: NameError: name 'left_on' is not defined,,FA,FA,exec_error
llama_after_uniform,after,uniform,llama,146,4,3,True,ok,2,True,,False,AA,AA,semantic
llama_after_uniform,after,uniform,llama,147,0,1,False,ok,1,True,,False,FA,FA,semantic
llama_after_uniform,after,uniform,llama,147,1,1,False,parse_fail,0,,,,FA,FA,step1_parse_fail
llama_after_uniform,after,uniform,llama,147,2,1,False,ok,1,True,,False,FA,FA,semantic
llama_after_uniform,after,uniform,llama,147,3,1,False,ok,1,True,,False,FA,FA,semantic
llama_after_uniform,after,uniform,llama,147,4,1,False,ok,1,True,,False,FA,FA,semantic
llama_after_uniform,after,uniform,llama,148,0,2,True,ok,1,True,,False,AA,AA,semantic
llama_after_uniform,after,uniform,llama,148,1,2,True,ok,1,True,,True,AA,AA,success
llama_after_uniform,after,uniform,llama,148,2,2,True,ok,1,True,,False,AA,AA,semantic
llama_after_uniform,after,uniform,llama,148,3,2,True,ok,1,False,exec_error: KeyError: 'eligible_for_loan',,FA,AA,exec_error
llama_after_uniform,after,uniform,llama,148,4,2,True,ok,1,False,exec_error: UnboundLocalError: cannot access local variable 'account' where it is not associated with a value,,FA,AA,exec_error
llama_after_uniform,after,uniform,llama,149,0,2,True,ok,3,False,exec_error: KeyError: 'account_type',,FA,FA,exec_error
llama_after_uniform,after,uniform,llama,149,1,2,True,ok,1,False,exec_error: KeyError: 'average_income',,FA,AA,exec_error
llama_after_uniform,after,uniform,llama,149,2,2,True,ok,0,False,exec_error: KeyError: 'income',,FA,AA,exec_error
llama_after_uniform,after,uniform,llama,149,3,2,True,ok,1,False,exec_error: KeyError: 'eligible',,FA,AA,exec_error
llama_after_uniform,after,uniform,llama,149,4,2,True,ok,1,True,,False,AA,AA,semantic
llama_after_uniform,after,uniform,llama,150,0,2,False,ok,2,False,exec_error: NameError: name 'partner_bank' is not defined,,FA,FA,exec_error
llama_after_uniform,after,uniform,llama,150,1,2,False,ok,2,False,exec_error: KeyError: 'A3',,FA,FA,exec_error
llama_after_uniform,after,uniform,llama,150,2,2,False,ok,2,False,exec_error: KeyError: 'A2',,FA,FA,exec_error
llama_after_uniform,after,uniform,llama,150,3,2,False,ok,2,False,exec_error: KeyError: 'code',,FA,FA,exec_error
llama_after_uniform,after,uniform,llama,150,4,2,False,ok,2,False,exec_error: KeyError: 'account_id',,FA,FA,exec_error
llama_after_uniform,after,uniform,llama,151,0,2,False,ok,1,True,,False,AA,AA,semantic
llama_after_uniform,after,uniform,llama,151,1,2,False,ok,1,True,,False,AA,AA,semantic
llama_after_uniform,after,uniform,llama,151,2,2,False,ok,1,False,exec_error: KeyError: 'type',,FA,AA,exec_error
llama_after_uniform,after,uniform,llama,151,3,2,False,ok,1,True,,False,AA,AA,semantic
llama_after_uniform,after,uniform,llama,151,4,2,False,ok,1,False,exec_error: NameError: name 'left_on' is not defined,,FA,AA,exec_error
llama_after_uniform,after,uniform,llama,152,0,1,False,ok,1,False,exec_error: TypeError: '>' not supported between instances of 'str' and 'int',,FA,FA,exec_error
llama_after_uniform,after,uniform,llama,152,1,1,False,ok,3,False,exec_error: TypeError: Invalid comparison between dtype=datetime64[us] and int,,FA,FA,exec_error
llama_after_uniform,after,uniform,llama,152,2,1,False,ok,2,False,"exec_error: AttributeError: Can only use .str accessor with string values, not datetime64",,FA,FA,exec_error
llama_after_uniform,after,uniform,llama,152,3,1,False,parse_fail,0,,,,FA,FA,step1_parse_fail
llama_after_uniform,after,uniform,llama,152,4,1,False,ok,4,False,exec_error: KeyError: 'account_opened',,FA,FA,exec_error
llama_after_uniform,after,uniform,llama,153,0,1,True,ok,1,True,,False,FA,FA,semantic
llama_after_uniform,after,uniform,llama,153,1,1,True,ok,1,True,,True,SA,SA,success
llama_after_uniform,after,uniform,llama,153,2,1,True,ok,1,True,,False,FA,FA,semantic
llama_after_uniform,after,uniform,llama,153,3,1,True,ok,1,True,,False,FA,FA,semantic
llama_after_uniform,after,uniform,llama,153,4,1,True,ok,1,True,,False,FA,FA,semantic
llama_after_uniform,after,uniform,llama,154,0,1,False,ok,1,True,,False,FA,FA,semantic
llama_after_uniform,after,uniform,llama,154,1,1,False,ok,1,True,,False,FA,FA,semantic
llama_after_uniform,after,uniform,llama,154,2,1,False,ok,1,True,,False,FA,FA,semantic
llama_after_uniform,after,uniform,llama,154,3,1,False,ok,1,False,exec_error: AttributeError: 'numpy.int64' object has no attribute 'to_frame',,FA,FA,exec_error
llama_after_uniform,after,uniform,llama,154,4,1,False,ok,1,True,,False,FA,FA,semantic
llama_after_uniform,after,uniform,llama,155,0,0,False,ok,1,False,exec_error: KeyError: 'type_x',,FA,FA,exec_error
llama_after_uniform,after,uniform,llama,155,1,0,False,ok,1,False,exec_error: KeyError: 'issued_x',,FA,FA,exec_error
llama_after_uniform,after,uniform,llama,155,2,0,False,ok,1,False,exec_error: ZeroDivisionError: division by zero,,FA,FA,exec_error
llama_after_uniform,after,uniform,llama,155,3,0,False,ok,1,False,exec_error: KeyError: 'issued_x',,FA,FA,exec_error
llama_after_uniform,after,uniform,llama,155,4,0,False,ok,1,False,exec_error: ZeroDivisionError: division by zero,,FA,FA,exec_error
llama_after_uniform,after,uniform,llama,156,0,2,True,ok,4,False,exec_error: UnboundLocalError: cannot access local variable 'account' where it is not associated with a value,,FA,FA,exec_error
llama_after_uniform,after,uniform,llama,156,1,2,True,ok,2,False,exec_error: NameError: name 'disps' is not defined,,FA,FA,exec_error
llama_after_uniform,after,uniform,llama,156,2,2,True,ok,1,False,exec_error: NameError: name 'disps' is not defined,,FA,AA,exec_error
llama_after_uniform,after,uniform,llama,156,3,2,True,ok,1,False,exec_error: UnboundLocalError: cannot access local variable 'account' where it is not associated with a value,,FA,AA,exec_error
llama_after_uniform,after,uniform,llama,156,4,2,True,ok,2,False,exec_error: KeyError: 'amount',,FA,FA,exec_error
llama_after_uniform,after,uniform,llama,157,0,1,False,ok,1,False,"exec_error: AttributeError: Can only use .str accessor with string values, not datetime64",,FA,FA,exec_error
llama_after_uniform,after,uniform,llama,157,1,1,False,ok,2,True,,False,FA,FA,semantic
llama_after_uniform,after,uniform,llama,157,2,1,False,ok,2,False,exec_error: KeyError: 'account_id',,FA,FA,exec_error
llama_after_uniform,after,uniform,llama,157,3,1,False,ok,2,False,exec_error: KeyError: 'account_id',,FA,FA,exec_error
llama_after_uniform,after,uniform,llama,157,4,1,False,ok,2,False,"exec_error: AttributeError: Can only use .str accessor with string values, not datetime64",,FA,FA,exec_error
llama_after_uniform,after,uniform,llama,158,0,2,False,ok,1,True,,False,AA,AA,semantic
llama_after_uniform,after,uniform,llama,158,1,2,False,ok,1,True,,True,AA,AA,success
llama_after_uniform,after,uniform,llama,158,2,2,False,ok,1,True,,False,AA,AA,semantic
llama_after_uniform,after,uniform,llama,158,3,2,False,ok,1,True,,False,AA,AA,semantic
llama_after_uniform,after,uniform,llama,158,4,2,False,ok,1,True,,False,AA,AA,semantic
llama_after_uniform,after,uniform,llama,159,0,3,True,ok,2,False,exec_error: KeyError: 'type_x',,FA,AA,exec_error
llama_after_uniform,after,uniform,llama,159,1,3,True,ok,2,False,exec_error: KeyError: 'disp_id',,FA,AA,exec_error
llama_after_uniform,after,uniform,llama,159,2,3,True,ok,2,True,,False,AA,AA,semantic
llama_after_uniform,after,uniform,llama,159,3,3,True,ok,2,False,exec_error: KeyError: 'disp_id',,FA,AA,exec_error
llama_after_uniform,after,uniform,llama,159,4,3,True,ok,2,False,exec_error: KeyError: 'disp_id',,FA,AA,exec_error
llama_after_uniform,after,uniform,llama,160,0,1,False,ok,1,True,,False,FA,FA,semantic
llama_after_uniform,after,uniform,llama,160,1,1,False,ok,1,True,,False,FA,FA,semantic
llama_after_uniform,after,uniform,llama,160,2,1,False,ok,2,True,,False,FA,FA,semantic
llama_after_uniform,after,uniform,llama,160,3,1,False,ok,2,True,,False,FA,FA,semantic
llama_after_uniform,after,uniform,llama,160,4,1,False,ok,1,True,,False,FA,FA,semantic
llama_after_uniform,after,uniform,llama,161,0,2,True,ok,1,True,,False,AA,AA,semantic
llama_after_uniform,after,uniform,llama,161,1,2,True,ok,1,True,,False,AA,AA,semantic
llama_after_uniform,after,uniform,llama,161,2,2,True,ok,3,True,,False,FA,FA,semantic
llama_after_uniform,after,uniform,llama,161,3,2,True,ok,2,False,"exec_error: KeyError: ""None of [Index(['type Disp', 'type_x'], dtype='str')] are in the [columns]""",,FA,FA,exec_error
llama_after_uniform,after,uniform,llama,161,4,2,True,ok,1,True,,False,AA,AA,semantic
llama_after_uniform,after,uniform,llama,162,0,1,False,ok,1,False,"exec_error: KeyError: ""['region'] not in index""",,FA,FA,exec_error
llama_after_uniform,after,uniform,llama,162,1,1,False,ok,1,True,,False,FA,FA,semantic
llama_after_uniform,after,uniform,llama,162,2,1,False,ok,1,True,,False,FA,FA,semantic
llama_after_uniform,after,uniform,llama,162,3,1,False,ok,0,True,,False,AA,AA,semantic
llama_after_uniform,after,uniform,llama,162,4,1,False,ok,1,True,,False,FA,FA,semantic
llama_after_uniform,after,uniform,llama,163,0,2,False,ok,2,False,exec_error: NameError: name 'loan_contract_status' is not defined,,FA,FA,exec_error
llama_after_uniform,after,uniform,llama,163,1,2,False,ok,2,True,,False,FA,FA,semantic
llama_after_uniform,after,uniform,llama,163,2,2,False,ok,2,False,exec_error: NameError: name 'contract_status' is not defined,,FA,FA,exec_error
llama_after_uniform,after,uniform,llama,163,3,2,False,ok,2,False,exec_error: NameError: name 'accounts' is not defined,,FA,FA,exec_error
llama_after_uniform,after,uniform,llama,163,4,2,False,ok,2,False,exec_error: KeyError: 'status',,FA,FA,exec_error
llama_after_uniform,after,uniform,llama,164,0,3,True,ok,1,True,,False,AA,AA,semantic
llama_after_uniform,after,uniform,llama,164,1,3,True,ok,1,False,"exec_error: KeyError: ""['account_name'] not in index""",,FA,AA,exec_error
llama_after_uniform,after,uniform,llama,164,2,3,True,ok,1,True,,False,AA,AA,semantic
llama_after_uniform,after,uniform,llama,164,3,3,True,ok,1,True,,False,AA,AA,semantic
llama_after_uniform,after,uniform,llama,164,4,3,True,ok,1,True,,False,AA,AA,semantic
llama_after_uniform,after,uniform,llama,165,0,2,False,ok,2,True,,False,FA,FA,semantic
llama_after_uniform,after,uniform,llama,165,1,2,False,ok,1,True,,False,AA,AA,semantic
llama_after_uniform,after,uniform,llama,165,2,2,False,ok,1,True,,False,AA,AA,semantic
llama_after_uniform,after,uniform,llama,165,3,2,False,ok,2,False,exec_error: KeyError: 'district_id',,FA,FA,exec_error
llama_after_uniform,after,uniform,llama,165,4,2,False,ok,2,False,exec_error: UnboundLocalError: cannot access local variable 'account' where it is not associated with a value,,FA,FA,exec_error
llama_after_uniform,after,uniform,llama,166,0,1,False,ok,1,True,,True,SA,SA,success
llama_after_uniform,after,uniform,llama,166,1,1,False,ok,1,True,,True,SA,SA,success
llama_after_uniform,after,uniform,llama,166,2,1,False,ok,1,True,,True,SA,SA,success
llama_after_uniform,after,uniform,llama,166,3,1,False,ok,1,True,,True,SA,SA,success
llama_after_uniform,after,uniform,llama,166,4,1,False,ok,1,True,,True,SA,SA,success
llama_after_uniform,after,uniform,llama,167,0,1,True,ok,1,False,exec_error: TypeError: '>' not supported between instances of 'str' and 'int',,FA,FA,exec_error
llama_after_uniform,after,uniform,llama,167,1,1,True,ok,1,False,exec_error: KeyError: 'issued_y',,FA,FA,exec_error
llama_after_uniform,after,uniform,llama,167,2,1,True,ok,1,False,exec_error: KeyError: 'issued_y',,FA,FA,exec_error
llama_after_uniform,after,uniform,llama,167,3,1,True,ok,1,False,exec_error: KeyError: 'type_x',,FA,FA,exec_error
llama_after_uniform,after,uniform,llama,167,4,1,True,ok,1,False,exec_error: TypeError: '>' not supported between instances of 'str' and 'int',,FA,FA,exec_error
llama_after_uniform,after,uniform,llama,168,0,1,False,ok,1,False,exec_error: TypeError: unsupported operand type(s) for /: 'int' and 'str',,FA,FA,exec_error
llama_after_uniform,after,uniform,llama,168,1,1,False,ok,1,True,,False,FA,FA,semantic
llama_after_uniform,after,uniform,llama,168,2,1,False,ok,1,True,,False,FA,FA,semantic
llama_after_uniform,after,uniform,llama,168,3,1,False,ok,1,True,,False,FA,FA,semantic
llama_after_uniform,after,uniform,llama,168,4,1,False,ok,1,True,,False,FA,FA,semantic
llama_after_uniform,after,uniform,llama,169,0,3,True,ok,1,False,exec_error: KeyError: 'date',,FA,AA,exec_error
llama_after_uniform,after,uniform,llama,169,1,3,True,ok,1,True,,False,AA,AA,semantic
llama_after_uniform,after,uniform,llama,169,2,3,True,ok,1,False,exec_error: KeyError: 'date',,FA,AA,exec_error
llama_after_uniform,after,uniform,llama,169,3,3,True,ok,1,True,,False,AA,AA,semantic
llama_after_uniform,after,uniform,llama,169,4,3,True,ok,1,False,exec_error: KeyError: 'date',,FA,AA,exec_error
llama_after_uniform,after,uniform,llama,170,0,0,False,ok,1,False,exec_error: KeyError: 'date',,FA,FA,exec_error
llama_after_uniform,after,uniform,llama,170,1,0,False,ok,1,False,exec_error: KeyError: 'date',,FA,FA,exec_error
llama_after_uniform,after,uniform,llama,170,2,0,False,ok,1,False,exec_error: KeyError: 'date',,FA,FA,exec_error
llama_after_uniform,after,uniform,llama,170,3,0,False,ok,1,False,exec_error: KeyError: 'date',,FA,FA,exec_error
llama_after_uniform,after,uniform,llama,170,4,0,False,ok,1,False,exec_error: KeyError: 'date',,FA,FA,exec_error
llama_after_uniform,after,uniform,llama,171,0,0,False,ok,2,False,exec_error: TypeError: unsupported operand type(s) for &: 'str' and 'StringArray',,FA,FA,exec_error
llama_after_uniform,after,uniform,llama,171,1,0,False,ok,2,True,,False,FA,FA,semantic
llama_after_uniform,after,uniform,llama,171,2,0,False,ok,1,False,"exec_error: AttributeError: Can only use .str accessor with string values, not datetime64",,FA,FA,exec_error
llama_after_uniform,after,uniform,llama,171,3,0,False,ok,1,True,,False,FA,FA,semantic
llama_after_uniform,after,uniform,llama,171,4,0,False,ok,1,False,exec_error: TypeError: unsupported operand type(s) for |: 'StringArray' and 'StringArray',,FA,FA,exec_error
llama_after_uniform,after,uniform,llama,172,0,0,True,ok,1,True,,False,FA,FA,semantic
llama_after_uniform,after,uniform,llama,172,1,0,True,ok,1,True,,False,FA,FA,semantic
llama_after_uniform,after,uniform,llama,172,2,0,True,ok,1,True,,False,FA,FA,semantic
llama_after_uniform,after,uniform,llama,172,3,0,True,ok,1,True,,False,FA,FA,semantic
llama_after_uniform,after,uniform,llama,172,4,0,True,ok,1,False,exec_error: KeyError: 'client_id',,FA,FA,exec_error
llama_after_uniform,after,uniform,llama,173,0,1,False,ok,1,False,exec_error: ValueError: array length 1 does not match index length 3,,FA,FA,exec_error
llama_after_uniform,after,uniform,llama,173,1,1,False,ok,2,False,exec_error: KeyError: 'debit_aim',,FA,FA,exec_error
llama_after_uniform,after,uniform,llama,173,2,1,False,ok,1,False,exec_error: AttributeError: 'numpy.float64' object has no attribute 'rename',,FA,FA,exec_error
llama_after_uniform,after,uniform,llama,173,3,1,False,ok,1,False,exec_error: AttributeError: 'numpy.float64' object has no attribute 'rename',,FA,FA,exec_error
llama_after_uniform,after,uniform,llama,173,4,1,False,ok,1,True,,False,FA,FA,semantic
llama_after_uniform,after,uniform,llama,174,0,2,True,ok,0,False,exec_error: KeyError: 'birth_date',,FA,AA,exec_error
llama_after_uniform,after,uniform,llama,174,1,2,True,ok,1,False,exec_error: KeyError: 'client_id',,FA,AA,exec_error
llama_after_uniform,after,uniform,llama,174,2,2,True,ok,1,False,exec_error: KeyError: 'account_id',,FA,AA,exec_error
llama_after_uniform,after,uniform,llama,174,3,2,True,ok,1,False,exec_error: KeyError: 'account_id',,FA,AA,exec_error
llama_after_uniform,after,uniform,llama,174,4,2,True,ok,2,False,exec_error: KeyError: 'account_id',,FA,FA,exec_error
llama_after_uniform,after,uniform,llama,175,0,1,True,ok,1,True,,False,FA,FA,semantic
llama_after_uniform,after,uniform,llama,175,1,1,True,ok,1,True,,False,FA,FA,semantic
llama_after_uniform,after,uniform,llama,175,2,1,True,ok,1,True,,False,FA,FA,semantic
llama_after_uniform,after,uniform,llama,175,3,1,True,ok,1,True,,False,FA,FA,semantic
llama_after_uniform,after,uniform,llama,175,4,1,True,ok,1,True,,False,FA,FA,semantic
llama_after_uniform,after,uniform,llama,176,0,3,True,ok,1,False,exec_error: KeyError: 'disp_amount',,FA,AA,exec_error
llama_after_uniform,after,uniform,llama,176,1,3,True,ok,1,True,,False,AA,AA,semantic
llama_after_uniform,after,uniform,llama,176,2,3,True,ok,1,False,"exec_error: KeyError: ""Columns not found: 'amount', 'payment_status'""",,FA,AA,exec_error
llama_after_uniform,after,uniform,llama,176,3,3,True,ok,1,True,,False,AA,AA,semantic
llama_after_uniform,after,uniform,llama,176,4,3,True,ok,2,True,,False,AA,AA,semantic
llama_after_uniform,after,uniform,llama,177,0,3,True,ok,3,False,exec_error: NameError: name 'transaction' is not defined,,FA,FA,exec_error
llama_after_uniform,after,uniform,llama,177,1,3,True,ok,3,False,exec_error: KeyError: 'client_id',,FA,FA,exec_error
llama_after_uniform,after,uniform,llama,177,2,3,True,ok,3,False,exec_error: KeyError: 'disp_id',,FA,FA,exec_error
llama_after_uniform,after,uniform,llama,177,3,3,True,ok,3,False,exec_error: KeyError: 'account_id',,FA,FA,exec_error
llama_after_uniform,after,uniform,llama,177,4,3,True,ok,2,False,exec_error: IndexError: single positional indexer is out-of-bounds,,FA,AA,exec_error
llama_after_uniform,after,uniform,llama,178,0,2,True,ok,1,True,,False,AA,AA,semantic
llama_after_uniform,after,uniform,llama,178,1,2,True,ok,1,True,,False,AA,AA,semantic
llama_after_uniform,after,uniform,llama,178,2,2,True,ok,1,True,,False,AA,AA,semantic
llama_after_uniform,after,uniform,llama,178,3,2,True,ok,1,True,,False,AA,AA,semantic
llama_after_uniform,after,uniform,llama,178,4,2,True,ok,1,True,,False,AA,AA,semantic
llama_after_uniform,after,uniform,llama,179,0,3,True,ok,1,False,"exec_error: AttributeError: Can only use .str accessor with string values, not integer",,FA,AA,exec_error
llama_after_uniform,after,uniform,llama,179,1,3,True,ok,2,False,"exec_error: AttributeError: Can only use .str accessor with string values, not integer",,FA,AA,exec_error
llama_after_uniform,after,uniform,llama,179,2,3,True,ok,1,False,"exec_error: AttributeError: Can only use .str accessor with string values, not integer",,FA,AA,exec_error
llama_after_uniform,after,uniform,llama,179,3,3,True,ok,2,False,exec_error: KeyError: 'disp_date',,FA,AA,exec_error
llama_after_uniform,after,uniform,llama,179,4,3,True,ok,2,False,"exec_error: TypeError: Can only merge Series or DataFrame objects, a <class 'pandas.Timestamp'> was passed",,FA,AA,exec_error
llama_after_uniform,after,uniform,llama,180,0,2,True,ok,1,False,exec_error: AttributeError: Can only use .dt accessor with datetimelike values,,FA,AA,exec_error
llama_after_uniform,after,uniform,llama,180,1,2,True,ok,1,True,,False,AA,AA,semantic
llama_after_uniform,after,uniform,llama,180,2,2,True,ok,2,True,,False,FA,FA,semantic
llama_after_uniform,after,uniform,llama,180,3,2,True,ok,1,False,exec_error: KeyError: 'A2',,FA,AA,exec_error
llama_after_uniform,after,uniform,llama,180,4,2,True,ok,1,True,,False,AA,AA,semantic
llama_after_uniform,after,uniform,llama,181,0,2,True,ok,3,False,"exec_error: KeyError: ""Columns not found: 'disp_id'""",,FA,FA,exec_error
llama_after_uniform,after,uniform,llama,181,1,2,True,ok,1,True,,False,AA,AA,semantic
llama_after_uniform,after,uniform,llama,181,2,2,True,ok,1,True,,False,AA,AA,semantic
llama_after_uniform,after,uniform,llama,181,3,2,True,ok,2,True,,False,FA,FA,semantic
llama_after_uniform,after,uniform,llama,181,4,2,True,ok,2,True,,False,FA,FA,semantic
llama_after_uniform,after,uniform,llama,182,0,3,True,ok,1,False,exec_error: KeyError: 'gender',,FA,AA,exec_error
llama_after_uniform,after,uniform,llama,182,1,3,True,ok,1,False,exec_error: KeyError: 'birth_date',,FA,AA,exec_error
llama_after_uniform,after,uniform,llama,182,2,3,True,ok,1,False,"exec_error: KeyError: ""['account_id', 'date', 'gender', 'birth_date'] not in index""",,FA,AA,exec_error
llama_after_uniform,after,uniform,llama,182,3,3,True,ok,1,False,"exec_error: AttributeError: Can only use .str accessor with string values, not datetime64",,FA,AA,exec_error
llama_after_uniform,after,uniform,llama,182,4,3,True,ok,1,False,exec_error: KeyError: 'date',,FA,AA,exec_error
llama_after_uniform,after,uniform,llama,183,0,1,False,ok,1,True,,False,FA,FA,semantic
llama_after_uniform,after,uniform,llama,183,1,1,False,ok,1,True,,False,FA,FA,semantic
llama_after_uniform,after,uniform,llama,183,2,1,False,ok,1,True,,True,SA,SA,success
llama_after_uniform,after,uniform,llama,183,3,1,False,ok,1,True,,False,FA,FA,semantic
llama_after_uniform,after,uniform,llama,183,4,1,False,ok,1,True,,False,FA,FA,semantic
llama_after_uniform,after,uniform,llama,184,0,2,True,ok,1,True,,False,AA,AA,semantic
llama_after_uniform,after,uniform,llama,184,1,2,True,ok,1,True,,False,AA,AA,semantic
llama_after_uniform,after,uniform,llama,184,2,2,True,ok,1,True,,False,AA,AA,semantic
llama_after_uniform,after,uniform,llama,184,3,2,True,ok,1,True,,False,AA,AA,semantic
llama_after_uniform,after,uniform,llama,184,4,2,True,ok,1,True,,False,AA,AA,semantic
llama_after_uniform,after,uniform,llama,185,0,1,False,ok,2,False,exec_error: KeyError: 'client_id',,FA,FA,exec_error
llama_after_uniform,after,uniform,llama,185,1,1,False,ok,2,False,exec_error: KeyError: 'client_id',,FA,FA,exec_error
llama_after_uniform,after,uniform,llama,185,2,1,False,ok,1,False,exec_error: KeyError: 'client_id',,FA,FA,exec_error
llama_after_uniform,after,uniform,llama,185,3,1,False,ok,1,False,exec_error: KeyError: 'client_id',,FA,FA,exec_error
llama_after_uniform,after,uniform,llama,185,4,1,False,ok,1,False,exec_error: KeyError: 'client_id',,FA,FA,exec_error
llama_after_uniform,after,uniform,llama,186,0,2,True,ok,1,True,,False,AA,AA,semantic
llama_after_uniform,after,uniform,llama,186,1,2,True,ok,1,True,,False,AA,AA,semantic
llama_after_uniform,after,uniform,llama,186,2,2,True,ok,1,True,,False,AA,AA,semantic
llama_after_uniform,after,uniform,llama,186,3,2,True,ok,1,True,,False,AA,AA,semantic
llama_after_uniform,after,uniform,llama,186,4,2,True,ok,2,True,,False,FA,FA,semantic
llama_after_uniform,after,uniform,llama,187,0,1,True,ok,0,False,exec_error: KeyError: 'client_type',,FA,AA,exec_error
llama_after_uniform,after,uniform,llama,187,1,1,True,ok,1,True,,False,FA,FA,semantic
llama_after_uniform,after,uniform,llama,187,2,1,True,ok,3,True,,False,FA,FA,semantic
llama_after_uniform,after,uniform,llama,187,3,1,True,ok,0,True,,False,AA,AA,semantic
llama_after_uniform,after,uniform,llama,187,4,1,True,ok,2,False,exec_error: KeyError: 'client_id',,FA,FA,exec_error
llama_after_uniform,after,uniform,llama,188,0,1,False,ok,1,False,"exec_error: KeyError: ""['date'] not in index""",,FA,FA,exec_error
llama_after_uniform,after,uniform,llama,188,1,1,False,ok,1,True,,False,FA,FA,semantic
llama_after_uniform,after,uniform,llama,188,2,1,False,ok,1,True,,False,FA,FA,semantic
llama_after_uniform,after,uniform,llama,188,3,1,False,ok,1,False,exec_error: KeyError: 'date_x',,FA,FA,exec_error
llama_after_uniform,after,uniform,llama,188,4,1,False,ok,1,False,exec_error: KeyError: 'date_status',,FA,FA,exec_error
llama_after_uniform,after,uniform,llama,189,0,2,True,ok,2,False,"exec_error: TypeError: can only concatenate str (not ""int"") to str",,FA,FA,exec_error
llama_after_uniform,after,uniform,llama,189,1,2,True,ok,3,False,exec_error: NameError: name 'A2' is not defined,,FA,FA,exec_error
llama_after_uniform,after,uniform,llama,189,2,2,True,ok,1,False,"exec_error: TypeError: int() argument must be a string, a bytes-like object or a real number, not 'Timestamp'",,FA,AA,exec_error
llama_after_uniform,after,uniform,llama,189,3,2,True,ok,1,False,"exec_error: TypeError: can only concatenate str (not ""int"") to str",,FA,AA,exec_error
llama_after_uniform,after,uniform,llama,189,4,2,True,ok,1,False,"exec_error: TypeError: can only concatenate str (not ""int"") to str",,FA,AA,exec_error
llama_after_uniform,after,uniform,llama,190,0,1,False,ok,1,False,"exec_error: TypeError: int() argument must be a string, a bytes-like object or a real number, not 'Timestamp'",,FA,FA,exec_error
llama_after_uniform,after,uniform,llama,190,1,1,False,ok,1,False,"exec_error: TypeError: can only concatenate str (not ""int"") to str",,FA,FA,exec_error
llama_after_uniform,after,uniform,llama,190,2,1,False,ok,1,False,exec_error: KeyError: 'district',,FA,FA,exec_error
llama_after_uniform,after,uniform,llama,190,3,1,False,ok,1,True,,False,FA,FA,semantic
llama_after_uniform,after,uniform,llama,190,4,1,False,ok,1,True,,False,FA,FA,semantic
llama_after_uniform,after,uniform,llama,191,0,1,False,ok,1,True,,False,FA,FA,semantic
llama_after_uniform,after,uniform,llama,191,1,1,False,ok,2,True,,False,FA,FA,semantic
llama_after_uniform,after,uniform,llama,191,2,1,False,ok,1,True,,False,FA,FA,semantic
llama_after_uniform,after,uniform,llama,191,3,1,False,ok,1,True,,False,FA,FA,semantic
llama_after_uniform,after,uniform,llama,191,4,1,False,ok,1,True,,False,FA,FA,semantic
llama_after_uniform,after,uniform,llama,192,0,1,False,ok,2,False,exec_error: KeyError: 'Column not found: amount',,FA,FA,exec_error
llama_after_uniform,after,uniform,llama,192,1,1,False,ok,1,True,,False,FA,FA,semantic
llama_after_uniform,after,uniform,llama,192,2,1,False,ok,2,True,,False,FA,FA,semantic
llama_after_uniform,after,uniform,llama,192,3,1,False,ok,2,False,exec_error: KeyError: 'amount',,FA,FA,exec_error
llama_after_uniform,after,uniform,llama,192,4,1,False,ok,2,False,exec_error: KeyError: 'amount',,FA,FA,exec_error
llama_after_uniform,after,uniform,llama,193,0,2,True,ok,1,True,,False,AA,AA,semantic
llama_after_uniform,after,uniform,llama,193,1,2,True,ok,1,True,,False,AA,AA,semantic
llama_after_uniform,after,uniform,llama,193,2,2,True,ok,1,True,,False,AA,AA,semantic
llama_after_uniform,after,uniform,llama,193,3,2,True,ok,1,True,,False,AA,AA,semantic
llama_after_uniform,after,uniform,llama,193,4,2,True,ok,1,True,,False,AA,AA,semantic
llama_after_uniform,after,uniform,llama,194,0,2,True,ok,2,False,exec_error: KeyError: 'type_x',,FA,FA,exec_error
llama_after_uniform,after,uniform,llama,194,1,2,True,ok,2,False,exec_error: KeyError: 'type_card',,FA,FA,exec_error
llama_after_uniform,after,uniform,llama,194,2,2,True,ok,2,False,exec_error: KeyError: 'type_x',,FA,FA,exec_error
llama_after_uniform,after,uniform,llama,194,3,2,True,ok,2,False,"exec_error: KeyError: ""['age'] not in index""",,FA,FA,exec_error
llama_after_uniform,after,uniform,llama,194,4,2,True,ok,5,False,exec_error: MergeError: Passing 'suffixes' which cause duplicate columns {'type_card'} is not allowed.,,FA,FA,exec_error
llama_after_adaptive,after,adaptive,llama,89,0,1,False,ok,1,True,,False,FA,FA,semantic
llama_after_adaptive,after,adaptive,llama,89,1,1,False,ok,1,False,exec_error: KeyError: 'issue_after_transaction',,FA,FA,exec_error
llama_after_adaptive,after,adaptive,llama,89,2,1,False,ok,3,False,exec_error: KeyError: 'transaction',,FA,FA,exec_error
llama_after_adaptive,after,adaptive,llama,89,3,1,False,ok,1,True,,False,FA,FA,semantic
llama_after_adaptive,after,adaptive,llama,89,4,1,False,ok,2,False,"exec_error: AttributeError: Can only use .str accessor with string values, not datetime64",,FA,FA,exec_error
llama_after_adaptive,after,adaptive,llama,90,0,2,False,ok,2,True,,False,FA,FA,semantic
llama_after_adaptive,after,adaptive,llama,90,1,2,False,ok,2,False,"exec_error: TypeError: can only concatenate str (not ""int"") to str",,FA,FA,exec_error
llama_after_adaptive,after,adaptive,llama,90,2,2,False,ok,3,False,exec_error: KeyError: 'account_id',,FA,FA,exec_error
llama_after_adaptive,after,adaptive,llama,90,3,2,False,ok,3,False,exec_error: UnboundLocalError: cannot access local variable 'account' where it is not associated with a value,,FA,FA,exec_error
llama_after_adaptive,after,adaptive,llama,90,4,2,False,ok,3,False,exec_error: KeyError: 'district_id',,FA,FA,exec_error
llama_after_adaptive,after,adaptive,llama,91,0,0,False,ok,1,False,exec_error: KeyError: 'Year',,FA,FA,exec_error
llama_after_adaptive,after,adaptive,llama,91,1,0,False,ok,1,False,exec_error: KeyError: 'year',,FA,FA,exec_error
llama_after_adaptive,after,adaptive,llama,91,2,0,False,ok,1,False,exec_error: KeyError: 'district_id',,FA,FA,exec_error
llama_after_adaptive,after,adaptive,llama,91,3,0,False,ok,1,False,exec_error: FileNotFoundError: [Errno 2] No such file or directory: 'district.csv',,FA,FA,exec_error
llama_after_adaptive,after,adaptive,llama,91,4,0,False,ok,1,False,exec_error: KeyError: 'A2',,FA,FA,exec_error
llama_after_adaptive,after,adaptive,llama,92,0,1,False,ok,1,False,exec_error: TypeError: unsupported operand type(s) for /: 'int' and 'str',,FA,FA,exec_error
llama_after_adaptive,after,adaptive,llama,92,1,1,False,ok,1,False,"exec_error: TypeError: can only concatenate str (not ""int"") to str",,FA,FA,exec_error
llama_after_adaptive,after,adaptive,llama,92,2,1,False,ok,1,False,exec_error: TypeError: Cannot perform 'rand_' with a dtyped [float64] array and scalar of type [bool],,FA,FA,exec_error
llama_after_adaptive,after,adaptive,llama,92,3,1,False,ok,1,False,"exec_error: TypeError: can only concatenate str (not ""int"") to str",,FA,FA,exec_error
llama_after_adaptive,after,adaptive,llama,92,4,1,False,ok,2,False,exec_error: TypeError: Cannot perform 'rand_' with a dtyped [float64] array and scalar of type [bool],,FA,FA,exec_error
llama_after_adaptive,after,adaptive,llama,93,0,1,False,ok,1,True,,False,FA,FA,semantic
llama_after_adaptive,after,adaptive,llama,93,1,1,False,ok,2,True,,False,FA,FA,semantic
llama_after_adaptive,after,adaptive,llama,93,2,1,False,ok,1,True,,False,FA,FA,semantic
llama_after_adaptive,after,adaptive,llama,93,3,1,False,ok,1,False,exec_error: KeyError: 'district_id',,FA,FA,exec_error
llama_after_adaptive,after,adaptive,llama,93,4,1,False,ok,1,True,,False,FA,FA,semantic
llama_after_adaptive,after,adaptive,llama,94,0,3,True,ok,4,False,exec_error: KeyError: 'account_id',,FA,FA,exec_error
llama_after_adaptive,after,adaptive,llama,94,1,3,True,ok,4,False,exec_error: KeyError: 'account_id',,FA,FA,exec_error
llama_after_adaptive,after,adaptive,llama,94,2,3,True,ok,2,False,"exec_error: TypeError: can only concatenate str (not ""int"") to str",,FA,AA,exec_error
llama_after_adaptive,after,adaptive,llama,94,3,3,True,ok,5,False,exec_error: KeyError: 'account_id',,FA,FA,exec_error
llama_after_adaptive,after,adaptive,llama,94,4,3,True,ok,32,False,exec_error: KeyError: 'client_id',,FA,FA,exec_error
llama_after_adaptive,after,adaptive,llama,95,0,3,True,ok,4,False,exec_error: KeyError: 'account_id',,FA,FA,exec_error
llama_after_adaptive,after,adaptive,llama,95,1,3,True,ok,2,False,exec_error: KeyError: 'account_id',,FA,AA,exec_error
llama_after_adaptive,after,adaptive,llama,95,2,3,True,ok,5,False,exec_error: KeyError: 'client_id',,FA,FA,exec_error
llama_after_adaptive,after,adaptive,llama,95,3,3,True,ok,1,False,"exec_error: TypeError: can only concatenate str (not ""int"") to str",,FA,AA,exec_error
llama_after_adaptive,after,adaptive,llama,95,4,3,True,ok,4,False,exec_error: KeyError: 'A12_client',,FA,FA,exec_error
llama_after_adaptive,after,adaptive,llama,96,0,1,True,ok,1,False,exec_error: KeyError: 'owner',,FA,FA,exec_error
llama_after_adaptive,after,adaptive,llama,96,1,1,True,ok,4,False,exec_error: KeyError: 'client_id',,FA,FA,exec_error
llama_after_adaptive,after,adaptive,llama,96,2,1,True,ok,2,False,exec_error: UnboundLocalError: cannot access local variable 'account' where it is not associated with a value,,FA,FA,exec_error
llama_after_adaptive,after,adaptive,llama,96,3,1,True,ok,3,False,exec_error: KeyError: '_account2',,FA,FA,exec_error
llama_after_adaptive,after,adaptive,llama,96,4,1,True,ok,1,False,exec_error: UnboundLocalError: cannot access local variable 'account' where it is not associated with a value,,FA,FA,exec_error
llama_after_adaptive,after,adaptive,llama,97,0,1,True,ok,2,False,exec_error: KeyError: 'client_id',,FA,FA,exec_error
llama_after_adaptive,after,adaptive,llama,97,1,1,True,ok,1,True,,False,FA,FA,semantic
llama_after_adaptive,after,adaptive,llama,97,2,1,True,ok,2,True,,False,FA,FA,semantic
llama_after_adaptive,after,adaptive,llama,97,3,1,True,ok,2,True,,False,FA,FA,semantic
llama_after_adaptive,after,adaptive,llama,97,4,1,True,ok,1,True,,False,FA,FA,semantic
llama_after_adaptive,after,adaptive,llama,98,0,1,False,ok,2,False,exec_error: MergeError: Passing 'suffixes' which cause duplicate columns {'date_account'} is not allowed.,,FA,FA,exec_error
llama_after_adaptive,after,adaptive,llama,98,1,1,False,ok,1,False,"exec_error: AttributeError: Can only use .str accessor with string values, not datetime64",,FA,FA,exec_error
llama_after_adaptive,after,adaptive,llama,98,2,1,False,ok,1,False,"exec_error: AttributeError: Can only use .str accessor with string values, not datetime64",,FA,FA,exec_error
llama_after_adaptive,after,adaptive,llama,98,3,1,False,ok,2,False,"exec_error: AttributeError: Can only use .str accessor with string values, not datetime64",,FA,FA,exec_error
llama_after_adaptive,after,adaptive,llama,98,4,1,False,ok,2,False,exec_error: KeyError: 'date',,FA,FA,exec_error
llama_after_adaptive,after,adaptive,llama,99,0,1,False,ok,1,False,"exec_error: AttributeError: Can only use .str accessor with string values, not datetime64",,FA,FA,exec_error
llama_after_adaptive,after,adaptive,llama,99,1,1,False,ok,1,False,exec_error: KeyError: 'date',,FA,FA,exec_error
llama_after_adaptive,after,adaptive,llama,99,2,1,False,ok,3,False,exec_error: UnboundLocalError: cannot access local variable 'loan' where it is not associated with a value,,FA,FA,exec_error
llama_after_adaptive,after,adaptive,llama,99,3,1,False,ok,1,True,,False,FA,FA,semantic
llama_after_adaptive,after,adaptive,llama,99,4,1,False,ok,2,False,exec_error: KeyError: 'date',,FA,FA,exec_error
llama_after_adaptive,after,adaptive,llama,100,0,1,False,ok,2,False,exec_error: KeyError: 'client_id',,FA,FA,exec_error
llama_after_adaptive,after,adaptive,llama,100,1,1,False,ok,2,False,exec_error: KeyError: 'client_id',,FA,FA,exec_error
llama_after_adaptive,after,adaptive,llama,100,2,1,False,ok,2,False,exec_error: KeyError: 'client_id',,FA,FA,exec_error
llama_after_adaptive,after,adaptive,llama,100,3,1,False,ok,2,False,exec_error: KeyError: 'client_id',,FA,FA,exec_error
llama_after_adaptive,after,adaptive,llama,100,4,1,False,ok,2,False,exec_error: KeyError: 'client_id',,FA,FA,exec_error
llama_after_adaptive,after,adaptive,llama,101,0,0,False,ok,0,True,,False,FA,FA,semantic
llama_after_adaptive,after,adaptive,llama,101,1,0,False,ok,0,True,,False,FA,FA,semantic
llama_after_adaptive,after,adaptive,llama,101,2,0,False,ok,0,True,,False,FA,FA,semantic
llama_after_adaptive,after,adaptive,llama,101,3,0,False,ok,0,False,"exec_error: AttributeError: Can only use .str accessor with string values, not datetime64",,FA,FA,exec_error
llama_after_adaptive,after,adaptive,llama,101,4,0,False,ok,1,True,,False,FA,FA,semantic
llama_after_adaptive,after,adaptive,llama,102,0,1,False,ok,1,True,,False,FA,FA,semantic
llama_after_adaptive,after,adaptive,llama,102,1,1,False,ok,1,False,"exec_error: AttributeError: Can only use .str accessor with string values, not datetime64",,FA,FA,exec_error
llama_after_adaptive,after,adaptive,llama,102,2,1,False,ok,1,False,"exec_error: AttributeError: Can only use .str accessor with string values, not datetime64",,FA,FA,exec_error
llama_after_adaptive,after,adaptive,llama,102,3,1,False,ok,1,False,exec_error: TypeError: Cannot perform 'rand_' with a dtyped [int64] array and scalar of type [bool],,FA,FA,exec_error
llama_after_adaptive,after,adaptive,llama,102,4,1,False,ok,1,False,exec_error: KeyError: 'date',,FA,FA,exec_error
llama_after_adaptive,after,adaptive,llama,103,0,2,True,ok,2,True,,False,FA,FA,semantic
llama_after_adaptive,after,adaptive,llama,103,1,2,True,ok,3,False,exec_error: AttributeError: Can only use .dt accessor with datetimelike values,,FA,FA,exec_error
llama_after_adaptive,after,adaptive,llama,103,2,2,True,ok,2,False,exec_error: AttributeError: 'str' object has no attribute 'date',,FA,FA,exec_error
llama_after_adaptive,after,adaptive,llama,103,3,2,True,ok,2,False,exec_error: AttributeError: 'str' object has no attribute 'year',,FA,FA,exec_error
llama_after_adaptive,after,adaptive,llama,103,4,2,True,ok,1,False,exec_error: KeyError: 'client_id',,FA,AA,exec_error
llama_after_adaptive,after,adaptive,llama,104,0,1,False,ok,1,True,,False,FA,FA,semantic
llama_after_adaptive,after,adaptive,llama,104,1,1,False,ok,1,False,exec_error: KeyError: 'date',,FA,FA,exec_error
llama_after_adaptive,after,adaptive,llama,104,2,1,False,ok,1,True,,False,FA,FA,semantic
llama_after_adaptive,after,adaptive,llama,104,3,1,False,ok,1,False,"exec_error: AttributeError: Can only use .str accessor with string values, not datetime64",,FA,FA,exec_error
llama_after_adaptive,after,adaptive,llama,104,4,1,False,ok,1,False,exec_error: KeyError: 'date_x',,FA,FA,exec_error
llama_after_adaptive,after,adaptive,llama,105,0,1,False,ok,1,False,"exec_error: KeyError: ""['date'] not in index""",,FA,FA,exec_error
llama_after_adaptive,after,adaptive,llama,105,1,1,False,ok,1,True,,True,SA,SA,success
llama_after_adaptive,after,adaptive,llama,105,2,1,False,ok,1,False,exec_error: KeyError: 'date',,FA,FA,exec_error
llama_after_adaptive,after,adaptive,llama,105,3,1,False,ok,1,True,,False,FA,FA,semantic
llama_after_adaptive,after,adaptive,llama,105,4,1,False,ok,1,True,,False,FA,FA,semantic
llama_after_adaptive,after,adaptive,llama,106,0,3,True,ok,4,True,,False,FA,FA,semantic
llama_after_adaptive,after,adaptive,llama,106,1,3,True,ok,5,True,,False,FA,FA,semantic
llama_after_adaptive,after,adaptive,llama,106,2,3,True,ok,3,True,,False,FA,FA,semantic
llama_after_adaptive,after,adaptive,llama,106,3,3,True,ok,3,False,exec_error: KeyError: 'account_id',,FA,FA,exec_error
llama_after_adaptive,after,adaptive,llama,106,4,3,True,ok,3,False,exec_error: KeyError: 'client_id',,FA,FA,exec_error
llama_after_adaptive,after,adaptive,llama,107,0,1,False,ok,1,False,"exec_error: TypeError: can only concatenate str (not ""int"") to str",,FA,FA,exec_error
llama_after_adaptive,after,adaptive,llama,107,1,1,False,ok,1,False,exec_error: ValueError: could not convert string to float: 'Pisek',,FA,FA,exec_error
llama_after_adaptive,after,adaptive,llama,107,2,1,False,ok,1,False,exec_error: IndexError: single positional indexer is out-of-bounds,,FA,FA,exec_error
llama_after_adaptive,after,adaptive,llama,107,3,1,False,ok,2,True,,True,SA,SA,success
llama_after_adaptive,after,adaptive,llama,107,4,1,False,ok,1,True,,False,FA,FA,semantic
llama_after_adaptive,after,adaptive,llama,108,0,2,False,ok,3,True,,False,FA,FA,semantic
llama_after_adaptive,after,adaptive,llama,108,1,2,False,ok,4,False,exec_error: KeyError: 'client_id',,FA,FA,exec_error
llama_after_adaptive,after,adaptive,llama,108,2,2,False,ok,4,False,exec_error: KeyError: 'Column not found: amount',,FA,FA,exec_error
llama_after_adaptive,after,adaptive,llama,108,3,2,False,ok,3,False,exec_error: KeyError: 'amount',,FA,FA,exec_error
llama_after_adaptive,after,adaptive,llama,108,4,2,False,ok,4,False,exec_error: KeyError: 'amount',,FA,FA,exec_error
llama_after_adaptive,after,adaptive,llama,109,0,1,False,ok,1,True,,False,FA,FA,semantic
llama_after_adaptive,after,adaptive,llama,109,1,1,False,ok,1,True,,False,FA,FA,semantic
llama_after_adaptive,after,adaptive,llama,109,2,1,False,ok,1,True,,False,FA,FA,semantic
llama_after_adaptive,after,adaptive,llama,109,3,1,False,ok,1,True,,False,FA,FA,semantic
llama_after_adaptive,after,adaptive,llama,109,4,1,False,ok,1,True,,False,FA,FA,semantic
llama_after_adaptive,after,adaptive,llama,110,0,2,True,ok,4,False,exec_error: UnboundLocalError: cannot access local variable 'trans' where it is not associated with a value,,FA,FA,exec_error
llama_after_adaptive,after,adaptive,llama,110,1,2,True,ok,2,False,exec_error: KeyError: 'client',,FA,FA,exec_error
llama_after_adaptive,after,adaptive,llama,110,2,2,True,ok,0,False,exec_error: UnboundLocalError: cannot access local variable 'trans' where it is not associated with a value,,FA,AA,exec_error
llama_after_adaptive,after,adaptive,llama,110,3,2,True,ok,2,False,exec_error: KeyError: 'client',,FA,FA,exec_error
llama_after_adaptive,after,adaptive,llama,110,4,2,True,ok,2,False,exec_error: KeyError: 'client_id',,FA,FA,exec_error
llama_after_adaptive,after,adaptive,llama,111,0,1,False,ok,1,False,"exec_error: AttributeError: Can only use .str accessor with string values, not datetime64",,FA,FA,exec_error
llama_after_adaptive,after,adaptive,llama,111,1,1,False,ok,1,True,,False,FA,FA,semantic
llama_after_adaptive,after,adaptive,llama,111,2,1,False,ok,1,True,,False,FA,FA,semantic
llama_after_adaptive,after,adaptive,llama,111,3,1,False,ok,1,True,,False,FA,FA,semantic
llama_after_adaptive,after,adaptive,llama,111,4,1,False,ok,1,False,"exec_error: AttributeError: Can only use .str accessor with string values, not datetime64",,FA,FA,exec_error
llama_after_adaptive,after,adaptive,llama,112,0,1,False,ok,1,True,,False,FA,FA,semantic
llama_after_adaptive,after,adaptive,llama,112,1,1,False,ok,1,False,"exec_error: KeyError: ""None of [Index(['district_id'], dtype='str')] are in the [columns]""",,FA,FA,exec_error
llama_after_adaptive,after,adaptive,llama,112,2,1,False,ok,1,True,,False,FA,FA,semantic
llama_after_adaptive,after,adaptive,llama,112,3,1,False,ok,1,False,exec_error: KeyError: 'district_id',,FA,FA,exec_error
llama_after_adaptive,after,adaptive,llama,112,4,1,False,ok,1,True,,False,FA,FA,semantic
llama_after_adaptive,after,adaptive,llama,113,0,3,True,ok,3,False,exec_error: KeyError: 'disp_id',,FA,FA,exec_error
llama_after_adaptive,after,adaptive,llama,113,1,3,True,ok,2,False,exec_error: KeyError: 'account_id',,FA,AA,exec_error
llama_after_adaptive,after,adaptive,llama,113,2,3,True,ok,3,True,,False,FA,FA,semantic
llama_after_adaptive,after,adaptive,llama,113,3,3,True,parse_fail,0,,,,FA,FA,step1_parse_fail
llama_after_adaptive,after,adaptive,llama,113,4,3,True,ok,3,True,,False,FA,FA,semantic
llama_after_adaptive,after,adaptive,llama,114,0,1,False,ok,1,False,exec_error: UnboundLocalError: cannot access local variable 'account' where it is not associated with a value,,FA,FA,exec_error
llama_after_adaptive,after,adaptive,llama,114,1,1,False,ok,1,False,exec_error: IndexError: index 0 is out of bounds for axis 0 with size 0,,FA,FA,exec_error
llama_after_adaptive,after,adaptive,llama,114,2,1,False,ok,1,False,exec_error: IndexError: single positional indexer is out-of-bounds,,FA,FA,exec_error
llama_after_adaptive,after,adaptive,llama,114,3,1,False,ok,1,True,,False,FA,FA,semantic
llama_after_adaptive,after,adaptive,llama,114,4,1,False,ok,1,False,exec_error: KeyError: 'A1',,FA,FA,exec_error
llama_after_adaptive,after,adaptive,llama,115,0,1,False,ok,2,False,exec_error: KeyError: 'branch_id',,FA,FA,exec_error
llama_after_adaptive,after,adaptive,llama,115,1,1,False,ok,2,False,exec_error: ValueError: attempt to get argmax of an empty sequence,,FA,FA,exec_error
llama_after_adaptive,after,adaptive,llama,115,2,1,False,ok,1,False,exec_error: ValueError: attempt to get argmax of an empty sequence,,FA,FA,exec_error
llama_after_adaptive,after,adaptive,llama,115,3,1,False,ok,1,False,"exec_error: KeyError:       account_id  district_id         frequency       date
0              1           18  POPLATEK MESICNE 1995-03-24
1              2            1  P",,FA,FA,exec_error
llama_after_adaptive,after,adaptive,llama,115,4,1,False,ok,0,False,"exec_error: TypeError: can only concatenate str (not ""int"") to str",,FA,AA,exec_error
llama_after_adaptive,after,adaptive,llama,116,0,2,False,ok,3,False,exec_error: KeyError: 'balance',,FA,FA,exec_error
llama_after_adaptive,after,adaptive,llama,116,1,2,False,ok,3,False,"exec_error: TypeError: Boolean array expected for the condition, not object",,FA,FA,exec_error
llama_after_adaptive,after,adaptive,llama,116,2,2,False,ok,2,False,"exec_error: KeyError: ""Label(s) ['balance_trans'] do not exist""",,FA,FA,exec_error
llama_after_adaptive,after,adaptive,llama,116,3,2,False,ok,2,False,exec_error: KeyError: 'date',,FA,FA,exec_error
llama_after_adaptive,after,adaptive,llama,116,4,2,False,ok,2,False,exec_error: KeyError: 'date',,FA,FA,exec_error
llama_after_adaptive,after,adaptive,llama,117,0,0,False,ok,1,True,,False,FA,FA,semantic
llama_after_adaptive,after,adaptive,llama,117,1,0,False,ok,0,True,,False,FA,FA,semantic
llama_after_adaptive,after,adaptive,llama,117,2,0,False,ok,1,True,,False,FA,FA,semantic
llama_after_adaptive,after,adaptive,llama,117,3,0,False,ok,0,True,,False,FA,FA,semantic
llama_after_adaptive,after,adaptive,llama,117,4,0,False,ok,0,True,,False,FA,FA,semantic
llama_after_adaptive,after,adaptive,llama,118,0,0,False,ok,1,True,,False,FA,FA,semantic
llama_after_adaptive,after,adaptive,llama,118,1,0,False,ok,1,True,,False,FA,FA,semantic
llama_after_adaptive,after,adaptive,llama,118,2,0,False,ok,1,True,,False,FA,FA,semantic
llama_after_adaptive,after,adaptive,llama,118,3,0,False,ok,1,False,exec_error: KeyError: 'issue',,FA,FA,exec_error
llama_after_adaptive,after,adaptive,llama,118,4,0,False,ok,1,True,,False,FA,FA,semantic
llama_after_adaptive,after,adaptive,llama,119,0,1,False,ok,1,False,"exec_error: AttributeError: Can only use .str accessor with string values, not datetime64",,FA,FA,exec_error
llama_after_adaptive,after,adaptive,llama,119,1,1,False,ok,1,False,"exec_error: AttributeError: Can only use .str accessor with string values, not datetime64",,FA,FA,exec_error
llama_after_adaptive,after,adaptive,llama,119,2,1,False,ok,1,True,,False,FA,FA,semantic
llama_after_adaptive,after,adaptive,llama,119,3,1,False,ok,1,False,exec_error: KeyError: 'statement_date',,FA,FA,exec_error
llama_after_adaptive,after,adaptive,llama,119,4,1,False,ok,1,False,exec_error: KeyError: 'statement_date',,FA,FA,exec_error
llama_after_adaptive,after,adaptive,llama,120,0,1,False,ok,2,False,"exec_error: AttributeError: Can only use .str accessor with string values, not datetime64",,FA,FA,exec_error
llama_after_adaptive,after,adaptive,llama,120,1,1,False,ok,1,True,,False,FA,FA,semantic
llama_after_adaptive,after,adaptive,llama,120,2,1,False,ok,1,False,"exec_error: AttributeError: Can only use .str accessor with string values, not datetime64",,FA,FA,exec_error
llama_after_adaptive,after,adaptive,llama,120,3,1,False,ok,1,False,"exec_error: ValueError: Operands are not aligned. Do `left, right = left.align(right, axis=1)` before operating.",,FA,FA,exec_error
llama_after_adaptive,after,adaptive,llama,120,4,1,False,ok,1,True,,False,FA,FA,semantic
llama_after_adaptive,after,adaptive,llama,121,0,1,False,ok,1,True,,True,SA,SA,success
llama_after_adaptive,after,adaptive,llama,121,1,1,False,ok,1,True,,True,SA,SA,success
llama_after_adaptive,after,adaptive,llama,121,2,1,False,ok,1,False,exec_error: UnboundLocalError: cannot access local variable 'account' where it is not associated with a value,,FA,FA,exec_error
llama_after_adaptive,after,adaptive,llama,121,3,1,False,ok,1,True,,True,SA,SA,success
llama_after_adaptive,after,adaptive,llama,121,4,1,False,ok,1,True,,True,SA,SA,success
llama_after_adaptive,after,adaptive,llama,122,0,2,False,ok,2,True,,False,FA,FA,semantic
llama_after_adaptive,after,adaptive,llama,122,1,2,False,ok,2,False,exec_error: KeyError: 'account_id',,FA,FA,exec_error
llama_after_adaptive,after,adaptive,llama,122,2,2,False,ok,2,True,,False,FA,FA,semantic
llama_after_adaptive,after,adaptive,llama,122,3,2,False,ok,3,False,exec_error: KeyError: 'account_id',,FA,FA,exec_error
llama_after_adaptive,after,adaptive,llama,122,4,2,False,ok,2,False,exec_error: KeyError: 'account_id',,FA,FA,exec_error
llama_after_adaptive,after,adaptive,llama,123,0,2,False,ok,2,True,,False,FA,FA,semantic
llama_after_adaptive,after,adaptive,llama,123,1,2,False,ok,3,False,exec_error: KeyError: 'account_id',,FA,FA,exec_error
llama_after_adaptive,after,adaptive,llama,123,2,2,False,ok,3,False,exec_error: KeyError: 'account_id',,FA,FA,exec_error
llama_after_adaptive,after,adaptive,llama,123,3,2,False,ok,3,False,exec_error: KeyError: 'account_id',,FA,FA,exec_error
llama_after_adaptive,after,adaptive,llama,123,4,2,False,ok,3,True,,False,FA,FA,semantic
llama_after_adaptive,after,adaptive,llama,124,0,2,False,ok,2,True,,False,FA,FA,semantic
llama_after_adaptive,after,adaptive,llama,124,1,2,False,ok,2,True,,False,FA,FA,semantic
llama_after_adaptive,after,adaptive,llama,124,2,2,False,ok,2,False,exec_error: UnboundLocalError: cannot access local variable 'loan' where it is not associated with a value,,FA,FA,exec_error
llama_after_adaptive,after,adaptive,llama,124,3,2,False,ok,2,True,,False,FA,FA,semantic
llama_after_adaptive,after,adaptive,llama,124,4,2,False,ok,3,False,exec_error: KeyError: 'account_id',,FA,FA,exec_error
llama_after_adaptive,after,adaptive,llama,125,0,2,False,ok,5,False,exec_error: KeyError: 'account_id',,FA,FA,exec_error
llama_after_adaptive,after,adaptive,llama,125,1,2,False,ok,2,False,exec_error: KeyError: 'account_id',,FA,FA,exec_error
llama_after_adaptive,after,adaptive,llama,125,2,2,False,ok,4,False,exec_error: KeyError: 'district_id',,FA,FA,exec_error
llama_after_adaptive,after,adaptive,llama,125,3,2,False,ok,3,False,exec_error: KeyError: 'account_id',,FA,FA,exec_error
llama_after_adaptive,after,adaptive,llama,125,4,2,False,ok,4,False,exec_error: KeyError: 'account_id',,FA,FA,exec_error
llama_after_adaptive,after,adaptive,llama,126,0,1,False,ok,2,False,exec_error: KeyError: 'A2',,FA,FA,exec_error
llama_after_adaptive,after,adaptive,llama,126,1,1,False,ok,2,True,,False,FA,FA,semantic
llama_after_adaptive,after,adaptive,llama,126,2,1,False,ok,2,True,,False,FA,FA,semantic
llama_after_adaptive,after,adaptive,llama,126,3,1,False,ok,1,False,exec_error: KeyError: 'Decin',,FA,FA,exec_error
llama_after_adaptive,after,adaptive,llama,126,4,1,False,ok,1,False,exec_error: NameError: name 'district_id' is not defined,,FA,FA,exec_error
llama_after_adaptive,after,adaptive,llama,127,0,0,False,ok,1,False,exec_error: KeyError: 'account_id',,FA,FA,exec_error
llama_after_adaptive,after,adaptive,llama,127,1,0,False,ok,1,True,,False,FA,FA,semantic
llama_after_adaptive,after,adaptive,llama,127,2,0,False,ok,1,False,exec_error: KeyError: 'account_id',,FA,FA,exec_error
llama_after_adaptive,after,adaptive,llama,127,3,0,False,ok,1,False,exec_error: KeyError: 'monthly_status',,FA,FA,exec_error
llama_after_adaptive,after,adaptive,llama,127,4,0,False,ok,1,True,,False,FA,FA,semantic
llama_after_adaptive,after,adaptive,llama,128,0,1,False,ok,2,True,,False,FA,FA,semantic
llama_after_adaptive,after,adaptive,llama,128,1,1,False,ok,2,True,,False,FA,FA,semantic
llama_after_adaptive,after,adaptive,llama,128,2,1,False,ok,1,True,,False,FA,FA,semantic
llama_after_adaptive,after,adaptive,llama,128,3,1,False,ok,1,False,exec_error: KeyError: 'district_id',,FA,FA,exec_error
llama_after_adaptive,after,adaptive,llama,128,4,1,False,ok,2,True,,False,FA,FA,semantic
llama_after_adaptive,after,adaptive,llama,129,0,2,False,ok,2,False,exec_error: KeyError: 'account',,FA,FA,exec_error
llama_after_adaptive,after,adaptive,llama,129,1,2,False,ok,3,False,"exec_error: AttributeError: Can only use .str accessor with string values, not datetime64",,FA,FA,exec_error
llama_after_adaptive,after,adaptive,llama,129,2,2,False,ok,1,False,"exec_error: AttributeError: Can only use .str accessor with string values, not datetime64",,FA,AA,exec_error
llama_after_adaptive,after,adaptive,llama,129,3,2,False,ok,3,False,exec_error: KeyError: 'A2_district',,FA,FA,exec_error
llama_after_adaptive,after,adaptive,llama,129,4,2,False,ok,2,False,exec_error: KeyError: 'account',,FA,FA,exec_error
llama_after_adaptive,after,adaptive,llama,130,0,2,True,ok,2,True,,False,FA,FA,semantic
llama_after_adaptive,after,adaptive,llama,130,1,2,True,ok,0,True,,False,AA,AA,semantic
llama_after_adaptive,after,adaptive,llama,130,2,2,True,ok,5,False,exec_error: UnboundLocalError: cannot access local variable 'account' where it is not associated with a value,,FA,FA,exec_error
llama_after_adaptive,after,adaptive,llama,130,3,2,True,ok,2,False,exec_error: KeyError: 'district_id',,FA,FA,exec_error
llama_after_adaptive,after,adaptive,llama,130,4,2,True,ok,2,False,exec_error: AttributeError: 'numpy.int64' object has no attribute 'to_frame',,FA,FA,exec_error
llama_after_adaptive,after,adaptive,llama,131,0,2,False,ok,3,False,exec_error: KeyError: 'district_id',,FA,FA,exec_error
llama_after_adaptive,after,adaptive,llama,131,1,2,False,ok,3,False,exec_error: KeyError: '_district',,FA,FA,exec_error
llama_after_adaptive,after,adaptive,llama,131,2,2,False,ok,2,False,exec_error: KeyError: 'account_id',,FA,FA,exec_error
llama_after_adaptive,after,adaptive,llama,131,3,2,False,ok,2,True,,False,FA,FA,semantic
llama_after_adaptive,after,adaptive,llama,131,4,2,False,ok,4,False,exec_error: KeyError: 'total_active_loans',,FA,FA,exec_error
llama_after_adaptive,after,adaptive,llama,132,0,3,True,ok,2,False,exec_error: UnboundLocalError: cannot access local variable 'loan' where it is not associated with a value,,FA,AA,exec_error
llama_after_adaptive,after,adaptive,llama,132,1,3,True,ok,1,True,,False,AA,AA,semantic
llama_after_adaptive,after,adaptive,llama,132,2,3,True,ok,1,False,exec_error: UnboundLocalError: cannot access local variable 'loan' where it is not associated with a value,,FA,AA,exec_error
llama_after_adaptive,after,adaptive,llama,132,3,3,True,ok,1,True,,False,AA,AA,semantic
llama_after_adaptive,after,adaptive,llama,132,4,3,True,ok,1,False,exec_error: UnboundLocalError: cannot access local variable 'loan' where it is not associated with a value,,FA,AA,exec_error
llama_after_adaptive,after,adaptive,llama,133,0,0,False,parse_fail,0,,,,FA,FA,step1_parse_fail
llama_after_adaptive,after,adaptive,llama,133,1,0,False,ok,1,False,exec_error: KeyError: 'unemployed',,FA,FA,exec_error
llama_after_adaptive,after,adaptive,llama,133,2,0,False,ok,1,False,exec_error: KeyError: 'branch_location',,FA,FA,exec_error
llama_after_adaptive,after,adaptive,llama,133,3,0,False,ok,2,False,exec_error: KeyError: 'branch_location',,FA,FA,exec_error
llama_after_adaptive,after,adaptive,llama,133,4,0,False,ok,1,False,exec_error: KeyError: 'A2',,FA,FA,exec_error
llama_after_adaptive,after,adaptive,llama,134,0,1,False,ok,1,False,exec_error: KeyError: 'branch_id',,FA,FA,exec_error
llama_after_adaptive,after,adaptive,llama,134,1,1,False,ok,2,False,exec_error: KeyError: 'branch_id',,FA,FA,exec_error
llama_after_adaptive,after,adaptive,llama,134,2,1,False,ok,1,False,exec_error: KeyError: 'branch_id',,FA,FA,exec_error
llama_after_adaptive,after,adaptive,llama,134,3,1,False,ok,2,False,exec_error: KeyError: 'branch_id',,FA,FA,exec_error
llama_after_adaptive,after,adaptive,llama,134,4,1,False,ok,1,False,exec_error: KeyError: 'branch',,FA,FA,exec_error
llama_after_adaptive,after,adaptive,llama,135,0,1,False,ok,1,True,,False,FA,FA,semantic
llama_after_adaptive,after,adaptive,llama,135,1,1,False,ok,1,False,exec_error: KeyError: 'account_id',,FA,FA,exec_error
llama_after_adaptive,after,adaptive,llama,135,2,1,False,ok,1,True,,False,FA,FA,semantic
llama_after_adaptive,after,adaptive,llama,135,3,1,False,ok,2,False,exec_error: KeyError: 'account_id',,FA,FA,exec_error
llama_after_adaptive,after,adaptive,llama,135,4,1,False,ok,1,False,exec_error: KeyError: 'account_id',,FA,FA,exec_error
llama_after_adaptive,after,adaptive,llama,136,0,1,False,ok,1,True,,False,FA,FA,semantic
llama_after_adaptive,after,adaptive,llama,136,1,1,False,parse_fail,0,,,,FA,FA,step1_parse_fail
llama_after_adaptive,after,adaptive,llama,136,2,1,False,ok,1,False,exec_error: KeyError: 'date',,FA,FA,exec_error
llama_after_adaptive,after,adaptive,llama,136,3,1,False,ok,1,False,exec_error: KeyError: 'date',,FA,FA,exec_error
llama_after_adaptive,after,adaptive,llama,136,4,1,False,ok,1,False,exec_error: KeyError: 'date',,FA,FA,exec_error
llama_after_adaptive,after,adaptive,llama,137,0,2,False,ok,2,True,,False,FA,FA,semantic
llama_after_adaptive,after,adaptive,llama,137,1,2,False,ok,3,False,exec_error: KeyError: 'A1',,FA,FA,exec_error
llama_after_adaptive,after,adaptive,llama,137,2,2,False,ok,2,False,exec_error: KeyError: 'A1',,FA,FA,exec_error
llama_after_adaptive,after,adaptive,llama,137,3,2,False,ok,3,False,exec_error: UnboundLocalError: cannot access local variable 'account' where it is not associated with a value,,FA,FA,exec_error
llama_after_adaptive,after,adaptive,llama,137,4,2,False,ok,2,False,exec_error: UnboundLocalError: cannot access local variable 'account' where it is not associated with a value,,FA,FA,exec_error
llama_after_adaptive,after,adaptive,llama,138,0,1,False,ok,2,False,exec_error: KeyError: 'branch_id',,FA,FA,exec_error
llama_after_adaptive,after,adaptive,llama,138,1,1,False,ok,3,False,exec_error: NameError: name 'crime' is not defined,,FA,FA,exec_error
llama_after_adaptive,after,adaptive,llama,138,2,1,False,ok,2,False,exec_error: IndexingError: Too many indexers,,FA,FA,exec_error
llama_after_adaptive,after,adaptive,llama,138,3,1,False,ok,3,False,"exec_error: TypeError: can only concatenate str (not ""int"") to str",,FA,FA,exec_error
llama_after_adaptive,after,adaptive,llama,138,4,1,False,ok,2,False,exec_error: KeyError: 'A2',,FA,FA,exec_error
llama_after_adaptive,after,adaptive,llama,139,0,1,True,ok,1,True,,False,FA,FA,semantic
llama_after_adaptive,after,adaptive,llama,139,1,1,True,ok,1,True,,False,FA,FA,semantic
llama_after_adaptive,after,adaptive,llama,139,2,1,True,ok,2,True,,False,FA,FA,semantic
llama_after_adaptive,after,adaptive,llama,139,3,1,True,ok,1,True,,False,FA,FA,semantic
llama_after_adaptive,after,adaptive,llama,139,4,1,True,ok,1,True,,False,FA,FA,semantic
llama_after_adaptive,after,adaptive,llama,140,0,1,False,ok,2,True,,True,SA,SA,success
llama_after_adaptive,after,adaptive,llama,140,1,1,False,ok,1,True,,True,SA,SA,success
llama_after_adaptive,after,adaptive,llama,140,2,1,False,ok,2,False,exec_error: KeyError: '_pisek.account_id',,FA,FA,exec_error
llama_after_adaptive,after,adaptive,llama,140,3,1,False,ok,1,True,,True,SA,SA,success
llama_after_adaptive,after,adaptive,llama,140,4,1,False,ok,1,True,,True,SA,SA,success
llama_after_adaptive,after,adaptive,llama,141,0,2,False,ok,3,False,exec_error: AttributeError: 'Timestamp' object has no attribute 'startswith',,FA,FA,exec_error
llama_after_adaptive,after,adaptive,llama,141,1,2,False,ok,3,False,exec_error: KeyError: 'account_id',,FA,FA,exec_error
llama_after_adaptive,after,adaptive,llama,141,2,2,False,ok,3,False,exec_error: KeyError: 'client_id',,FA,FA,exec_error
llama_after_adaptive,after,adaptive,llama,141,3,2,False,ok,3,True,,False,FA,FA,semantic
llama_after_adaptive,after,adaptive,llama,141,4,2,False,ok,2,False,"exec_error: AttributeError: Can only use .str accessor with string values, not datetime64",,FA,FA,exec_error
llama_after_adaptive,after,adaptive,llama,142,0,2,False,parse_fail,0,,,,FA,FA,step1_parse_fail
llama_after_adaptive,after,adaptive,llama,142,1,2,False,ok,3,False,exec_error: KeyError: 'account_id',,FA,FA,exec_error
llama_after_adaptive,after,adaptive,llama,142,2,2,False,ok,3,False,exec_error: KeyError: 'client_id',,FA,FA,exec_error
llama_after_adaptive,after,adaptive,llama,142,3,2,False,ok,3,False,exec_error: KeyError: 'client_id',,FA,FA,exec_error
llama_after_adaptive,after,adaptive,llama,142,4,2,False,ok,3,False,exec_error: KeyError: 'district_id',,FA,FA,exec_error
llama_after_adaptive,after,adaptive,llama,143,0,1,True,ok,2,False,exec_error: KeyError: 'type_x',,FA,FA,exec_error
llama_after_adaptive,after,adaptive,llama,143,1,1,True,ok,1,False,exec_error: KeyError: 'type_x',,FA,FA,exec_error
llama_after_adaptive,after,adaptive,llama,143,2,1,True,ok,3,False,exec_error: UnboundLocalError: cannot access local variable 'card' where it is not associated with a value,,FA,FA,exec_error
llama_after_adaptive,after,adaptive,llama,143,3,1,True,ok,2,True,,False,FA,FA,semantic
llama_after_adaptive,after,adaptive,llama,143,4,1,True,ok,2,True,,False,FA,FA,semantic
llama_after_adaptive,after,adaptive,llama,144,0,3,True,ok,3,False,exec_error: KeyError: 'account_id',,FA,FA,exec_error
llama_after_adaptive,after,adaptive,llama,144,1,3,True,ok,4,False,exec_error: KeyError: 'trans_id',,FA,FA,exec_error
llama_after_adaptive,after,adaptive,llama,144,2,3,True,ok,3,False,exec_error: KeyError: 'disp_id',,FA,FA,exec_error
llama_after_adaptive,after,adaptive,llama,144,3,3,True,ok,3,False,exec_error: KeyError: 'disp_id',,FA,FA,exec_error
llama_after_adaptive,after,adaptive,llama,144,4,3,True,ok,2,False,exec_error: UnboundLocalError: cannot access local variable 'card' where it is not associated with a value,,FA,AA,exec_error
llama_after_adaptive,after,adaptive,llama,145,0,1,False,ok,1,True,,False,FA,FA,semantic
llama_after_adaptive,after,adaptive,llama,145,1,1,False,ok,1,False,exec_error: KeyError: 'date',,FA,FA,exec_error
llama_after_adaptive,after,adaptive,llama,145,2,1,False,ok,1,False,"exec_error: AttributeError: Can only use .str accessor with string values, not datetime64",,FA,FA,exec_error
llama_after_adaptive,after,adaptive,llama,145,3,1,False,ok,1,False,"exec_error: AttributeError: Can only use .str accessor with string values, not floating",,FA,FA,exec_error
llama_after_adaptive,after,adaptive,llama,145,4,1,False,ok,1,False,exec_error: KeyError: 'date',,FA,FA,exec_error
llama_after_adaptive,after,adaptive,llama,146,0,3,True,ok,4,False,exec_error: KeyError: 'account_id',,FA,FA,exec_error
llama_after_adaptive,after,adaptive,llama,146,1,3,True,ok,4,False,exec_error: TypeError: unsupported operand type(s) for &: 'str' and 'StringArray',,FA,FA,exec_error
llama_after_adaptive,after,adaptive,llama,146,2,3,True,ok,4,False,exec_error: TypeError: Cannot perform 'rand_' with a dtyped [bool] array and scalar of type [bool],,FA,FA,exec_error
llama_after_adaptive,after,adaptive,llama,146,3,3,True,ok,4,False,exec_error: KeyError: 'account_id',,FA,FA,exec_error
llama_after_adaptive,after,adaptive,llama,146,4,3,True,ok,4,False,exec_error: AttributeError: 'DataFrame' object has no attribute 'card_type',,FA,FA,exec_error
llama_after_adaptive,after,adaptive,llama,147,0,1,False,ok,1,True,,False,FA,FA,semantic
llama_after_adaptive,after,adaptive,llama,147,1,1,False,ok,1,True,,False,FA,FA,semantic
llama_after_adaptive,after,adaptive,llama,147,2,1,False,ok,1,True,,False,FA,FA,semantic
llama_after_adaptive,after,adaptive,llama,147,3,1,False,ok,2,True,,False,FA,FA,semantic
llama_after_adaptive,after,adaptive,llama,147,4,1,False,ok,1,True,,False,FA,FA,semantic
llama_after_adaptive,after,adaptive,llama,148,0,2,True,ok,2,False,exec_error: KeyError: 'account_id',,FA,FA,exec_error
llama_after_adaptive,after,adaptive,llama,148,1,2,True,ok,1,True,,True,AA,AA,success
llama_after_adaptive,after,adaptive,llama,148,2,2,True,ok,1,False,exec_error: UnboundLocalError: cannot access local variable 'district' where it is not associated with a value,,FA,AA,exec_error
llama_after_adaptive,after,adaptive,llama,148,3,2,True,ok,1,True,,True,AA,AA,success
llama_after_adaptive,after,adaptive,llama,148,4,2,True,ok,2,False,"exec_error: ValueError: Operands are not aligned. Do `left, right = left.align(right, axis=1)` before operating.",,FA,FA,exec_error
llama_after_adaptive,after,adaptive,llama,149,0,2,True,ok,4,False,exec_error: KeyError: 'card_id',,FA,FA,exec_error
llama_after_adaptive,after,adaptive,llama,149,1,2,True,ok,4,False,exec_error: KeyError: 'account_id',,FA,FA,exec_error
llama_after_adaptive,after,adaptive,llama,149,2,2,True,ok,2,False,exec_error: KeyError: 'average_income',,FA,FA,exec_error
llama_after_adaptive,after,adaptive,llama,149,3,2,True,ok,5,False,exec_error: UnboundLocalError: cannot access local variable 'account' where it is not associated with a value,,FA,FA,exec_error
llama_after_adaptive,after,adaptive,llama,149,4,2,True,ok,2,False,exec_error: KeyError: 'income',,FA,FA,exec_error
llama_after_adaptive,after,adaptive,llama,150,0,2,False,ok,3,False,exec_error: KeyError: 'district_id',,FA,FA,exec_error
llama_after_adaptive,after,adaptive,llama,150,1,2,False,ok,4,False,exec_error: KeyError: 'district_id',,FA,FA,exec_error
llama_after_adaptive,after,adaptive,llama,150,2,2,False,ok,4,False,exec_error: KeyError: 'district_id',,FA,FA,exec_error
llama_after_adaptive,after,adaptive,llama,150,3,2,False,ok,3,False,exec_error: KeyError: 'district_id',,FA,FA,exec_error
llama_after_adaptive,after,adaptive,llama,150,4,2,False,ok,3,False,exec_error: KeyError: 'account_id',,FA,FA,exec_error
llama_after_adaptive,after,adaptive,llama,151,0,2,False,ok,2,True,,False,FA,FA,semantic
llama_after_adaptive,after,adaptive,llama,151,1,2,False,ok,2,False,exec_error: KeyError: 'district',,FA,FA,exec_error
llama_after_adaptive,after,adaptive,llama,151,2,2,False,parse_fail,0,,,,FA,FA,step1_parse_fail
llama_after_adaptive,after,adaptive,llama,151,3,2,False,ok,2,True,,False,FA,FA,semantic
llama_after_adaptive,after,adaptive,llama,151,4,2,False,ok,2,False,"exec_error: KeyError: ""['date'] not found in axis""",,FA,FA,exec_error
llama_after_adaptive,after,adaptive,llama,152,0,1,False,ok,1,False,exec_error: TypeError: '>' not supported between instances of 'str' and 'int',,FA,FA,exec_error
llama_after_adaptive,after,adaptive,llama,152,1,1,False,ok,1,False,exec_error: TypeError: Invalid comparison between dtype=datetime64[us] and int,,FA,FA,exec_error
llama_after_adaptive,after,adaptive,llama,152,2,1,False,ok,2,False,exec_error: KeyError: 'district_id',,FA,FA,exec_error
llama_after_adaptive,after,adaptive,llama,152,3,1,False,ok,1,False,exec_error: TypeError: Invalid comparison between dtype=datetime64[us] and int,,FA,FA,exec_error
llama_after_adaptive,after,adaptive,llama,152,4,1,False,ok,2,False,exec_error: TypeError: Invalid comparison between dtype=datetime64[us] and int,,FA,FA,exec_error
llama_after_adaptive,after,adaptive,llama,153,0,1,True,ok,1,True,,False,FA,FA,semantic
llama_after_adaptive,after,adaptive,llama,153,1,1,True,ok,1,True,,False,FA,FA,semantic
llama_after_adaptive,after,adaptive,llama,153,2,1,True,ok,1,True,,False,FA,FA,semantic
llama_after_adaptive,after,adaptive,llama,153,3,1,True,ok,1,False,exec_error: KeyError: 'type_x',,FA,FA,exec_error
llama_after_adaptive,after,adaptive,llama,153,4,1,True,ok,1,True,,False,FA,FA,semantic
llama_after_adaptive,after,adaptive,llama,154,0,1,False,ok,1,True,,False,FA,FA,semantic
llama_after_adaptive,after,adaptive,llama,154,1,1,False,ok,1,True,,False,FA,FA,semantic
llama_after_adaptive,after,adaptive,llama,154,2,1,False,ok,1,False,exec_error: AttributeError: 'numpy.int64' object has no attribute 'to_frame',,FA,FA,exec_error
llama_after_adaptive,after,adaptive,llama,154,3,1,False,ok,1,True,,False,FA,FA,semantic
llama_after_adaptive,after,adaptive,llama,154,4,1,False,ok,1,True,,False,FA,FA,semantic
llama_after_adaptive,after,adaptive,llama,155,0,0,False,ok,0,True,,False,FA,FA,semantic
llama_after_adaptive,after,adaptive,llama,155,1,0,False,ok,0,False,"exec_error: ValueError: time data ""1998-10-16"" doesn't match format ""%Y%m%d"". You might want to try:
    - passing `format` if your strings have a consistent format;
    - pa",,FA,FA,exec_error
llama_after_adaptive,after,adaptive,llama,155,2,0,False,ok,0,True,,False,FA,FA,semantic
llama_after_adaptive,after,adaptive,llama,155,3,0,False,ok,1,False,exec_error: KeyError: 'disp_id',,FA,FA,exec_error
llama_after_adaptive,after,adaptive,llama,155,4,0,False,ok,1,False,exec_error: KeyError: 'card_id',,FA,FA,exec_error
llama_after_adaptive,after,adaptive,llama,156,0,2,True,ok,2,True,,False,FA,FA,semantic
llama_after_adaptive,after,adaptive,llama,156,1,2,True,ok,2,False,exec_error: KeyError: 'disp_id',,FA,FA,exec_error
llama_after_adaptive,after,adaptive,llama,156,2,2,True,ok,3,False,exec_error: KeyError: 'client_id',,FA,FA,exec_error
llama_after_adaptive,after,adaptive,llama,156,3,2,True,ok,1,False,exec_error: UnboundLocalError: cannot access local variable 'loan' where it is not associated with a value,,FA,AA,exec_error
llama_after_adaptive,after,adaptive,llama,156,4,2,True,ok,3,False,"exec_error: KeyError: ""['amount_x', 'amount_y'] not in index""",,FA,FA,exec_error
llama_after_adaptive,after,adaptive,llama,157,0,1,False,ok,2,False,exec_error: NameError: name 'date' is not defined,,FA,FA,exec_error
llama_after_adaptive,after,adaptive,llama,157,1,1,False,ok,2,False,exec_error: KeyError: 'account_id',,FA,FA,exec_error
llama_after_adaptive,after,adaptive,llama,157,2,1,False,ok,2,True,,False,FA,FA,semantic
llama_after_adaptive,after,adaptive,llama,157,3,1,False,ok,3,False,"exec_error: TypeError: can only concatenate str (not ""int"") to str",,FA,FA,exec_error
llama_after_adaptive,after,adaptive,llama,157,4,1,False,ok,2,False,exec_error: KeyError: 'date',,FA,FA,exec_error
llama_after_adaptive,after,adaptive,llama,158,0,2,False,ok,2,True,,True,SA,SA,success
llama_after_adaptive,after,adaptive,llama,158,1,2,False,ok,1,True,,False,AA,AA,semantic
llama_after_adaptive,after,adaptive,llama,158,2,2,False,ok,1,True,,False,AA,AA,semantic
llama_after_adaptive,after,adaptive,llama,158,3,2,False,ok,1,False,"exec_error: KeyError: ""['account_id_account', 'district_id_district'] not in index""",,FA,AA,exec_error
llama_after_adaptive,after,adaptive,llama,158,4,2,False,ok,2,True,,False,FA,FA,semantic
llama_after_adaptive,after,adaptive,llama,159,0,3,True,ok,3,False,exec_error: KeyError: 'type',,FA,FA,exec_error
llama_after_adaptive,after,adaptive,llama,159,1,3,True,ok,3,False,exec_error: KeyError: 'trans_id',,FA,FA,exec_error
llama_after_adaptive,after,adaptive,llama,159,2,3,True,ok,5,False,exec_error: KeyError: 'type',,FA,FA,exec_error
llama_after_adaptive,after,adaptive,llama,159,3,3,True,ok,2,False,exec_error: UnboundLocalError: cannot access local variable 'client' where it is not associated with a value,,FA,AA,exec_error
llama_after_adaptive,after,adaptive,llama,159,4,3,True,ok,3,False,exec_error: KeyError: '_trans_type',,FA,FA,exec_error
llama_after_adaptive,after,adaptive,llama,160,0,1,False,ok,1,True,,False,FA,FA,semantic
llama_after_adaptive,after,adaptive,llama,160,1,1,False,ok,1,False,exec_error: KeyError: 'amount_x',,FA,FA,exec_error
llama_after_adaptive,after,adaptive,llama,160,2,1,False,ok,1,True,,False,FA,FA,semantic
llama_after_adaptive,after,adaptive,llama,160,3,1,False,ok,1,True,,False,FA,FA,semantic
llama_after_adaptive,after,adaptive,llama,160,4,1,False,ok,1,True,,False,FA,FA,semantic
llama_after_adaptive,after,adaptive,llama,161,0,2,True,ok,3,False,"exec_error: KeyError: ""['card_type'] not in index""",,FA,FA,exec_error
llama_after_adaptive,after,adaptive,llama,161,1,2,True,ok,1,False,exec_error: KeyError: 'client_id',,FA,AA,exec_error
llama_after_adaptive,after,adaptive,llama,161,2,2,True,ok,1,False,exec_error: KeyError: 'client_id',,FA,AA,exec_error
llama_after_adaptive,after,adaptive,llama,161,3,2,True,ok,5,False,exec_error: KeyError: 'client_id',,FA,FA,exec_error
llama_after_adaptive,after,adaptive,llama,161,4,2,True,ok,1,False,exec_error: KeyError: 'client_id',,FA,AA,exec_error
llama_after_adaptive,after,adaptive,llama,162,0,1,False,ok,1,True,,False,FA,FA,semantic
llama_after_adaptive,after,adaptive,llama,162,1,1,False,ok,1,False,"exec_error: KeyError: ""['region'] not in index""",,FA,FA,exec_error
llama_after_adaptive,after,adaptive,llama,162,2,1,False,ok,1,True,,False,FA,FA,semantic
llama_after_adaptive,after,adaptive,llama,162,3,1,False,ok,1,True,,False,FA,FA,semantic
llama_after_adaptive,after,adaptive,llama,162,4,1,False,ok,1,False,"exec_error: KeyError: ""['region'] not in index""",,FA,FA,exec_error
llama_after_adaptive,after,adaptive,llama,163,0,2,False,ok,2,False,exec_error: KeyError: 'problems',,FA,FA,exec_error
llama_after_adaptive,after,adaptive,llama,163,1,2,False,ok,3,True,,False,FA,FA,semantic
llama_after_adaptive,after,adaptive,llama,163,2,2,False,ok,1,True,,False,AA,AA,semantic
llama_after_adaptive,after,adaptive,llama,163,3,2,False,ok,2,True,,False,FA,FA,semantic
llama_after_adaptive,after,adaptive,llama,163,4,2,False,ok,2,True,,False,FA,FA,semantic
llama_after_adaptive,after,adaptive,llama,164,0,3,True,ok,4,False,exec_error: KeyError: 'account_id',,FA,FA,exec_error
llama_after_adaptive,after,adaptive,llama,164,1,3,True,ok,4,False,exec_error: KeyError: 'client_id',,FA,FA,exec_error
llama_after_adaptive,after,adaptive,llama,164,2,3,True,ok,4,False,exec_error: KeyError: 'account_id',,FA,FA,exec_error
llama_after_adaptive,after,adaptive,llama,164,3,3,True,ok,4,False,exec_error: KeyError: 'account_id',,FA,FA,exec_error
llama_after_adaptive,after,adaptive,llama,164,4,3,True,ok,4,False,exec_error: KeyError: 'disp_id',,FA,FA,exec_error
llama_after_adaptive,after,adaptive,llama,165,0,2,False,ok,2,True,,False,FA,FA,semantic
llama_after_adaptive,after,adaptive,llama,165,1,2,False,ok,2,True,,False,FA,FA,semantic
llama_after_adaptive,after,adaptive,llama,165,2,2,False,ok,2,True,,False,FA,FA,semantic
llama_after_adaptive,after,adaptive,llama,165,3,2,False,ok,2,True,,False,FA,FA,semantic
llama_after_adaptive,after,adaptive,llama,165,4,2,False,ok,2,True,,False,FA,FA,semantic
llama_after_adaptive,after,adaptive,llama,166,0,1,False,ok,1,True,,True,SA,SA,success
llama_after_adaptive,after,adaptive,llama,166,1,1,False,ok,1,True,,True,SA,SA,success
llama_after_adaptive,after,adaptive,llama,166,2,1,False,ok,1,True,,True,SA,SA,success
llama_after_adaptive,after,adaptive,llama,166,3,1,False,ok,1,True,,True,SA,SA,success
llama_after_adaptive,after,adaptive,llama,166,4,1,False,ok,1,True,,True,SA,SA,success
llama_after_adaptive,after,adaptive,llama,167,0,1,True,ok,1,True,,False,FA,FA,semantic
llama_after_adaptive,after,adaptive,llama,167,1,1,True,ok,1,False,exec_error: KeyError: 'type',,FA,FA,exec_error
llama_after_adaptive,after,adaptive,llama,167,2,1,True,ok,3,False,exec_error: TypeError: '>' not supported between instances of 'str' and 'int',,FA,FA,exec_error
llama_after_adaptive,after,adaptive,llama,167,3,1,True,ok,1,False,exec_error: TypeError: '>' not supported between instances of 'str' and 'int',,FA,FA,exec_error
llama_after_adaptive,after,adaptive,llama,167,4,1,True,ok,1,False,exec_error: KeyError: 'type',,FA,FA,exec_error
llama_after_adaptive,after,adaptive,llama,168,0,1,False,ok,1,True,,False,FA,FA,semantic
llama_after_adaptive,after,adaptive,llama,168,1,1,False,ok,1,True,,False,FA,FA,semantic
llama_after_adaptive,after,adaptive,llama,168,2,1,False,ok,1,True,,False,FA,FA,semantic
llama_after_adaptive,after,adaptive,llama,168,3,1,False,ok,1,True,,False,FA,FA,semantic
llama_after_adaptive,after,adaptive,llama,168,4,1,False,ok,1,True,,False,FA,FA,semantic
llama_after_adaptive,after,adaptive,llama,169,0,3,True,ok,6,False,exec_error: KeyError: 'account_id',,FA,FA,exec_error
llama_after_adaptive,after,adaptive,llama,169,1,3,True,ok,3,False,exec_error: UnboundLocalError: cannot access local variable 'loan' where it is not associated with a value,,FA,FA,exec_error
llama_after_adaptive,after,adaptive,llama,169,2,3,True,ok,3,False,exec_error: MergeError: Passing 'suffixes' which cause duplicate columns {'date_right'} is not allowed.,,FA,FA,exec_error
llama_after_adaptive,after,adaptive,llama,169,3,3,True,ok,3,False,exec_error: KeyError: 'date',,FA,FA,exec_error
llama_after_adaptive,after,adaptive,llama,169,4,3,True,ok,3,False,exec_error: KeyError: 'client_id',,FA,FA,exec_error
llama_after_adaptive,after,adaptive,llama,170,0,0,False,ok,0,True,,False,FA,FA,semantic
llama_after_adaptive,after,adaptive,llama,170,1,0,False,ok,0,True,,False,FA,FA,semantic
llama_after_adaptive,after,adaptive,llama,170,2,0,False,ok,0,True,,False,FA,FA,semantic
llama_after_adaptive,after,adaptive,llama,170,3,0,False,ok,0,True,,False,FA,FA,semantic
llama_after_adaptive,after,adaptive,llama,170,4,0,False,ok,0,True,,False,FA,FA,semantic
llama_after_adaptive,after,adaptive,llama,171,0,0,False,ok,1,False,exec_error: TypeError: unsupported operand type(s) for -: 'str' and 'str',,FA,FA,exec_error
llama_after_adaptive,after,adaptive,llama,171,1,0,False,ok,1,True,,False,FA,FA,semantic
llama_after_adaptive,after,adaptive,llama,171,2,0,False,ok,1,True,,False,FA,FA,semantic
llama_after_adaptive,after,adaptive,llama,171,3,0,False,ok,1,True,,False,FA,FA,semantic
llama_after_adaptive,after,adaptive,llama,171,4,0,False,ok,1,False,exec_error: KeyError: 'A2',,FA,FA,exec_error
llama_after_adaptive,after,adaptive,llama,172,0,0,True,ok,1,True,,False,FA,FA,semantic
llama_after_adaptive,after,adaptive,llama,172,1,0,True,ok,0,False,exec_error: TypeError: unsupported operand type(s) for |: 'StringArray' and 'StringArray',,FA,FA,exec_error
llama_after_adaptive,after,adaptive,llama,172,2,0,True,ok,1,False,"exec_error: ValueError: Operands are not aligned. Do `left, right = left.align(right, axis=1)` before operating.",,FA,FA,exec_error
llama_after_adaptive,after,adaptive,llama,172,3,0,True,ok,0,True,,False,FA,FA,semantic
llama_after_adaptive,after,adaptive,llama,172,4,0,True,ok,1,True,,False,FA,FA,semantic
llama_after_adaptive,after,adaptive,llama,173,0,1,False,ok,1,True,,False,FA,FA,semantic
llama_after_adaptive,after,adaptive,llama,173,1,1,False,ok,1,False,exec_error: AttributeError: 'numpy.int64' object has no attribute 'rename',,FA,FA,exec_error
llama_after_adaptive,after,adaptive,llama,173,2,1,False,ok,3,False,exec_error: AttributeError: 'numpy.float64' object has no attribute 'rename',,FA,FA,exec_error
llama_after_adaptive,after,adaptive,llama,173,3,1,False,ok,1,True,,False,FA,FA,semantic
llama_after_adaptive,after,adaptive,llama,173,4,1,False,ok,0,False,exec_error: UnboundLocalError: cannot access local variable 'account' where it is not associated with a value,,FA,AA,exec_error
llama_after_adaptive,after,adaptive,llama,174,0,2,True,ok,2,False,exec_error: KeyError: 'account_id',,FA,FA,exec_error
llama_after_adaptive,after,adaptive,llama,174,1,2,True,ok,1,False,exec_error: UnboundLocalError: cannot access local variable 'account' where it is not associated with a value,,FA,AA,exec_error
llama_after_adaptive,after,adaptive,llama,174,2,2,True,ok,1,False,exec_error: UnboundLocalError: cannot access local variable 'account' where it is not associated with a value,,FA,AA,exec_error
llama_after_adaptive,after,adaptive,llama,174,3,2,True,ok,1,False,exec_error: KeyError: 'account_id',,FA,AA,exec_error
llama_after_adaptive,after,adaptive,llama,174,4,2,True,ok,1,False,exec_error: KeyError: 'client_id',,FA,AA,exec_error
llama_after_adaptive,after,adaptive,llama,175,0,1,True,ok,1,False,exec_error: KeyError: 'type_acc',,FA,FA,exec_error
llama_after_adaptive,after,adaptive,llama,175,1,1,True,ok,1,True,,False,FA,FA,semantic
llama_after_adaptive,after,adaptive,llama,175,2,1,True,ok,1,False,exec_error: UnboundLocalError: cannot access local variable 'account' where it is not associated with a value,,FA,FA,exec_error
llama_after_adaptive,after,adaptive,llama,175,3,1,True,ok,1,True,,False,FA,FA,semantic
llama_after_adaptive,after,adaptive,llama,175,4,1,True,ok,3,False,exec_error: KeyError: 'owner_disposition',,FA,FA,exec_error
llama_after_adaptive,after,adaptive,llama,176,0,3,True,ok,3,True,,False,FA,FA,semantic
llama_after_adaptive,after,adaptive,llama,176,1,3,True,ok,2,True,,False,AA,AA,semantic
llama_after_adaptive,after,adaptive,llama,176,2,3,True,ok,2,False,exec_error: UnboundLocalError: cannot access local variable 'loan' where it is not associated with a value,,FA,AA,exec_error
llama_after_adaptive,after,adaptive,llama,176,3,3,True,ok,2,True,,False,AA,AA,semantic
llama_after_adaptive,after,adaptive,llama,176,4,3,True,ok,2,True,,False,AA,AA,semantic
llama_after_adaptive,after,adaptive,llama,177,0,3,True,ok,4,False,exec_error: KeyError: 'client_id',,FA,FA,exec_error
llama_after_adaptive,after,adaptive,llama,177,1,3,True,ok,5,False,exec_error: KeyError: 'client_id',,FA,FA,exec_error
llama_after_adaptive,after,adaptive,llama,177,2,3,True,ok,4,False,exec_error: KeyError: 'disp_id',,FA,FA,exec_error
llama_after_adaptive,after,adaptive,llama,177,3,3,True,ok,4,False,exec_error: KeyError: 'client_id',,FA,FA,exec_error
llama_after_adaptive,after,adaptive,llama,177,4,3,True,ok,4,False,exec_error: KeyError: 'client_id',,FA,FA,exec_error
llama_after_adaptive,after,adaptive,llama,178,0,2,True,ok,2,False,"exec_error: KeyError: ""['type'] not in index""",,FA,FA,exec_error
llama_after_adaptive,after,adaptive,llama,178,1,2,True,ok,4,False,exec_error: UnboundLocalError: cannot access local variable 'card' where it is not associated with a value,,FA,FA,exec_error
llama_after_adaptive,after,adaptive,llama,178,2,2,True,ok,2,False,"exec_error: ValueError: Operands are not aligned. Do `left, right = left.align(right, axis=1)` before operating.",,FA,FA,exec_error
llama_after_adaptive,after,adaptive,llama,178,3,2,True,ok,4,False,exec_error: UnboundLocalError: cannot access local variable 'card' where it is not associated with a value,,FA,FA,exec_error
llama_after_adaptive,after,adaptive,llama,178,4,2,True,ok,2,False,"exec_error: ValueError: Operands are not aligned. Do `left, right = left.align(right, axis=1)` before operating.",,FA,FA,exec_error
llama_after_adaptive,after,adaptive,llama,179,0,3,True,ok,3,False,"exec_error: AttributeError: Can only use .str accessor with string values, not datetime64",,FA,FA,exec_error
llama_after_adaptive,after,adaptive,llama,179,1,3,True,ok,3,False,exec_error: KeyError: 'date',,FA,FA,exec_error
llama_after_adaptive,after,adaptive,llama,179,2,3,True,ok,2,False,exec_error: KeyError: 'client_id',,FA,AA,exec_error
llama_after_adaptive,after,adaptive,llama,179,3,3,True,ok,2,False,exec_error: KeyError: 'date',,FA,AA,exec_error
llama_after_adaptive,after,adaptive,llama,179,4,3,True,ok,2,False,"exec_error: AttributeError: Can only use .str accessor with string values, not datetime64",,FA,AA,exec_error
llama_after_adaptive,after,adaptive,llama,180,0,2,True,ok,2,False,exec_error: FileNotFoundError: [Errno 2] No such file or directory: 'client.csv',,FA,FA,exec_error
llama_after_adaptive,after,adaptive,llama,180,1,2,True,ok,1,False,exec_error: KeyError: 'client_id',,FA,AA,exec_error
llama_after_adaptive,after,adaptive,llama,180,2,2,True,ok,3,True,,False,FA,FA,semantic
llama_after_adaptive,after,adaptive,llama,180,3,2,True,ok,2,False,exec_error: KeyError: 'district_id',,FA,FA,exec_error
llama_after_adaptive,after,adaptive,llama,180,4,2,True,ok,3,True,,False,FA,FA,semantic
llama_after_adaptive,after,adaptive,llama,181,0,2,True,ok,1,True,,False,AA,AA,semantic
llama_after_adaptive,after,adaptive,llama,181,1,2,True,ok,2,True,,False,FA,FA,semantic
llama_after_adaptive,after,adaptive,llama,181,2,2,True,ok,2,True,,False,FA,FA,semantic
llama_after_adaptive,after,adaptive,llama,181,3,2,True,ok,4,False,exec_error: KeyError: 'client_id',,FA,FA,exec_error
llama_after_adaptive,after,adaptive,llama,181,4,2,True,ok,1,True,,False,AA,AA,semantic
llama_after_adaptive,after,adaptive,llama,182,0,3,True,ok,2,True,,False,AA,AA,semantic
llama_after_adaptive,after,adaptive,llama,182,1,3,True,ok,2,True,,False,AA,AA,semantic
llama_after_adaptive,after,adaptive,llama,182,2,3,True,ok,3,False,exec_error: KeyError: 'type',,FA,FA,exec_error
llama_after_adaptive,after,adaptive,llama,182,3,3,True,ok,3,True,,False,FA,FA,semantic
llama_after_adaptive,after,adaptive,llama,182,4,3,True,ok,3,False,exec_error: KeyError: 'account_id',,FA,FA,exec_error
llama_after_adaptive,after,adaptive,llama,183,0,1,False,ok,1,True,,False,FA,FA,semantic
llama_after_adaptive,after,adaptive,llama,183,1,1,False,ok,1,True,,False,FA,FA,semantic
llama_after_adaptive,after,adaptive,llama,183,2,1,False,ok,1,True,,False,FA,FA,semantic
llama_after_adaptive,after,adaptive,llama,183,3,1,False,ok,1,False,exec_error: TypeError: 'Timestamp' object is not subscriptable,,FA,FA,exec_error
llama_after_adaptive,after,adaptive,llama,183,4,1,False,ok,1,True,,True,SA,SA,success
llama_after_adaptive,after,adaptive,llama,184,0,2,True,ok,3,False,exec_error: KeyError: 'client_id',,FA,FA,exec_error
llama_after_adaptive,after,adaptive,llama,184,1,2,True,ok,1,False,exec_error: KeyError: 'disp_id',,FA,AA,exec_error
llama_after_adaptive,after,adaptive,llama,184,2,2,True,ok,1,False,exec_error: KeyError: 'client_id',,FA,AA,exec_error
llama_after_adaptive,after,adaptive,llama,184,3,2,True,ok,1,False,exec_error: KeyError: 'client_id',,FA,AA,exec_error
llama_after_adaptive,after,adaptive,llama,184,4,2,True,ok,1,False,exec_error: KeyError: 'client_id',,FA,AA,exec_error
llama_after_adaptive,after,adaptive,llama,185,0,1,False,ok,1,False,exec_error: KeyError: 'client_id',,FA,FA,exec_error
llama_after_adaptive,after,adaptive,llama,185,1,1,False,ok,1,False,exec_error: KeyError: 'client_id',,FA,FA,exec_error
llama_after_adaptive,after,adaptive,llama,185,2,1,False,ok,1,False,exec_error: KeyError: 'client_id',,FA,FA,exec_error
llama_after_adaptive,after,adaptive,llama,185,3,1,False,ok,1,False,exec_error: KeyError: 'client_id',,FA,FA,exec_error
llama_after_adaptive,after,adaptive,llama,185,4,1,False,ok,1,False,exec_error: KeyError: 'client_id',,FA,FA,exec_error
llama_after_adaptive,after,adaptive,llama,186,0,2,True,ok,4,False,exec_error: KeyError: 'client_id',,FA,FA,exec_error
llama_after_adaptive,after,adaptive,llama,186,1,2,True,ok,4,False,exec_error: KeyError: 'client_id',,FA,FA,exec_error
llama_after_adaptive,after,adaptive,llama,186,2,2,True,ok,3,False,exec_error: KeyError: 'district_id',,FA,FA,exec_error
llama_after_adaptive,after,adaptive,llama,186,3,2,True,ok,3,False,exec_error: KeyError: 'district_id',,FA,FA,exec_error
llama_after_adaptive,after,adaptive,llama,186,4,2,True,ok,3,False,exec_error: KeyError: 'district_id',,FA,FA,exec_error
llama_after_adaptive,after,adaptive,llama,187,0,1,True,ok,3,False,exec_error: KeyError: 'frequency',,FA,FA,exec_error
llama_after_adaptive,after,adaptive,llama,187,1,1,True,ok,1,False,exec_error: KeyError: 'client_id',,FA,FA,exec_error
llama_after_adaptive,after,adaptive,llama,187,2,1,True,ok,1,True,,False,FA,FA,semantic
llama_after_adaptive,after,adaptive,llama,187,3,1,True,ok,1,True,,False,FA,FA,semantic
llama_after_adaptive,after,adaptive,llama,187,4,1,True,ok,1,False,exec_error: KeyError: 'client_id',,FA,FA,exec_error
llama_after_adaptive,after,adaptive,llama,188,0,1,False,ok,1,False,exec_error: UnboundLocalError: cannot access local variable 'loan' where it is not associated with a value,,FA,FA,exec_error
llama_after_adaptive,after,adaptive,llama,188,1,1,False,ok,1,True,,False,FA,FA,semantic
llama_after_adaptive,after,adaptive,llama,188,2,1,False,ok,1,True,,False,FA,FA,semantic
llama_after_adaptive,after,adaptive,llama,188,3,1,False,ok,1,False,exec_error: KeyError: 'date',,FA,FA,exec_error
llama_after_adaptive,after,adaptive,llama,188,4,1,False,ok,1,False,exec_error: UnboundLocalError: cannot access local variable 'loan' where it is not associated with a value,,FA,FA,exec_error
llama_after_adaptive,after,adaptive,llama,189,0,2,True,ok,2,False,"exec_error: TypeError: can only concatenate str (not ""int"") to str",,FA,FA,exec_error
llama_after_adaptive,after,adaptive,llama,189,1,2,True,ok,5,False,exec_error: KeyError: 'account_id',,FA,FA,exec_error
llama_after_adaptive,after,adaptive,llama,189,2,2,True,ok,3,False,exec_error: TypeError: Cannot perform 'rand_' with a dtyped [float64] array and scalar of type [bool],,FA,FA,exec_error
llama_after_adaptive,after,adaptive,llama,189,3,2,True,ok,4,False,exec_error: KeyError: 'A2',,FA,FA,exec_error
llama_after_adaptive,after,adaptive,llama,189,4,2,True,ok,4,False,"exec_error: KeyError: ""None of [Index(['account_id'], dtype='str')] are in the [columns]""",,FA,FA,exec_error
llama_after_adaptive,after,adaptive,llama,190,0,1,False,ok,1,True,,False,FA,FA,semantic
llama_after_adaptive,after,adaptive,llama,190,1,1,False,ok,1,True,,False,FA,FA,semantic
llama_after_adaptive,after,adaptive,llama,190,2,1,False,ok,1,True,,False,FA,FA,semantic
llama_after_adaptive,after,adaptive,llama,190,3,1,False,ok,2,False,"exec_error: AttributeError: Can only use .str accessor with string values, not datetime64",,FA,FA,exec_error
llama_after_adaptive,after,adaptive,llama,190,4,1,False,ok,1,False,exec_error: KeyError: 'district',,FA,FA,exec_error
llama_after_adaptive,after,adaptive,llama,191,0,1,False,ok,1,True,,False,FA,FA,semantic
llama_after_adaptive,after,adaptive,llama,191,1,1,False,ok,4,False,exec_error: UnboundLocalError: cannot access local variable 'account' where it is not associated with a value,,FA,FA,exec_error
llama_after_adaptive,after,adaptive,llama,191,2,1,False,ok,2,False,exec_error: UnboundLocalError: cannot access local variable 'account' where it is not associated with a value,,FA,FA,exec_error
llama_after_adaptive,after,adaptive,llama,191,3,1,False,ok,1,False,exec_error: UnboundLocalError: cannot access local variable 'account' where it is not associated with a value,,FA,FA,exec_error
llama_after_adaptive,after,adaptive,llama,191,4,1,False,ok,1,False,exec_error: UnboundLocalError: cannot access local variable 'account' where it is not associated with a value,,FA,FA,exec_error
llama_after_adaptive,after,adaptive,llama,192,0,1,False,ok,2,False,exec_error: KeyError: 'date',,FA,FA,exec_error
llama_after_adaptive,after,adaptive,llama,192,1,1,False,ok,2,True,,False,FA,FA,semantic
llama_after_adaptive,after,adaptive,llama,192,2,1,False,ok,2,False,exec_error: KeyError: 'date_x',,FA,FA,exec_error
llama_after_adaptive,after,adaptive,llama,192,3,1,False,ok,1,True,,False,FA,FA,semantic
llama_after_adaptive,after,adaptive,llama,192,4,1,False,ok,2,False,exec_error: KeyError: 'status_x',,FA,FA,exec_error
llama_after_adaptive,after,adaptive,llama,193,0,2,True,ok,2,False,exec_error: KeyError: 'district_id',,FA,FA,exec_error
llama_after_adaptive,after,adaptive,llama,193,1,2,True,ok,3,False,exec_error: KeyError: 'district_id',,FA,FA,exec_error
llama_after_adaptive,after,adaptive,llama,193,2,2,True,ok,2,True,,False,FA,FA,semantic
llama_after_adaptive,after,adaptive,llama,193,3,2,True,ok,3,True,,False,FA,FA,semantic
llama_after_adaptive,after,adaptive,llama,193,4,2,True,ok,4,True,,False,FA,FA,semantic
llama_after_adaptive,after,adaptive,llama,194,0,2,True,ok,3,False,exec_error: KeyError: 'disp_id',,FA,FA,exec_error
llama_after_adaptive,after,adaptive,llama,194,1,2,True,ok,4,False,exec_error: KeyError: 'client_id',,FA,FA,exec_error
llama_after_adaptive,after,adaptive,llama,194,2,2,True,ok,2,False,exec_error: KeyError: 'client_id',,FA,FA,exec_error
llama_after_adaptive,after,adaptive,llama,194,3,2,True,parse_fail,0,,,,FA,FA,step1_parse_fail
llama_after_adaptive,after,adaptive,llama,194,4,2,True,ok,4,False,exec_error: KeyError: 'type_x',,FA,FA,exec_error
