question_id,question,hop_diameter,repeat_idx,condition,qwen_response
89,How many accounts who choose issuance after transaction are staying in East Bohemia region?,1,0,baseline,"```python
import pandas as pd

def compute_feature(account, card, client, disp, district, loan, order, trans):
    # Merge dataframes to get necessary information
    merged_df = pd.merge(account, disp, on='account_id')
    merged_df = pd.merge(merged_df, client, on='client_id')
    merged_df = pd.merge(merged_df, district, on='district_id')
    merged_df = pd.merge(merged_df, trans, on='account_id')

    # Filter accounts where issuance is after transaction
    merged_df['issuance_after_transaction'] = (merged_df['issued'] > merged_df['date']).astype(int)

    # Filter clients in East Bohemia region
    east_bohemia_regions = ['A1', 'A2', 'A3', 'A4']
    merged_df = merged_df[merged_df['A1'].isin(east_bohemia_regions)]

    # Calculate the number of accounts
    result = merged_df.groupby('account_id').agg({'issuance_after_transaction': 'sum'}).reset_index()
    
    return result
```"
89,How many accounts who choose issuance after transaction are staying in East Bohemia region?,1,1,baseline,"```python
import pandas as pd

def calculate_feature(account, card, client, disp, district, loan, order, trans):
    # Merge tables to get necessary information
    merged = account.merge(client, left_on='district_id', right_on='district_id')
    merged = merged.merge(disp, on='account_id')
    merged = merged.merge(card, on='disp_id')
    merged = merged.merge(trans, on='account_id')

    # Filter transactions where type is 'W' (Withdrawal) and operation is 'VYBER'
    filtered_trans = merged[(merged['type'] == 'W') & (merged['operation'] == 'VYBER')]

    # Get account_ids from filtered transactions
    account_ids_with_transactions = filtered_trans['account_id'].unique()

    # Filter accounts where issued is 1 (Issued)
    issued_accounts = merged[merged['issued'] == 1]['account_id']

    # Calculate intersection of account_ids_with_transactions and issued_accounts
    common_account_ids = set(account_ids_with_transactions).intersection(set(issued_accounts))

    # Get districts of these common accounts
    common_districts = merged.loc[merged['account_id'].isin(common_account_ids), ['district_id', 'A1']].drop_duplicates()

    # Count number of accounts in East Bohemia region
    east_bohemia_count = common_districts[common_districts['A1'] == 'PLZ'].shape[0]

    return east_bohemia_count
```"
89,How many accounts who choose issuance after transaction are staying in East Bohemia region?,1,2,baseline,"```python
import pandas as pd

def compute_feature(account, card, client, disp, district, loan, order, trans):
    # Merge dataframes to get necessary information
    merged = pd.merge(account, disp, how='inner', left_on='account_id', right_on='account_id')
    merged = pd.merge(merged, client, how='inner', left_on='client_id', right_on='client_id')
    merged = pd.merge(merged, district, how='inner', left_on='district_id', right_on='district_id')
    
    # Filter accounts where loan was issued after first transaction
    merged['first_transaction'] = merged.groupby('account_id')['date'].transform(min)
    mask = (merged['issued'] > merged['first_transaction']) & (merged['A3'] == 'East Bohemia')
    filtered_accounts = merged[mask]['account_id'].unique()
    
    return len(filtered_accounts)
```"
89,How many accounts who choose issuance after transaction are staying in East Bohemia region?,1,3,baseline,"```python
import pandas as pd

def compute_feature(account, card, client, disp, district, loan, order, trans):
    # Merge account and district to get region information
    merged = pd.merge(account, district, on='district_id')
    
    # Filter accounts that were issued cards after transactions
    account['issued_after_transaction'] = account['date'].apply(lambda x: x > max(trans[trans['account_id'] == acc]['date']))
    filtered_accounts = account[account['issued_after_transaction']]
    
    # Get unique clients from these accounts
    unique_clients = filtered_accounts['client_id'].unique()
    
    # Keep only those clients who live in East Bohemia region (A13 column)
    east_bohemia_clients = merged[(merged['A13'] == 'East Bohemia') & (merged['client_id'].isin(unique_clients))]
    
    return len(east_bohemia_clients)
```"
89,How many accounts who choose issuance after transaction are staying in East Bohemia region?,1,4,baseline,"```python
import pandas as pd

def compute_feature(account, card, client, disp, district, loan, order, trans):
    # Merge necessary tables to get the required information
    merged = pd.merge(account, disp, on='account_id')
    merged = pd.merge(merged, client, on='client_id')
    merged = pd.merge(merged, district, on='district_id')
    merged = pd.merge(merged, trans, on='account_id', suffixes=('', '_trans'))
    
    # Filter for transactions before loan issuance and stay in East Bohemia region
    condition = (merged['date'] < merged['issued']) & (merged['A3'] == 'east bohemia')
    
    # Count distinct accounts meeting the conditions
    result = len(merged[condition]['account_id'].unique())
    
    return result
```"
90,How many accounts who have region in Prague are eligible for loans?,2,0,baseline,"```python
import pandas as pd

def feature_engineering(account, card, client, disp, district, loan):
    # Merge tables to get district information for each account
    merged = pd.merge(account, district, left_on='district_id', right_index=True)

    # Filter accounts in Prague
    prague_accounts = merged[merged['A1'] == 'Prague']

    # Get unique accounts from Prague
    unique_accounts = prague_accounts[['account_id']].drop_duplicates()

    # Merge with loan table to find eligible accounts
    eligible_accounts = pd.merge(unique_accounts, loan, on='account_id')

    return len(eligible_accounts)
```"
90,How many accounts who have region in Prague are eligible for loans?,2,1,baseline,"```python
import pandas as pd

def compute_feature(account, client, district):
    # Merge account and client dataframes to get client information for each account
    merged = pd.merge(account, client, left_on='client_id', right_on='client_id')
    
    # Merge the result with district data to get district information for each client
    merged = pd.merge(merged, district, left_on='district_id', right_on='district_id')
    
    # Filter rows where the region is 'Prague'
    prague_accounts = merged[merged['A13'] == 'Prague']
    
    # Count distinct accounts
    num_prague_accounts = prague_accounts['account_id'].nunique()
    
    return num_prague_accounts
```"
90,How many accounts who have region in Prague are eligible for loans?,2,2,baseline,"```python
import pandas as pd

def compute_feature(account, client, district):
    # Merge account and client tables to get client details
    merged_df = pd.merge(account, client, how='left', left_on='client_id', right_on='client_id')
    
    # Merge result with district table to get district details
    merged_df = pd.merge(merged_df, district, how='left', left_on='district_id', right_on='district_id')
    
    # Filter rows where region is 'Prague'
    prague_accounts = merged_df[merged_df['A3'] == 'Prague']
    
    # Count unique account_ids
    num_prague_accounts = len(prague_accounts['account_id'].unique())
    
    return num_prague_accounts
```"
90,How many accounts who have region in Prague are eligible for loans?,2,3,baseline,"```python
import pandas as pd

def count_eligible_accounts_for_loans(account, district):
    # Merge account and district dataframes to get region information for each account
    merged_df = pd.merge(account, district, left_on='district_id', right_index=True)
    
    # Filter rows where region is 'Prague'
    prague_accounts = merged_df[merged_df['A2'] == 'Prague']
    
    # Count the number of unique accounts
    num_eligible_accounts = prague_accounts['account_id'].nunique()
    
    return num_eligible_accounts
```"
90,How many accounts who have region in Prague are eligible for loans?,2,4,baseline,"```python
import pandas as pd

def count_eligible_accounts_for_loans(account, client, district):
    # Merge account and client dataframes to get client information for each account
    merged_df = pd.merge(account, client, how='left', left_on='client_id', right_on='client_id')
    
    # Merge the result with district dataframe to get region information for each account
    merged_df = pd.merge(merged_df, district, how='left', left_on='district_id', right_on='district_id')
    
    # Filter rows where region is 'Prague'
    prague_accounts = merged_df[merged_df['A1'] == 'Prague']
    
    # Count unique account_ids from the filtered DataFrame
    num_eligible_accounts = prague_accounts['account_id'].nunique()
    
    return num_eligible_accounts
```"
91,"The average unemployment ratio of 1995 and 1996, which one has higher percentage?",0,0,baseline,"```python
import pandas as pd

def calculate_unemployment_ratio(district):
    # Calculate unemployment ratio for each year
    district['unemployment_1995'] = district['A10'].str.replace(',', '').astype(float) / 100
    district['unemployment_1996'] = district['A11'].str.replace(',', '').astype(float) / 100
    
    # Compute average unemployment ratio for each year
    avg_unemployment_1995 = district['unemployment_1995'].mean()
    avg_unemployment_1996 = district['unemployment_1996'].mean()
    
    # Compare the two averages and return the higher one
    if avg_unemployment_1995 > avg_unemployment_1996:
        return '1995'
    else:
        return '1996'
```"
91,"The average unemployment ratio of 1995 and 1996, which one has higher percentage?",0,1,baseline,"```python
import pandas as pd

def compute_unemployment_ratio():
    # Load necessary tables (assuming they are already loaded)
    # district = pd.read_csv('district.csv')
    # loan = pd.read_csv('loan.csv')

    # Merge district and loan tables on district_id to get employment data per loan
    merged_data = pd.merge(district, loan, left_on='district_id', right_on='district_id')

    # Filter loans from 1995 and 1996
    year_1995 = merged_data['date'].str.contains(r'/95$', na=False).astype(int)
    year_1996 = merged_data['date'].str.contains(r'/96$', na=False).astype(int)

    # Calculate total population in 1995 and 1996
    total_population_1995 = merged_data[year_1995]['A13'].sum()
    total_population_1996 = merged_data[year_1996]['A13'].sum()

    # Calculate unemployed population in 1995 and 1996
    unemployed_population_1995 = merged_data[year_1995]['A14'].sum()
    unemployed_population_1996 = merged_data[year_1996]['A14'].sum()

    # Calculate unemployment rate for each year
    unemployment_rate_1995 = (unemployed_population_1995 / total_population_1995) * 100
    unemployment_rate_1996 = (unemployed_population_1996 / total_population_1996) * 100

    # Return the higher unemployment rate
    if unemployment_rate_1995 > unemployment_rate_1996:
        return ""1995""
    else:
        return ""1996""

# Call the function and print the result
higher_unemployment_year = compute_unemployment_ratio()
print(f""The year with the higher unemployment rate is: {higher_unemployment_year}"")
```"
91,"The average unemployment ratio of 1995 and 1996, which one has higher percentage?",0,2,baseline,"```python
import pandas as pd

def calculate_unemployment_ratio():
    # Load data
    district = pd.read_csv('district.csv')
    loan = pd.read_csv('loan.csv')

    # Filter loans from 1995 and 1996
    loan_1995 = loan[(loan['date'].dt.year == 1995) & (loan['status'] == 'X')]
    loan_1996 = loan[(loan['date'].dt.year == 1996) & (loan['status'] == 'X')]

    # Calculate unemployment ratios
    ratio_1995 = loan_1995.groupby('district_id')['account_id'].count() / district.shape[0]
    ratio_1996 = loan_1996.groupby('district_id')['account_id'].count() / district.shape[0]

    # Find the year with higher unemployment ratio
    if ratio_1995.mean() > ratio_1996.mean():
        return ""1995""
    else:
        return ""1996""
```"
91,"The average unemployment ratio of 1995 and 1996, which one has higher percentage?",0,3,baseline,"```python
import pandas as pd

def avg_unemployment_ratio_1995_vs_1996(account, district):
    # Merge account and district dataframes on district_id
    merged_df = pd.merge(account, district, on='district_id')
    
    # Filter rows where date is in 1995 or 1996
    df_1995 = merged_df[(merged_df['date'].dt.year == 1995)]
    df_1996 = merged_df[(merged_df['date'].dt.year == 1996)]
    
    # Calculate average unemployment ratio for each year
    avg_unemp_ratio_1995 = df_1995['A10'].mean()
    avg_unemp_ratio_1996 = df_1996['A10'].mean()
    
    return avg_unemp_ratio_1995, avg_unemp_ratio_1996
```"
91,"The average unemployment ratio of 1995 and 1996, which one has higher percentage?",0,4,baseline,"```python
def avg_unemployment_ratio(df_district):
    df_1995 = df_district[(df_district['A4'] == 'yes') & (df_district['A1'].str.contains('1995'))]
    df_1996 = df_district[(df_district['A4'] == 'yes') & (df_district['A1'].str.contains('1996'))]
    
    avg_1995 = df_1995['A3'].mean()
    avg_1996 = df_1996['A3'].mean()
    
    if avg_1995 > avg_1996:
        return '1995'
    elif avg_1995 < avg_1996:
        return '1996'
    else:
        return 'Equal'
```"
92,List out the no. of districts that have female average salary is more than 6000 but less than 10000?,1,0,baseline,"```python
import pandas as pd

def calculate_districts_with_female_salary():
    # Merge necessary tables to get the required data
    merged_data = pd.merge(client, account, how='left', left_on='client_id', right_on='client_id')
    merged_data = pd.merge(merged_data, district, how='left', left_on='district_id', right_on='district_id')

    # Calculate average salary for each district
    avg_salary_by_district = merged_data.groupby('A2')['amount'].mean().reset_index()

    # Filter districts based on the condition
    result = avg_salary_by_district[(avg_salary_by_district['amount'] > 6000) & (avg_salary_by_district['amount'] < 10000)]

    return len(result)

# Call the function and print the result
result = calculate_districts_with_female_salary()
print(result)
```"
92,List out the no. of districts that have female average salary is more than 6000 but less than 10000?,1,1,baseline,"```python
import pandas as pd

def compute_feature(client, district):
    # Merge client and district dataframes on district_id
    merged_df = pd.merge(client, district, left_on='district_id', right_index=True)

    # Filter clients with gender 'F' (female)
    female_clients = merged_df[merged_df['gender'] == 'F']

    # Calculate average salary per district
    avg_salary_per_district = female_clients.groupby('district_id')['A9'].mean()

    # Apply conditions to filter districts
    filtered_districts = avg_salary_per_district[(avg_salary_per_district > 6000) & (avg_salary_per_district < 10000)]

    # Return the number of districts that meet the condition
    return len(filtered_districts)
```"
92,List out the no. of districts that have female average salary is more than 6000 but less than 10000?,1,2,baseline,"```python
import pandas as pd

def feature_engineering_task(account, card, client, disp, district, loan, order, trans):
    # Merge necessary tables to calculate average salary per district and gender
    merged_df = pd.merge(client, disp, on='client_id')
    merged_df = pd.merge(merged_df, account, on='account_id')
    merged_df = pd.merge(merged_df, district, on='district_id')
    
    avg_salary = merged_df.groupby(['A1', 'gender'])['amount'].mean().reset_index()
    
    # Filter for female clients with average salary between 6000 and 10000
    result = avg_salary[(avg_salary['gender'] == 'F') & 
                       (avg_salary['amount'] > 6000) & 
                       (avg_salary['amount'] < 10000)]
    
    return len(result)
```"
92,List out the no. of districts that have female average salary is more than 6000 but less than 10000?,1,3,baseline,"```python
import pandas as pd

def compute_feature(client, district):
    # Merge client and district dataframes to get district information for each client
    merged_df = pd.merge(client, district, left_on='district_id', right_on='district_id')
    
    # Filter for female clients
    female_clients = merged_df[merged_df['gender'] == 'F']
    
    # Group by district and calculate average salary
    avg_salary_by_district = female_clients.groupby('A2')['amount'].mean().reset_index()
    
    # Apply filters
    filtered_districts = avg_salary_by_district[(avg_salary_by_district['amount'] > 6000) & (avg_salary_by_district['amount'] < 10000)]
    
    return len(filtered_districts)
```"
92,List out the no. of districts that have female average salary is more than 6000 but less than 10000?,1,4,baseline,"```python
import pandas as pd

def calculate_female_salary_stats(account, client):
    # Merge account and client dataframes to get client information for each account
    merged_df = pd.merge(account, client, how='left', left_on='district_id', right_on='district_id')
    
    # Filter only female clients
    female_clients = merged_df[merged_df['gender'] == 'F']
    
    # Calculate average salary per district for female clients
    avg_salary_per_district = female_clients.groupby('district_id')['amount'].mean().reset_index()
    
    # Filter districts where average salary is between 6000 and 10000
    result = avg_salary_per_district[(avg_salary_per_district['amount'] > 6000) & (avg_salary_per_district['amount'] < 10000)]
    
    return len(result)
```"
93,How many male customers who are living in North Bohemia have average salary greater than 8000?,1,0,baseline,"```python
import pandas as pd

def calculate_average_salary(df_client, df_district):
    # Filter clients who live in North Bohemia
    north_bohemia = df_district['A3'] == 'North Bohemia'
    
    # Calculate average salary per district
    avg_salary_per_district = df_client.groupby('district_id')['amount'].mean()
    
    # Filter districts with average salary greater than 8000
    high_salary_dists = avg_salary_per_district[avg_salary_per_district > 8000].index
    
    # Merge to get only those clients from high salary districts
    filtered_clients = df_client[df_client['district_id'].isin(high_salary_dists)]
    
    # Filter only male clients
    male_clients = filtered_clients[filtered_clients['gender'] == 'M']
    
    return len(male_clients)
```"
93,How many male customers who are living in North Bohemia have average salary greater than 8000?,1,1,baseline,"```python
import pandas as pd

def calculate_average_salary(df_client, df_district):
    # Join client and district dataframes to get district information for each client
    merged_df = pd.merge(df_client, df_district, left_on='district_id', right_index=True)

    # Filter clients from North Bohemia (A2 == 'Plzen')
    north_bohemia_clients = merged_df[merged_df['A2'] == 'Plzen']

    # Calculate average salary for each client based on their district's A1 column
    north_bohemia_clients['average_salary'] = north_bohemia_clients['A1'].apply(lambda x: sum(x) / len(x))

    # Filter clients with average salary greater than 8000
    high_income_clients = north_bohemia_clients[north_bohemia_clients['average_salary'] > 8000]

    # Count number of male clients meeting the criteria
    result = high_income_clients[high_income_clients['gender'] == 'M']['client_id'].count()

    return result
```"
93,How many male customers who are living in North Bohemia have average salary greater than 8000?,1,2,baseline,"```python
import pandas as pd

def calculate_average_salary(df_client, df_district):
    # Merge client and district dataframes to get district information for each client
    merged_df = pd.merge(df_client, df_district, how='left', left_on='district_id', right_on='district_id')
    
    # Filter clients who live in North Bohemia
    north_bohemia_customers = merged_df[merged_df['A3'] == 'North Bohemia']
    
    # Calculate average salary for male customers from North Bohemia
    average_salary = north_bohemia_customers[north_bohemia_customers['gender'] == 'M']['balance'].mean()
    
    return average_salary
```"
93,How many male customers who are living in North Bohemia have average salary greater than 8000?,1,3,baseline,"```python
import pandas as pd

def compute_feature(account, card, client, disp, district):
    # Merge account and district tables to get district information
    account = account.merge(district, how='left', on='district_id')
    
    # Filter accounts in North Bohemia
    north_bohemia_accounts = account[account['A1'] == 'North Bohemia']
    
    # Merge north_bohemia_accounts with client table to get customer details
    north_bohemia_accounts = north_bohemia_accounts.merge(client, how='left', left_on='client_id', right_on='client_id')
    
    # Calculate average salary per client
    avg_salary_per_client = north_bohemia_accounts.groupby('client_id')['amount'].mean().reset_index()
    
    # Merge avg_salary_per_client back with filtered accounts to get final data
    north_bohemia_accounts = north_bohemia_accounts.merge(avg_salary_per_client, how='left', on='client_id')
    
    # Filter only male customers with average salary > 8000
    result = north_bohemia_accounts[(north_bohemia_accounts['gender'] == 'M') & (north_bohemia_accounts['amount_x'] > 8000)]
    
    return len(result)
```"
93,How many male customers who are living in North Bohemia have average salary greater than 8000?,1,4,baseline,"```python
import pandas as pd

def calculate_average_salary(df_client, df_district):
    # Merge client and district dataframes on district_id
    merged_df = pd.merge(df_client, df_district, on='district_id')
    
    # Filter clients based on gender and district description
    filtered_df = merged_df[(merged_df['gender'] == 'M') & (merged_df['A3'] == 'North Bohemia')]
    
    # Calculate average salary
    average_salary = filtered_df['balance'].mean()
    
    return average_salary
```"
94,"List out the account numbers of female clients who are oldest and has lowest average salary, calculate the gap between this lowest average salary with the highest average salary?",3,0,baseline,"```python
import pandas as pd

def compute_feature(account, card, client, disp, district, loan, order, trans):
    # Join necessary tables to get required information
    joined_df = account.merge(disp, on='account_id')
    joined_df = joined_df.merge(client, on='client_id')
    
    # Calculate the age of each client
    joined_df['age'] = (pd.to_datetime('now') - pd.to_datetime(joined_df['birth_date'], errors='coerce')).dt.days // 365
    
    # Calculate the average salary per account for female clients
    avg_salary_per_account = joined_df[joined_df['gender'] == 'F'].groupby('account_id')['amount'].mean().reset_index()
    
    # Merge back to original dataframe to add average salary
    joined_df = joined_df.merge(avg_salary_per_account, on='account_id', suffixes=('', '_avg'))
    
    # Find the minimum and maximum average salaries
    min_avg_salary = joined_df['_amount_avg'].min()
    max_avg_salary = joined_df['_amount_avg'].max()
    
    # Compute the gap
    gap = max_avg_salary - min_avg_salary
    
    return gap
```"
94,"List out the account numbers of female clients who are oldest and has lowest average salary, calculate the gap between this lowest average salary with the highest average salary?",3,1,baseline,"```python
import pandas as pd

def compute_feature(account, card, client, disp, district, loan, order, trans):
    # Merge necessary tables to get the required information
    merged_df = pd.merge(account, client, on='account_id')
    merged_df = pd.merge(merged_df, disp, on='account_id')
    merged_df = pd.merge(merged_df, district, on='district_id')
    
    # Filter for female clients
    merged_df = merged_df[merged_df['gender'] == 'F']
    
    # Calculate average salary per account
    avg_salary = merged_df.groupby('account_id')['balance'].mean().reset_index()
    
    # Find the maximum and minimum average salaries
    max_avg_salary = avg_salary['balance'].max()
    min_avg_salary = avg_salary['balance'].min()
    
    # Calculate the gap
    salary_gap = max_avg_salary - min_avg_salary
    
    return salary_gap
```"
94,"List out the account numbers of female clients who are oldest and has lowest average salary, calculate the gap between this lowest average salary with the highest average salary?",3,2,baseline,"```python
import pandas as pd

def compute_feature(account, card, client, disp, district, loan, order, trans):
    # Merge data to get necessary information about clients
    merged = pd.merge(client, disp, on='client_id')
    merged = pd.merge(merged, account, on='account_id')
    
    # Calculate age of clients
    merged['age'] = 2023 - merged['birth_date'].dt.year
    
    # Filter only female clients
    merged = merged[merged['gender'] == 'F']
    
    # Group by account_id and calculate average salary
    avg_salary = merged.groupby('account_id')['amount'].mean().reset_index()
    
    # Join back to original DataFrame to get account_id
    avg_salary = pd.merge(avg_salary, merged[['account_id', 'date']], on='account_id')
    
    # Sort by age in descending order and then by average salary in ascending order
    avg_salary.sort_values(by=['age', 'amount'], ascending=[False, True], inplace=True)
    
    # Get the top record (oldest and lowest average salary)
    oldest_lowest_avg = avg_salary.iloc[0]['account_id']
    
    # Get the bottom record (youngest and highest average salary)
    youngest_highest_avg = avg_salary.iloc[-1]['account_id']
    
    # Compute the difference
    difference = avg_salary.iloc[-1]['amount'] - avg_salary.iloc[0]['amount']
    
    return oldest_lowest_avg, youngest_highest_avg, difference
```"
94,"List out the account numbers of female clients who are oldest and has lowest average salary, calculate the gap between this lowest average salary with the highest average salary?",3,3,baseline,"```python
import pandas as pd

def compute_feature(account, card, client, disp, district, loan, order, trans):
    # Join tables to get necessary information
    merged_df = pd.merge(account, disp, on='account_id')
    merged_df = pd.merge(merged_df, client, on='client_id')
    
    # Filter for female clients
    merged_df = merged_df[merged_df['gender'] == 'F']
    
    # Calculate age
    merged_df['age'] = (pd.to_datetime('now') - pd.to_datetime(merged_df['birth_date'], errors='coerce')).dt.days // 365
    
    # Calculate average salary per client
    avg_salary_per_client = merged_df.groupby(['client_id']).agg({'amount': 'mean'}).reset_index()
    
    # Merge average salary back to main DataFrame
    merged_df = pd.merge(merged_df, avg_salary_per_client, on='client_id', suffixes=('', '_avg'))
    
    # Find the oldest and female client with the lowest average salary
    oldest_female_lowest_avg = merged_df.loc[(merged_df['age'] == merged_df['age'].max()) & 
                                            (merged_df['gender'] == 'F')].sort_values(by='amount_avg').head(1)['account_id'].values[0]
    
    # Find the oldest and female client with the highest average salary
    oldest_female_highest_avg = merged_df.loc[(merged_df['age'] == merged_df['age'].max()) & 
                                             (merged_df['gender'] == 'F')].sort_values(by='amount_avg', ascending=False).head(1)['account_id'].values[0]
    
    # Compute the gap between the highest and lowest average salary
    gap = merged_df.loc[oldest_female_highest_avg, 'amount_avg'] - merged_df.loc[oldest_female_lowest_avg, 'amount_avg']
    
    return gap
```"
94,"List out the account numbers of female clients who are oldest and has lowest average salary, calculate the gap between this lowest average salary with the highest average salary?",3,4,baseline,"```python
import pandas as pd

def compute_features(account, card, client, disp, district, loan, order, trans):
    # Joining tables to get required information
    merged_df = pd.merge(account, disp, on='account_id')
    merged_df = pd.merge(merged_df, client, on='client_id')
    merged_df = pd.merge(merged_df, loan, on='account_id')

    # Calculating average salary per client
    avg_salary_per_client = merged_df.groupby('client_id')['amount'].mean().reset_index()

    # Filtering for female clients
    female_clients = avg_salary_per_client[avg_salary_per_client['gender'] == 'F']

    # Getting the oldest female client
    oldest_female_client = female_clients.sort_values(by='birth_date').head(1)

    # Getting the youngest female client
    youngest_female_client = female_clients.sort_values(by='birth_date', ascending=False).head(1)

    # Getting the account numbers for the oldest and youngest female clients
    oldest_account_number = oldest_female_client['account_id']
    youngest_account_number = youngest_female_client['account_id']

    # Calculating the gap between the lowest and highest average salary
    min_avg_salary = female_clients['amount'].min()
    max_avg_salary = female_clients['amount'].max()
    gap = max_avg_salary - min_avg_salary

    return oldest_account_number, youngest_account_number, gap
```"
95,List out the account numbers of clients who are youngest and have highest average salary?,3,0,baseline,"```python
import pandas as pd

def get_youngest_highest_salary_accounts(account, client):
    # Merge account and client tables on client_id to get birth_date
    merged_df = pd.merge(account, client, left_on='client_id', right_index=True)
    
    # Calculate age in years from birth_date
    merged_df['age'] = (pd.to_datetime('now') - pd.to_datetime(merged_df['birth_date'], errors='coerce')).dt.days / 365
    
    # Group by account_id and calculate average age for each group
    avg_age_per_account = merged_df.groupby('account_id')['age'].mean().reset_index()
    
    # Get accounts with minimum age
    min_age_accounts = avg_age_per_account.loc[avg_age_per_account['age'] == avg_age_per_account['age'].min()]['account_id']
    
    # Filter original DataFrame to keep only accounts with minimum age
    result_df = merged_df[merged_df['account_id'].isin(min_age_accounts)]
    
    # Calculate average salary per account
    avg_salary_per_account = result_df.groupby('account_id')['amount'].mean().reset_index()
    
    # Get accounts with maximum average salary
    max_avg_salary_accounts = avg_salary_per_account.loc[avg_salary_per_account['amount'] == avg_salary_per_account['amount'].max()]['account_id']
    
    return max_avg_salary_accounts
```"
95,List out the account numbers of clients who are youngest and have highest average salary?,3,1,baseline,"```python
import pandas as pd

def youngest_highest_salary_accounts(account, client):
    # Merge account and client dataframes on client_id to get client details for each account
    merged_data = pd.merge(account, client, left_on='client_id', right_index=True)

    # Calculate age in years from birth_date to the max date in the dataset
    merged_data['age'] = (merged_data['date'].max() - merged_data['birth_date']).dt.days // 365
    
    # Group by account_id and calculate average salary for each account
    avg_salary_per_account = merged_data.groupby('account_id')['amount'].mean().reset_index()
    
    # Merge back to get the full account details including age and average salary
    merged_with_avg_salary = pd.merge(account, avg_salary_per_account, on='account_id')
    
    # Sort by age in ascending and average salary in descending
    sorted_data = merged_with_avg_salary.sort_values(by=['age', 'amount'], ascending=[True, False])
    
    # Get the account numbers of the youngest and highest average salary
    result = sorted_data[['account_id']].drop_duplicates().head(1)['account_id']
    
    return result
```"
95,List out the account numbers of clients who are youngest and have highest average salary?,3,2,baseline,"```python
import pandas as pd

def get_youngest_highest_salary_accounts(client, district):
    # Merge client and district dataframes to get age information
    merged_df = pd.merge(client, district, how='left', left_on='district_id', right_on='district_id')
    
    # Calculate age from birth_date
    merged_df['age'] = (pd.to_datetime('now') - pd.to_datetime(merged_df['birth_date'], errors='coerce')).dt.days // 365
    
    # Group by client_id and calculate average salary based on age
    avg_salary_by_age = merged_df.groupby('client_id')['A1'].mean().reset_index()
    
    # Find the minimum age
    min_age = avg_salary_by_age['A1'].min()
    
    # Filter clients with minimum age
    young_clients = avg_salary_by_age[avg_salary_by_age['A1'] == min_age]['client_id']
    
    return young_clients.tolist()
```"
95,List out the account numbers of clients who are youngest and have highest average salary?,3,3,baseline,"```python
import pandas as pd

def get_youngest_highest_salary_accounts(account, client):
    # Merge the account and client dataframes on account_id
    merged_df = pd.merge(account, client, left_on='account_id', right_on='client_id')
    
    # Calculate age in years from birth_date to current date (assuming today's date is used)
    merged_df['age'] = (pd.to_datetime('today') - pd.to_datetime(merged_df['birth_date'])).astype('<m8[Y]')
    
    # Group by account_id and calculate the average salary
    avg_salary_by_account = merged_df.groupby('account_id')['amount'].mean().reset_index()
    
    # Find the maximum average salary
    max_avg_salary = avg_salary_by_account['amount'].max()
    
    # Filter accounts with the maximum average salary
    result_df = avg_salary_by_account[avg_salary_by_account['amount'] == max_avg_salary]
    
    # Return the account_ids
    return result_df[['account_id']]
```"
95,List out the account numbers of clients who are youngest and have highest average salary?,3,4,baseline,"```python
import pandas as pd

def get_youngest_highest_salary_accounts(client, account):
    # Merge client and account dataframes on client_id
    merged_df = pd.merge(client, account, left_on='client_id', right_on='client_id')
    
    # Calculate age in years
    merged_df['age'] = (pd.to_datetime('now') - pd.to_datetime(merged_df['birth_date'])).astype('<m8[Y]')
    
    # Group by account_id and calculate mean salary per account
    avg_salary_per_account = merged_df.groupby('account_id')['amount'].mean().reset_index()
    
    # Merge back to find the youngest client's account with highest average salary
    result_df = pd.merge(avg_salary_per_account, merged_df, left_on='account_id', right_on='account_id')
    
    # Find the max average salary
    max_avg_salary = result_df['amount_y'].max()
    
    # Filter accounts where average salary equals the max value
    final_accounts = result_df[result_df['amount_y'] == max_avg_salary]['account_id_x']
    
    return final_accounts.tolist()
```"
96,How many customers who choose statement of weekly issuance are Owner?,1,0,baseline,"```python
import pandas as pd

def count_owner_customers(account, client):
    # Merge account and client tables on client_id
    merged_df = pd.merge(account, client, left_on='district_id', right_on='district_id')
    
    # Filter rows where type is 'Owner' and frequency is 2 (weekly)
    filtered_df = merged_df[(merged_df['type'] == 'Owner') & (merged_df['frequency'] == 2)]
    
    # Get unique client IDs from the filtered DataFrame
    owner_customer_ids = filtered_df['client_id'].unique()
    
    return len(owner_customer_ids)
```"
96,How many customers who choose statement of weekly issuance are Owner?,1,1,baseline,"```python
import pandas as pd

def calculate_feature(client, card):
    # Merge client and card tables on 'client_id' to get the card details per client
    merged_df = pd.merge(client, card, left_on='client_id', right_on='disp_id')
    
    # Filter rows where card type is 'Owner'
    owner_cards = merged_df[merged_df['type'] == 'OWNER']
    
    # Count the number of unique clients who have an 'Owner' card
    result = len(owner_cards['client_id'].unique())
    
    return result
```"
96,How many customers who choose statement of weekly issuance are Owner?,1,2,baseline,"```python
import pandas as pd

def count_owner_customers(account, client, disp):
    # Merge account and disp tables to get the type of each account
    merged = pd.merge(account, disp, how='inner', on='account_id')
    
    # Filter the merged table to only include accounts where the type is 'OWNER'
    owner_accounts = merged[merged['type'] == 'OWNER']
    
    # Count the number of unique clients who have an OWNER account
    num_owner_customers = owner_accounts['client_id'].nunique()
    
    return num_owner_customers
```"
96,How many customers who choose statement of weekly issuance are Owner?,1,3,baseline,"```python
import pandas as pd

def compute_feature(client, card):
    # Merge client and card dataframes on 'disp_id' and 'type'
    merged_df = pd.merge(client, card, left_on='client_id', right_on='client_id')
    
    # Filter rows where card type is 'OWNER' and frequency is 'WEEKLY'
    filtered_df = merged_df[(merged_df['type_x'] == 'OWNER') & (merged_df['frequency'] == 'WEEKLY')]
    
    # Count unique client IDs in the filtered dataframe
    result = len(filtered_df['client_id'].unique())
    
    return result
```"
96,How many customers who choose statement of weekly issuance are Owner?,1,4,baseline,"```python
import pandas as pd

def compute_feature(account, card, client, disp):
    # Merge card and disp tables on card_id and disp_id respectively
    merged_disp = pd.merge(card, disp, how='inner', left_on='card_id', right_on='disp_id')
    
    # Filter rows where the type is 'OWNER'
    owner_disp = merged_disp[merged_disp['type'] == 'OWNER']
    
    # Merge account table with the filtered disp table on account_id
    merged_account = pd.merge(owner_disp, account, how='inner', on='account_id')
    
    # Filter rows where the frequency is 1 (weekly issuance)
    weekly_owner_accounts = merged_account[merged_account['frequency'] == 1]
    
    # Get unique client_ids from the filtered accounts
    result = weekly_owner_accounts[['client_id']].drop_duplicates()
    
    return len(result)
```"
97,List out the id number of client who choose statement of issuance after transaction are Disponent?,1,0,baseline,"```python
import pandas as pd

def compute_feature(account, card, client, disp, district, loan, order, trans):
    # Merge account and trans tables on account_id
    merged = pd.merge(account, trans, on='account_id')
    
    # Filter rows where type is 'Vydání' (issuance) in the trans table
    filtered = merged[merged['type'] == 'Vydání']
    
    # Get unique client_ids from the filtered DataFrame
    result = filtered[['client_id']].drop_duplicates()
    
    return result
```"
97,List out the id number of client who choose statement of issuance after transaction are Disponent?,1,1,baseline,"```python
import pandas as pd

def feature_engineering(client, disp, trans):
    # Merge client and disp to get client information for each disp record
    merged = pd.merge(client, disp, how='left', left_on='client_id', right_on='client_id')
    
    # Filter for records where the type is 'Disponent'
    disponents = merged[merged['type'] == 'Disponent']
    
    # Merge the filtered data with the transactions table to get transaction details
    merged_trans = pd.merge(disponents, trans, how='left', left_on='account_id', right_on='account_id')
    
    # Select only the necessary columns
    result = merged_trans[['client_id']]
    
    return result.drop_duplicates()
```"
97,List out the id number of client who choose statement of issuance after transaction are Disponent?,1,2,baseline,"```python
import pandas as pd

def compute_feature(account, card, client, disp, district, loan, order, trans):
    # Merge account and trans tables to get transactions for each account
    merged = pd.merge(account, trans, on='account_id')
    
    # Filter for transactions where type is 'VYBER'
    filtered = merged[merged['type'] == 'VYBER']
    
    # Merge with disp table to get disponents
    merged_disp = pd.merge(filtered, disp, on='disp_id')
    
    # Get unique client ids from disponents
    result = merged_disp['client_id'].unique()
    
    return result
```"
97,List out the id number of client who choose statement of issuance after transaction are Disponent?,1,3,baseline,"```python
import pandas as pd

def get_client_ids_with_statement_of_issuance_after_transaction(disp, trans):
    # Merge disp and trans on account_id to find transactions related to dispositions
    merged_df = pd.merge(disp, trans, on='account_id', how='left')
    
    # Filter to only include rows where the type is 'Disponent'
    filtered_df = merged_df[merged_df['type'] == 'Disponent']
    
    # Get unique client IDs from the filtered DataFrame
    client_ids = filtered_df['client_id'].unique()
    
    return client_ids.tolist()
```"
97,List out the id number of client who choose statement of issuance after transaction are Disponent?,1,4,baseline,"```python
import pandas as pd

def compute_feature(account, card, client, disp, district, loan, order, trans):
    # Merge to get the client's district
    merged = pd.merge(account, district, how='left', left_on='district_id', right_index=True)

    # Merge to get the client's gender and birth_date
    merged = pd.merge(merged, client, how='left', left_on='client_id', right_index=True)

    # Merge to get the client's display information
    merged = pd.merge(merged, disp, how='left', left_on='account_id', right_index=True)

    # Merge to get the client's transaction information
    merged = pd.merge(merged, trans, how='left', left_on='account_id', right_index=True)

    # Filter for transactions where the operation is 'statement of issuance'
    filtered = merged[merged['operation'] == 'statement of issuance']

    # Get the client ids
    client_ids = filtered['client_id'].unique()

    return client_ids
```"
98,"Among the accounts who have approved loan date in 1997, list out the accounts that have the lowest approved amount and choose weekly issuance statement.",1,0,baseline,"```python
import pandas as pd

def compute_feature(account, card, client, disp, district, loan):
    # Merge necessary tables to get required information
    merged = pd.merge(account, loan, how='inner', left_on='account_id', right_on='account_id')
    merged = pd.merge(merged, disp, how='inner', left_on='account_id', right_on='account_id')
    
    # Filter for loans approved in 1997
    filtered = merged[merged['date'].dt.year == 1997]
    
    # Find the minimum approved amount per account
    min_amounts = filtered.groupby('account_id')['amount'].min().reset_index()
    
    # Join back to get full details of these accounts
    result = pd.merge(min_amounts, filtered, how='inner', left_on=['account_id', 'amount'], 
                      right_on=['account_id', 'amount'])
    
    return result[['account_id', 'issued']]
```"
98,"Among the accounts who have approved loan date in 1997, list out the accounts that have the lowest approved amount and choose weekly issuance statement.",1,1,baseline,"```python
import pandas as pd

def compute_feature(account, card, client, disp, district, loan, order, trans):
    # Merge necessary tables to get the required information
    merged = pd.merge(loan, account, on='account_id')
    merged = pd.merge(merged, client, on='client_id')
    merged = pd.merge(merged, disp, on='disp_id')
    merged = pd.merge(merged, district, on='district_id')

    # Filter the data to include only those with approved loans in 1997
    filtered = merged[(merged['status'] == 'A') & (merged['date'].str.contains('1997'))]

    # Compute the minimum approved amount per account
    min_amount_per_account = filtered.groupby('account_id')['amount'].min().reset_index()

    # Join back to get other details of these accounts
    result = pd.merge(min_amount_per_account, filtered, how='left', left_on=['account_id'], right_on=['account_id', 'amount'])

    # Select columns for final output
    output = result[['account_id', 'district_id_x', 'frequency_x', 'date_x', 'amount_x']]
    output.columns = ['account_id', 'district_id', 'frequency', 'date', 'amount']

    return output
```"
98,"Among the accounts who have approved loan date in 1997, list out the accounts that have the lowest approved amount and choose weekly issuance statement.",1,2,baseline,"```python
import pandas as pd

def get_lowest_loan_amount_accounts():
    # Merge loan and account dataframes on account_id
    merged_df = pd.merge(loan, account, on='account_id')
    
    # Filter loans where status is 'A' (approved) and year is 1997
    filtered_df = merged_df[(merged_df['status'] == 'A') & 
                          (merged_df['date'].dt.year == 1997)]
    
    # Group by account_id and calculate sum of amounts
    grouped_df = filtered_df.groupby('account_id')['amount'].sum().reset_index()
    
    # Find accounts with the lowest approved amount
    min_amount = grouped_df['amount'].min()
    lowest_amount_accounts = grouped_df[grouped_df['amount'] == min_amount]['account_id']
    
    # Join with original dataframe to get all relevant information
    result_df = pd.merge(lowest_amount_accounts, merged_df, how='left', left_on='account_id', right_on='account_id')
    
    return result_df[['account_id', 'client_id', 'district_id', 'frequency', 'date', 'amount', 'duration', 'payments', 'status']]
```"
98,"Among the accounts who have approved loan date in 1997, list out the accounts that have the lowest approved amount and choose weekly issuance statement.",1,3,baseline,"```python
import pandas as pd

def compute_feature(account, card, client, disp, district, loan, order, trans):
    # Merge loan and account dataframes on account_id
    merged = pd.merge(loan, account, how='inner', left_on='account_id', right_on='account_id')
    
    # Filter records where year is 1997 and status is 'A'
    merged['year'] = pd.to_datetime(merged['date']).dt.year
    merged = merged[(merged['year'] == 1997) & (merged['status'] == 'A')]
    
    # Get minimum approved amount for each account
    min_amounts = merged.groupby('account_id')['amount'].min().reset_index()
    
    # Merge to get full details of accounts with minimum approved amount
    result = pd.merge(min_amounts, merged, how='inner', left_on='account_id', right_on='account_id', suffixes=('', '_min'))
    
    # Select relevant columns and rename
    result = result[['account_id', 'district_id_x', 'frequency_x', 'date_x', 'amount_x', 'duration_x', 'payments_x', 'status_x']]
    result.columns = ['account_id', 'district_id', 'frequency', 'date', 'amount', 'duration', 'payments', 'status']
    
    return result
```"
98,"Among the accounts who have approved loan date in 1997, list out the accounts that have the lowest approved amount and choose weekly issuance statement.",1,4,baseline,"```python
import pandas as pd

def compute_feature(account, card, client, disp, district, loan, order, trans):
    # Filter loans approved in 1997
    loan_1997 = loan[loan['date'].dt.year == 1997]

    # Merge with account to get district information
    loan_1997 = loan_1997.merge(account[['account_id', 'district_id']], how='left')

    # Filter low amount loans (assuming 'amount' column is in thousands)
    low_amount_loans = loan_1997[(loan_1997['status'] == 'A') & (loan_1997['amount'] < 5)]

    # Get unique accounts with low amount loans
    unique_accounts = low_amount_loans['account_id'].unique()

    # Filter accounts based on these unique accounts
    filtered_account = account[account['account_id'].isin(unique_accounts)]

    return filtered_account
```"
99,"Among the accounts who have loan validity more than 12 months, list out the accounts that have the highest approved amount and have account opening date in 1993.",1,0,baseline,"```python
import pandas as pd

def compute_feature(account, card, client, disp, district, loan, order, trans):
    # Filter loan data to include only those with status 'A' (approved) and validity more than 12 months
    loan = loan[(loan['status'] == 'A') & ((pd.to_datetime('now') - pd.to_datetime(loan['date'])).dt.days > 365)]

    # Merge loan data with account data to get account details
    loan_acc = pd.merge(loan, account, how='left', left_on='account_id', right_on='account_id')

    # Filter accounts opened in 1993
    loan_acc = loan_acc[loan_acc['date'].apply(lambda x: x.year == 1993)]

    # Group by account_id and sum the approved amounts
    result = loan_acc.groupby('account_id')['amount'].sum().reset_index()

    return result
```"
99,"Among the accounts who have loan validity more than 12 months, list out the accounts that have the highest approved amount and have account opening date in 1993.",1,1,baseline,"```python
import pandas as pd

def compute_feature(account, card, client, disp, district, loan, order, trans):
    # Merge loan and account to get loan details along with account details
    merged = pd.merge(loan, account, how='inner', on='account_id')
    
    # Filter loans with validity more than 12 months
    merged['duration'] = merged['date'].str.split('-', expand=True)[0].astype(int) - merged['date'].str.split('-', expand=True)[2].astype(int)
    filtered = merged[filtered['duration'] > 12]
    
    # Join with client table to get client information
    joined = pd.merge(filtered, client, how='inner', left_on='district_id', right_on='district_id')
    
    # Filter accounts opened in 1993
    joined['birth_date'] = pd.to_datetime(joined['birth_date'])
    joined['year_opened'] = joined['birth_date'].dt.year
    filtered_clients = joined[joined['year_opened'] == 1993]
    
    # Get maximum approved amount for each account
    max_amounts = filtered_clients.groupby('account_id')['amount'].max().reset_index()
    result = pd.merge(max_amounts, filtered_clients, how='inner', on=['account_id', 'amount'])
    
    return result[['account_id', 'amount']]
```"
99,"Among the accounts who have loan validity more than 12 months, list out the accounts that have the highest approved amount and have account opening date in 1993.",1,2,baseline,"```python
import pandas as pd

def compute_feature(account, card, client, disp, district, loan):
    # Merge dataframes to get required information
    merged_df = pd.merge(account, loan, how='inner', left_on='account_id', right_on='account_id')
    merged_df = pd.merge(merged_df, client, how='left', left_on='client_id', right_on='client_id')

    # Convert dates to datetime
    merged_df['date'] = pd.to_datetime(merged_df['date'])
    merged_df['birth_date'] = pd.to_datetime(merged_df['birth_date'])

    # Filter loans with validity more than 12 months
    merged_df['duration'] = (merged_df['date'].dt.year - merged_df['birth_date'].dt.year) * 12 + \
                            (merged_df['date'].dt.month - merged_df['birth_date'].dt.month) + \
                            (merged_df['date'].dt.day - merged_df['birth_date'].dt.day) / 30
    merged_df = merged_df[merged_df['duration'] > 12]

    # Filter accounts opened in 1993
    merged_df = merged_df[(merged_df['date'].dt.year == 1993)]

    # Filter only approved loans
    merged_df = merged_df[merged_df['status'] == 'A']

    # Group by account_id and find the max approved amount
    result = merged_df.groupby('account_id')['amount'].max().reset_index()

    return result
```"
99,"Among the accounts who have loan validity more than 12 months, list out the accounts that have the highest approved amount and have account opening date in 1993.",1,3,baseline,"```python
import pandas as pd

def feature_engineering(account, card, client, disp, district, loan, order, trans):
    # Merge loan with account to get account details for each loan
    merged = loan.merge(account, on='account_id')

    # Filter loans with validity greater than 12 months
    merged = merged[merged['duration'] > 12]

    # Merge with client to get client details
    merged = merged.merge(client, on='client_id')

    # Filter clients born in 1993
    merged = merged[(merged['birth_date'].dt.year >= 1993) & (merged['birth_date'].dt.year < 1994)]

    # Get maximum approved amount per account
    max_amount_per_account = merged.groupby('account_id')['amount'].max().reset_index()

    # Merge with the main DataFrame to keep only the accounts with the maximum approved amount
    merged = merged.merge(max_amount_per_account, on=['account_id', 'amount'])

    # Select relevant columns
    result = merged[['account_id', 'district_id_x', 'frequency_x', 'date_x', 'status', 'amount_x']]
    
    return result.rename(columns={'district_id_x': 'district_id', 
                                'frequency_x': 'frequency', 
                                'date_x': 'date', 
                                'status': 'loan_status', 
                                'amount_x': 'approved_amount'})
```"
99,"Among the accounts who have loan validity more than 12 months, list out the accounts that have the highest approved amount and have account opening date in 1993.",1,4,baseline,"```python
import pandas as pd

def compute_feature(account, card, client, disp, district, loan, order, trans):
    # Merge dataframes to get necessary features
    merged = pd.merge(account, loan, on='account_id')
    merged = pd.merge(merged, client, left_on='district_id', right_on='district_id')

    # Filter for accounts with loan validity > 12 months
    merged['loan_validity'] = (pd.to_datetime('today') - pd.to_datetime(merged['date'], format='%Y-%m-%d')).dt.days / 365
    merged = merged[merged['loan_validity'] > 12]

    # Filter for accounts opened in 1993
    merged['birth_year'] = pd.to_datetime(merged['birth_date']).dt.year
    merged = merged[(merged['birth_year'] == 1993) & (merged['status'] == 'A')]

    # Group by account_id and find max approved amount
    result = merged.groupby('account_id')['amount'].max().reset_index()
    
    return result
```"
100,"Among the account opened, how many female customers who were born before 1950 and stayed in Sokolov?",1,0,baseline,"```python
import pandas as pd

def compute_feature(account, client, district):
    # Merge tables to get necessary information
    merged = account.merge(client, on='client_id')
    merged = merged.merge(district, left_on='district_id', right_index=True)

    # Filter conditions
    condition = (merged['gender'] == 'F') & (merged['birth_date'].dt.year < 1950) & (merged['A13'] == 'Sokolow')

    # Count unique clients meeting the conditions
    result = len(merged[condition]['client_id'].unique())

    return result
```"
100,"Among the account opened, how many female customers who were born before 1950 and stayed in Sokolov?",1,1,baseline,"```python
import pandas as pd

def compute_feature(account, card, client, disp, district, loan, order, trans):
    # Merge necessary tables to get the required information
    merged = account.merge(client, on='client_id')
    merged = merged.merge(district, on='district_id')
    
    # Filter based on conditions: female, born before 1950, district is 'Sokolow'
    filtered = merged[(merged['gender'] == 'F') & 
                      (merged['birth_date'].dt.year < 1950) & 
                      (merged['A16'] == 'Sokolow')]
    
    # Count the number of such accounts
    result = len(filtered)
    
    return result
```"
100,"Among the account opened, how many female customers who were born before 1950 and stayed in Sokolov?",1,2,baseline,"```python
import pandas as pd

def compute_feature(client, account):
    # Filter clients who were born before 1950 and are female
    female_clients = client[(client['birth_date'].dt.year < 1950) & (client['gender'] == 'F')]
    
    # Merge with account table to get accounts held by these clients
    merged_df = pd.merge(female_clients, account, left_on='client_id', right_on='account_id')
    
    # Count the number of unique accounts
    result = len(merged_df.drop_duplicates(subset=['account_id']))
    
    return result
```"
100,"Among the account opened, how many female customers who were born before 1950 and stayed in Sokolov?",1,3,baseline,"```python
import pandas as pd

def compute_feature(account, card, client, disp, district, loan):
    # Merge tables to get necessary information
    merged = account.merge(client, on='client_id')
    merged = merged.merge(district, on='district_id')

    # Filter data based on conditions
    filtered = merged[(merged['gender'] == 'F') & 
                     (merged['birth_date'].str[:4].astype(int) < 1950) &
                     (merged['A3'] == 'Sokolow')]

    # Count the number of unique accounts
    result = len(filtered['account_id'].unique())

    return result
```"
100,"Among the account opened, how many female customers who were born before 1950 and stayed in Sokolov?",1,4,baseline,"```python
import pandas as pd

def compute_feature(client, account, district):
    # Merge client and account tables on client_id
    merged_client_account = pd.merge(client, account, on='client_id')
    
    # Filter for female clients born before 1950 and staying in Sokolov
    filtered_clients = merged_client_account[
        (merged_client_account['gender'] == 'F') &
        (merged_client_account['birth_date'].dt.year < 1950) &
        (merged_client_account['district_id'] == district[district['A1'] == 'Sokolow']['district_id'].values[0])
    ]
    
    # Count the number of such clients
    result = len(filtered_clients)
    
    return result
```
This function first merges the `client` table with the `account` table based on `client_id`. It then filters to find female clients born before 1950 who reside in Sokolow. Finally, it counts these filtered clients and returns the count."
101,List out the accounts who have the earliest trading date in 1995 ?,0,0,baseline,"```python
import pandas as pd

def get_earliest_trading_accounts(account, trans):
    # Filter transactions to only include those from 1995
    trans_1995 = trans[trans['date'].dt.year == 1995]
    
    # Merge the transaction data with the account data on account_id
    merged_data = pd.merge(account, trans_1995, on='account_id', how='left')
    
    # Sort the merged data by date and select the first occurrence for each account
    earliest_transactions = merged_data.sort_values(by='date').drop_duplicates(subset='account_id', keep='first')
    
    # Select only the account_ids of the earliest transactions
    result = earliest_transactions[['account_id']]
    
    return result
```"
101,List out the accounts who have the earliest trading date in 1995 ?,0,1,baseline,"```python
import pandas as pd

def get_accounts_with_earliest_trade(df_account, df_trans):
    # Merge account and transaction dataframes on 'account_id'
    merged_df = pd.merge(df_account, df_trans, on='account_id')
    
    # Filter transactions from 1995
    filtered_df = merged_df[merged_df['date'].dt.year == 1995]
    
    # Get the earliest trade date for each account
    min_dates = filtered_df.groupby('account_id')['date'].min()
    
    # Map the earliest trade dates back to the original dataframe
    result_df = pd.DataFrame({'account_id': min_dates.index})
    result_df['earliest_trade_date'] = result_df['account_id'].map(min_dates)
    
    return result_df
```"
101,List out the accounts who have the earliest trading date in 1995 ?,0,2,baseline,"```python
import pandas as pd

def compute_feature(account, trans):
    # Filter transactions from 1995
    trans_1995 = trans[(trans['date'].dt.year == 1995)]
    
    # Merge transactions with accounts to get account information
    merged_df = pd.merge(trans_1995, account, left_on='account_id', right_on='account_id')
    
    # Find the earliest transaction date for each account
    earliest_dates = merged_df.groupby('account_id')['date'].min().reset_index()
    
    return earliest_dates
```"
101,List out the accounts who have the earliest trading date in 1995 ?,0,3,baseline,"```python
import pandas as pd

def earliest_trade_1995(account, trans):
    # Filter transactions from 1995
    trans_1995 = trans[(trans['date'].dt.year == 1995)]
    
    # Find the earliest trade date for each account
    min_dates = trans_1995.groupby('account_id')['date'].min().reset_index()
    
    # Merge with the original account table to get the account details
    result = pd.merge(min_dates, account, on='account_id')
    
    return result[['account_id', 'district_id', 'frequency', 'date']]
```"
101,List out the accounts who have the earliest trading date in 1995 ?,0,4,baseline,"```python
import pandas as pd

def get_earliest_trading_accounts(account, trans):
    # Filter transactions from 1995
    trans_1995 = trans[trans['date'].dt.year == 1995]
    
    # Merge to get account information
    merged_df = pd.merge(trans_1995, account, left_on='account_id', right_on='account_id')
    
    # Find the earliest trading date for each account
    min_dates = merged_df.groupby('account_id')['date'].min().reset_index()
    
    # Merge back to get full account details
    result = pd.merge(min_dates, account, left_on='account_id', right_on='account_id')
    
    return result[['account_id', 'district_id', 'frequency', 'date']]
```"
102,State different accounts who have account opening date before 1997 and own an amount of money greater than 3000USD,1,0,baseline,"```python
import pandas as pd

def feature_engineering(account, loan):
    # Convert date to datetime format
    account['date'] = pd.to_datetime(account['date'])
    
    # Filter accounts opened before 1997
    filtered_accounts = account[account['date'].dt.year < 1997]
    
    # Merge with loan data to get the total amount owned per account
    merged_data = pd.merge(filtered_accounts, loan, on='account_id', how='inner')
    total_amount_per_account = merged_data.groupby('account_id')['amount'].sum().reset_index()
    
    # Filter accounts with total amount greater than 3000 USD
    result = total_amount_per_account[total_amount_per_account['amount'] > 3000]
    
    return result
```"
102,State different accounts who have account opening date before 1997 and own an amount of money greater than 3000USD,1,1,baseline,"```python
import pandas as pd

def compute_feature(account, client):
    # Merge account and client dataframes on district_id
    merged_df = pd.merge(account, client, left_on='district_id', right_on='district_id')
    
    # Filter rows where account opening date is before 1997 and amount owned is greater than 3000
    filtered_df = merged_df[(merged_df['date'].dt.year < 1997) & (merged_df['amount'] > 3000)]
    
    # Get unique account_ids from the filtered dataframe
    result = filtered_df[['account_id']].drop_duplicates()
    
    return result
```"
102,State different accounts who have account opening date before 1997 and own an amount of money greater than 3000USD,1,2,baseline,"```python
import pandas as pd

def compute_feature(account, client):
    # Filter accounts opened before 1997
    filtered_accounts = account[account['date'].str.contains(r'/1997/', regex=True)]
    
    # Merge with client data to get full client information
    merged_data = pd.merge(filtered_accounts, client, left_on='district_id', right_on='district_id')
    
    # Filter clients with total assets greater than 3000 USD
    result = merged_data[merged_data['balance'] > 3000]
    
    return result[['client_id']]
```"
102,State different accounts who have account opening date before 1997 and own an amount of money greater than 3000USD,1,3,baseline,"```python
import pandas as pd

def compute_feature(account, loan):
    # Convert date to datetime format
    account['date'] = pd.to_datetime(account['date'], dayfirst=True)
    
    # Filter accounts opened before 1997
    filtered_accounts = account[account['date'].dt.year < 1997]
    
    # Merge with loan data to get total amount per account
    merged_data = pd.merge(filtered_accounts, loan, on='account_id', how='inner')
    aggregated_data = merged_data.groupby('account_id')['amount_x'].sum().reset_index()
    
    # Filter accounts with total amount greater than 3000 USD
    result = aggregated_data[aggregated_data['amount_x'] > 3000]
    
    return result[['account_id']]
```"
102,State different accounts who have account opening date before 1997 and own an amount of money greater than 3000USD,1,4,baseline,"```python
import pandas as pd

def compute_feature(account, loan):
    # Filter accounts opened before 1997
    condition = (pd.to_datetime(account['date'], format='%Y-%m-%d').dt.year < 1997)
    filtered_accounts = account[condition]
    
    # Merge filtered accounts with loan data to get total amounts per account
    merged_data = pd.merge(filtered_accounts, loan, on='account_id', how='left')
    aggregated_data = merged_data.groupby('account_id')['amount_x'].sum().reset_index()
    
    # Select accounts with total amount greater than 3000 USD
    result = aggregated_data[aggregated_data['amount_x'] > 3000]['account_id']
    
    return result
```"
103,"Which client issued his/her card in 1994/3/3, give his/her client id.",2,0,baseline,"```python
def get_client_id_from_card_issue_date(card, client):
    # Filter card table to find card issued on '1994-03-03'
    condition = (card['issued'] == '1994-03-03')
    filtered_cards = card[condition]
    
    # Merge filtered cards with client table to get client_id
    merged_df = pd.merge(filtered_cards, client, left_on='client_id', right_on='client_id')
    
    # Select and return the unique client_id from the result
    result = merged_df[['client_id']].drop_duplicates()
    
    return result
```"
103,"Which client issued his/her card in 1994/3/3, give his/her client id.",2,1,baseline,"```python
import pandas as pd

def get_client_id_issued_card_on_specific_date(card, client):
    # Filter cards issued on specific date
    condition = (card['issued'] == '1994-03-03')
    
    # Select only the required columns and rename them appropriately
    result = card[condition][['client_id']].rename(columns={'client_id': 'id'})
    
    return result
```"
103,"Which client issued his/her card in 1994/3/3, give his/her client id.",2,2,baseline,"```python
import pandas as pd

def get_client_with_card_issued_in_specific_date(account, card):
    # Merge account and card dataframes based on account_id
    merged_df = pd.merge(account, card, how='inner', on='account_id')
    
    # Filter rows where the card was issued on '1994-03-03'
    filtered_df = merged_df[merged_df['issued'] == '1994-03-03']
    
    # Select the distinct client_id from the filtered dataframe
    result = filtered_df[['client_id']].drop_duplicates()
    
    return result
```"
103,"Which client issued his/her card in 1994/3/3, give his/her client id.",2,3,baseline,"```python
import pandas as pd

def get_client_with_card_issued_in_1994_3_3(account, card):
    # Merge the 'account' and 'card' tables on 'account_id'
    merged_df = pd.merge(account, card, on='account_id')
    
    # Filter the rows where the card was issued in 1994/3/3
    filtered_df = merged_df[(merged_df['issued'].dt.year == 1994) & 
                           (merged_df['issued'].dt.month == 3) & 
                           (merged_df['issued'].dt.day == 3)]
    
    # Select the unique client_ids from the filtered DataFrame
    result = filtered_df[['client_id']].drop_duplicates()
    
    return result
```"
103,"Which client issued his/her card in 1994/3/3, give his/her client id.",2,4,baseline,"```python
def get_client_id_who_issued_card_in_specific_date(card, client):
    # Merge card and client DataFrame based on 'client_id' column
    merged_df = pd.merge(card, client, on='client_id')
    
    # Filter rows where 'issued' date is '1994-03-03'
    filtered_df = merged_df[merged_df['issued'] == '1994-03-03']
    
    # Select the 'client_id' column from the filtered DataFrame
    result = filtered_df[['client_id']]
    
    return result
```"
104,"The transaction of 840 USD happened in 1998/10/14, when was this account opened?",1,0,baseline,"```python
import pandas as pd

def get_account_opened_date(transaction_date, transaction_amount):
    # Filter transactions matching the criteria
    filtered_transactions = trans[(trans['date'] == transaction_date) & (trans['amount'] == transaction_amount)]
    
    # Get the account IDs from the filtered transactions
    account_ids = filtered_transactions['account_id']
    
    # Join with the 'account' table to get the opening dates
    joined_data = pd.merge(filtered_transactions, account[['account_id', 'date']], on='account_id')
    
    # Get the minimum date for each account ID (opening date)
    min_dates = joined_data.groupby('account_id')['date'].min().reset_index()
    
    return min_dates
```"
104,"The transaction of 840 USD happened in 1998/10/14, when was this account opened?",1,1,baseline,"```python
import pandas as pd

def compute_opening_date(account, trans):
    # Merge the 'account' and 'trans' tables on 'account_id'
    merged_df = pd.merge(account, trans, on='account_id')
    
    # Filter the rows where the transaction amount is 840 and the date is '1998-10-14'
    filtered_df = merged_df[(merged_df['amount'] == 840) & (merged_df['date_x'].dt.strftime('%Y-%m-%d') == '1998-10-14')]
    
    # Return the minimum opening date from the filtered DataFrame
    return filtered_df['date_y'].min()
```"
104,"The transaction of 840 USD happened in 1998/10/14, when was this account opened?",1,2,baseline,"```python
import pandas as pd

def compute_opening_date(account, trans):
    # Merge the 'account' and 'trans' dataframes on 'account_id'
    merged_df = pd.merge(account, trans, on='account_id')
    
    # Filter rows where the transaction amount is 840 USD and occurred on 1998/10/14
    filtered_df = merged_df[(merged_df['amount'] == 840) & (merged_df['date_x'].dt.strftime('%Y-%m-%d') == '1998-10-14')]
    
    # Find the minimum opening date among the filtered rows
    opening_date = filtered_df['date_y'].min()
    
    return opening_date
```"
104,"The transaction of 840 USD happened in 1998/10/14, when was this account opened?",1,3,baseline,"```python
import pandas as pd

def get_account_opened_date(transaction_date='1998-10-14', transaction_amount=840):
    # Merge trans and account tables to get account information for the given transaction
    merged_df = pd.merge(transaction, account, on='account_id')
    
    # Filter the merged DataFrame for transactions matching the criteria
    filtered_df = merged_df[(merged_df['date'] == transaction_date) & 
                            (merged_df['amount'] == transaction_amount)]
    
    # Get the minimum date from the filtered DataFrame which represents the account opening date
    result = filtered_df['date'].min()
    
    return result
```"
104,"The transaction of 840 USD happened in 1998/10/14, when was this account opened?",1,4,baseline,"```python
import pandas as pd

def compute_opening_date(account, trans):
    # Merge the two tables on account_id and select relevant columns
    merged_df = pd.merge(account[['account_id', 'date']], trans[['account_id', 'date', 'amount']], on='account_id')
    
    # Filter rows where the transaction amount is 840 USD and the date matches 1998/10/14
    filtered_df = merged_df[(merged_df['amount'] == 840) & (merged_df['date_x'] == '1998-10-14')]
    
    # Get the minimum opening date from the filtered data
    opening_date = filtered_df['date_y'].min()
    
    return opening_date
```"
105,"There was a loan approved in 1994/8/25, where was that account opened, give the district Id of the branch.",1,0,baseline,"```python
import pandas as pd

def get_loan_opening_district(loan, account):
    # Merge loan and account dataframes on account_id to get the opening account details
    merged_df = pd.merge(loan, account, on='account_id')
    
    # Filter the dataframe to only include rows where the loan status is 'A' (approved) and the date matches
    filtered_df = merged_df[(merged_df['date'] == '1994-08-25') & (merged_df['status'] == 'A')]
    
    # Select the district_id from the filtered dataframe
    result = filtered_df[['district_id']].drop_duplicates()
    
    return result
```"
105,"There was a loan approved in 1994/8/25, where was that account opened, give the district Id of the branch.",1,1,baseline,"```python
import pandas as pd

def get_loan_branch_district(loan, account):
    # Filter the loan DataFrame to only include loans approved in 1994/8/25
    approved_loans = loan[(loan['date'].dt.year == 1994) & (loan['date'].dt.month == 8) & (loan['date'].dt.day == 25)]
    
    # Merge the approved loans with the account DataFrame to get the district_id for each loan
    merged_data = pd.merge(approved_loans, account[['account_id', 'district_id']], on='account_id')
    
    # Select the distinct district_id from the merged data
    result = merged_data['district_id'].unique()
    
    return result
```"
105,"There was a loan approved in 1994/8/25, where was that account opened, give the district Id of the branch.",1,2,baseline,"```python
import pandas as pd

def get_loan_branch_district(loan, account):
    # Merge loan and account dataframes on account_id to find the account details for each loan
    merged_df = pd.merge(loan, account, on='account_id')
    
    # Filter the dataframe to only include loans approved on 1994/8/25
    filtered_df = merged_df[merged_df['date'] == '1994-08-25']
    
    # Select the district_id column from the filtered dataframe
    result = filtered_df[['district_id']]
    
    return result
```"
105,"There was a loan approved in 1994/8/25, where was that account opened, give the district Id of the branch.",1,3,baseline,"```python
import pandas as pd

def compute_feature(account, loan):
    # Filter loan records to find those approved in 1994/8/25
    approved_loans = loan[(loan['date'] == '1994-08-25') & (loan['status'] == 'A')]
    
    # Merge with account table to get the district_id for each loan
    merged_df = pd.merge(approved_loans, account, left_on='account_id', right_on='account_id')
    
    # Return the district_id of the first record (assuming only one such loan exists)
    return merged_df['district_id'].iloc[0]
```"
105,"There was a loan approved in 1994/8/25, where was that account opened, give the district Id of the branch.",1,4,baseline,"```python
import pandas as pd

def get_loan_account_opened_district(loan, account):
    # Merge loan and account dataframes on 'account_id' column
    merged_df = pd.merge(loan, account, how='inner', on='account_id')
    
    # Filter rows where loan status is 'A' (approved) and loan date is '1994-08-25'
    filtered_df = merged_df[(merged_df['status'] == 'A') & (merged_df['date'] == '1994-08-25')]
    
    # Select the district_id from the filtered dataframe
    result = filtered_df[['district_id']]
    
    return result
```"
106,What is the biggest amount of transaction that the client whose card was opened in 1996/10/21 made?,3,0,baseline,"```python
import pandas as pd

def compute_feature(client, card, trans):
    # Merge client and card dataframes on client_id
    merged_client_card = pd.merge(client, card, left_on='client_id', right_on='client_id')
    
    # Filter records where card was opened in 1996/10/21
    filtered_records = merged_client_card[(merged_client_card['issued'] == '1996-10-21')]
    
    # Merge the result with transactions dataframe on account_id
    merged_with_trans = pd.merge(filtered_records, trans, left_on='account_id', right_on='account_id')
    
    # Compute the maximum transaction amount
    max_transaction_amount = merged_with_trans['amount'].max()
    
    return max_transaction_amount
```"
106,What is the biggest amount of transaction that the client whose card was opened in 1996/10/21 made?,3,1,baseline,"```python
import pandas as pd

def compute_feature(account, card, client, disp, district, loan, order, trans):
    # Merge necessary tables to get client information and transaction details
    merged = account.merge(disp, on='account_id')
    merged = merged.merge(client, on='client_id')
    merged = merged.merge(trans, on='account_id')

    # Filter transactions where the card was opened in 1996/10/21
    condition = (merged['issued'] == '1996/10/21')
    filtered = merged[condition]

    # Compute the maximum transaction amount for each client
    result = filtered.groupby('client_id')['amount'].max().reset_index()
    
    return result.rename(columns={'amount': 'biggest_transaction_amount'})
```"
106,What is the biggest amount of transaction that the client whose card was opened in 1996/10/21 made?,3,2,baseline,"```python
import pandas as pd

def max_transaction_amount(card_opened_on):
    # Filter clients who had cards opened on 'card_opened_on'
    filtered_clients = client[client['district_id'].isin(card_opened_on['district_id'])]

    # Merge filtered_clients with trans table to get transactions for these clients
    merged_df = pd.merge(filtered_clients, trans, on='account_id')

    # Find the maximum transaction amount
    max_amount = merged_df['amount'].max()

    return max_amount
```"
106,What is the biggest amount of transaction that the client whose card was opened in 1996/10/21 made?,3,3,baseline,"```python
import pandas as pd

def compute_feature(account, card, client, disp, district, loan, order, trans):
    # Merge necessary tables to get the required information
    merged_df = pd.merge(account, card, on='account_id')
    merged_df = pd.merge(merged_df, client, on='client_id')
    merged_df = pd.merge(merged_df, disp, on=['client_id', 'account_id'])
    merged_df = pd.merge(merged_df, trans, on='account_id')

    # Filter clients whose card was opened in 1996/10/21
    filtered_df = merged_df[(merged_df['issued'].dt.year == 1996) & (merged_df['issued'].dt.month == 10) & (merged_df['issued'].dt.day == 21)]

    # Find the maximum transaction amount for each client
    max_transaction = filtered_df.groupby('client_id')['amount_x'].max().reset_index()

    return max_transaction.rename(columns={'amount_x': 'biggest_transaction_amount'})
```"
106,What is the biggest amount of transaction that the client whose card was opened in 1996/10/21 made?,3,4,baseline,"```python
import pandas as pd

def compute_feature(account, card, client, disp, district, loan, order, trans):
    # Merge card and client tables to get client details for each card
    card_client = pd.merge(card, client, how='left', left_on='client_id', right_on='client_id')
    
    # Filter cards opened in 1996/10/21
    filtered_cards = card_client[card_client['issued'] == '1996-10-21']
    
    # Merge transactions table with filtered cards to link transactions to clients
    merged_trans = pd.merge(filtered_cards, trans, how='inner', left_on='account_id', right_on='account_id')
    
    # Find the maximum transaction amount for each client
    max_transaction = merged_trans.groupby('client_id')['amount'].max().reset_index()
    
    return max_transaction.rename(columns={'amount': 'biggest_amount'})
```"
107,What is the gender of the oldest client who opened his/her account in the highest average salary branch?,1,0,baseline,"```python
import pandas as pd

def get_gender_of_oldest_client_with_highest_salary_branch(account, client):
    # Merge account and client dataframes on account_id to get client details
    merged_df = pd.merge(account, client, how='left', left_on='account_id', right_on='client_id')
    
    # Group by district_id (assuming district_id represents the branch) and calculate average salary per branch
    avg_salary_per_branch = merged_df.groupby('district_id')['amount'].mean().reset_index()
    
    # Merge the original merged dataframe with the average salary per branch to get the branch's average salary for each client
    merged_df = pd.merge(merged_df, avg_salary_per_branch, how='left', left_on='district_id', right_on='district_id')
    
    # Sort the dataframe by birth_date and then by average salary in descending order
    merged_df.sort_values(by=['birth_date', 'amount'], ascending=[True, False], inplace=True)
    
    # Get the gender of the oldest client from the branch with the highest average salary
    result = merged_df.iloc[0]['gender']
    
    return result
```"
107,What is the gender of the oldest client who opened his/her account in the highest average salary branch?,1,1,baseline,"```python
import pandas as pd

def compute_feature(account, card, client, disp, district, loan, order, trans):
    # Merge tables to get necessary information
    merged_df = pd.merge(account, disp, on='account_id')
    merged_df = pd.merge(merged_df, client, on='client_id')
    merged_df = pd.merge(merged_df, district, left_on='district_id', right_index=True)
    
    # Calculate average salary per branch
    avg_salary_per_branch = district[['A2', 'A3', 'A4', 'A5', 'A6', 'A7', 'A8', 'A9', 'A10', 'A11', 'A12', 'A13', 'A14', 'A15', 'A16']].mean(axis=1)
    
    # Assign average salary to each row based on branch
    merged_df['avg_salary'] = merged_df.apply(lambda x: avg_salary_per_branch[(x['A2'], x['A3'], x['A4'], x['A5'], x['A6'], x['A7'], x['A8'], x['A9'], x['A10'], x['A11'], x['A12'], x['A13'], x['A14'], x['A15'], x['A16'])], axis=1)
    
    # Find the oldest client who opened an account in the highest average salary branch
    max_avg_salary = merged_df['avg_salary'].max()
    oldest_client_in_highest_salary_branch = merged_df[merged_df['avg_salary'] == max_avg_salary].sort_values(by='date').iloc[-1]['gender']
    
    return oldest_client_in_highest_salary_branch
```"
107,What is the gender of the oldest client who opened his/her account in the highest average salary branch?,1,2,baseline,"```python
import pandas as pd

def compute_feature(account, card, client, disp, district, loan, order, trans):
    # Merge necessary tables to get client details and their account opening date
    merged_data = pd.merge(account, disp, how='left', on='account_id')
    merged_data = pd.merge(merged_data, client, how='left', on='client_id')
    
    # Get the district name from the district table
    district_names = district[['district_id', 'A2']]
    merged_data = pd.merge(merged_data, district_names, how='left', on='district_id')

    # Sort by age and then by account opening date to find the oldest client
    merged_data['age'] = 2023 - merged_data['birth_date'].dt.year
    sorted_data = merged_data.sort_values(by=['age', 'date'], ascending=[False, True])
    
    # Get the gender of the oldest client
    oldest_client_gender = sorted_data.iloc[0]['gender']
    
    return oldest_client_gender
```"
107,What is the gender of the oldest client who opened his/her account in the highest average salary branch?,1,3,baseline,"```python
import pandas as pd

def get_gender_of_oldest_client_with_highest_salary_branch(account, client):
    # Merge account and client dataframes on account_id
    merged_df = pd.merge(account, client, on='account_id')
    
    # Calculate the average salary for each branch
    avg_salary_by_branch = merged_df.groupby('district_id')['amount'].mean()
    
    # Get the branch with the highest average salary
    highest_avg_salary_branch = avg_salary_by_branch.idxmax()
    
    # Filter the dataframe to only include accounts from the highest average salary branch
    filtered_df = merged_df[merged_df['district_id'] == highest_avg_salary_branch]
    
    # Sort the dataframe by birth_date to find the oldest client
    sorted_df = filtered_df.sort_values(by='birth_date', ascending=True)
    
    # Get the gender of the oldest client
    oldest_client_gender = sorted_df.iloc[0]['gender']
    
    return oldest_client_gender
```"
107,What is the gender of the oldest client who opened his/her account in the highest average salary branch?,1,4,baseline,"```python
import pandas as pd

def find_oldest_client_gender_with_highest_avg_salary_branch(account, client):
    # Merge account and client tables on account_id
    merged = pd.merge(account, client, how='left', left_on='account_id', right_on='client_id')
    
    # Group by district_id and calculate the average salary per branch
    avg_salary_per_branch = merged.groupby('district_id')['amount'].mean().reset_index()
    
    # Merge the merged table with the average salary per branch to get the branch's average salary for each record
    merged = pd.merge(merged, avg_salary_per_branch, on='district_id', suffixes=('', '_avg'))
    
    # Sort by date (in ascending order) and then by the average salary (in descending order)
    merged_sorted = merged.sort_values(by=['date', 'amount_avg'], ascending=[True, False])
    
    # Get the oldest client from the highest average salary branch
    oldest_client_with_highest_avg_salary_branch = merged_sorted.iloc[0]['gender']
    
    return oldest_client_with_highest_avg_salary_branch
```"
108,"For the client who applied the biggest loan, what was his/her first amount of transaction after opened the account?",2,0,baseline,"```python
import pandas as pd

def compute_feature(account, client, loan, trans):
    # Merge dataframes to get the client details and their loans
    merged = pd.merge(account, client, left_on='district_id', right_on='district_id')
    merged = pd.merge(merged, loan, left_on='account_id', right_on='account_id')

    # Find the client who applied for the largest loan
    max_loan_client = merged.loc[merged['amount'] == merged['amount'].max(), 'client_id'].values[0]

    # Filter transactions for the client who applied for the largest loan
    client_transactions = trans[trans['client_id'] == max_loan_client]

    # Sort transactions by date to find the first transaction
    client_transactions_sorted = client_transactions.sort_values(by='date')

    # Get the first transaction's amount
    first_transaction_amount = client_transactions_sorted.iloc[0]['amount']

    return first_transaction_amount
```"
108,"For the client who applied the biggest loan, what was his/her first amount of transaction after opened the account?",2,1,baseline,"```python
import pandas as pd

def compute_feature(account, card, client, disp, district, loan, order, trans):
    # Merge necessary tables to get required information
    merged_df = pd.merge(loan, account, how='left', on='account_id')
    merged_df = pd.merge(merged_df, client, how='left', on='client_id')
    merged_df = pd.merge(merged_df, disp, how='left', on='disp_id')
    
    # Find the client who applied for the largest loan
    max_loan_amount = merged_df['amount'].max()
    max_loan_client = merged_df[merged_df['amount'] == max_loan_amount]['client_id'].iloc[0]
    
    # Get the first transaction amount after opening the account
    client_transactions = trans[(trans['account_id'].isin(merged_df['account_id'][merged_df['client_id'] == max_loan_client])) & 
                                (trans['date'] > merged_df['date'][merged_df['client_id'] == max_loan_client].min())]
    first_transaction_amount = client_transactions['amount'].min() if not client_transactions.empty else None
    
    return {'feature': first_transaction_amount}
```"
108,"For the client who applied the biggest loan, what was his/her first amount of transaction after opened the account?",2,2,baseline,"```python
import pandas as pd

def compute_feature(account, client, loan, trans):
    # Merge loan and account dataframes to get account details for each loan
    merged = pd.merge(loan, account, on='account_id')
    
    # Find the maximum loan amount
    max_loan_amount = merged['amount'].max()
    
    # Filter loans where the amount is equal to the maximum loan amount
    max_loan_accounts = merged[merged['amount'] == max_loan_amount]['account_id']
    
    # Merge trans and account dataframes to get transaction details for each account
    trans_merged = pd.merge(trans, account, on='account_id')
    
    # Keep only transactions from accounts with the maximum loan amount
    relevant_transactions = trans_merged[trans_merged['account_id'].isin(max_loan_accounts)]
    
    # Sort transactions by date to find the first transaction after opening the account
    sorted_transactions = relevant_transactions.sort_values(by=['date'])
    
    # Select the first transaction for each unique account
    first_transactions = sorted_transactions.drop_duplicates(subset='account_id', keep='first')
    
    # Return the first transaction amounts
    return first_transactions[['client_id', 'balance']]
```"
108,"For the client who applied the biggest loan, what was his/her first amount of transaction after opened the account?",2,3,baseline,"```python
import pandas as pd

def compute_feature(account, client, district, disp, loan):
    # Merge necessary tables to get required information
    merged = pd.merge(account, disp, how='inner', left_on='account_id', right_on='account_id')
    merged = pd.merge(merged, client, how='inner', left_on='client_id', right_on='client_id')
    merged = pd.merge(merged, loan, how='inner', left_on='account_id', right_on='account_id')

    # Get the client who applied for the biggest loan
    max_loan_amount = merged['amount'].max()
    client_with_max_loan = merged[merged['amount'] == max_loan_amount]['client_id'].values[0]

    # Filter transactions made by this client and sort them by date
    client_transactions = merged[merged['client_id'] == client_with_max_loan]
    client_transactions = client_transactions.sort_values(by='date')

    # Get the first transaction amount after opening the account
    first_transaction_amount = client_transactions.iloc[0]['amount']

    return first_transaction_amount
```"
108,"For the client who applied the biggest loan, what was his/her first amount of transaction after opened the account?",2,4,baseline,"```python
import pandas as pd

def compute_feature(account, card, client, disp, district, loan, order, trans):
    # Merge tables to get necessary information
    merged_df = pd.merge(account, loan, on='account_id')
    merged_df = pd.merge(merged_df, client, on='client_id')
    merged_df = pd.merge(merged_df, trans, on='account_id')

    # Sort by date to find the earliest transaction after opening the account
    merged_df['date'] = pd.to_datetime(merged_df['date'])
    merged_df.sort_values(by=['date'], inplace=True)

    # Filter for the largest loan and get the first transaction amount
    result = merged_df.loc[merged_df['amount_x'].idxmax(), 'amount_y']

    return result
```"
109,How many clients opened their accounts in Jesenik branch were women?,1,0,baseline,"```python
import pandas as pd

def compute_feature(account, client):
    # Merge account and client tables on client_id
    merged_df = pd.merge(account, client, left_on='client_id', right_index=True)

    # Filter rows where the district is 'Jesenik' and gender is 'W'
    jesenik_women = merged_df[(merged_df['A1'] == 'Jesenik') & (merged_df['gender'] == 'W')]

    # Count the number of unique client_ids
    num_clients = jesenik_women['client_id'].nunique()

    return num_clients
```"
109,How many clients opened their accounts in Jesenik branch were women?,1,1,baseline,"```python
import pandas as pd

def compute_feature(client, district):
    # Merge client and district dataframes to get district information for each client
    merged_df = pd.merge(client, district, left_on='district_id', right_index=True)

    # Filter rows where district is 'Jesenik'
    jesenik_clients = merged_df[merged_df['A1'] == 'Jesenik']

    # Count number of female clients from Jesenik
    female_count = jesenik_clients[jesenik_clients['gender'] == 'F'].shape[0]

    return female_count
```"
109,How many clients opened their accounts in Jesenik branch were women?,1,2,baseline,"```python
import pandas as pd

def feature_2(account, client):
    # Merge account and client dataframes on 'district_id'
    merged_df = pd.merge(account, client, left_on='district_id', right_on='district_id')
    
    # Filter rows where 'A1' is 'Jeseník' (female) and count unique 'client_id's
    result = merged_df[merged_df['A1'] == 'Jeseník']['client_id'].nunique()
    
    return result
```"
109,How many clients opened their accounts in Jesenik branch were women?,1,3,baseline,"```python
import pandas as pd

def count_women_clients_in_jesenik(df_account, df_client, df_district):
    jesenik_districts = ['Jesenice', 'Jesenik']
    
    # Merge account and district to get district names
    df_merged = pd.merge(df_account, df_district, left_on='district_id', right_on='district_id')
    
    # Filter accounts opened in Jesenik branch
    df_filtered = df_merged[df_merged['A1'].isin(jesenik_districts)]
    
    # Merge filtered data with client data to get client genders
    df_final = pd.merge(df_filtered, df_client, left_on='client_id', right_on='client_id')
    
    # Count women clients
    num_women = (df_final['gender'] == 'W').sum()
    
    return num_women
```"
109,How many clients opened their accounts in Jesenik branch were women?,1,4,baseline,"```python
import pandas as pd

def feature_jesenik_women(clients, account):
    # Merge clients and account dataframes based on 'client_id' and 'account_id'
    merged_data = pd.merge(clients, account, left_on='client_id', right_on='client_id')
    
    # Filter data where district is 'Jesenik' and gender is 'W'
    jesenik_women = merged_data[(merged_data['A1'] == 'Jesenik') & (merged_data['gender'] == 'W')]
    
    # Count the number of unique female clients who opened accounts in Jesenik
    result = len(jesenik_women['client_id'].unique())
    
    return result
```"
110,What is the disposition id of the client who made 5100 USD transaction in 1998/9/2?,2,0,baseline,"```python
import pandas as pd

def get_disp_id_for_transaction(client_df, trans_df):
    # Filter transactions for specific conditions
    filtered_trans = trans_df[(trans_df['amount'] == 5100) & (pd.to_datetime(trans_df['date']).dt.year == 1998)]
    
    # Merge with client DataFrame to get client_id from disp_id
    merged_df = pd.merge(filtered_trans, client_df[['client_id', 'disp_id']], left_on='account_id', right_on='account_id')
    
    # Get the unique disp_id for the client
    result = merged_df['disp_id'].unique()
    
    return result
```"
110,What is the disposition id of the client who made 5100 USD transaction in 1998/9/2?,2,1,baseline,"```python
import pandas as pd

def find_disp_id_for_transaction(df_account, df_card, df_client, df_disp, df_district, df_loan, df_order, df_trans):
    # Filter transactions from 1998/9/2 for 5100 USD amount
    filtered_trans = df_trans[(df_trans['date'] == '1998-09-02') & (df_trans['amount'] == 5100)]
    
    # Merge with account to get account_id
    merged_acc = pd.merge(filtered_trans, df_account, how='left', left_on='account_id', right_on='account_id')
    
    # Get client_id from account
    client_ids = merged_acc['client_id'].drop_duplicates()
    
    # Filter clients and merge with disp to get disp_id
    client_info = df_client[df_client['client_id'].isin(client_ids)]
    final_df = pd.merge(client_info, df_disp, how='left', left_on='client_id', right_on='client_id')
    
    return final_df[['disp_id']]
```"
110,What is the disposition id of the client who made 5100 USD transaction in 1998/9/2?,2,2,baseline,"```python
import pandas as pd

def get_disp_id_for_transaction(df_account, df_client, df_disp, df_trans):
    # Merge account and client tables to get district_id for each account
    merged_df = pd.merge(df_account, df_client, how='left', left_on='district_id', right_on='district_id')
    
    # Merge merged DataFrame with disp table to get disp_id for each account
    merged_df = pd.merge(merged_df, df_disp, how='left', left_on='account_id', right_on='account_id')
    
    # Filter transactions based on given conditions
    filtered_df = merged_df[(merged_df['date'] == '1998-09-02') & (merged_df['amount'] == 5100)]
    
    # Select the disp_id column from the filtered DataFrame
    result = filtered_df[['disp_id']]
    
    return result
```"
110,What is the disposition id of the client who made 5100 USD transaction in 1998/9/2?,2,3,baseline,"```python
import pandas as pd

def get_disp_id(transaction_df):
    return transaction_df[(transaction_df['date'] == '1998-09-02') & (transaction_df['amount'] == 5100)]['disp_id'].values[0]
```"
110,What is the disposition id of the client who made 5100 USD transaction in 1998/9/2?,2,4,baseline,"```python
import pandas as pd

def get_disp_id_for_transaction(client_data, trans_data):
    # Filter transactions to find the specific one
    filtered_trans = trans_data[(trans_data['date'] == '1998-09-02') & (trans_data['amount'] == 5100)]
    
    # Merge with client data to get the corresponding client_id
    merged_df = pd.merge(filtered_trans, client_data, left_on='account_id', right_on='account_id')
    
    # Get the unique disp_id from the result
    disp_id_result = merged_df['disp_id'].unique()
    
    return disp_id_result
```"
111,How many accounts were opened in Litomerice in 1996?,1,0,baseline,"```python
import pandas as pd

def compute_litomerice_accounts_opened_1996(account, client, district):
    litomerice = district[district['A2'] == 'Litomerice'].index
    account_litomerice = account[account['district_id'].isin(litomerice)]
    account_litomerice_1996 = account_litomerice[(account_litomerice['date'].dt.year == 1996) & (account_litomerice['frequency'] == 1)]
    return len(account_litomerice_1996)
```"
111,How many accounts were opened in Litomerice in 1996?,1,1,baseline,"```python
import pandas as pd

def count_accounts_opened_in_litomerice_1996(account, district):
    litomerice = district[district['A1'] == 'Litomerice'].index[0]
    accounts_opened = account[(account['district_id'] == litomerice) & (account['date'].dt.year == 1996)]
    return accounts_opened.shape[0]
```"
111,How many accounts were opened in Litomerice in 1996?,1,2,baseline,"```python
import pandas as pd

def compute_litomerice_accounts_1996(account, district):
    # Merge account and district tables to get district names
    merged_df = pd.merge(account, district, left_on='district_id', right_index=True)
    
    # Filter rows where the district name is 'Litomerice' and year of the date is 1996
    litomerice_accounts_1996 = merged_df[(merged_df['A2'] == 'Litomerice') & 
                                         (merged_df['date'].dt.year == 1996)]
    
    # Count the number of unique accounts
    result = len(litomerice_accounts_1996)
    
    return result
```"
111,How many accounts were opened in Litomerice in 1996?,1,3,baseline,"```python
import pandas as pd

def compute_feature(account, district):
    litomerice_mask = district['A2'] == 'Litomerice'
    account_in_litomerice = account.merge(district[litomerice_mask], how='inner', left_on='district_id', right_on='district_id')
    account_1996 = account_in_litomerice[(account_in_litomerice['date'].dt.year == 1996) & (account_in_litomerice['type'] == 'Open')]
    return len(account_1996)
```"
111,How many accounts were opened in Litomerice in 1996?,1,4,baseline,"```python
import pandas as pd

def compute_litomerice_accounts_1996(account, district):
    # Merge account and district dataframes on district_id column
    merged_df = pd.merge(account, district, how='left', left_on='district_id', right_on='district_id')
    
    # Filter rows where district is 'Litomerice' and year of date is 1996
    filtered_df = merged_df[(merged_df['A1'] == 'Litomerice') & (merged_df['date'].dt.year == 1996)]
    
    # Count the number of unique account_ids
    result = len(filtered_df['account_id'].unique())
    
    return result
```"
112,"For the female client who was born in 1976/1/29, which district did she opened her account?",1,0,baseline,"```python
import pandas as pd

def compute_feature(client, account):
    # Filter for female clients born in 1976/1/29
    filtered_client = client[(client['gender'] == 'F') & (client['birth_date'] == '1976-01-29')]
    
    # Merge with account table to get account information for these clients
    merged_data = pd.merge(filtered_client, account, left_on='district_id', right_on='district_id')
    
    # Get unique districts where accounts were opened
    result = merged_data['district_id'].unique()
    
    return result
```"
112,"For the female client who was born in 1976/1/29, which district did she opened her account?",1,1,baseline,"```python
import pandas as pd

def get_client_district(df_account, df_client):
    # Merge account and client dataframes based on client_id
    merged_df = pd.merge(df_account, df_client, how='left', left_on='client_id', right_on='client_id')
    
    # Filter for female clients born in 1976/1/29
    filtered_df = merged_df[(merged_df['gender'] == 'F') & (merged_df['birth_date'] == '1976-01-29')]
    
    # Select the distinct districts
    result = filtered_df[['district_id']].drop_duplicates()
    
    return result
```"
112,"For the female client who was born in 1976/1/29, which district did she opened her account?",1,2,baseline,"```python
import pandas as pd

def compute_feature(client, account, district):
    # Merge client and account dataframes on 'client_id'
    merged_client_account = pd.merge(client, account, left_on='client_id', right_on='client_id')
    
    # Filter rows where gender is 'F' (female) and birth_date is '1976-01-29'
    filtered_data = merged_client_account[(merged_client_account['gender'] == 'F') & 
                                        (merged_client_account['birth_date'] == '1976-01-29')]
    
    # Merge the result with district dataframe to get the district information
    final_result = pd.merge(filtered_data, district, left_on='district_id', right_on='district_id')
    
    return final_result[['A2', 'A3', 'A4', 'A5', 'A6', 'A7', 'A8', 'A9', 'A10', 'A11', 'A12', 'A13', 'A14', 'A15', 'A16']]
```"
112,"For the female client who was born in 1976/1/29, which district did she opened her account?",1,3,baseline,"```python
import pandas as pd

def compute_feature(client, account):
    # Merge client and account tables on account_id
    merged_df = pd.merge(client, account, how='left', left_on='account_id', right_on='account_id')
    
    # Filter for female clients born in 1976/1/29
    filtered_df = merged_df[(merged_df['gender'] == 'F') & (merged_df['birth_date'] == '1976-01-29')]
    
    # Select the distinct districts where accounts were opened
    result = filtered_df[['district_id']].drop_duplicates()
    
    return result
```"
112,"For the female client who was born in 1976/1/29, which district did she opened her account?",1,4,baseline,"```python
import pandas as pd

def get_account_district(client_df, account_df, district_df):
    # Filter clients based on gender and birth date
    filtered_clients = client_df[(client_df['gender'] == 'F') & (client_df['birth_date'] == '1976-01-29')]
    
    # Merge clients with accounts to find accounts opened by these clients
    merged_client_accounts = pd.merge(filtered_clients, account_df, left_on='client_id', right_on='account_id')
    
    # Get districts of these accounts
    result = pd.merge(merged_client_accounts, district_df, left_on='district_id', right_on='district_id')[['A1']]
    
    return result
```"
113,"For the client who applied 98832 USD loan in 1996/1/3, when was his/her birthday?",3,0,baseline,"```python
import pandas as pd

def calculate_birthdate(client, loan, district):
    # Merge loan and client tables to get client details for each loan
    merged = pd.merge(loan, client, left_on='account_id', right_on='account_id')
    
    # Filter for the specific loan amount and date
    filtered = merged[(merged['amount'] == 98832) & (merged['date'].dt.year == 1996)]
    
    # Get the birth_date of the client from the filtered data
    birth_date = filtered['birth_date'].iloc[0]
    
    return birth_date
```"
113,"For the client who applied 98832 USD loan in 1996/1/3, when was his/her birthday?",3,1,baseline,"```python
import pandas as pd

def calculate_birthday(df_client, df_loan):
    # Merge client and loan dataframes based on account_id
    merged_df = pd.merge(df_client, df_loan, left_on='account_id', right_on='account_id')
    
    # Filter rows where the loan amount is 98832 USD and the date is '1996-01-03'
    filtered_df = merged_df[(merged_df['amount'] == 98832) & (merged_df['date_x'].dt.strftime('%Y-%m-%d') == '1996-01-03')]
    
    # Extract the birth_date column from the client dataframe
    result = filtered_df[['birth_date']]
    
    return result
```"
113,"For the client who applied 98832 USD loan in 1996/1/3, when was his/her birthday?",3,2,baseline,"```python
import pandas as pd

def get_birthdate_for_loan(client, loan):
    # Merge loan and client dataframes based on account_id
    merged = pd.merge(loan, client, how='left', left_on='account_id', right_on='client_id')
    
    # Filter rows where loan amount is 98832 USD and loan date is 1996/1/3
    filtered = merged[(merged['amount'] == 98832) & (pd.to_datetime(merged['date']).dt.strftime('%Y-%m-%d') == '1996-01-03')]
    
    # Select the birth_date column from the filtered dataframe
    result = filtered[['birth_date']]
    
    return result
```"
113,"For the client who applied 98832 USD loan in 1996/1/3, when was his/her birthday?",3,3,baseline,"```python
import pandas as pd

def compute_birthday(loan, client):
    # Merge loan and client dataframes on 'account_id'
    merged_df = pd.merge(loan, client, left_on='account_id', right_on='client_id')
    
    # Filter rows where loan amount is 98832 USD and date is '1996-01-03'
    filtered_df = merged_df[(merged_df['amount'] == 98832) & (merged_df['date'].dt.strftime('%Y-%m-%d') == '1996-01-03')]
    
    # Extract birth_date column from the filtered dataframe
    result = filtered_df[['birth_date']]
    
    return result
```"
113,"For the client who applied 98832 USD loan in 1996/1/3, when was his/her birthday?",3,4,baseline,"```python
import pandas as pd

def compute_feature(account, card, client, disp, district, loan, order, trans):
    # Merge loan and client tables on account_id
    merged = pd.merge(loan, client, left_on='account_id', right_on='account_id')
    
    # Filter rows where loan amount is 98832 USD and date is '1996-01-03'
    filtered = merged[(merged['amount'] == 98832) & (merged['date'].dt.strftime('%Y-%m-%d') == '1996-01-03')]
    
    # Select the birth_date column from the client table
    result = filtered[['birth_date']]
    
    return result
```"
114,"For the first client who opened his/her account in Prague, what is his/her account ID?",1,0,baseline,"```python
import pandas as pd

def find_client_account_id(client, district):
    # Merge client and district tables to get client's district information
    client_with_district = pd.merge(client, district, left_on='district_id', right_index=True)
    
    # Filter clients from Prague (assuming 'Prague' is represented by some specific value in column A2)
    prague_clients = client_with_district[client_with_district['A2'] == 'Prague']
    
    # Sort the filtered clients by their opening date
    sorted_clients = prague_clients.sort_values(by='date')
    
    # Get the first client's account ID
    first_client_account_id = sorted_clients.iloc[0]['account_id']
    
    return first_client_account_id
```"
114,"For the first client who opened his/her account in Prague, what is his/her account ID?",1,1,baseline,"```python
import pandas as pd

def get_first_account_in_prague(client, district):
    # Merge client and district tables to find clients in Prague
    client_with_district = pd.merge(client, district, left_on='district_id', right_index=True)
    
    # Filter clients in Prague
    prague_clients = client_with_district[client_with_district['A1'] == 'Prague']
    
    # Sort clients by their birth_date to find the oldest one
    oldest_client = prague_clients.sort_values(by='birth_date').head(1)
    
    # Get the account_id of the oldest client
    result = oldest_client[['account_id']]
    
    return result
```"
114,"For the first client who opened his/her account in Prague, what is his/her account ID?",1,2,baseline,"```python
import pandas as pd

def get_account_id_for_first_client_in_prague(account, client, district):
    # Merge account and client tables on client_id to get client information for each account
    merged_df = pd.merge(account, client, on='client_id')
    
    # Merge the result with district table to filter accounts opened in Prague
    merged_df = pd.merge(merged_df, district, left_on='district_id', right_index=True)
    
    # Filter rows where district name contains 'Praha'
    prague_accounts = merged_df[merged_df['A2'].str.contains('Praha')]
    
    # Sort the DataFrame by the date of opening the account
    sorted_accounts = prague_accounts.sort_values(by='date')
    
    # Get the account ID of the first client who opened an account in Prague
    first_account_id = sorted_accounts.iloc[0]['account_id']
    
    return first_account_id
```"
114,"For the first client who opened his/her account in Prague, what is his/her account ID?",1,3,baseline,"```python
import pandas as pd

def get_first_account_in_prague(client, district):
    # Merge client and district dataframes to find clients from Prague
    merged_df = pd.merge(client, district, left_on='district_id', right_index=True)
    
    # Filter rows where A14 is 'Prague'
    prague_clients = merged_df[merged_df['A14'] == 'Prague']
    
    # Sort the filtered dataframe by birth_date to find the earliest opening date
    sorted_prague_clients = prague_clients.sort_values(by='birth_date')
    
    # Get the first client's ID and use it to join with the account table
    first_client_id = sorted_prague_clients.iloc[0]['client_id']
    first_account = pd.merge(account, prague_clients[['account_id', 'client_id']], 
                            left_on='client_id', right_on='client_id')
    
    # Filter the accounts of the first client and return the account ID
    result = first_account[first_account['client_id'] == first_client_id][['account_id']]
    return result
```"
114,"For the first client who opened his/her account in Prague, what is his/her account ID?",1,4,baseline,"```python
import pandas as pd

def get_account_id_for_first_client(client_df, district_df, account_df):
    # Merge client and district dataframes to find clients in Prague
    prague_clients = pd.merge(client_df, district_df, left_on='district_id', right_index=True)
    prague_clients = prague_clients[prague_clients['A3'] == 'Prague']
    
    # Find the earliest date of account opening for these clients
    earliest_opening_dates = prague_clients.groupby('client_id')['date'].min().reset_index()
    
    # Merge with account data to get account IDs for these dates
    result = pd.merge(earliest_opening_dates, account_df, left_on=['client_id', 'date'], 
                      right_on=['client_id', 'date'])
    
    return result[['account_id']].iloc[0]['account_id']
```"
115,"For the branch which located in the south Bohemia with biggest number of inhabitants, what is the percentage of the male clients?",1,0,baseline,"```python
import pandas as pd

def calculate_male_client_percentage(account, client, district):
    # Join tables to get necessary information
    joined = account.merge(client, how='left', left_on='client_id', right_index=True)
    joined = joined.merge(district, how='left', left_on='district_id', right_index=True)

    # Filter rows where the district is in the south Bohemia and has the largest population
    south_bohemia = joined[(joined['A1'] == 'S') & (joined['A3'] == 'L')]
    
    total_clients = len(south_bohemia)
    male_clients = sum(south_bohemia['gender'] == 'M')
    
    # Calculate percentage of male clients
    if total_clients > 0:
        percentage_male = (male_clients / total_clients) * 100
    else:
        percentage_male = 0
    
    return percentage_male
```"
115,"For the branch which located in the south Bohemia with biggest number of inhabitants, what is the percentage of the male clients?",1,1,baseline,"```python
import pandas as pd

def calculate_male_client_percentage(account, client, district):
    # Filter districts in South Bohemia with the biggest number of inhabitants
    south_bohemia_districts = district[(district['A1'] == 'south') & (district['A2'] == 'bohemia')]
    max_inhabitants = south_bohemia_districts['A3'].max()
    filtered_districts = south_bohemia_districts[south_bohemia_districts['A3'] == max_inhabitants]
    
    # Join data to find clients from these districts
    merged_data = pd.merge(filtered_districts, account, on='district_id')
    merged_data = pd.merge(merged_data, client, on='client_id')
    
    # Calculate the percentage of male clients
    total_clients = len(merged_data)
    male_clients = len(merged_data[merged_data['gender'] == 'M'])
    percentage_male_clients = (male_clients / total_clients) * 100
    
    return percentage_male_clients
```"
115,"For the branch which located in the south Bohemia with biggest number of inhabitants, what is the percentage of the male clients?",1,2,baseline,"```python
import pandas as pd

def calculate_male_percentage(client, district):
    # Filter clients from the south Bohemia district
    south_bohemia = district[district['A1'] == 'South Bohemia']
    clients_in_south_bohemia = client[client['district_id'].isin(south_bohemia['district_id'])]

    # Calculate total population and number of males in the filtered area
    total_population = len(clients_in_south_bohemia)
    num_males = clients_in_south_bohemia[clients_in_south_bohemia['gender'] == 'M']['client_id'].count()

    # Calculate the percentage of males
    if total_population > 0:
        male_percentage = (num_males / total_population) * 100
    else:
        male_percentage = 0

    return male_percentage
```"
115,"For the branch which located in the south Bohemia with biggest number of inhabitants, what is the percentage of the male clients?",1,3,baseline,"```python
import pandas as pd

def calculate_male_clients_percentage(account, card, client, disp, district):
    # Merge tables to get necessary information
    merged_df = pd.merge(account, disp, on='account_id')
    merged_df = pd.merge(merged_df, client, on='client_id')
    merged_df = pd.merge(merged_df, district, on='district_id')

    # Filter rows where district name contains 'Jihomoravsk' (south Bohemia)
    south_bohemia_mask = merged_df['A2'].str.contains('Jihomoravsk', na=False)
    filtered_df = merged_df[south_bohemia_mask]

    # Calculate total number of clients and number of male clients
    total_clients = len(filtered_df)
    male_clients = len(filtered_df[filtered_df['gender'] == 'M'])

    # Calculate the percentage of male clients
    if total_clients > 0:
        percentage_male_clients = (male_clients / total_clients) * 100
    else:
        percentage_male_clients = 0

    return percentage_male_clients
```"
115,"For the branch which located in the south Bohemia with biggest number of inhabitants, what is the percentage of the male clients?",1,4,baseline,"```python
import pandas as pd

def calculate_male_clients_percentage(account, client, district):
    # Merge account and client dataframes on account_id
    merged_data = pd.merge(account, client, how='left', left_on='account_id', right_on='client_id')
    
    # Merge result with district dataframe to get A16 column
    merged_data = pd.merge(merged_data, district, how='left', left_on='district_id', right_on='district_id')
    
    # Filter rows where A16 contains 'south Bohemia'
    filtered_data = merged_data[merged_data['A16'].str.contains('south Bohemia')]
    
    # Calculate total number of clients and number of male clients
    total_clients = len(filtered_data)
    male_clients = len(filtered_data[filtered_data['gender'] == 'M'])
    
    # Calculate percentage of male clients
    if total_clients == 0:
        return 0
    
    percentage_male_clients = (male_clients / total_clients) * 100
    
    return percentage_male_clients
```"
116,"For the client whose loan was approved first in 1993/7/5, what is the increase rate of his/her account balance from 1993/3/22 to 1998/12/27?",2,0,baseline,"```python
import pandas as pd

def calculate_increase_rate(account, client, district, disp, loan, trans):
    # Merge loan and account tables on account_id
    merged_loan_account = pd.merge(loan, account, how='left', on='account_id')
    
    # Filter for loans that were approved before 1993/7/5
    filtered_loans = merged_loan_account[merged_loan_account['date'] < '1993-07-05']
    
    # Find the client who got their loan approved first
    client_with_first_loan = filtered_loans.loc[filtered_loans.groupby('client_id')['date'].idxmin()]
    
    # Merge the client with first loan with the transaction table
    merged_client_trans = pd.merge(client_with_first_loan[['client_id', 'account_id']], trans, how='left', on='account_id')
    
    # Filter transactions between 1993/3/22 and 1998/12/27
    filtered_transactions = merged_client_trans[(merged_client_trans['date'] >= '1993-03-22') & 
                                               (merged_client_trans['date'] <= '1998-12-27')]
    
    # Calculate the total amount deposited and withdrawn
    total_deposit = filtered_transactions[filtered_transactions['type'] == 'DEP']['amount'].sum()
    total_withdrawal = filtered_transactions[filtered_transactions['type'] == 'WIT']['amount'].sum()
    
    # Calculate the net balance change
    net_balance_change = total_deposit - total_withdrawal
    
    return net_balance_change / total_deposit if total_deposit != 0 else None
```"
116,"For the client whose loan was approved first in 1993/7/5, what is the increase rate of his/her account balance from 1993/3/22 to 1998/12/27?",2,1,baseline,"```python
import pandas as pd

def compute_balance_increase_rate(account, card, client, disp, loan, order, trans):
    # Merge tables to get necessary information
    merged = account.merge(client, left_on='district_id', right_on='district_id') \
                    .merge(disp, on='account_id') \
                    .merge(loan, on='account_id') \
                    .merge(order, on='account_id') \
                    .merge(trans, on='account_id')
    
    # Filter rows where loan status is 'A' (approved) and date is '1993-07-05'
    filtered = merged[(merged['status'] == 'A') & (merged['date'] == '1993-07-05')]
    
    # Get the account_id of the client who got the loan approved first
    target_account_id = filtered.iloc[0]['account_id']
    
    # Filter transactions for the target account_id within the specified dates
    target_transactions = trans[(trans['account_id'] == target_account_id) &
                                (trans['date'].between('1993-03-22', '1998-12-27'))]
    
    # Calculate the increase rate of the account balance
    initial_balance = target_transactions[target_transactions['date'] == '1993-03-22']['balance'].iloc[0]
    final_balance = target_transactions[target_transactions['date'] == '1998-12-27']['balance'].iloc[-1]
    increase_rate = (final_balance - initial_balance) / initial_balance
    
    return increase_rate
```"
116,"For the client whose loan was approved first in 1993/7/5, what is the increase rate of his/her account balance from 1993/3/22 to 1998/12/27?",2,2,baseline,"```python
import pandas as pd

def calculate_balance_increase_rate(account, card, client, disp, loan, order, trans):
    # Merge tables to get the necessary information
    merged = pd.merge(account, loan, how='inner', left_on='account_id', right_on='account_id')
    merged = pd.merge(merged, client, how='inner', left_on='client_id', right_on='client_id')
    merged = pd.merge(merged, trans, how='inner', left_on='account_id', right_on='account_id')

    # Filter the data for the specific date and status
    filtered_data = merged[(merged['date_x'] == '1993/7/5') & (merged['status'] == 'A')]
    
    # Get the minimum account ID of the clients who got their loans approved first
    min_account_id = filtered_data['account_id'].min()
    
    # Get the account balance before and after the specified dates
    before_balance = trans.loc[trans['account_id'] == min_account_id, (trans['date'] == '1993/3/22')]['balance']
    after_balance = trans.loc[trans['account_id'] == min_account_id, (trans['date'] == '1998/12/27')]['balance']

    # Calculate the balance increase rate
    if not before_balance.empty and not after_balance.empty:
        balance_increase_rate = ((after_balance.values[0] - before_balance.values[0]) / before_balance.values[0])
    else:
        balance_increase_rate = None
    
    return balance_increase_rate
```"
116,"For the client whose loan was approved first in 1993/7/5, what is the increase rate of his/her account balance from 1993/3/22 to 1998/12/27?",2,3,baseline,"```python
import pandas as pd

def compute_increase_rate(account, card, client, disp, district, loan, order, trans):
    # Merge dataframes to get all necessary information
    merged = pd.merge(loan, client, left_on='account_id', right_on='account_id')
    merged = pd.merge(merged, disp, left_on='client_id', right_on='client_id')
    merged = pd.merge(merged, trans, left_on='account_id', right_on='account_id')
    
    # Filter for loans approved on '1993-07-05'
    approved_loans = merged[merged['date'] == '1993-07-05']
    
    # Get the minimum account balance before and after specified dates
    min_balance_before = approved_loans[(approved_loans['date'] >= '1993-03-22') & 
                                      (approved_loans['date'] < '1998-12-27')]['balance'].min()
    max_balance_after = approved_loans[(approved_loans['date'] > '1998-12-27')].groupby('client_id')['balance'].max().reset_index()
    
    # Calculate the total increase rate for each client
    increase_rates = []
    for index, row in max_balance_after.iterrows():
        client_id = row['client_id']
        max_balance = row['balance']
        start_date = '1993-03-22'
        end_date = '1998-12-27'
        
        balance_before = approved_loans[(approved_loans['client_id'] == client_id) &
                                       (approved_loans['date'] == start_date)]['balance'].values[0]
        increase_rate = ((max_balance - balance_before) / balance_before) * 100 if balance_before != 0 else float('inf')
        increase_rates.append(increase_rate)
    
    return increase_rates
```"
116,"For the client whose loan was approved first in 1993/7/5, what is the increase rate of his/her account balance from 1993/3/22 to 1998/12/27?",2,4,baseline,"```python
import pandas as pd

def calculate_balance_increase_rate(account, card, client, disp, loan, order, trans):
    # Merge tables to get necessary information
    merged = pd.merge(account, loan, on='account_id')
    merged = pd.merge(merged, client, on='client_id')
    merged = pd.merge(merged, disp, on=['account_id', 'client_id'])
    merged = pd.merge(merged, trans, on='account_id')

    # Filter loans with status 'A' (approved)
    merged = merged[merged['status'] == 'A']

    # Filter transactions within the specified dates
    start_date = '1993-03-22'
    end_date = '1998-12-27'
    merged = merged[(merged['date'] >= start_date) & (merged['date'] <= end_date)]

    # Sort by date to find the earliest approved loan
    merged.sort_values(by='date', inplace=True)

    # Calculate the increase rate of the account balance
    initial_balance = merged.loc[merged['date'] == start_date, 'balance'].values[0]
    final_balance = merged.loc[merged['date'] == end_date, 'balance'].values[-1]
    increase_rate = (final_balance - initial_balance) / initial_balance if initial_balance != 0 else None

    return increase_rate
```"
117,What is the percentage of loan amount that has been fully paid with no issue.,0,0,baseline,"```python
def calculate_paid_loan_percentage(loan):
    # Calculate the total loan amount
    total_loan_amount = loan['amount'].sum()
    
    # Filter loans where the status is 'P' (paid) and no issues occurred
    paid_loans = loan[(loan['status'] == 'P') & (loan['payments'] == loan['duration'])]
    
    # Calculate the total amount paid for these loans
    total_paid_amount = paid_loans['amount'].sum()
    
    # Calculate the percentage of loan amount that has been fully paid
    paid_percentage = (total_paid_amount / total_loan_amount) * 100
    
    return paid_percentage
```"
117,What is the percentage of loan amount that has been fully paid with no issue.,0,1,baseline,"```python
import pandas as pd

def calculate_payment_ratio(loan):
    # Calculate total payments made for each loan
    loan['total_payments'] = loan['payments'] * 100
    
    # Filter loans where status is 'Zaplaten' (Fully Paid)
    fully_paid_loans = loan[loan['status'] == 'Zaplaten']
    
    # Sum up the total payments for fully paid loans
    total_full_payment = fully_paid_loans['total_payments'].sum()
    
    # Calculate the ratio of fully paid loan amounts to total loan amount
    payment_ratio = total_full_payment / loan['amount'].sum() if loan['amount'].sum() != 0 else 0
    
    return payment_ratio
```"
117,What is the percentage of loan amount that has been fully paid with no issue.,0,2,baseline,"```python
import pandas as pd

def compute_feature(account, card, client, disp, district, loan, order, trans):
    # Merge loan and trans dataframes to get total transactions per loan
    merged = pd.merge(loan, trans, on='account_id')
    merged['total_trans'] = merged.groupby('loan_id')['amount'].transform('sum')

    # Calculate the total amount paid for each loan
    merged['paid_amount'] = merged[merged['type'] == 'PRI']['amount']
    paid_amount_per_loan = merged.groupby('loan_id')['paid_amount'].sum()

    # Calculate the percentage of loans fully paid
    fully_paid_loans = (paid_amount_per_loan == merged.groupby('loan_id')['total_trans'].first()) & \
                      (paid_amount_per_loan == merged.groupby('loan_id')['amount'].sum())
    
    fully_paid_percentage = fully_paid_loans.mean() * 100

    return fully_paid_percentage
```"
117,What is the percentage of loan amount that has been fully paid with no issue.,0,3,baseline,"```python
import pandas as pd

def calculate_full_payment_percentage(loan):
    # Filter out loans that have not been fully paid or have issues
    fully_paid_loans = loan[(loan['status'] == 'P') & (loan['payments'] == loan['duration'])]
    
    # Calculate the total amount of fully paid loans
    total_fully_paid_amount = fully_paid_loans['amount'].sum()
    
    # Calculate the total amount of all loans
    total_loan_amount = loan['amount'].sum()
    
    # Calculate the percentage of fully paid loan amount
    full_payment_percentage = (total_fully_paid_amount / total_loan_amount) * 100
    
    return full_payment_percentage
```"
117,What is the percentage of loan amount that has been fully paid with no issue.,0,4,baseline,"```python
def calculate_full_payment_percentage(loan):
    # Filter loans where status is 'Zaplateno' (Fully Paid in Czech)
    fully_paid_loans = loan[loan['status'] == 'Zaplateno']
    
    # Calculate total loan amount and sum of fully paid amounts
    total_loan_amount = loan['amount'].sum()
    fully_paid_amount = fully_paid_loans['amount'].sum()
    
    # Calculate the percentage
    full_payment_percentage = (fully_paid_amount / total_loan_amount) * 100
    
    return full_payment_percentage
```"
118,"For loan amount less than USD100,000, what is the percentage of accounts that is still running with no issue.",0,0,baseline,"```python
import pandas as pd

def calculate_loan_status_percentage(loan):
    # Filter loans with amount less than 100,000
    filtered_loans = loan[loan['amount'] < 100000]
    
    # Calculate the total number of unique accounts in these loans
    total_accounts = len(filtered_loans['account_id'].unique())
    
    # Count the number of accounts where the status is 'running'
    running_accounts = filtered_loans[filtered_loans['status'] == 'running']['account_id'].nunique()
    
    # Calculate the percentage of running accounts out of all accounts
    percentage_running = (running_accounts / total_accounts) * 100
    
    return percentage_running
```"
118,"For loan amount less than USD100,000, what is the percentage of accounts that is still running with no issue.",0,1,baseline,"```python
import pandas as pd

def compute_feature(account, loan):
    # Filter loans with amount less than 100,000
    filtered_loan = loan[loan['amount'] < 100000]
    
    # Merge account and loan dataframes to get all relevant information
    merged_df = pd.merge(filtered_loan, account, left_on='account_id', right_on='account_id')
    
    # Count total number of such loans
    total_loans = len(merged_df)
    
    # Compute number of loans where status is 'running'
    running_loans = merged_df[merged_df['status'] == 'running']['status'].count()
    
    # Calculate the percentage
    if total_loans > 0:
        percentage_running = (running_loans / total_loans) * 100
    else:
        percentage_running = 0
    
    return percentage_running
```"
118,"For loan amount less than USD100,000, what is the percentage of accounts that is still running with no issue.",0,2,baseline,"```python
import pandas as pd

def calculate_running_loans_percentage(account, loan):
    # Filter loans with amount less than 100,000
    filtered_loan = loan[loan['amount'] < 100000]
    
    # Merge account and loan data to get loan status
    merged_data = pd.merge(filtered_loan, account, left_on='account_id', right_on='account_id')
    
    # Calculate the number of running loans
    running_loans_count = len(merged_data[(merged_data['status'] == 'X') & (merged_data['frequency'] != -1)])
    
    # Calculate the total number of loans in the dataset
    total_loans_count = len(merged_data)
    
    # Calculate the percentage of running loans
    if total_loans_count > 0:
        running_loans_percentage = (running_loans_count / total_loans_count) * 100
    else:
        running_loans_percentage = 0
    
    return running_loans_percentage
```"
118,"For loan amount less than USD100,000, what is the percentage of accounts that is still running with no issue.",0,3,baseline,"```python
import pandas as pd

def calculate_running_loans_percentage(account, loan):
    # Filter loans with amount less than 100,000
    filtered_loan = loan[loan['amount'] < 100000]
    
    # Merge account and loan dataframes to get status of each loan
    merged_data = pd.merge(filtered_loan, account, on='account_id')
    
    # Calculate total number of loans with amount less than 100,000
    total_loans = len(filtered_loan)
    
    # Count number of loans that are still running (status == 'A')
    running_loans = len(merged_data[merged_data['status'] == 'A'])
    
    # Calculate percentage of running loans
    percentage_running_loans = (running_loans / total_loans) * 100 if total_loans > 0 else 0
    
    return percentage_running_loans
```"
118,"For loan amount less than USD100,000, what is the percentage of accounts that is still running with no issue.",0,4,baseline,"```python
import pandas as pd

def calculate_running_accounts_percentage(loan):
    # Filter loans with amount less than 100,000
    filtered_loan = loan[loan['amount'] < 100000]
    
    # Calculate total number of accounts in the filtered data
    total_accounts = len(filtered_loan)
    
    # Count unique accounts that have 'X' status which indicates running with no issue
    running_accounts_count = filtered_loan['status'].value_counts().get('X', 0)
    
    # Calculate the percentage of running accounts
    if total_accounts == 0:
        running_accounts_percentage = 0
    else:
        running_accounts_percentage = (running_accounts_count / total_accounts) * 100
    
    return running_accounts_percentage
```"
119,"For accounts in 1993 with statement issued after transaction, list the account ID, district name and district region.",1,0,baseline,"```python
import pandas as pd

def feature_engineering(account, card, client, disp, district, loan, order, trans):
    # Filter accounts opened in 1993
    account_1993 = account[account['date'].dt.year == 1993]

    # Merge account with district to get district information
    account_district = account_1993.merge(district, how='left', left_on='district_id', right_index=True)

    # Get transaction dates for each account
    transactions = trans.groupby('account_id')['date'].max().reset_index()

    # Merge with account to filter accounts with at least one transaction
    account_transaction = account_district.merge(transactions, how='inner', on='account_id')

    # Filter accounts where statement was issued after last transaction
    final_df = account_transaction[(account_transaction['issued'] > account_transaction['date'])][['account_id', 'A3', 'A4']]
    
    return final_df
```"
119,"For accounts in 1993 with statement issued after transaction, list the account ID, district name and district region.",1,1,baseline,"```python
import pandas as pd

def compute_feature(account, card, client, disp, district, loan, order, trans):
    # Merge account with district to get district information
    merged = pd.merge(account, district, left_on='district_id', right_index=True)

    # Filter for accounts in 1993
    merged = merged[merged['date'].dt.year == 1993]

    # Merge with transaction data
    merged = pd.merge(merged, trans, on='account_id')

    # Filter for transactions with dates after the statement issue date
    merged = merged[merged['date_x'] > merged['issued']]

    # Select relevant columns
    result = merged[['account_id', 'A2', 'A3', 'A4', 'A5', 'A6', 'A7', 'A8', 'A9', 'A10', 'A11', 'A12', 'A13', 'A14', 'A15', 'A16']]
    
    return result
```"
119,"For accounts in 1993 with statement issued after transaction, list the account ID, district name and district region.",1,2,baseline,"```python
import pandas as pd

def compute_feature(account, card, client, disp, district, loan, order, trans):
    # Filter transactions from 1993
    trans_1993 = trans[trans['date'].dt.year == 1993]
    
    # Merge transactions with clients to get district information
    merged_trans_client = pd.merge(trans_1993, client, left_on='account_id', right_on='client_id')
    
    # Merge result with districts to get district details
    merged_result = pd.merge(merged_trans_client, district, left_on='district_id', right_on='district_id')
    
    return merged_result[['account_id', 'A2', 'A3']]
```"
119,"For accounts in 1993 with statement issued after transaction, list the account ID, district name and district region.",1,3,baseline,"```python
import pandas as pd

def get_account_features(account, card, client, disp, district, loan):
    # Merge account and district on district_id to get district details
    account = account.merge(district, on='district_id')
    
    # Filter accounts from 1993
    account = account[account['date'].dt.year == 1993]
    
    # Merge account and loan on account_id to get loan details
    account = account.merge(loan, on='account_id', how='left')
    
    # Filter loans with status 'open'
    account = account[account['status'] == 'open']
    
    # Merge account and disp on account_id to get disp details
    account = account.merge(disp, on='account_id', how='left')
    
    # Merge account and client on client_id to get client details
    account = account.merge(client, on='client_id', how='left')
    
    # Get district_name and district_region from merged data
    features = account[['account_id', 'A2', 'A3']]
    
    return features.rename(columns={'A2': 'district_name', 'A3': 'district_region'})
```"
119,"For accounts in 1993 with statement issued after transaction, list the account ID, district name and district region.",1,4,baseline,"```python
import pandas as pd

def compute_feature(account, card, client, disp, district, loan, order, trans):
    # Merge account and district to get district information
    account = account.merge(district, how='left', left_on='district_id', right_index=True)
    
    # Filter accounts from 1993
    account['year'] = pd.to_datetime(account['date']).dt.year
    account = account[account['year'] == 1993]
    
    # Merge account with trans to get transactions information
    account = account.merge(trans, how='left', left_on='account_id', right_on='account_id')
    
    # Filter transactions where statement is issued after transaction
    account = account[account['operation'] == 'VYDAJ']
    
    # Select required columns
    result = account[['account_id', 'A1', 'A2']]
    
    return result
```"
120,"From Year 1995 to 2000, who are the accounts holders from 'east Bohemia'. State the account ID the frequency of statement issuance.",1,0,baseline,"```python
import pandas as pd

def calculate_feature(account, client, district):
    # Merge account and district tables on district_id column
    merged = pd.merge(account, district, how='left', left_on='district_id', right_on='district_id')
    
    # Filter rows where year is between 1995 and 2000
    filtered = merged[(merged['date'].dt.year >= 1995) & (merged['date'].dt.year <= 2000)]
    
    # Filter rows where A14 equals 'east Bohemia'
    east_bohemia = filtered[filtered['A14'] == 'east Bohemia']
    
    # Group by account_id and sum up frequencies
    result = east_bohemia.groupby('account_id')['frequency'].sum().reset_index()
    
    return result
```"
120,"From Year 1995 to 2000, who are the accounts holders from 'east Bohemia'. State the account ID the frequency of statement issuance.",1,1,baseline,"```python
import pandas as pd

def get_account_details(account, client, district):
    # Filter accounts between 1995 and 2000
    filtered_accounts = account[(account['date'].dt.year >= 1995) & (account['date'].dt.year <= 2000)]
    
    # Merge with district table to filter 'east Bohemia'
    merged_with_district = pd.merge(filtered_accounts, district, left_on='district_id', right_index=True)
    east_bohemia_accounts = merged_with_district[merged_with_district['A1'] == 'east Bohemia']
    
    # Get unique account IDs and their frequencies
    result = east_bohemia_accounts.groupby('account_id')['frequency'].sum().reset_index()
    
    return result.rename(columns={'account_id': 'Account_ID', 'frequency': 'Frequency'})
```"
120,"From Year 1995 to 2000, who are the accounts holders from 'east Bohemia'. State the account ID the frequency of statement issuance.",1,2,baseline,"```python
import pandas as pd

def calculate_features(account, district):
    # Filter accounts between 1995 and 2000
    account_filtered = account[(account['date'].dt.year >= 1995) & (account['date'].dt.year <= 2000)]
    
    # Join with district table to get region information
    account_district = account_filtered.merge(district, how='left', left_on='district_id', right_index=True)
    
    # Select only rows where region is 'east Bohemia'
    east_bohemia_accounts = account_district[account_district['A1'] == 'east Bohemia']
    
    # Group by account_id and sum up frequencies
    result = east_bohemia_accounts.groupby('account_id')['frequency'].sum().reset_index()
    
    return result
```"
120,"From Year 1995 to 2000, who are the accounts holders from 'east Bohemia'. State the account ID the frequency of statement issuance.",1,3,baseline,"```python
import pandas as pd

def compute_feature(account, district):
    # Filter accounts from 'east Bohemia'
    east_bohemia = district['A2'] == 'East Bohemia'
    filtered_accounts = account[account['district_id'].isin(district[east_bohemia]['district_id'])]

    # Convert date column to datetime and filter between 1995 and 2000
    filtered_accounts['date'] = pd.to_datetime(filtered_accounts['date'], format='%Y-%m-%d')
    year_condition = (filtered_accounts['date'].dt.year >= 1995) & (filtered_accounts['date'].dt.year <= 2000)
    filtered_accounts = filtered_accounts[year_condition]

    # Group by account_id and calculate frequency of statement issuance
    result = filtered_accounts.groupby('account_id')['frequency'].sum().reset_index()
    return result
```"
120,"From Year 1995 to 2000, who are the accounts holders from 'east Bohemia'. State the account ID the frequency of statement issuance.",1,4,baseline,"```python
import pandas as pd

def compute_feature(account, district):
    # Filter accounts from 'East Bohemia' in 1995-2000
    condition = (account['date'].dt.year >= 1995) & (account['date'].dt.year <= 2000) \
                & (district['A3'] == 'East Bohemia')
    
    merged_df = pd.merge(account[condition], district, on='district_id', how='inner')
    
    result = merged_df.groupby('account_id')['frequency'].sum().reset_index()
    return result
```"
121,List account ID and account opening date for accounts from 'Prachatice'.,1,0,baseline,"```python
import pandas as pd

def get_prachatice_accounts(account, district):
    prachatice_districts = ['Prachatice', 'Prachatice 1']
    filtered_accounts = account[account['district_id'].isin(prachatice_districts)]
    return filtered_accounts[['account_id', 'date']]
```"
121,List account ID and account opening date for accounts from 'Prachatice'.,1,1,baseline,"```python
import pandas as pd

def get_prachatice_accounts(account, district):
    prachatice_mask = district['A3'] == 'Prachatice'
    return account.loc[account['district_id'].isin(district.loc[prachatice_mask, 'district_id']), ['account_id', 'date']]
```"
121,List account ID and account opening date for accounts from 'Prachatice'.,1,2,baseline,"```python
import pandas as pd

def get_account_info(account, district):
    # Filter the district table to find the district_id corresponding to 'Prachatice'
    prachatice_district = district[district['A2'] == 'Prachatice']['district_id'].values[0]
    
    # Merge the account and district tables on district_id to filter by 'Prachatice'
    merged_df = pd.merge(account, district, on='district_id')
    
    # Filter the merged DataFrame to include only rows where the district is 'Prachatice'
    filtered_df = merged_df[merged_df['A2'] == 'Prachatice']
    
    # Select the required columns and rename them appropriately
    result_df = filtered_df[['account_id', 'date']].rename(columns={'date': 'open_date'})
    
    return result_df
```"
121,List account ID and account opening date for accounts from 'Prachatice'.,1,3,baseline,"```python
import pandas as pd

def get_prachatice_accounts(account, district):
    prachatice_districts = ['Prachatice', 'Prachatice - Prachatice']
    condition = (district['A1'].isin(prachatice_districts)) & (account['date'] == account.groupby('account_id')['date'].transform('min'))
    result = account[condition][['account_id', 'date']]
    return result
```"
121,List account ID and account opening date for accounts from 'Prachatice'.,1,4,baseline,"```python
import pandas as pd

def get_prachatice_accounts(account, district):
    prachatice_district = district[district['A3'] == 'Prachatice']
    prachatice_accounts = account[account['district_id'].isin(prachatice_district['district_id'])]
    return prachatice_accounts[['account_id', 'date']]
```"
122,State the district and region for loan ID '4990'.,2,0,baseline,"```python
import pandas as pd

def get_loan_district_region(loan_df, account_df, district_df):
    # Merge loan table with account table to get district information
    merged_df = pd.merge(loan_df, account_df, how='left', left_on='account_id', right_on='account_id')
    
    # Merge the result with district table to get district and region information
    result_df = pd.merge(merged_df, district_df, how='left', left_on='district_id', right_on='district_id')
    
    # Filter the row where loan_id is 4990
    filtered_df = result_df[result_df['loan_id'] == 4990]
    
    return filtered_df[['A2', 'A3', 'A4']]
```"
122,State the district and region for loan ID '4990'.,2,1,baseline,"```python
import pandas as pd

def get_loan_district_region(loan, account, district):
    # Merge loan with account on account_id
    merged = pd.merge(loan, account, how='left', left_on='account_id', right_on='account_id')
    
    # Merge result with district on district_id
    result = pd.merge(merged, district, how='left', left_on='district_id', right_on='district_id')
    
    # Filter row where loan_id is '4990'
    filtered_result = result[result['loan_id'] == '4990']
    
    return filtered_result[['A2', 'A3']]
```"
122,State the district and region for loan ID '4990'.,2,2,baseline,"```python
import pandas as pd

def get_district_and_region(loan_id):
    # Merge loan with account to get district_id
    merged = pd.merge(loan[loan['loan_id'] == loan_id], 
                      account, 
                      on='account_id')
    
    # Merge result with district to get district details
    merged = pd.merge(merged, 
                      district, 
                      on='district_id')
    
    # Get the district and region information
    district_info = merged[['A2', 'A3']]
    
    return district_info
```"
122,State the district and region for loan ID '4990'.,2,3,baseline,"```python
import pandas as pd

def compute_feature(account, card, client, disp, district, loan, order, trans):
    # Merge loan with account to get district_id
    merged = loan.merge(account, how='left', left_on='account_id', right_on='account_id')
    
    # Merge merged result with district to get district information
    merged = merged.merge(district, how='left', left_on='district_id', right_on='district_id')
    
    # Select only relevant columns and rename them
    result = merged[['A2', 'A3', 'A4', 'A5', 'A6', 'A7', 'A8', 'A9', 'A10', 'A11', 'A12', 'A13', 'A14', 'A15', 'A16']]
    
    # Filter by loan_id
    result = result[result['loan_id'] == 4990]
    
    return result
```"
122,State the district and region for loan ID '4990'.,2,4,baseline,"```python
import pandas as pd

def get_loan_district_region(loan_id):
    # Join loan and account tables on account_id
    joined = loan.merge(account, how='left', left_on='account_id', right_on='account_id')
    
    # Get the district_id from the joined table
    district_id = joined.loc[joined['loan_id'] == loan_id, 'district_id'].values[0]
    
    # Get the district and region information from the district table
    district_info = district.loc[district['district_id'] == district_id, ['A2', 'A3']]
    
    return district_info.values.flatten().tolist()
```"
123,"Provide the account ID, district and region for loan amount greater than USD300,000.",2,0,baseline,"```python
import pandas as pd

def compute_feature(account, card, client, disp, district, loan, order, trans):
    # Merge tables to get the required information
    merged = pd.merge(loan, account, on='account_id')
    merged = pd.merge(merged, district, left_on='district_id', right_on='district_id')
    
    # Filter rows where loan amount is greater than 300000
    filtered = merged[merged['amount'] > 300000]
    
    # Select the required columns
    result = filtered[['account_id', 'A13', 'A14']]
    
    return result
```"
123,"Provide the account ID, district and region for loan amount greater than USD300,000.",2,1,baseline,"```python
import pandas as pd

def compute_feature(account, card, client, disp, district, loan, order, trans):
    # Merging loan and account dataframes to get account details
    merged_loan_account = pd.merge(loan, account, on='account_id')
    
    # Filtering loans with amount greater than 300,000
    filtered_loans = merged_loan_account[merged_loan_account['amount'] > 300000]
    
    # Joining with district dataframe to get district information
    result_df = pd.merge(filtered_loans, district, left_on='district_id', right_index=True)
    
    # Selecting required columns
    final_result = result_df[['account_id', 'A1', 'A2', 'A3']]
    
    return final_result
```"
123,"Provide the account ID, district and region for loan amount greater than USD300,000.",2,2,baseline,"```python
import pandas as pd

def get_loan_info(account, client, district, loan):
    merged_df = pd.merge(account, loan, how='inner', on='account_id')
    filtered_df = merged_df[merged_df['amount'] > 300000]
    result = pd.merge(filtered_df[['account_id']], client[['client_id', 'district_id']], how='inner', left_on='account_id', right_on='client_id')
    final_result = pd.merge(result, district[['district_id', 'A1', 'A2', 'A3', 'A4', 'A5', 'A6', 'A7', 'A8', 'A9', 'A10', 'A11', 'A12', 'A13', 'A14', 'A15', 'A16']], how='left', on='district_id')
    return final_result[['account_id', 'A1', 'A2', 'A3', 'A4', 'A5', 'A6', 'A7', 'A8', 'A9', 'A10', 'A11', 'A12', 'A13', 'A14', 'A15', 'A16']]
```"
123,"Provide the account ID, district and region for loan amount greater than USD300,000.",2,3,baseline,"```python
import pandas as pd

def get_loan_info(account, district, loan):
    # Merge account and district tables to get district information for each account
    merged = pd.merge(account, district, how='left', left_on='district_id', right_index=True)
    
    # Merge the result with the loan table to get loan information
    merged = pd.merge(merged, loan, how='left', left_on='account_id', right_on='account_id')
    
    # Filter rows where loan amount is greater than 300,000
    filtered = merged[merged['amount'] > 300000]
    
    # Select the required columns
    result = filtered[['account_id', 'A1', 'A2']]
    
    return result
```"
123,"Provide the account ID, district and region for loan amount greater than USD300,000.",2,4,baseline,"```python
import pandas as pd

def compute_feature(account, client, district, loan):
    # Merge loan and client dataframes to get district information for each loan
    loan_client = pd.merge(loan, client, left_on='account_id', right_on='account_id')
    
    # Merge result with district dataframe to get region information
    loan_client_district = pd.merge(loan_client, district, left_on='district_id', right_on='district_id')
    
    # Filter rows where loan amount is greater than 300,000
    filtered_df = loan_client_district[loan_client_district['amount'] > 300000]
    
    # Select required columns
    result = filtered_df[['account_id', 'A3', 'A4']]
    
    return result
```"
124,"List the loan ID, district and average salary for loan with duration of 60 months.",2,0,baseline,"```python
import pandas as pd

def compute_feature(account, client, district, loan):
    # Merge account with client to get district information
    merged = pd.merge(account, client, left_on='district_id', right_on='district_id')
    
    # Merge merged with district to get additional district features
    merged = pd.merge(merged, district, left_on='district_id', right_on='district_id')
    
    # Merge merged with loan to get loan details
    merged = pd.merge(merged, loan, left_on='account_id', right_on='account_id')
    
    # Filter loans with duration of 60 months
    filtered = merged[merged['duration'] == 60]
    
    # Calculate average salary per district
    avg_salary_per_district = filtered.groupby('A1')['amount'].mean().reset_index()
    
    # Merge filtered data with average salary per district
    result = pd.merge(filtered, avg_salary_per_district, left_on='A1', right_on='A1')
    
    # Select required columns
    result = result[['loan_id', 'A1', 'amount']]
    
    return result
```"
124,"List the loan ID, district and average salary for loan with duration of 60 months.",2,1,baseline,"```python
import pandas as pd

def compute_feature(account, card, client, disp, district, loan, order, trans):
    # Join tables to get necessary information
    merged = pd.merge(loan, account, on='account_id')
    merged = pd.merge(merged, client, left_on='client_id', right_on='client_id')
    merged = pd.merge(merged, district, on='district_id')
    
    # Filter loans with duration of 60 months
    filtered = merged[merged['duration'] == 60]
    
    # Compute average salary per district
    avg_salary_per_district = filtered.groupby('A2')['balance'].mean().reset_index()
    
    return avg_salary_per_district
```"
124,"List the loan ID, district and average salary for loan with duration of 60 months.",2,2,baseline,"```python
import pandas as pd

def compute_feature(account, card, client, disp, district, loan, order, trans):
    # Merge tables to get necessary information
    merged = pd.merge(loan, account, on='account_id')
    merged = pd.merge(merged, client, on='client_id')
    merged = pd.merge(merged, district, on='district_id')
    
    # Filter loans with duration of 60 months
    filtered = merged[merged['duration'] == 60]
    
    # Calculate average salary per district
    avg_salary_per_district = filtered.groupby('A2')['amount'].mean().reset_index()
    
    return avg_salary_per_district.rename(columns={'A2': 'district', 'amount': 'average_salary'})
```"
124,"List the loan ID, district and average salary for loan with duration of 60 months.",2,3,baseline,"```python
import pandas as pd

def compute_feature(account, card, client, disp, district, loan, order, trans):
    # Merge necessary tables to get the required information
    merged = pd.merge(loan, account, how='left', on='account_id')
    merged = pd.merge(merged, client, how='left', on='client_id')
    merged = pd.merge(merged, district, how='left', left_on='district_id', right_index=True)

    # Filter the data for loans with duration of 60 months
    filtered = merged[merged['duration'] == 60]

    # Calculate the average salary per district
    avg_salary_per_district = filtered.groupby('A2')['amount'].mean().reset_index()

    # Rename columns for clarity
    avg_salary_per_district.columns = ['district', 'avg_salary']

    return avg_salary_per_district
```"
124,"List the loan ID, district and average salary for loan with duration of 60 months.",2,4,baseline,"```python
import pandas as pd

def compute_feature(account, card, client, disp, district, loan, order, trans):
    # Join the necessary tables to get the required information
    merged_df = pd.merge(loan, account, on='account_id')
    merged_df = pd.merge(merged_df, district, on='district_id')
    merged_df = pd.merge(merged_df, client, on='client_id')

    # Filter the data based on the conditions given in the question
    filtered_df = merged_df[(merged_df['duration'] == 60) & (merged_df['status'] == 'A')]

    # Calculate the average salary by grouping the data by district and taking the mean of the income column
    avg_salary = filtered_df.groupby('A1')['income'].mean().reset_index()

    # Merge the average salary back to the filtered data
    result_df = pd.merge(filtered_df, avg_salary, left_on='district_id', right_on='A1')

    # Select only the required columns
    final_df = result_df[['loan_id', 'A1', 'income']]

    return final_df
```"
125,"For loans contracts which are still running where client are in debt, list the district of the and the state the percentage unemployment rate increment from year 1995 to 1996.",2,0,baseline,"```python
import pandas as pd

def calculate_unemployment_rate_increase(client, loan, district):
    # Filter loans that are still running
    current_loans = loan[(loan['status'] == 'X') & (loan['date'].dt.year == 1996)]
    
    # Merge with client data to get district information
    client_district = pd.merge(current_loans, client[['client_id', 'district_id']], how='left')
    
    # Merge with district data to get unemployment rate information
    merged_data = pd.merge(client_district, district, how='left', left_on='district_id', right_index=True)
    
    # Calculate the increase in unemployment rate from 1995 to 1996
    merged_data['unemployment_rate_1996'] = merged_data['A5']
    merged_data['unemployment_rate_1995'] = merged_data['A5_x']
    merged_data['increase_in_unemployment_rate'] = merged_data['unemployment_rate_1996'] - merged_data['unemployment_rate_1995']
    
    return merged_data[['district_id', 'increase_in_unemployment_rate']]
```"
125,"For loans contracts which are still running where client are in debt, list the district of the and the state the percentage unemployment rate increment from year 1995 to 1996.",2,1,baseline,"```python
import pandas as pd

def compute_feature(account, card, client, disp, district, loan):
    # Merge dataframes
    merged_df = account.merge(client, on='client_id')
    merged_df = merged_df.merge(disp, on='account_id')
    merged_df = merged_df.merge(loan, on='account_id')
    
    # Filter for running loans and clients in debt
    merged_df = merged_df[(merged_df['status'] == 'A') & (merged_df['balance'] < 0)]
    
    # Join with district table
    merged_df = merged_df.merge(district, on='district_id')
    
    # Calculate percentage change in unemployment rate
    merged_df['unemployment_rate_1995'] = merged_df['A1']
    merged_df['unemployment_rate_1996'] = merged_df['A2']
    merged_df['percentage_change'] = ((merged_df['unemployment_rate_1996'] - merged_df['unemployment_rate_1995']) / 
                                     merged_df['unemployment_rate_1995']) * 100
    
    return merged_df[['A2', 'percentage_change']]
```"
125,"For loans contracts which are still running where client are in debt, list the district of the and the state the percentage unemployment rate increment from year 1995 to 1996.",2,2,baseline,"```python
import pandas as pd

def compute_feature(account, card, client, disp, district, loan):
    # Merge tables to get necessary information
    merged = pd.merge(account, disp, how='inner', on='account_id')
    merged = pd.merge(merged, client, how='inner', on='client_id')
    merged = pd.merge(merged, loan, how='inner', on='account_id')

    # Filter for loans that are still running and clients who are in debt
    merged = merged[(merged['status'] == 'A') & (merged['amount'] < 0)]

    # Get district information
    merged = pd.merge(merged, district, how='left', left_on='district_id', right_index=True)

    # Compute percentage unemployment rate increment from year 1995 to 1996
    merged['year'] = merged['date'].dt.year
    merged['unemployment_rate_1995'] = merged.apply(lambda x: district.loc[x['district_id'], f'A{x[""year""] - 1995}'], axis=1)
    merged['unemployment_rate_1996'] = merged.apply(lambda x: district.loc[x['district_id'], f'A{x[""year""]}'], axis=1)
    merged['unemployment_rate_increment'] = (merged['unemployment_rate_1996'] - merged['unemployment_rate_1995']) / merged['unemployment_rate_1995']

    return merged[['A2', 'A3', 'A4', 'A5', 'A6', 'A7', 'A8', 'A9', 'A10', 'A11', 'A12', 'A13', 'A14', 'A15', 'A16', 'unemployment_rate_increment']]
```"
125,"For loans contracts which are still running where client are in debt, list the district of the and the state the percentage unemployment rate increment from year 1995 to 1996.",2,3,baseline,"```python
import pandas as pd

def compute_feature(account, card, client, disp, district, loan, order, trans):
    # Merge dataframes to get necessary information
    merged_df = pd.merge(loan, account, how='left', on='account_id')
    merged_df = pd.merge(merged_df, client, how='left', on='client_id')
    merged_df = pd.merge(merged_df, district, how='left', on='district_id')
    
    # Filter for loans that are still running
    merged_df = merged_df[merged_df['status'] == 'X']
    
    # Calculate the percentage unemployment rate increment from 1995 to 1996
    merged_df['year'] = merged_df['date'].dt.year
    merged_df = merged_df[(merged_df['year'] == 1995) | (merged_df['year'] == 1996)]
    merged_df['unemployment_rate'] = merged_df.groupby('A1')['A1'].diff()
    merged_df.loc[merged_df['year'] == 1995, 'unemployment_rate'] = None
    
    result = merged_df[['A1', 'unemployment_rate']].drop_duplicates().reset_index(drop=True)
    
    return result
```"
125,"For loans contracts which are still running where client are in debt, list the district of the and the state the percentage unemployment rate increment from year 1995 to 1996.",2,4,baseline,"```python
import pandas as pd

def compute_feature(account, card, client, disp, district, loan, order, trans):
    # Filter ongoing loans
    ongoing_loans = loan[(loan['status'] == 'A') & (loan['duration'] > 0)]
    
    # Join dataframes to get necessary information
    joined_df = pd.merge(ongoing_loans, disp, on='account_id')
    joined_df = pd.merge(joined_df, client, on='client_id')
    joined_df = pd.merge(joined_df, district, on='district_id')
    
    # Calculate total payments made for each loan
    paid_amounts = trans[trans['type'] == 'PRI'].groupby('loan_id')['amount'].sum().reset_index()
    paid_amounts.columns = ['loan_id', 'total_paid']
    joined_df = pd.merge(joined_df, paid_amounts, on='loan_id')
    
    # Calculate remaining balance for each loan
    joined_df['remaining_balance'] = joined_df['amount'] - joined_df['total_paid']
    
    # Identify clients who are in debt
    in_debt_clients = joined_df[joined_df['remaining_balance'] < 0]
    
    # Get district details for these clients
    debt_districts = in_debt_clients[['district_id', 'A1', 'A2']].drop_duplicates()
    
    # Get unemployment rates for 1995 and 1996
    district_unemployment_1995 = district[district['A1'] == '1995']['A2']
    district_unemployment_1996 = district[district['A1'] == '1996']['A2']
    
    # Compute percentage increase in unemployment rate
    debt_districts['unemployment_increase'] = ((district_unemployment_1996 - district_unemployment_1995) / 
                                             district_unemployment_1995) * 100
    
    return debt_districts[['A1', 'A2', 'unemployment_increase']]
```"
126,Calculate the percentage of account from 'Decin' district for all accounts are opened in 1993.,1,0,baseline,"```python
import pandas as pd

def calculate_percentage_decin_accounts(account, district):
    # Filter accounts opened in 1993
    filtered_accounts = account[(account['date'].dt.year == 1993)]
    
    # Merge with district table to get district names
    merged_df = pd.merge(filtered_accounts, district, left_on='district_id', right_index=True)
    
    # Count accounts from Decin district
    decin_count = merged_df[merged_df['A2'] == 'Decin']['account_id'].count()
    
    # Total count of accounts
    total_count = len(filtered_accounts)
    
    # Calculate percentage
    percentage = (decin_count / total_count) * 100 if total_count > 0 else 0
    
    return percentage
```

Note: The solution assumes that the 'date' column is already converted to datetime format in the `account` DataFrame. If not, you need to add a line before merging to convert it using `pd.to_datetime(account['date'])`."
126,Calculate the percentage of account from 'Decin' district for all accounts are opened in 1993.,1,1,baseline,"```python
import pandas as pd

def calculate_decin_percentage(account, district):
    # Filter accounts opened in 1993
    account_1993 = account[account['date'].str.contains(r'/1993/')]

    # Merge with district table to get district name
    merged = pd.merge(account_1993, district, left_on='district_id', right_index=True)

    # Count total number of accounts opened in 1993
    total_accounts = len(account_1993)

    # Filter accounts from Decin district
    decin_accounts = merged[merged['A3'] == 'Decin']

    # Count number of accounts from Decin district
    decin_count = len(decin_accounts)

    # Calculate percentage
    percentage = (decin_count / total_accounts) * 100 if total_accounts > 0 else 0

    return percentage
```"
126,Calculate the percentage of account from 'Decin' district for all accounts are opened in 1993.,1,2,baseline,"```python
import pandas as pd

def calculate_decin_account_percentage(account, district):
    # Filter accounts opened in 1993
    account_1993 = account[account['date'].dt.year == 1993]
    
    # Merge with district table to get district name
    merged_df = pd.merge(account_1993, district, left_on='district_id', right_index=True)
    
    # Create mask for Decin district
    decin_mask = merged_df['A2'] == 'Decin'
    
    # Calculate percentage of accounts from Decin district
    percentage = (decin_mask.sum() / len(decin_mask)) * 100
    
    return percentage
```"
126,Calculate the percentage of account from 'Decin' district for all accounts are opened in 1993.,1,3,baseline,"```python
import pandas as pd

def calculate_decin_percentage(account, district):
    decin_district = district[district['A2'] == 'Decin']
    decin_accounts = set(decin_district['district_id'])
    
    total_opened_1993 = account[(account['date'].dt.year == 1993)]['district_id'].nunique()
    decin_opened_1993 = account[(account['date'].dt.year == 1993) & (account['district_id'].isin(decin_accounts))]['district_id'].nunique()
    
    percentage = (decin_opened_1993 / total_opened_1993) * 100 if total_opened_1993 > 0 else 0
    
    return percentage
```"
126,Calculate the percentage of account from 'Decin' district for all accounts are opened in 1993.,1,4,baseline,"```python
import pandas as pd

def calculate_percentage_decin_accounts(account, district):
    # Filter accounts opened in 1993
    account_1993 = account[account['date'].str.contains('1993')]
    
    # Merge with district to get district information
    merged_df = pd.merge(account_1993, district, left_on='district_id', right_index=True)
    
    # Count total number of accounts opened in 1993
    total_accounts_1993 = len(account_1993)
    
    # Count number of accounts opened in Decin district
    decin_accounts = merged_df[merged_df['A2'] == 'Decin']
    
    # Calculate percentage
    if total_accounts_1993 > 0:
        percentage = (len(decin_accounts) / total_accounts_1993) * 100
    else:
        percentage = 0
    
    return percentage
```"
127,List the account IDs with monthly issuance of statements.,0,0,baseline,"```python
import pandas as pd

def compute_feature(account):
    # Group by account_id and count distinct months
    result = account.groupby('account_id')['date'].dt.to_period('M').nunique().reset_index()
    
    return result.rename(columns={'date': 'monthly_issuance'})
```"
127,List the account IDs with monthly issuance of statements.,0,1,baseline,"```python
import pandas as pd

def compute_feature_account_statements():
    # Merge card and account tables to get the account details for each card
    merged_card_account = pd.merge(card, account, how='left', left_on='account_id', right_on='account_id')
    
    # Group by account_id and count the number of cards per month
    result = merged_card_account.groupby('account_id')['card_id'].count().reset_index()
    
    # Rename columns for clarity
    result.columns = ['account_id', 'monthly_issuance']
    
    return result
```"
127,List the account IDs with monthly issuance of statements.,0,2,baseline,"```python
import pandas as pd

def compute_feature(account):
    return account.groupby('account_id')['date'].dt.to_period('M').nunique().reset_index(name='monthly_issuance')
```"
127,List the account IDs with monthly issuance of statements.,0,3,baseline,"```python
import pandas as pd

def get_monthly_issuance_of_statements(account):
    # Convert the 'date' column to datetime format and extract year and month
    account['date'] = pd.to_datetime(account['date'])
    account['year_month'] = account['date'].dt.to_period('M')
    
    # Group by 'account_id' and 'year_month', then count the number of unique dates in each group
    result = account.groupby(['account_id', 'year_month']).size().reset_index(name='count')
    
    return result
```"
127,List the account IDs with monthly issuance of statements.,0,4,baseline,"```python
import pandas as pd

def compute_feature(account):
    # Group by account_id and calculate the number of unique dates per month
    account['date'] = pd.to_datetime(account['date'])
    account['month_year'] = account['date'].dt.to_period('M')
    result = account.groupby('account_id')['month_year'].nunique().reset_index()
    result.rename(columns={'month_year': 'monthly_issuance'}, inplace=True)
    return result[['account_id', 'monthly_issuance']]
```"
128,"List the top nine districts, by descending order, from the highest to the lowest, the number of female account holders.",1,0,baseline,"```python
import pandas as pd

def calculate_female_account_holders(client, district):
    # Merge client and district tables on district_id column
    merged_df = pd.merge(client, district, left_on='district_id', right_index=True)

    # Filter rows where gender is 'F' (female)
    female_clients = merged_df[merged_df['gender'] == 'F']

    # Group by district_id and count the number of clients in each group
    district_counts = female_clients.groupby('district_id').size()

    # Sort the counts in descending order and get the top 9 districts
    top_9_districts = district_counts.nlargest(9)

    return top_9_districts
```"
128,"List the top nine districts, by descending order, from the highest to the lowest, the number of female account holders.",1,1,baseline,"```python
import pandas as pd

def compute_feature(account, client):
    # Merge account and client tables on account_id
    merged_df = pd.merge(account, client, left_on='account_id', right_on='client_id')
    
    # Filter for female clients
    female_clients = merged_df[merged_df['gender'] == 'F']
    
    # Group by district_id and count the number of female account holders in each district
    district_counts = female_clients.groupby('district_id').size().reset_index(name='female_count')
    
    # Sort the districts by the number of female account holders in descending order
    sorted_districts = district_counts.sort_values(by='female_count', ascending=False)
    
    # Select the top 9 districts
    top_nine_districts = sorted_districts.head(9)
    
    return top_nine_districts
```"
128,"List the top nine districts, by descending order, from the highest to the lowest, the number of female account holders.",1,2,baseline,"```python
import pandas as pd

def compute_feature(account, client):
    # Merge account and client dataframes on 'account_id' column
    merged_df = pd.merge(account, client, on='account_id')
    
    # Filter rows where 'gender' is 'F'
    female_accounts = merged_df[merged_df['gender'] == 'F']
    
    # Group by 'district_id' and count the number of female account holders in each district
    district_counts = female_accounts.groupby('district_id').size().reset_index(name='female_count')
    
    # Sort the result by 'female_count' in descending order and take the top 9
    top_n_districts = district_counts.sort_values(by='female_count', ascending=False).head(9)
    
    return top_n_districts[['district_id', 'female_count']]
```"
128,"List the top nine districts, by descending order, from the highest to the lowest, the number of female account holders.",1,3,baseline,"```python
import pandas as pd

def feature_engineering_task(client, district):
    # Merge client and district tables on district_id
    merged_df = pd.merge(client, district, how='left', left_on='district_id', right_on='district_id')
    
    # Filter for female clients
    female_clients = merged_df[merged_df['gender'] == 'F']
    
    # Group by district_id and count the number of female clients in each district
    result = female_clients.groupby('district_id').size().reset_index(name='female_count')
    
    # Sort by female_count in descending order and select the top 9 districts
    top_9_districts = result.sort_values(by='female_count', ascending=False).head(9)
    
    return top_9_districts[['district_id']]
```"
128,"List the top nine districts, by descending order, from the highest to the lowest, the number of female account holders.",1,4,baseline,"```python
import pandas as pd

def calculate_female_account_holders_by_district(account, client, district):
    # Merge account and client tables on account_id
    merged = pd.merge(account, client, how='left', left_on='account_id', right_on='client_id')
    
    # Filter for female clients
    female_clients = merged[merged['gender'] == 'F']
    
    # Merge with district table
    merged_with_district = pd.merge(female_clients, district, how='left', left_on='district_id', right_on='district_id')
    
    # Group by district and count unique accounts
    result = merged_with_district.groupby('A2').size().reset_index(name='female_account_count')
    
    # Sort in descending order and select top 9
    top_nine = result.sort_values(by='female_account_count', ascending=False).head(9)
    
    return top_nine
```"
129,Which are the top ten withdrawals (non-credit card) by district names for the month of January 1996?,2,0,baseline,"```python
import pandas as pd

def compute_feature(account, card, client, disp, district, loan, order, trans):
    # Merge necessary tables to get transaction details and district information
    merged = pd.merge(trans, account, left_on='account_id', right_on='account_id')
    merged = pd.merge(merged, district, left_on='district_id', right_on='district_id')

    # Filter transactions for January 1996
    merged['date'] = pd.to_datetime(merged['date'], format='%d.%m.%Y %H:%M:%S')
    filtered = merged[(merged['date'].dt.month == 1) & (merged['date'].dt.year == 1996)]

    # Identify non-credit card transactions
    non_credit_cards = ['Koupí', 'Platba', 'Výdej']
    filtered = filtered[filtered['k_symbol'].isin(non_credit_cards)]

    # Calculate withdrawal amounts
    filtered['withdrawal_amount'] = -filtered['amount']

    # Group by district name and sum withdrawal amounts
    result = filtered.groupby('A2')['withdrawal_amount'].sum().reset_index()
    
    # Get top 10 districts
    top_10 = result.nlargest(10, 'withdrawal_amount')

    return top_10
```"
129,Which are the top ten withdrawals (non-credit card) by district names for the month of January 1996?,2,1,baseline,"```python
import pandas as pd

def compute_feature(account, card, client, disp, district, loan, order, trans):
    # Merge tables to get transaction details including the district name and transaction type
    merged_df = pd.merge(account, trans, on='account_id', how='inner')
    merged_df = pd.merge(merged_df, district, on='district_id', how='inner')
    
    # Filter transactions to only include withdrawals (type 'W') and non-credit card transactions (card_id != 'C-3')
    filtered_df = merged_df[(merged_df['type'] == 'W') & (merged_df['card_id'] != 'C-3')]
    
    # Convert date column to datetime format and filter for January 1996
    filtered_df['date'] = pd.to_datetime(filtered_df['date'], format='%d.%m.%Y %H:%M:%S')
    filtered_df = filtered_df[(filtered_df['date'].dt.year == 1996) & (filtered_df['date'].dt.month == 1)]
    
    # Group by district name and sum up the amounts of the transactions
    result_df = filtered_df.groupby('A2')['amount'].sum().reset_index()
    
    # Sort the results in descending order and select the top 10 districts
    result_df = result_df.sort_values(by='amount', ascending=False).head(10)
    
    return result_df
```"
129,Which are the top ten withdrawals (non-credit card) by district names for the month of January 1996?,2,2,baseline,"```python
import pandas as pd

def compute_feature(account, card, client, disp, district, loan, order, trans):
    # Merge tables to get transaction details and district names
    merged = pd.merge(trans, client, left_on='account_id', right_on='account_id')
    merged = pd.merge(merged, district, left_on='district_id', right_on='district_id')

    # Filter transactions for non-credit card withdrawals in January 1996
    filtered = merged[(merged['type'] == 'VY') & 
                      (merged['date'].dt.month == 1) & 
                      (merged['date'].dt.year == 1996)]

    # Group by district name and sum the amounts
    result = filtered.groupby('A2')['amount'].sum().reset_index()

    # Sort by amount in descending order and select top 10
    result = result.sort_values(by='amount', ascending=False).head(10)

    return result
```"
129,Which are the top ten withdrawals (non-credit card) by district names for the month of January 1996?,2,3,baseline,"```python
import pandas as pd

def compute_feature(account, card, client, disp, district, loan, order, trans):
    # Merge necessary tables to get the required information
    merged = pd.merge(account, disp, on='account_id')
    merged = pd.merge(merged, trans, on='account_id')
    merged = pd.merge(merged, district, on='district_id')

    # Filter for non-credit card transactions and January 1996
    merged = merged[(merged['type'] == 'withdrawal') & 
                   (merged['date'].dt.month == 1) & 
                   (merged['date'].dt.year == 1996)]

    # Group by district name and calculate the sum of withdrawal amounts
    result = merged.groupby('A2')['amount'].sum().reset_index()

    # Rename columns for clarity
    result.columns = ['district_name', 'total_withdrawals']

    return result.nlargest(10, 'total_withdrawals')
```"
129,Which are the top ten withdrawals (non-credit card) by district names for the month of January 1996?,2,4,baseline,"```python
import pandas as pd

def compute_feature(account, card, client, disp, district, loan, order, trans):
    # Filter transactions to only include withdrawals and non-credit card types
    filtered_trans = trans[(trans['type'] == 'W') & (trans['bank'] != 'CC')]
    
    # Join transaction data with other tables to get additional information
    merged_data = pd.merge(filtered_trans, disp, on='disp_id')
    merged_data = pd.merge(merged_data, account, on='account_id')
    merged_data = pd.merge(merged_data, client, on='client_id')
    merged_data = pd.merge(merged_data, district, left_on='district_id', right_index=True)
    
    # Convert date columns to datetime format for filtering by month
    merged_data['date'] = pd.to_datetime(merged_data['date'])
    
    # Filter by January 1996
    filtered_data = merged_data[(merged_data['date'].dt.month == 1) & (merged_data['date'].dt.year == 1996)]
    
    # Group by district name and sum the amounts to get total withdrawals per district
    result = filtered_data.groupby('A2')['amount'].sum().reset_index()
    
    # Sort in descending order and select top 10 districts
    result = result.sort_values(by='amount', ascending=False).head(10)
    
    return result
```"
130,How many of the account holders in South Bohemia still do not own credit cards?,2,0,baseline,"```python
import pandas as pd

def count_unowned_cards(client, card, district):
    # Merge client and district to get district information for each client
    client_with_district = pd.merge(client, district, left_on='district_id', right_on='district_id')
    
    # Filter clients from South Bohemia (assuming 'A1' column indicates region)
    south_bohemian_clients = client_with_district[client_with_district['A1'] == 'South Bohemia']
    
    # Get all accounts held by these clients
    south_bohemian_accounts = south_bohemian_clients[['account_id']]
    
    # Merge accounts with card data to see which accounts have cards
    accounts_with_cards = pd.merge(south_bohemian_accounts, card, left_on='account_id', right_on='account_id')
    
    # Find accounts without cards
    unowned_card_accounts = south_bohemian_accounts[~south_bohemian_accounts['account_id'].isin(accounts_with_cards['account_id'])]
    
    return len(unowned_card_accounts)
```"
130,How many of the account holders in South Bohemia still do not own credit cards?,2,1,baseline,"```python
import pandas as pd

def compute_feature(account, card, client, disp, district, loan):
    # Merge data to find clients in South Bohemia
    df = account.merge(district, how='left', left_on='district_id', right_on='district_id')
    df = df[df['A2'] == 'South Bohemia']
    
    # Merge data to find account holders who have loans
    df = df.merge(loan, how='left', left_on='account_id', right_on='account_id')
    
    # Merge data to find account holders who have cards
    df = df.merge(card, how='left', left_on='card_id', right_on='card_id')
    
    # Find account holders who do not own credit cards
    df['credit_card_owner'] = df['type'].apply(lambda x: 1 if x == 'C' else 0)
    result = df.groupby('client_id').sum()['credit_card_owner'].reset_index()
    result['no_credit_card_owner'] = 1 - result['credit_card_owner']
    
    return result[['client_id', 'no_credit_card_owner']]
```"
130,How many of the account holders in South Bohemia still do not own credit cards?,2,2,baseline,"```python
import pandas as pd

def count_non_credit_card_holders(account, card, client, disp):
    # Merge tables to get necessary information
    merged = pd.merge(account, disp, on='account_id')
    merged = pd.merge(merged, client, on='client_id')
    merged = pd.merge(merged, card, on='card_id', how='left')

    # Filter for accounts in South Bohemia and without credit cards
    south_bohemian_accounts = merged[(merged['A3'] == 'south') & (merged['type'].isna())]

    return south_bohemian_accounts.shape[0]
```"
130,How many of the account holders in South Bohemia still do not own credit cards?,2,3,baseline,"```python
import pandas as pd

def compute_feature(account, card, client, disp, district):
    # Filter accounts in South Bohemia
    south_bohemia = district[district['A3'] == 'south Bohemia']
    account_south_bohemia = account.merge(south_bohemia, how='inner', left_on='district_id', right_index=True)

    # Get account holders who own credit cards
    card_disp = card.merge(disp, how='inner', left_on='card_id', right_on='disp_id')
    card_disp_account = card_disp.merge(account_south_bohemia, how='inner', left_on='account_id', right_on='account_id')

    # Get account holders who do not own credit cards
    all_accounts = account_south_bohemia[['client_id']].drop_duplicates()
    non_card_holders = all_accounts[~all_accounts['client_id'].isin(card_disp_account['client_id'])]

    return non_card_holders.shape[0]
```"
130,How many of the account holders in South Bohemia still do not own credit cards?,2,4,baseline,"```python
import pandas as pd

def calculate_feature(account, card, client, disp, district):
    # Filter clients from South Bohemia
    south_bohemia = district['A4'] == 'south bohemia'
    south_bohemia_clients = client[client['district_id'].isin(south_bohemia.index)]
    
    # Join tables to get accounts and their corresponding cards
    account_disp = account.merge(disp, on='account_id')
    account_card = account_disp.merge(card, on='card_id')
    
    # Get account holders who own credit cards
    credit_card_holders = account_card[account_card['type'] == 'credit card']['client_id']
    
    # Calculate the number of account holders in South Bohemia without credit cards
    result = south_bohemia_clients['client_id'].nunique() - credit_card_holders.nunique()
    
    return result
```"
131,Which district has highest active loan?,2,0,baseline,"```python
import pandas as pd

def get_active_loan_district(account, client, district, loan):
    # Merge account and client to get district information for each account
    merged = pd.merge(account, client, how='left', left_on='client_id', right_on='client_id')
    
    # Merge merged DataFrame with district to get district information for each account
    merged = pd.merge(merged, district, how='left', left_on='district_id', right_on='district_id')
    
    # Filter loans with status 'A' (active) and non-zero amount
    filtered_loans = loan[(loan['status'] == 'A') & (loan['amount'] > 0)]
    
    # Merge filtered loans with merged DataFrame to get district information for each loan
    merged = pd.merge(filtered_loans, merged, how='left', left_on='account_id', right_on='account_id')
    
    # Group by district and count number of active loans
    result = merged.groupby('A1').size().reset_index(name='num_active_loans')
    
    # Sort in descending order and select top 1
    result_sorted = result.sort_values(by='num_active_loans', ascending=False).head(1)
    
    return result_sorted[['A1']]
```"
131,Which district has highest active loan?,2,1,baseline,"```python
import pandas as pd

def get_highest_active_loan_district(account, client, district, loan):
    # Merge dataframes to connect each loan to its district
    merged_df = pd.merge(loan, account, how='left', left_on='account_id', right_on='account_id')
    merged_df = pd.merge(merged_df, client, how='left', left_on='client_id', right_on='client_id')
    merged_df = pd.merge(merged_df, district, how='left', left_on='district_id', right_on='district_id')

    # Filter out non-active loans (status != 'A')
    active_loans = merged_df[merged_df['status'] == 'A']

    # Group by district and count the number of active loans in each district
    district_counts = active_loans.groupby(['A2', 'A3', 'A4', 'A5', 'A6', 'A7', 'A8', 'A9', 'A10', 'A11', 'A12', 'A13', 'A14', 'A15', 'A16']).size().reset_index(name='count')

    # Find the district with the highest number of active loans
    max_count = district_counts['count'].max()
    highest_active_district = district_counts[district_counts['count'] == max_count]

    return highest_active_district[['A2', 'A3', 'A4', 'A5', 'A6', 'A7', 'A8', 'A9', 'A10', 'A11', 'A12', 'A13', 'A14', 'A15', 'A16']]
```"
131,Which district has highest active loan?,2,2,baseline,"```python
import pandas as pd

def highest_active_loan_district(account, loan):
    # Merge account and loan dataframes on account_id
    merged_df = pd.merge(account, loan, on='account_id', how='inner')
    
    # Filter only completed loans (status is 'Zaplaten' or 'Splaceno')
    merged_df = merged_df[(merged_df['status'] == 'Zaplaten') | (merged_df['status'] == 'Splaceno')]
    
    # Group by district_id and count the number of loans per district
    district_counts = merged_df.groupby('district_id').size().reset_index(name='loan_count')
    
    # Find the district with the highest number of loans
    result = district_counts.loc[district_counts['loan_count'].idxmax(), 'district_id']
    
    return result
```"
131,Which district has highest active loan?,2,3,baseline,"```python
import pandas as pd

def highest_active_loan_district(account, loan, district):
    # Merge account and loan dataframes on account_id
    merged = pd.merge(account, loan, on='account_id', how='inner')
    
    # Filter out non-active loans (status != 'A')
    active_loans = merged[merged['status'] == 'A']
    
    # Group by district_id and count the number of active loans in each district
    district_counts = active_loans.groupby('district_id').size().reset_index(name='count')
    
    # Merge with district dataframe to get district names
    result = pd.merge(district_counts, district[['district_id', 'A2']], on='district_id', how='left')
    
    # Sort by count in descending order and return the top 1 district name
    top_district = result.sort_values(by='count', ascending=False).iloc[0]['A2']
    
    return top_district
```"
131,Which district has highest active loan?,2,4,baseline,"```python
import pandas as pd

def compute_feature(account, card, client, disp, district, loan, order, trans):
    # Merge dataframes to get the necessary information
    merged = pd.merge(loan, account, on='account_id')
    merged = pd.merge(merged, district, on='district_id')

    # Filter for active loans
    merged = merged[merged['status'] == 'A']

    # Group by district and count the number of active loans
    result = merged.groupby('A1').size().reset_index(name='active_loan_count')

    # Sort by the count in descending order and return the top 1
    result = result.sort_values(by='active_loan_count', ascending=False).head(1)

    return result[['A1']]
```"
132,What is the average loan amount by male borrowers?,3,0,baseline,"```python
import pandas as pd

def avg_loan_amount_by_male_borrowers(account, card, client, disp, loan):
    # Merge tables to get necessary information
    merged_df = account.merge(client, left_on='client_id', right_on='client_id')
    merged_df = merged_df.merge(disp, left_on='account_id', right_on='account_id')
    merged_df = merged_df.merge(loan, left_on='account_id', right_on='account_id')

    # Filter for male borrowers and calculate average loan amount
    male_borrowers = merged_df[merged_df['gender'] == 'M']
    avg_amount = male_borrowers['amount'].mean()

    return avg_amount
```"
132,What is the average loan amount by male borrowers?,3,1,baseline,"```python
import pandas as pd

def avg_loan_amount_by_male_borrowers(client, loan):
    # Merge client and loan dataframes on account_id
    merged_df = pd.merge(client, loan, left_on='client_id', right_on='account_id')
    
    # Filter for male borrowers
    male_clients = merged_df[merged_df['gender'] == 'M']
    
    # Calculate the average loan amount for male borrowers
    avg_amount = male_clients['amount'].mean()
    
    return avg_amount
```"
132,What is the average loan amount by male borrowers?,3,2,baseline,"```python
import pandas as pd

def avg_loan_amount_by_male_borrowers(account, client, loan):
    # Merge account and client tables on account_id to get gender information
    merged = pd.merge(account, client, on='account_id')
    
    # Merge the result with the loan table on account_id
    merged = pd.merge(merged, loan, on='account_id')
    
    # Filter rows where gender is 'M' (male)
    males = merged[merged['gender'] == 'M']
    
    # Calculate the average loan amount for male borrowers
    avg_amount = males['amount'].mean()
    
    return avg_amount
```"
132,What is the average loan amount by male borrowers?,3,3,baseline,"```python
import pandas as pd

def avg_loan_amount_by_male_borrowers(client, loan):
    merged_df = pd.merge(client, loan, on='account_id')
    filtered_df = merged_df[merged_df['gender'] == 'M']
    avg_amount = filtered_df['amount'].mean()
    return avg_amount
```"
132,What is the average loan amount by male borrowers?,3,4,baseline,"```python
import pandas as pd

def avg_loan_amount_by_male_borrowers(account, client, loan):
    # Merge account and client dataframes to get gender information for each account
    merged_data = pd.merge(account, client, left_on='district_id', right_on='district_id')
    
    # Filter rows where gender is 'M' (male)
    male_clients = merged_data[merged_data['gender'] == 'M']
    
    # Merge the filtered data with the loan dataframe to get loan amounts for male clients
    merged_with_loan = pd.merge(male_clients, loan, left_on='account_id', right_on='account_id')
    
    # Calculate the average loan amount for male clients
    avg_amount = merged_with_loan['amount'].mean()
    
    return avg_amount
```"
133,"In 1996, which districts have the highest unemployment rate? List their branch location and district name.",0,0,baseline,"```python
import pandas as pd

def get_unemployment_rate_1996(district, loan):
    # Filter data for year 1996
    loan['year'] = pd.to_datetime(loan['date']).dt.year
    filtered_loan = loan[loan['year'] == 1996]

    # Group by district and calculate unemployment rate
    unemployment_rate = filtered_loan.groupby('district_id').size() / len(filtered_loan)

    # Merge with district table to get district names
    merged_data = pd.merge(unemployment_rate.reset_index(), district, left_on='district_id', right_on='district_id')

    # Sort by unemployment rate in descending order
    sorted_data = merged_data.sort_values(by=0, ascending=False)

    return sorted_data[['A2', 'A3', 'A4', 'A5', 'A6', 'A7', 'A8', 'A9', 'A10', 'A11', 'A12', 'A13', 'A14', 'A15', 'A16']]
```"
133,"In 1996, which districts have the highest unemployment rate? List their branch location and district name.",0,1,baseline,"```python
import pandas as pd

def get_high_unemployment_districts(account, client, district):
    # Merge account with client to get district information for each account
    merged_df = pd.merge(account, client, left_on='client_id', right_index=True)
    
    # Merge merged_df with district to get district details
    merged_df = pd.merge(merged_df, district, left_on='district_id', right_index=True)
    
    # Calculate age from birth_date and merge it back to df
    merged_df['age'] = (pd.to_datetime('now') - pd.to_datetime(merged_df['birth_date'], errors='coerce')).dt.days // 365
    
    # Filter accounts opened in 1996
    merged_df = merged_df[(merged_df['date'].dt.year == 1996) & (merged_df['date'].notna())]
    
    # Group by district_id and calculate average age
    avg_age_by_district = merged_df.groupby('district_id')['age'].mean().reset_index()
    
    # Get top districts based on average age
    top_districts = avg_age_by_district.nlargest(3, 'age')
    
    return top_districts[['A2', 'A3']]
```"
133,"In 1996, which districts have the highest unemployment rate? List their branch location and district name.",0,2,baseline,"```python
import pandas as pd

def highest_unemployment_rate(df_account, df_district):
    # Merge account and district tables to get district information for each account
    merged_df = pd.merge(df_account, df_district, left_on='district_id', right_index=True)
    
    # Filter transactions in 1996
    merged_df['year'] = pd.to_datetime(merged_df['date']).dt.year
    filtered_df = merged_df[filtered_df['year'] == 1996]
    
    # Calculate unemployment rate per district
    district_counts = filtered_df.groupby('A1')['account_id'].count()
    total_accounts_per_district = district_counts.sum()
    district_unemployment_rate = district_counts / total_accounts_per_district
    
    # Sort districts by unemployment rate in descending order
    sorted_districts = district_unemployment_rate.sort_values(ascending=False)
    
    # Get top 3 districts with highest unemployment rate
    top_3_districts = sorted_districts.head(3)
    
    return top_3_districts
```"
133,"In 1996, which districts have the highest unemployment rate? List their branch location and district name.",0,3,baseline,"```python
import pandas as pd

def compute_feature(account, card, client, disp, district, loan, order, trans):
    # Calculate unemployment rate for each district in 1996
    # Assuming 'A1' column contains employment data where lower values indicate higher unemployment
    district['unemployment_rate'] = district['A1']

    # Filter for 1996 data
    district_1996 = district[district['date'].dt.year == 1996]

    # Find districts with the highest unemployment rate
    max_unemployment_rate = district_1996['unemployment_rate'].max()
    high_unemployment_districts = district_1996[district_1996['unemployment_rate'] == max_unemployment_rate]

    return high_unemployment_districts[['district_id', 'A2', 'A3']]
```"
133,"In 1996, which districts have the highest unemployment rate? List their branch location and district name.",0,4,baseline,"```python
import pandas as pd

def get_unemployment_rate_1996(account, district):
    # Filter accounts opened in 1996
    filtered_accounts = account[account['date'].dt.year == 1996]
    
    # Group by district_id to calculate total accounts per district
    district_counts = filtered_accounts.groupby('district_id').size().reset_index(name='total_accounts')
    
    # Merge with district table to get district names
    merged_data = pd.merge(district_counts, district[['district_id', 'A3']], on='district_id')
    
    # Sort by total accounts in descending order
    sorted_data = merged_data.sort_values(by='total_accounts', ascending=False)
    
    return sorted_data
```"
134,"In the branch where the largest number of crimes were committed in 1996, how many accounts were opened?",1,0,baseline,"```python
import pandas as pd

def compute_feature(account, card, client, disp, district, loan, order, trans):
    # Merge data to get district information for each account
    merged = pd.merge(account, district, left_on='district_id', right_index=True)

    # Filter transactions from 1996 and count them per district
    filtered = merged[merged['date'].dt.year == 1996]
    crime_counts = filtered.groupby('A1')['account_id'].nunique().reset_index()
    
    # Find the district with the most crimes
    max_crime_district = crime_counts.loc[crime_counts['A1'] == crime_counts['A1'].max(), 'A1'].values[0]

    # Count the number of accounts opened in the district with the most crimes
    result = merged[(merged['A1'] == max_crime_district) & (merged['frequency'] > 0)]['account_id'].nunique()

    return result
```"
134,"In the branch where the largest number of crimes were committed in 1996, how many accounts were opened?",1,1,baseline,"```python
import pandas as pd

def compute_feature(crime, account):
    # Filter crimes from 1996 and select the district where they occurred
    crime_1996 = crime[crime['date'].dt.year == 1996]['district_id']
    
    # Get the count of accounts opened in each district
    account_counts = account.groupby('district_id').size()
    
    # Find the district with the most crimes and return the number of accounts opened there
    return account_counts[account_counts.index.intersection(crime_1996)].max()
```"
134,"In the branch where the largest number of crimes were committed in 1996, how many accounts were opened?",1,2,baseline,"```python
import pandas as pd

def compute_feature(crime, account):
    # Merge crime and account dataframes on account_id column
    merged = pd.merge(crime, account, on='account_id')
    
    # Filter records from 1996
    merged['year'] = pd.to_datetime(merged['date']).dt.year
    filtered = merged[filtered['year'] == 1996]
    
    # Group by district_id and count the number of accounts opened
    result = filtered.groupby('district_id')['account_id'].nunique().reset_index()
    
    return result
```"
134,"In the branch where the largest number of crimes were committed in 1996, how many accounts were opened?",1,3,baseline,"```python
import pandas as pd

def compute_feature(account, client, district):
    # Merge client and district tables to get the district information for each client
    client_distr = pd.merge(client, district, how='left', left_on='district_id', right_on='district_id')
    
    # Assume there is a table 'crime' with columns 'date' and 'account_id'
    crime = pd.read_csv('path_to_crime_table.csv')  # Replace with actual path
    
    # Convert dates to datetime format
    crime['date'] = pd.to_datetime(crime['date'], format='%Y-%m-%d')
    client_distr['birth_date'] = pd.to_datetime(client_distr['birth_date'])
    
    # Filter crimes from 1996
    crime_1996 = crime[(crime['date'].dt.year == 1996) & (crime['date'].dt.month <= 12)]
    
    # Get the district with the most crimes in 1996
    max_crimes_district = crime_1996['district_id'].mode()[0]
    
    # Filter accounts opened in the district with the most crimes in 1996
    account_filtered = account[account['district_id'] == max_crimes_district]
    
    # Count the number of unique accounts
    result = len(account_filtered['account_id'].unique())
    
    return result
```"
134,"In the branch where the largest number of crimes were committed in 1996, how many accounts were opened?",1,4,baseline,"```python
import pandas as pd

def compute_feature(crime, account):
    # Filter data for year 1996
    crime_1996 = crime[crime['date'].dt.year == 1996]
    
    # Find the district with the most crimes
    max_crimes_district = crime_1996['district_id'].mode()[0]
    
    # Filter accounts in that district
    accounts_in_max_crime_district = account[account['district_id'] == max_crimes_district]
    
    return len(accounts_in_max_crime_district)
```"
135,"After making a credit card withdrawal, how many account/s with monthly issuance has a negative balance?",1,0,baseline,"```python
import pandas as pd

def compute_feature(account, card, disp, district, loan, order, trans):
    # Merge tables to get necessary information
    merged = pd.merge(account, disp, on='account_id')
    merged = pd.merge(merged, card, on='card_id')
    merged = pd.merge(merged, district, on='district_id')
    merged = pd.merge(merged, loan, on='account_id')
    merged = pd.merge(merged, order, on='account_id')
    merged = pd.merge(merged, trans, on='account_id')

    # Filter transactions where type is 'VYBER' (withdrawal) and k_symbol contains 'Kredit'
    filtered_trans = merged[(merged['type'] == 'VYBER') & (merged['k_symbol'].str.contains('Kredit'))]

    # Calculate the sum of amounts for each account
    account_sums = filtered_trans.groupby('account_id')['amount'].sum().reset_index()

    # Merge with original data to find accounts with negative balances
    result = pd.merge(account_sums, account, on='account_id', suffixes=('', '_original'))
    result['negative_balance'] = result['balance_original'] < 0

    # Count accounts with negative balance
    count_negative_balance = result[result['negative_balance']]['account_id'].nunique()

    return count_negative_balance
```"
135,"After making a credit card withdrawal, how many account/s with monthly issuance has a negative balance?",1,1,baseline,"```python
import pandas as pd

def compute_feature(account, card, client, disp, district, loan, order, trans):
    # Merge relevant tables to get the necessary information
    merged = account.merge(card, on='card_id')
    merged = merged.merge(disp, on='disp_id')
    merged = merged.merge(client, on='client_id')
    merged = merged.merge(loan, on='account_id')
    merged = merged.merge(order, on='account_id')
    merged = merged.merge(trans, on='account_id')

    # Filter transactions where type is 'V' (withdrawal) and k_symbol contains 'Kreditkartye'
    filtered = merged[(merged['type'] == 'V') & (merged['k_symbol'].str.contains('Kreditkartye'))]

    # Calculate the balance after each transaction
    filtered['balance_after_trans'] = filtered.groupby(['account_id', 'date'])['balance'].cumsum()

    # Check if the balance is negative after any transaction
    filtered['negative_balance'] = filtered['balance_after_trans'] < 0

    # Group by account_id and check if there was at least one negative balance
    result = filtered.groupby('account_id')['negative_balance'].max().reset_index()
    result.rename(columns={'negative_balance': 'feature'}, inplace=True)

    return result
```"
135,"After making a credit card withdrawal, how many account/s with monthly issuance has a negative balance?",1,2,baseline,"```python
import pandas as pd

def calculate_negative_balance_loans(account, card, client, disp, district, loan, order, trans):
    # Merge tables to get necessary information
    merged = pd.merge(account, disp, on='account_id')
    merged = pd.merge(merged, card, on='card_id')
    merged = pd.merge(merged, client, on='client_id')
    merged = pd.merge(merged, district, left_on='district_id', right_index=True)
    
    # Filter for credit card withdrawals and transactions on credit cards
    credit_cards = merged[merged['type'] == 'Kreditkarte']
    withdrawals = trans[(trans['type'] == 'Výdaje') & (trans['operation'] == 'Výdej')]
    credit_card_withdrawals = pd.merge(withdrawals, credit_cards, on='account_id')
    
    # Calculate negative balances after each transaction
    credit_card_withdrawals['balance_after_transaction'] = credit_card_withdrawals.groupby('account_id')['amount'].cumsum()
    
    # Identify accounts with negative balance
    negative_balance_accounts = credit_card_withdrawals[credit_card_withdrawals['balance_after_transaction'] < 0]
    
    # Get unique accounts with negative balance
    result = negative_balance_accounts[['account_id']].drop_duplicates()
    
    return result
```"
135,"After making a credit card withdrawal, how many account/s with monthly issuance has a negative balance?",1,3,baseline,"```python
import pandas as pd

def compute_feature(account, card, disp, district, loan, order, trans):
    # Merge necessary tables to get the required information
    merged = pd.merge(account, card, left_on='account_id', right_on='card_id')
    merged = pd.merge(merged, disp, left_on='account_id', right_on='account_id')
    merged = pd.merge(merged, loan, left_on='account_id', right_on='account_id')
    merged = pd.merge(merged, order, left_on='account_id', right_on='account_id')
    merged = pd.merge(merged, trans, left_on='account_id', right_on='account_id')

    # Filter for transactions of type 'VY' (credit card withdrawal) and check if it's the first transaction in the month
    filtered = merged[(merged['type'] == 'VY') & 
                      ((merged['date'].dt.to_period('M') + pd.DateOffset(months=1)) == merged['date'].dt.to_period('M'))]

    # Group by account_id and count the number of accounts with a negative balance
    result = filtered.groupby('account_id').size().reset_index(name='feature_value')

    return result
```"
135,"After making a credit card withdrawal, how many account/s with monthly issuance has a negative balance?",1,4,baseline,"```python
import pandas as pd

def compute_feature(account, card, disp):
    # Filter cards with type 'credit'
    credit_cards = card[card['type'] == 'credit']
    
    # Merge disp and credit_cards to get accounts with credit cards
    acc_with_credit_cards = pd.merge(disp, credit_cards, on='card_id')
    
    # Merge acc_with_credit_cards with account to get district information
    acc_with_credit_cards = pd.merge(acc_with_credit_cards, account, on='account_id')
    
    # Filter transactions of type 'withdrawal'
    withdrawals = trans[trans['type'] == 'W']
    
    # Merge withdrawals with account to get account details
    withdrawals = pd.merge(withdrawals, account, on='account_id')
    
    # Calculate the balance after each withdrawal
    withdrawals['balance_after_withdrawal'] = withdrawals.groupby('account_id')['amount'].cumsum()
    
    # Find accounts with negative balance after withdrawal
    negative_balance_accounts = withdrawals[withdrawals['balance_after_withdrawal'] < 0]
    
    # Merge negative_balance_accounts with acc_with_credit_cards to get districts
    negative_balance_accounts = pd.merge(negative_balance_accounts, acc_with_credit_cards[['account_id', 'district_id']], on='account_id')
    
    # Count distinct districts with negative balance accounts
    result = negative_balance_accounts[['district_id']].drop_duplicates().shape[0]
    
    return result
```"
136,"Between 1/1/1995 and 12/31/1997, how many loans in the amount of at least 250,000 per account that chose monthly statement issuance were approved?",1,0,baseline,"```python
import pandas as pd

def compute_feature(account, card, client, disp, district, loan, order, trans):
    # Merge necessary tables to get the required information
    merged_df = pd.merge(loan, account, on='account_id')
    merged_df = pd.merge(merged_df, disp, on='disp_id', suffixes=('', '_disp'))
    merged_df = pd.merge(merged_df, client, on='client_id')

    # Filter records between 1/1/1995 and 12/31/1997
    start_date = '1995-01-01'
    end_date = '1997-12-31'
    filtered_df = merged_df[(merged_df['date'] >= start_date) & (merged_df['date'] <= end_date)]

    # Filter records where loan amount is at least 250,000 and chosen monthly statement issuance
    filtered_df = filtered_df[(filtered_df['amount'] >= 250000) & (filtered_df['type_disp'] == 'M')]

    # Count the number of approved loans
    result = len(filtered_df)

    return result
```"
136,"Between 1/1/1995 and 12/31/1997, how many loans in the amount of at least 250,000 per account that chose monthly statement issuance were approved?",1,1,baseline,"```python
import pandas as pd

def compute_feature(account, card, client, disp, district, loan, order, trans):
    # Merge dataframes to get necessary information
    merged = pd.merge(loan, account, on='account_id')
    merged = pd.merge(merged, disp, on='disp_id')
    merged = pd.merge(merged, client, on='client_id')

    # Filter by date range
    start_date = '1995-01-01'
    end_date = '1997-12-31'
    mask = (merged['date'] >= start_date) & (merged['date'] <= end_date)
    merged = merged[mask]

    # Filter by loan amount and status
    min_amount = 250000
    approved_status = 'A'
    mask = (merged['amount'] >= min_amount) & (merged['status'] == approved_status)
    merged = merged[mask]

    # Count unique accounts
    result = len(merged['account_id'].unique())
    
    return result
```"
136,"Between 1/1/1995 and 12/31/1997, how many loans in the amount of at least 250,000 per account that chose monthly statement issuance were approved?",1,2,baseline,"```python
import pandas as pd

def compute_feature(account, card, client, disp, district, loan):
    # Merge tables to get necessary information
    merged_df = pd.merge(account, disp, on='account_id')
    merged_df = pd.merge(merged_df, loan, on='account_id')
    
    # Filter data based on conditions
    filtered_df = merged_df[(merged_df['date'] >= '1995-01-01') & 
                           (merged_df['date'] <= '1997-12-31') &
                           (merged_df['amount'] >= 250000) &
                           (merged_df['type_x'] == 'M')]
    
    # Count distinct accounts that meet the criteria
    result = len(filtered_df['client_id'].unique())
    
    return result
```"
136,"Between 1/1/1995 and 12/31/1997, how many loans in the amount of at least 250,000 per account that chose monthly statement issuance were approved?",1,3,baseline,"```python
import pandas as pd

def compute_feature(account, card, client, disp, district, loan, order, trans):
    # Merge dataframes to get necessary information
    merged_data = pd.merge(loan, disp, on='account_id')
    merged_data = pd.merge(merged_data, account, on='account_id')
    merged_data = pd.merge(merged_data, card, on='card_id')
    
    # Filter data based on conditions
    filtered_data = merged_data[(merged_data['date'] >= '1995-01-01') & 
                               (merged_data['date'] <= '1997-12-31') & 
                               (merged_data['amount'] >= 250000) & 
                               (card['type'] == 'M')]
    
    # Group by account_id and count approved loans
    result = filtered_data.groupby('account_id')['status'].apply(lambda x: (x == 'A').sum()).reset_index(name='approved_loans')
    
    return result
```"
136,"Between 1/1/1995 and 12/31/1997, how many loans in the amount of at least 250,000 per account that chose monthly statement issuance were approved?",1,4,baseline,"```python
import pandas as pd

def compute_feature(account, card, client, disp, district, loan):
    # Merge necessary tables to get the required information
    merged = account.merge(loan, on='account_id', how='left')
    merged = merged.merge(disp, on='disp_id', how='left')
    
    # Filter data based on conditions
    filtered_data = merged[(merged['date_x'] >= '1995-01-01') & 
                         (merged['date_x'] <= '1997-12-31') &
                         (merged['amount_y'] >= 250000) &
                         (merged['type'] == 'M')]
    
    # Count distinct accounts that meet the criteria
    result = len(filtered_data.drop_duplicates(subset=['account_id']))
    
    return result
```"
137,How many accounts have running contracts in Branch location 1?,2,0,baseline,"```python
import pandas as pd

def compute_feature(account, branch):
    # Filter accounts with running contracts and Branch location 1
    filtered_accounts = account[(account['status'] == 'running') & (branch['A1'] == '1')]
    
    # Count the number of unique accounts
    num_running_contracts_branch_1 = len(filtered_accounts)
    
    return num_running_contracts_branch_1
```"
137,How many accounts have running contracts in Branch location 1?,2,1,baseline,"```python
import pandas as pd

def compute_running_accounts(df_account, df_district):
    # Filter accounts from Branch location 1
    branch_1_accounts = df_account[df_account['district_id'] == 1]['account_id']
    
    # Filter running contracts
    running_contracts = df_loan[df_loan['status'] == 'A'][['account_id', 'date']]
    
    # Join to get accounts with running contracts in Branch location 1
    result = pd.merge(running_contracts, branch_1_accounts, how='inner')
    
    # Count unique accounts
    num_running_accounts = len(result['account_id'].unique())
    
    return num_running_accounts
```"
137,How many accounts have running contracts in Branch location 1?,2,2,baseline,"```python
import pandas as pd

def compute_running_contracts_1(district, loan):
    # Filter districts where A1 equals 'Branch' and A12 equals '1'
    filtered_district = district[(district['A1'] == 'Branch') & (district['A12'] == '1')]
    
    # Merge loan data with the filtered district data
    merged_data = pd.merge(loan, filtered_district[['district_id']], how='left')
    
    # Count the number of unique accounts with running contracts in Branch location 1
    result = len(merged_data.dropna(subset=['district_id']))
    
    return result
```"
137,How many accounts have running contracts in Branch location 1?,2,3,baseline,"```python
import pandas as pd

def compute_running_contracts_count(branch_location):
    # Merge loan and district tables on district_id to get branch information
    merged_data = pd.merge(loan, district, left_on='district_id', right_on='district_id')
    
    # Filter for accounts in the specified branch location with 'running' status
    filtered_data = merged_data[(merged_data['A1'] == branch_location) & (merged_data['status'] == 'running')]
    
    # Get unique account_ids from the filtered data
    running_accounts = filtered_data['account_id'].unique()
    
    return len(running_accounts)
```"
137,How many accounts have running contracts in Branch location 1?,2,4,baseline,"```python
import pandas as pd

def compute_running_contracts_1(district, loan):
    # Filter rows where branch location is 1
    branch_1 = district[district['A1'] == 'Branch']
    
    # Merge with loan data to get loan statuses for branch 1
    merged_data = pd.merge(branch_1, loan, left_on='district_id', right_on='district_id')
    
    # Filter for running contracts (status = 'X')
    running_contracts = merged_data[merged_data['status'] == 'X']
    
    # Count distinct accounts with running contracts
    result = len(running_contracts.drop_duplicates('account_id'))
    
    return result
```"
138,"In the branch where the second-highest number of crimes were committed in 1995 occurred, how many male clients are there?",1,0,baseline,"```python
import pandas as pd

def compute_feature(account, card, client, disp, district, loan, order, trans):
    # Assuming crime data is stored in 'order' table and marked with specific k_symbol values
    crime_orders = order[order['k_symbol'].isin(['POUZE', 'VRATENKA'])]
    
    # Filter orders from 1995
    crime_orders_1995 = crime_orders[(crime_orders['date'] >= '1995-01-01') & (crime_orders['date'] < '1996-01-01')]
    
    # Join with 'client' to get client details
    crime_orders_1995_with_client = pd.merge(crime_orders_1995, client, left_on='account_id', right_on='account_id')
    
    # Group by district and count crimes
    crime_counts_by_district = crime_orders_1995_with_client.groupby('district_id').size().reset_index(name='crime_count')
    
    # Find the district with the second highest number of crimes
    second_highest_crime_district = crime_counts_by_district.nlargest(2, 'crime_count')['district_id'].iloc[-1]
    
    # Filter clients who live in this district and are male
    male_clients_in_second_highest_crime_district = client[(client['gender'] == 'M') & (client['district_id'] == second_highest_crime_district)]
    
    return len(male_clients_in_second_highest_crime_district)
```"
138,"In the branch where the second-highest number of crimes were committed in 1995 occurred, how many male clients are there?",1,1,baseline,"```python
import pandas as pd

def compute_feature(account, card, client, disp, district, loan, order, trans):
    # Filter accounts opened in 1995
    account_1995 = account[account['date'].dt.year == 1995]
    
    # Merge account data with district data to get district information
    account_district = pd.merge(account_1995, district, on='district_id')
    
    # Group by district and count the number of crimes (assuming 'A1' column indicates crime)
    crime_counts = account_district.groupby('A1').size()
    
    # Get the second-highest number of crimes
    second_highest_crime_count = crime_counts.nth(-2)
    
    # Filter accounts with the second-highest number of crimes
    second_high_crime_accounts = account_district[account_district['A1'] == second_highest_crime_count.index[0]]
    
    # Merge with client data to get client information
    second_high_crime_clients = pd.merge(second_high_crime_accounts, client, on='client_id')
    
    # Count the number of male clients
    num_male_clients = second_high_crime_clients[second_high_crime_clients['gender'] == 'M']['client_id'].nunique()
    
    return num_male_clients
```"
138,"In the branch where the second-highest number of crimes were committed in 1995 occurred, how many male clients are there?",1,2,baseline,"```python
import pandas as pd

def compute_feature(account, card, client, disp, district, loan, order, trans):
    # Merge tables to get necessary information
    merged = pd.merge(account, disp, on='account_id')
    merged = pd.merge(merged, client, on='client_id')
    
    # Filter transactions for 1995 and crimes (k_symbol == 'POJISTENI')
    filtered = merged[(merged['date'].dt.year == 1995) & (merged['k_symbol'] == 'POJISTENI')]
    
    # Group by district and count crimes
    crime_counts = filtered.groupby('district_id').size().reset_index(name='crime_count')
    
    # Find the district with the second-highest number of crimes
    second_highest_district = crime_counts.nlargest(2, 'crime_count')['district_id'].iloc[-1]
    
    # Filter clients who live in the second-highest crime district and are male
    result = merged[(merged['district_id'] == second_highest_district) & (merged['gender'] == 'M')]['client_id'].nunique()
    
    return result
```"
138,"In the branch where the second-highest number of crimes were committed in 1995 occurred, how many male clients are there?",1,3,baseline,"```python
import pandas as pd

def compute_feature(account, card, client, disp, district, loan, order, trans):
    # Merge necessary tables to get the required information
    merged_df = pd.merge(account, client, left_on='district_id', right_on='district_id')
    merged_df = pd.merge(merged_df, district, left_on='district_id', right_on='district_id')
    
    # Filter data for year 1995
    merged_df['year'] = pd.to_datetime(merged_df['date']).dt.year
    filtered_df = merged_df[filtered_df['year'] == 1995]
    
    # Calculate the number of male clients
    num_male_clients = filtered_df[filtered_df['gender'] == 'M'].shape[0]
    
    return num_male_clients
```"
138,"In the branch where the second-highest number of crimes were committed in 1995 occurred, how many male clients are there?",1,4,baseline,"```python
import pandas as pd

def compute_feature(account, card, client, disp, district, loan, order, trans):
    # Merge necessary tables to get required information
    merged = pd.merge(account, disp, on='account_id')
    merged = pd.merge(merged, client, on='client_id')
    merged = pd.merge(merged, district, left_on='district_id', right_index=True)

    # Filter data for year 1995
    merged['year'] = pd.to_datetime(merged['date']).dt.year
    merged = merged[merged['year'] == 1995]

    # Group by district and count crimes
    crime_counts = merged.groupby('A2').size().reset_index(name='crime_count')

    # Find the district with the second highest number of crimes
    second_highest_district = crime_counts.nlargest(2, 'crime_count')['A2'].iloc[-1]

    # Filter data for the district with the second highest number of crimes
    filtered_data = merged[merged['A2'] == second_highest_district]

    # Count male clients
    result = filtered_data['gender'].value_counts()['M']

    return result
```"
139,"How many high-level credit cards have ""OWNER"" type of disposition?",1,0,baseline,"```python
def count_high_level_credit_cards(cards_df, disp_df):
    # Filter for high-level credit cards and 'OWNER' type of disposition
    high_level_cards = cards_df[cards_df['type'] == 'HL']
    owner_dispositions = disp_df[disp_df['type'] == 'OWNER']
    
    # Merge on account_id to find intersections
    merged = pd.merge(high_level_cards, owner_dispositions, on='account_id')
    
    return len(merged)
```"
139,"How many high-level credit cards have ""OWNER"" type of disposition?",1,1,baseline,"```python
import pandas as pd

def count_owner_credit_cards(disp):
    # Filter rows where 'type' is 'KARTA' and 'disp_id' is 'OWNER'
    owner_cards = disp[(disp['type'] == 'KARTA') & (disp['disp_id'] == 'OWNER')]
    
    # Count the number of unique 'account_id's in the filtered DataFrame
    num_owner_cards = len(owner_cards['account_id'].unique())
    
    return num_owner_cards
```"
139,"How many high-level credit cards have ""OWNER"" type of disposition?",1,2,baseline,"```python
def compute_feature(disp):
    return (disp['type'] == 'C') & (disp['disp_id'].isin(['OWNER', 'CO']))).sum()
```"
139,"How many high-level credit cards have ""OWNER"" type of disposition?",1,3,baseline,"```python
import pandas as pd

def compute_feature(disp):
    # Filter rows where type is 'OWNER'
    owner_disp = disp[disp['type'] == 'OWNER']
    
    # Count unique accounts with 'OWNER' type disposition
    num_owner_accounts = len(owner_disp['account_id'].unique())
    
    return num_owner_accounts
```"
139,"How many high-level credit cards have ""OWNER"" type of disposition?",1,4,baseline,"```python
def count_high_level_credit_cards(cards, disp):
    # Filter cards where type is 'credit' and level is 'high'
    high_level_cards = cards[(cards['type'] == 'credit') & (cards['level'] == 'high')]
    
    # Merge with disp to get the type of disposition for each card
    merged = pd.merge(high_level_cards, disp, left_on='card_id', right_on='card_id')
    
    # Count how many of these cards have a 'OWNER' type of disposition
    owner_count = merged[merged['type'] == 'OWNER']['account_id'].nunique()
    
    return owner_count
```"
140,"How many accounts are there in the district of ""Pisek""?",1,0,baseline,"```python
import pandas as pd

def count_accounts_in_pisek(account, district):
    pisek_district = district[district['A2'] == 'Pisek']
    pisek_account_ids = set(pisek_district['district_id'])
    
    filtered_accounts = account[account['district_id'].isin(pisek_account_ids)]
    return len(filtered_accounts)

# Assuming the tables are already loaded into variables account and district
result = count_accounts_in_pisek(account, district)
print(result)
```"
140,"How many accounts are there in the district of ""Pisek""?",1,1,baseline,"```python
import pandas as pd

def compute_feature(account, district):
    # Filter rows where district_name is 'Pisek'
    pisek_accounts = account.merge(district.rename(columns={'district_id': 'district_code'}), 
                                  how='left', 
                                  left_on='district_id', 
                                  right_on='district_code')
    
    # Count number of accounts in Pisek
    num_pisek_accounts = pisek_accounts['account_id'].nunique()
    
    return num_pisek_accounts
```"
140,"How many accounts are there in the district of ""Pisek""?",1,2,baseline,"```python
import pandas as pd

def compute_feature(account, district):
    pisek_mask = district['A2'] == 'Pisek'
    pisek_districts = district[pisek_mask]['district_id']
    
    account_pisek = account[account['district_id'].isin(pisek_districts)]
    return len(account_pisek)
```"
140,"How many accounts are there in the district of ""Pisek""?",1,3,baseline,"```python
import pandas as pd

def compute_feature(account, district):
    # Merge account and district tables to get district information for each account
    merged_df = pd.merge(account, district, left_on='district_id', right_index=True)
    
    # Filter rows where district is 'Pisek'
    pisek_accounts = merged_df[merged_df['A2'] == 'Pisek']
    
    # Count the number of unique accounts
    num_accounts = pisek_accounts['account_id'].nunique()
    
    return num_accounts
```"
140,"How many accounts are there in the district of ""Pisek""?",1,4,baseline,"```python
import pandas as pd

def count_accounts_in_pisek(account, district):
    pisek_mask = district['A2'] == 'Pisek'
    return account[account['district_id'].isin(district[pisek_mask]['district_id'])].shape[0]
```"
141,"Which districts have transactions greater than USS$10,000 in 1997?",2,0,baseline,"```python
import pandas as pd

def get_districts_with_large_transactions(trans_df):
    # Filter transactions from 1997
    trans_1997 = trans_df[trans_df['date'].dt.year == 1997]
    
    # Filter large transactions (> $10,000)
    large_trans = trans_1997[trans_1997['amount'] > 10000]
    
    # Merge with district table to get district information
    merged_df = pd.merge(large_trans, district, left_on='bank', right_index=True)
    
    # Get unique districts
    result = merged_df[['district_id']].drop_duplicates()
    
    return result
```"
141,"Which districts have transactions greater than USS$10,000 in 1997?",2,1,baseline,"```python
import pandas as pd

def get_districts_with_large_transactions(account, trans):
    # Convert date columns to datetime format if not already
    account['date'] = pd.to_datetime(account['date'])
    trans['date'] = pd.to_datetime(trans['date'])

    # Filter transactions for year 1997 and amounts greater than $10,000
    filtered_trans = trans[(trans['date'].dt.year == 1997) & (trans['amount'] > 10000)]

    # Merge with account table to get district information
    merged_df = pd.merge(filtered_trans, account[['account_id', 'district_id']], how='left')

    # Get unique districts from the result
    districts_with_large_transactions = merged_df['district_id'].unique()

    return districts_with_large_transactions
```"
141,"Which districts have transactions greater than USS$10,000 in 1997?",2,2,baseline,"```python
import pandas as pd

def calculate_feature(account, district, trans):
    # Merge account and district tables on district_id to get district information for each account
    merged_df = pd.merge(account, district, how='left', left_on='district_id', right_on='district_id')
    
    # Filter transactions for year 1997 and amount greater than $10,000
    filtered_trans = trans[(trans['date'].dt.year == 1997) & (trans['amount'] > 10000)]
    
    # Merge the filtered transactions with the merged DataFrame to include district information
    result = pd.merge(filtered_trans, merged_df, how='left', left_on='account_id', right_on='account_id')
    
    # Select the required columns
    result = result[['A2', 'A3', 'A4', 'A5', 'A6', 'A7', 'A8', 'A9', 'A10', 'A11', 'A12', 'A13', 'A14', 'A15', 'A16']]
    
    return result
```"
141,"Which districts have transactions greater than USS$10,000 in 1997?",2,3,baseline,"```python
import pandas as pd

def compute_feature(account, trans):
    # Filter transactions greater than $10,000 and from 1997
    filtered_trans = trans[(trans['amount'] > 10000) & (trans['date'].str.startswith('1997'))]
    
    # Merge with account to get district information
    merged_df = pd.merge(filtered_trans, account[['account_id', 'district_id']], on='account_id')
    
    # Get unique districts
    result = merged_df['district_id'].unique()
    
    return result
```"
141,"Which districts have transactions greater than USS$10,000 in 1997?",2,4,baseline,"```python
import pandas as pd

def districts_with_large_transactions(district, trans):
    # Convert date to datetime format and extract year
    trans['date'] = pd.to_datetime(trans['date'], format='%Y-%m-%d')
    
    # Filter transactions where amount is greater than $10,000 and year is 1997
    large_trans_1997 = trans[(trans['amount'] > 10000) & (trans['date'].dt.year == 1997)]
    
    # Merge with district table to get district information
    merged_df = pd.merge(large_trans_1997, district, left_on='account_id', right_on='district_id')
    
    # Get unique districts with large transactions
    result = merged_df['A2'].unique()
    
    return result
```"
142,Which accounts placed orders for household payment in Pisek?,2,0,baseline,"```python
import pandas as pd

def feature_engineering(account, card, client, disp, district, loan, order, trans):
    # Merge order and trans to get transactions related to orders
    order_trans = pd.merge(order, trans, how='left', left_on=['account_id'], right_on=['account_id'])
    
    # Filter transactions where the type is 'H' (household payment) and bank_to is 'Pisek'
    household_pisek_orders = order_trans[(order_trans['type'] == 'H') & (order_trans['bank_to'] == 'Pisek')]
    
    # Get unique account_ids from the filtered transactions
    result = household_pisek_orders[['account_id']].drop_duplicates()
    
    return result
```"
142,Which accounts placed orders for household payment in Pisek?,2,1,baseline,"```python
import pandas as pd

def compute_feature(account, card, client, disp, district, loan, order, trans):
    # Merge tables to find transactions related to household payments in Pisek
    merged = account.merge(
        card, left_on='account_id', right_on='card_id'
    ).merge(
        disp, on='disp_id'
    ).merge(
        client, on='client_id'
    ).merge(
        district, on='district_id'
    ).merge(
        order, on='account_id'
    ).merge(
        trans, on='account_id'
    )
    
    # Filter for household payment and specific district (Pisek)
    filtered = merged[
        (merged['k_symbol'] == 'POJISTENI') &
        (merged['A2'] == 'Pisek')
    ]
    
    # Extract unique account IDs
    result = filtered[['account_id']].drop_duplicates()
    
    return result
```"
142,Which accounts placed orders for household payment in Pisek?,2,2,baseline,"```python
import pandas as pd

def compute_feature(account, card, client, disp, district, loan, order, trans):
    # Merge tables to get relevant information
    merged = pd.merge(order, trans, on='account_id')
    merged = pd.merge(merged, client, on='client_id')
    merged = pd.merge(merged, district, left_on='district_id', right_index=True)
    
    # Filter for household payment transactions in Pisek
    pisek_accounts = district[district['A1'] == 'Pisek']['district_id']
    filtered_merged = merged[(merged['type_x'] == 'V') & (merged['A1'] == 'Pisek')]
    
    # Get unique account IDs
    result = filtered_merged[['account_id']].drop_duplicates()
    
    return result
```"
142,Which accounts placed orders for household payment in Pisek?,2,3,baseline,"```python
import pandas as pd

def compute_feature(account, card, client, disp, district, loan, order, trans):
    # Merge tables to get necessary information
    merged = pd.merge(account, order, on='account_id')
    merged = pd.merge(merged, district, left_on='district_id', right_on='district_id')
    
    # Filter for household payment and specific city
    condition = (merged['k_symbol'] == 'H hypothesis') & (merged['A3'] == 'Pisek')
    result = merged[condition]['account_id'].unique()
    
    return pd.Series(result, name='feature')
```"
142,Which accounts placed orders for household payment in Pisek?,2,4,baseline,"```python
import pandas as pd

def get_household_payment_accounts(client, district, order):
    # Merge client and district to get district name for each client
    merged_client_district = pd.merge(client, district, how='left', left_on='district_id', right_index=True)

    # Filter clients from Pisek district
    pisek_clients = merged_client_district[merged_client_district['A1'] == 'Pisek']

    # Merge filtered clients with order table
    merged_pisek_order = pd.merge(pisek_clients, order, how='inner', left_on='client_id', right_on='account_id')

    # Filter orders where k_symbol is 'H' (household payment)
    household_orders = merged_pisek_order[merged_pisek_order['k_symbol'] == 'H']

    # Get unique account IDs from household payment orders
    household_payment_accounts = household_orders['account_id'].unique()

    return household_payment_accounts
```"
143,What are the accounts that have gold credit cards?,1,0,baseline,"```python
import pandas as pd

def get_accounts_with_gold_credit_cards(account, card):
    # Merge account and card tables on account_id
    merged_df = pd.merge(account, card, how='inner', on='account_id')
    
    # Filter rows where card type is 'gold'
    gold_cards_df = merged_df[merged_df['type'] == 'gold']
    
    # Select distinct account_ids from the filtered dataframe
    result = gold_cards_df[['account_id']].drop_duplicates()
    
    return result
```"
143,What are the accounts that have gold credit cards?,1,1,baseline,"```python
def get_accounts_with_gold_cards(card, disp):
    return card[card['type'] == 'gold']['account_id'].unique()
```"
143,What are the accounts that have gold credit cards?,1,2,baseline,"```python
import pandas as pd

def find_accounts_with_gold_cards(card_df):
    # Filter the card DataFrame to only include rows where the 'type' is 'gold'
    gold_cards = card_df[card_df['type'] == 'gold']
    
    # Extract the 'account_id' column from the filtered DataFrame
    return gold_cards[['account_id']]
```"
143,What are the accounts that have gold credit cards?,1,3,baseline,"```python
import pandas as pd

def get_accounts_with_gold_cards(card, disp):
    # Merge card and disp tables to find clients with gold cards
    merged_df = pd.merge(card, disp, left_on='card_id', right_on='disp_id')
    
    # Filter for 'gold' cards
    gold_cards = merged_df[merged_df['type'] == 'Gold']
    
    # Get unique account IDs with gold cards
    result = gold_cards[['account_id']].drop_duplicates()
    
    return result
```"
143,What are the accounts that have gold credit cards?,1,4,baseline,"```python
import pandas as pd

def find_accounts_with_gold_credit_cards(account, card):
    # Merge account and card tables on account_id
    merged_df = pd.merge(account, card, how='left', on='account_id')
    
    # Filter rows where card type is 'Gold'
    gold_cards = merged_df[merged_df['type'] == 'Gold']
    
    # Select distinct account_ids from the filtered DataFrame
    result = gold_cards[['account_id']].drop_duplicates()
    
    return result
```"
144,"How much is the average amount in credit card made by account holders in a month, in year 2021?",3,0,baseline,"```python
import pandas as pd

def calculate_avg_credit_card_amount(account, card, disp, loan):
    # Merge account and card tables on account_id
    merged_account_card = pd.merge(account, card, on='account_id', how='inner')
    
    # Merge the result with disp table on account_id
    merged_disp = pd.merge(merged_account_card, disp, on='account_id', how='inner')
    
    # Merge the result with loan table on account_id
    merged_loan = pd.merge(merged_disp, loan, on='account_id', how='inner')
    
    # Filter transactions for credit cards (type 'Kreditkarte') and year 2021
    filtered_transactions = merged_loan[(merged_loan['type'] == 'Kreditkarte') & 
                                      (merged_loan['date'].dt.year == 2021)]
    
    # Calculate the average amount of credit card transactions
    avg_amount = filtered_transactions['amount'].mean()
    
    return avg_amount
```"
144,"How much is the average amount in credit card made by account holders in a month, in year 2021?",3,1,baseline,"```python
import pandas as pd

def calculate_average_credit_card_amount(account, card, loan):
    # Merge account and card dataframes on account_id
    merged_df = pd.merge(account, card, how='left', on='account_id')
    
    # Filter rows where card type is 'Kreditkarte' (credit card)
    merged_df = merged_df[merged_df['type'] == 'Kreditkarte']
    
    # Merge the filtered dataframe with the loan dataframe on account_id
    merged_df = pd.merge(merged_df, loan, how='left', on='account_id')
    
    # Convert the date column to datetime format and extract year and month
    merged_df['date'] = pd.to_datetime(merged_df['date'])
    merged_df['year'] = merged_df['date'].dt.year
    merged_df['month'] = merged_df['date'].dt.month
    
    # Filter rows for the year 2021
    merged_df = merged_df[(merged_df['year'] == 2021)]
    
    # Calculate the average amount of loans
    average_amount = merged_df['amount'].mean()
    
    return average_amount
```"
144,"How much is the average amount in credit card made by account holders in a month, in year 2021?",3,2,baseline,"```python
import pandas as pd

def avg_credit_card_amount(df_account, df_disp, df_client):
    # Merge account and disp tables to get account information
    merged_df = pd.merge(df_account, df_disp, on='account_id', how='left')
    
    # Filter out non-credit card accounts
    merged_df = merged_df[merged_df['type'] == 'C']
    
    # Convert date column to datetime format
    merged_df['date'] = pd.to_datetime(merged_df['date'])
    
    # Extract year and month from date column
    merged_df['year'] = merged_df['date'].dt.year
    merged_df['month'] = merged_df['date'].dt.month
    
    # Filter data for year 2021
    merged_df = merged_df[(merged_df['year'] == 2021)]
    
    # Calculate average amount per month
    avg_amount_per_month = merged_df.groupby(['year', 'month'])['amount'].mean().reset_index()
    
    return avg_amount_per_month
```"
144,"How much is the average amount in credit card made by account holders in a month, in year 2021?",3,3,baseline,"```python
import pandas as pd

def compute_average_credit_card_amount(loan, account):
    # Filter data for the year 2021
    loan_2021 = loan[loan['date'].dt.year == 2021]
    
    # Merge loan data with account data to get account details
    merged_data = pd.merge(loan_2021, account, left_on='account_id', right_on='account_id')
    
    # Calculate the average amount per transaction
    average_amount = merged_data.groupby('client_id')['amount'].mean().reset_index()
    
    return average_amount
```"
144,"How much is the average amount in credit card made by account holders in a month, in year 2021?",3,4,baseline,"```python
import pandas as pd

def avg_credit_card_amount_in_month_2021(account, card, disp, client, district):
    # Merge tables to get relevant information
    merged = pd.merge(account, disp, how='inner', left_on='account_id', right_on='account_id')
    merged = pd.merge(merged, card, how='inner', left_on='disp_id', right_on='disp_id')
    merged = pd.merge(merged, client, how='inner', left_on='client_id', right_on='client_id')
    
    # Filter for credit cards and transactions in 2021
    filtered = merged[(merged['type'] == 'Kreditkarty') & (merged['date'].dt.year == 2021)]
    
    # Calculate average amount per month
    result = filtered.groupby(filtered['date'].dt.to_period('M'))['amount'].mean().reset_index()
    result.columns = ['month', 'avg_amount']
    
    return result
```"
145,"Who are the account holder identification numbers whose who have transactions on the credit card with the amount is less than the average, in 1998?",1,0,baseline,"```python
import pandas as pd

def compute_feature(account, card, client, disp, district, loan, order, trans):
    # Joining tables to get the necessary information
    df = pd.merge(account, disp, on='account_id')
    df = pd.merge(df, client, on='client_id')
    df = pd.merge(df, trans, on='account_id')

    # Filtering transactions in 1998
    df['date'] = pd.to_datetime(df['date'])
    df = df[(df['date'].dt.year == 1998)]

    # Calculating the average transaction amount
    avg_amount = df['amount'].mean()

    # Filtering transactions with amount less than average
    df_filtered = df[df['amount'] < avg_amount]

    # Selecting the required columns and renaming them appropriately
    result = df_filtered[['client_id', 'gender', 'birth_date']].rename(columns={'client_id': 'ID'})

    return result
```"
145,"Who are the account holder identification numbers whose who have transactions on the credit card with the amount is less than the average, in 1998?",1,1,baseline,"```python
import pandas as pd

def feature_engineering(account, card, client, disp, district, loan, order, trans):
    # Merge tables to get necessary information
    merged_df = pd.merge(account, disp, how='left', left_on='account_id', right_on='account_id')
    merged_df = pd.merge(merged_df, client, how='left', left_on='client_id', right_on='client_id')
    merged_df = pd.merge(merged_df, trans, how='left', left_on='account_id', right_on='account_id')

    # Filter transactions from 1998 and credit cards
    merged_df['year'] = pd.to_datetime(merged_df['date']).dt.year
    merged_df = merged_df[(merged_df['year'] == 1998) & (merged_df['type'] == 'Kreditkort')]

    # Calculate average transaction amount
    avg_amount = merged_df['amount'].mean()

    # Identify accounts with transactions below average
    result = merged_df[merged_df['amount'] < avg_amount]['client_id'].unique()

    return result
```"
145,"Who are the account holder identification numbers whose who have transactions on the credit card with the amount is less than the average, in 1998?",1,2,baseline,"```python
import pandas as pd

def compute_feature(account, card, client, disp, district, loan, order, trans):
    # Merge tables to get necessary information
    merged_df = pd.merge(account, disp, how='left', on='account_id')
    merged_df = pd.merge(merged_df, client, how='left', on='client_id')
    merged_df = pd.merge(merged_df, trans, how='left', on='account_id')

    # Filter transactions from 1998 and credit card transactions
    merged_df['year'] = pd.to_datetime(merged_df['date']).dt.year
    filtered_df = merged_df[(merged_df['year'] == 1998) & (merged_df['type'] == 'C')]

    # Calculate average transaction amount
    avg_amount = filtered_df['amount'].mean()

    # Get account holders with transactions less than the average amount
    result = filtered_df[filtered_df['amount'] < avg_amount]['account_id']

    return result
```"
145,"Who are the account holder identification numbers whose who have transactions on the credit card with the amount is less than the average, in 1998?",1,3,baseline,"```python
import pandas as pd

def compute_feature(account, card, client, disp, district, loan, order, trans):
    # Merge tables to get the transaction amounts for each account
    merged = pd.merge(account, disp, how='left', left_on='account_id', right_on='account_id')
    merged = pd.merge(merged, trans, how='left', left_on='account_id', right_on='account_id')

    # Filter for transactions from 1998
    merged['date'] = pd.to_datetime(merged['date'])
    merged = merged[merged['date'].dt.year == 1998]

    # Calculate the average transaction amount per account
    avg_amount = merged.groupby('client_id')['amount_x'].mean()

    # Filter accounts with transaction amounts less than the average
    filtered_accounts = merged[merged['amount_x'] < avg_amount].copy()
    
    # Get unique account holder identification numbers
    result = filtered_accounts[['client_id']].drop_duplicates().reset_index(drop=True)

    return result
```"
145,"Who are the account holder identification numbers whose who have transactions on the credit card with the amount is less than the average, in 1998?",1,4,baseline,"```python
import pandas as pd

def get_credit_card_transactions_less_than_average(df_account, df_client, df_disp, df_loan, df_order, df_trans):
    # Join tables to get all necessary information
    joined = df_trans.merge(df_account, left_on='account_id', right_on='account_id')
    joined = joined.merge(df_client, left_on='client_id', right_on='client_id')
    joined = joined.merge(df_disp, left_on='disp_id', right_on='disp_id')

    # Filter transactions from 1998 and only credit card transactions
    joined['year'] = pd.to_datetime(joined['date']).dt.year
    filtered = joined[(joined['year'] == 1998) & (joined['type'] == 'credit')]

    # Calculate average transaction amount
    avg_amount = filtered['amount'].mean()

    # Filter transactions where amount is less than average
    result = filtered[filtered['amount'] < avg_amount]['account_id']

    return result
```"
146,Who are the female account holders who own credit cards and also have loans?,3,0,baseline,"```python
import pandas as pd

def get_female_loan_holders_with_credit_cards(account, card, client, disp, loan):
    # Merge account and client tables to get gender information
    merged_account_client = pd.merge(account, client, how='left', left_on='district_id', right_on='district_id')
    
    # Filter only female clients
    female_clients = merged_account_client[merged_account_client['gender'] == 'F']
    
    # Merge female clients with disp table to get account ids of each client
    female_disp = pd.merge(female_clients, disp, how='inner', left_on='account_id', right_on='account_id')
    
    # Merge female_disp with card table to filter only credit card holders
    credit_card_disp = pd.merge(female_disp, card, how='inner', left_on='disp_id', right_on='disp_id')
    credit_card_disp = credit_card_disp[credit_card_disp['type'] == 'Kreditkarte']
    
    # Merge credit_card_disp with loan table to check if they have any loan
    loan_disp = pd.merge(credit_card_disp, loan, how='inner', left_on='account_id', right_on='account_id')
    
    return loan_disp[['client_id']].drop_duplicates()
```"
146,Who are the female account holders who own credit cards and also have loans?,3,1,baseline,"```python
import pandas as pd

def compute_feature(account, card, client, disp, loan):
    # Merge account and card tables to find accounts with credit cards
    account_card = pd.merge(account, card, how='inner', on='account_id')
    
    # Filter for credit cards (type == 'Kreditkarte')
    credit_cards = account_card[account_card['type'] == 'Kreditkarte']
    
    # Merge credit_cards with disp table to get clients who own these cards
    client_credit_cards = pd.merge(credit_cards, disp, how='inner', on='disp_id')
    
    # Merge client_credit_cards with client table to get client details
    client_details = pd.merge(client_credit_cards, client, how='inner', on='client_id')
    
    # Filter for female clients
    female_clients = client_details[client_details['gender'] == 'F']
    
    # Merge female_clients with loan table to find those who have loans
    female_clients_loans = pd.merge(female_clients, loan, how='inner', on='account_id')
    
    # Select unique client IDs of female clients who own credit cards and have loans
    result = female_clients_loans[['client_id']].drop_duplicates()
    
    return result
```"
146,Who are the female account holders who own credit cards and also have loans?,3,2,baseline,"```python
import pandas as pd

def feature_engineering(client, loan):
    # Merge client and loan dataframes to find clients with loans
    client_loan_merged = pd.merge(client, loan, left_on='client_id', right_on='account_id')
    
    # Filter for female clients with loans
    female_with_loans = client_loan_merged[client_loan_merged['gender'] == 'F']
    
    return female_with_loans[['client_id']]
```"
146,Who are the female account holders who own credit cards and also have loans?,3,3,baseline,"```python
import pandas as pd

def compute_feature(client, account, disp):
    # Filter female clients
    female_clients = client[client['gender'] == 'F']
    
    # Find accounts held by female clients
    female_accounts = account[account['client_id'].isin(female_clients['client_id'])]
    
    # Find dispositions (types of accounts) held by female clients
    female_disps = disp[(disp['client_id'].isin(female_clients['client_id'])) & 
                      (disp['type'] == 'C') &
                      (~disp['account_id'].isin(female_accounts['account_id']))]  # Exclude existing accounts
    
    # Merge to get full information about these new potential accounts
    new_potential_accounts = female_disps.merge(account, how='left', left_on='account_id', right_on='account_id')
    
    # Check if these potential accounts have been opened before in the past year
    recent_new_accounts = new_potential_accounts[new_potential_accounts['date'] >= new_potential_accounts['date'] - pd.DateOffset(years=1)]
    
    return len(recent_new_accounts)
```"
146,Who are the female account holders who own credit cards and also have loans?,3,4,baseline,"```python
import pandas as pd

def female_credit_card_loan_holders(account, card, client, disp, loan):
    # Join tables to get necessary information
    df = pd.merge(account, disp, how='left', left_on='account_id', right_on='account_id')
    df = pd.merge(df, client, how='left', left_on='client_id', right_on='client_id')
    df = pd.merge(df, card, how='left', left_on='disp_id', right_on='disp_id')
    df = pd.merge(df, loan, how='left', left_on='account_id', right_on='account_id')

    # Filter female clients who own credit cards and have loans
    result = df[(df['gender'] == 'F') & (df['type_x'] == 'C') & (df['status'].isin(['A', 'B']))]

    return result[['client_id']].drop_duplicates()
```"
147,How many female clients' accounts are in the region of South Bohemia?,1,0,baseline,"```python
import pandas as pd

def compute_feature(client, district):
    south_bohemian_regions = ['A1', 'A3']
    
    # Merge client and district tables to get district information for each client
    merged_df = pd.merge(client, district, left_on='district_id', right_index=True)
    
    # Filter for female clients in South Bohemia
    filtered_df = merged_df[(merged_df['gender'] == 'F') & (merged_df['A1'].isin(south_bohemian_regions))]
    
    # Count the number of such clients
    result = len(filtered_df)
    
    return result
```"
147,How many female clients' accounts are in the region of South Bohemia?,1,1,baseline,"```python
import pandas as pd

def compute_feature(account, client, district):
    # Merge account and client dataframes on account_id to get client details per account
    merged_df = pd.merge(account, client, how='left', left_on='account_id', right_on='client_id')
    
    # Filter for female clients
    female_clients = merged_df[merged_df['gender'] == 'F']
    
    # Merge with district data to filter by region
    female_clients = pd.merge(female_clients, district, how='left', left_on='district_id', right_on='district_id')
    
    # Define a function to check if the region is South Bohemia based on A16 column
    def is_south_bohemia(row):
        south_bohemia_regions = ['Hlavní město Praha', 'Jihomoravský kraje', 'Přerovsko', 'Kroměržsko', 'Ústí nad Orlicí']
        return row['A16'] in south_bohemia_regions
    
    # Apply the function to determine if the region is South Bohemia
    female_clients['is_south_bohemia'] = female_clients.apply(is_south_bohemia, axis=1)
    
    # Count the number of female clients whose accounts are in South Bohemia
    result = female_clients[female_clients['is_south_bohemia']].shape[0]
    
    return result
```"
147,How many female clients' accounts are in the region of South Bohemia?,1,2,baseline,"```python
import pandas as pd

def count_female_clients_in_south_bohemia(account, client, district):
    # Filter for female clients
    female_clients = client[client['gender'] == 'F']
    
    # Join to get district information
    joined_df = pd.merge(female_clients, account[['account_id', 'district_id']], on='account_id')
    
    # Filter for South Bohemia (assuming it's represented by a specific value in column A2)
    south_bohemia_df = pd.merge(joined_df, district[['district_id', 'A2']], on='district_id')
    south_bohemia_filtered = south_bohemia_df[south_bohemia_df['A2'] == 'South Bohemia']
    
    return len(south_bohemia_filtered)
```"
147,How many female clients' accounts are in the region of South Bohemia?,1,3,baseline,"```python
import pandas as pd

def count_female_clients_in_south_bohemia(client, district):
    south_bohemia = district[district['A3'] == 'S']
    female_clients = client[client['gender'] == 'F']
    merged_df = pd.merge(female_clients, south_bohemia, left_on='district_id', right_index=True)
    return len(merged_df)

# Assuming the tables are already loaded into pandas DataFrames named `client`, `district`, etc.
result = count_female_clients_in_south_bohemia(client, district)
print(result)
```"
147,How many female clients' accounts are in the region of South Bohemia?,1,4,baseline,"```python
import pandas as pd

def compute_feature(client, district):
    # Filter to get only female clients from South Bohemia
    filtered_clients = client[(client['gender'] == 'F') & (district['A1'] == 'South Bohemia')]
    
    # Get unique client IDs
    unique_client_ids = filtered_clients['client_id'].unique()
    
    return len(unique_client_ids)
```"
148,Please list the accounts whose district is Tabor that are eligible for loans.,2,0,baseline,"```python
import pandas as pd

def eligible_accounts_for_loans(account, client, district):
    # Merge account and client dataframes on client_id to get district information for each account
    merged_df = pd.merge(account, client, left_on='client_id', right_on='client_id')
    
    # Filter rows where the district is 'Tabor'
    tabor_accounts = merged_df[merged_df['A3'] == 'Tabor']
    
    # Return the distinct account_ids from the filtered dataframe
    return tabor_accounts[['account_id']].drop_duplicates()
```"
148,Please list the accounts whose district is Tabor that are eligible for loans.,2,1,baseline,"```python
import pandas as pd

def get_eligible_accounts_for_loans(account, district):
    # Merge account and district tables to get district information for each account
    merged_df = pd.merge(account, district, left_on='district_id', right_index=True)
    
    # Filter accounts in the 'Tabor' district
    tabor_accounts = merged_df[merged_df['A2'] == 'Tabor']
    
    return tabor_accounts[['account_id']]
```"
148,Please list the accounts whose district is Tabor that are eligible for loans.,2,2,baseline,"```python
import pandas as pd

def get_eligible_accounts(account, district):
    # Filter accounts in the 'Tabor' district
    tabor_accounts = account[account['district_id'] == 'Tabor']['account_id']
    
    # Assume there's a condition to check if an account is eligible for loans
    # For simplicity, let's assume any account with a frequency greater than 1 is eligible
    eligible_accounts = tabor_accounts[tabor_accounts.isin(account[account['frequency'] > 1]['account_id'])]
    
    return eligible_accounts.tolist()
```"
148,Please list the accounts whose district is Tabor that are eligible for loans.,2,3,baseline,"```python
import pandas as pd

def get_eligible_accounts(account, district):
    # Filter accounts in Tabor district
    tabor_accounts = account[account['district_id'] == 'Tabor']
    
    # Merge with district table to get additional details (if needed)
    tabor_districts = pd.merge(tabor_accounts, district, on='district_id')
    
    return tabor_districts
```"
148,Please list the accounts whose district is Tabor that are eligible for loans.,2,4,baseline,"```python
import pandas as pd

def get_eligible_accounts(account, district):
    # Merge account and district tables on district_id
    merged_df = pd.merge(account, district, on='district_id')
    
    # Filter for accounts in 'Tabor' district
    tabor_accounts = merged_df[merged_df['A3'] == 'Tabor']
    
    return tabor_accounts[['account_id']]
```"
149,"Please list the account types that are not eligible for loans, and the average income of residents in the district where the account is located exceeds $8000 but is no more than $9000.",2,0,baseline,"```python
import pandas as pd

def compute_feature(account, card, client, disp, district, loan):
    # Merge necessary tables to get account details along with district information
    merged_data = pd.merge(account, disp, how='left', on='account_id')
    merged_data = pd.merge(merged_data, client, how='left', on='client_id')
    merged_data = pd.merge(merged_data, district, how='left', left_on='district_id', right_index=True)

    # Identify accounts not eligible for loans (type != 'Kredit')
    ineligible_accounts = merged_data[merged_data['type'] != 'Kredit']['account_id'].unique()

    # Filter data for districts with income between $8000 and $9000
    filtered_data = merged_data[(merged_data['A4'] > 8000) & (merged_data['A4'] <= 9000)]

    # Calculate average income for each district
    avg_income_by_district = filtered_data.groupby('district_id')['A4'].mean().reset_index()

    # Combine results
    result = pd.merge(avg_income_by_district, merged_data, how='inner', left_on='district_id', right_on='district_id')

    # Filter out ineligible accounts
    result = result[result['account_id'].isin(ineligible_accounts) == False]

    return result[['account_id', 'A4']]
```"
149,"Please list the account types that are not eligible for loans, and the average income of residents in the district where the account is located exceeds $8000 but is no more than $9000.",2,1,baseline,"```python
import pandas as pd

def compute_feature(account, card, client, disp, district, loan):
    # Merge tables to get account information
    merged_df = pd.merge(account, disp, how='left', left_on='account_id', right_on='account_id')
    merged_df = pd.merge(merged_df, client, how='left', left_on='client_id', right_on='client_id')
    merged_df = pd.merge(merged_df, district, how='left', left_on='district_id', right_on='district_id')

    # Filter accounts not eligible for loans
    merged_df['status'] = merged_df['status'].fillna('unknown')  # Handle missing values
    not_eligible_accounts = merged_df[merged_df['status'] == 'unk']

    # Calculate average income in the district
    avg_income_by_district = merged_df.groupby(['A1', 'A2', 'A3', 'A4', 'A5', 'A6', 'A7', 'A8', 'A9', 'A10', 'A11', 'A12', 'A13', 'A14', 'A15', 'A16'])['balance'].mean().reset_index()
    avg_income_by_district.rename(columns={'balance': 'avg_income'}, inplace=True)

    # Filter districts with average income between $8000 and $9000
    filtered_districts = avg_income_by_district[(avg_income_by_district['avg_income'] >= 8000) & (avg_income_by_district['avg_income'] <= 9000)]

    # Combine results
    result = pd.merge(not_eligible_accounts, filtered_districts, how='inner', 
                      left_on=['A1', 'A2', 'A3', 'A4', 'A5', 'A6', 'A7', 'A8', 'A9', 'A10', 'A11', 'A12', 'A13', 'A14', 'A15', 'A16'], 
                      right_on=['A1', 'A2', 'A3', 'A4', 'A5', 'A6', 'A7', 'A8', 'A9', 'A10', 'A11', 'A12', 'A13', 'A14', 'A15', 'A16'])
    
    return result[['type']]
```"
149,"Please list the account types that are not eligible for loans, and the average income of residents in the district where the account is located exceeds $8000 but is no more than $9000.",2,2,baseline,"```python
import pandas as pd

def compute_feature(account, card, client, disp, district, loan):
    # Join tables to get necessary information
    joined = account.merge(disp, how='left', left_on='account_id', right_on='account_id')
    joined = joined.merge(client, how='left', left_on='client_id', right_on='client_id')
    joined = joined.merge(district, how='left', left_on='district_id', right_on='district_id')

    # Filter accounts not eligible for loans
    ineligible_accounts = loan[loan['status'] != 'A'][['account_id', 'amount']]
    ineligible_accounts = ineligible_accounts.groupby('account_id')['amount'].sum().reset_index()
    ineligible_accounts.columns = ['account_id', 'ineligible_amount']

    # Merge with main table
    merged = joined.merge(ineligible_accounts, how='left', left_on='account_id', right_on='account_id')
    merged['ineligible_amount'] = merged['ineligible_amount'].fillna(0)

    # Calculate average income
    avg_income = merged.groupby(['district_id'])[['balance']].mean().reset_index()

    # Filter districts with average income between 8000 and 9000
    filtered_districts = avg_income[(avg_income['balance'] >= 8000) & (avg_income['balance'] <= 9000)][['district_id']]

    # Get account types from card table
    card_types = card[['card_id', 'type']]

    # Join with main table to get account types
    result = merged.merge(filtered_districts, how='inner', left_on='district_id', right_on='district_id')
    result = result.merge(card_types, how='inner', left_on='disp_id', right_on='card_id')

    return result[['type']].drop_duplicates().reset_index(drop=True)
```"
149,"Please list the account types that are not eligible for loans, and the average income of residents in the district where the account is located exceeds $8000 but is no more than $9000.",2,3,baseline,"```python
import pandas as pd

def compute_feature(account, card, client, disp, district, loan):
    # Merge tables to get necessary information
    merged_df = pd.merge(account, disp, how='left', on='account_id')
    merged_df = pd.merge(merged_df, client, how='left', on='client_id')
    merged_df = pd.merge(merged_df, district, how='left', on='district_id')
    
    # Filter out accounts not eligible for loans
    ineligible_accounts = ['Savings', 'Fixed']
    
    # Calculate average income
    avg_income = (merged_df['A14'] + merged_df['A15']) / 2
    
    # Filter rows based on conditions
    filtered_df = merged_df[(avg_income > 8000) & (avg_income <= 9000)]
    result = filtered_df[~filtered_df['type'].isin(ineligible_accounts)]['type'].unique()
    
    return result
```"
149,"Please list the account types that are not eligible for loans, and the average income of residents in the district where the account is located exceeds $8000 but is no more than $9000.",2,4,baseline,"```python
import pandas as pd

def feature_engineering(account, card, client, disp, district, loan):
    # Filter out accounts that are not eligible for loans (type != 'C')
    non_eligible_accounts = disp[disp['type'] != 'C']['account_id'].unique()

    # Calculate the average income of residents in each district
    avg_income_per_district = client.groupby('district_id')['birth_date'].transform('count')

    # Filter districts where the average income is between $8000 and $9000
    eligible_districts = avg_income_per_district[(avg_income_per_district >= 8000) & (avg_income_per_district <= 9000)].index

    # Merge tables to get the required information
    merged_data = pd.merge(account, disp, on='account_id', how='inner')
    merged_data = pd.merge(merged_data, client, on='client_id', how='inner')
    merged_data = pd.merge(merged_data, district, on='district_id', how='inner')

    # Filter the data based on the conditions
    filtered_data = merged_data[
        (merged_data['account_id'].isin(non_eligible_accounts)) &
        (merged_data['district_id'].isin(eligible_districts))
    ]

    return filtered_data[['account_id', 'A1', 'A2', 'A3', 'A4', 'A5', 'A6', 'A7', 'A8', 'A9', 'A10', 'A11', 'A12', 'A13', 'A14', 'A15', 'A16']]
```"
150,How many accounts in North Bohemia has made a transaction with the partner's bank being AB?,2,0,baseline,"```python
import pandas as pd

def compute_feature(client, district, trans):
    # Filter transactions where the partner's bank is 'AB'
    filtered_trans = trans[trans['bank_to'] == 'AB']
    
    # Merge with the client table to get district information
    merged_client = pd.merge(filtered_trans, client, on='account_id')
    
    # Merge with the district table to filter by North Bohemia
    merged_district = pd.merge(merged_client, district, left_on='district_id', right_on='district_id')
    north_bohemia_accounts = merged_district[merged_district['A2'] == 'North Bohemia']['client_id'].nunique()
    
    return north_bohemia_accounts
```"
150,How many accounts in North Bohemia has made a transaction with the partner's bank being AB?,2,1,baseline,"```python
import pandas as pd

def compute_feature(account, card, client, disp, district, loan, order, trans):
    # Filter the district table to get the district_id of North Bohemia
    north_bohemia = district[district['A1'] == 'North Bohemia']['district_id'].values[0]

    # Join the tables to get the necessary information
    merged_data = account.merge(client, left_on='district_id', right_on='district_id') \
                        .merge(disp, left_on='account_id', right_on='account_id') \
                        .merge(trans, left_on='account_id', right_on='account_id')

    # Filter the data to only include transactions where the partner's bank is AB
    filtered_data = merged_data[(merged_data['bank_to'] == 'AB') & (merged_data['district_id'] == north_bohemia)]

    # Get the number of unique accounts
    num_accounts = len(filtered_data['account_id'].unique())

    return num_accounts
```"
150,How many accounts in North Bohemia has made a transaction with the partner's bank being AB?,2,2,baseline,"```python
import pandas as pd

def compute_feature(account, district, trans):
    # Filter accounts in North Bohemia
    north_bohemia_accounts = account[account['district_id'].isin([3, 4, 5])]
    
    # Join trans and account to get account details for each transaction
    trans_account = pd.merge(trans, account, left_on='account_id', right_on='account_id')
    
    # Filter transactions where the partner's bank is AB
    ab_transactions = trans_account[trans_account['bank'] == 'AB']
    
    # Get unique account IDs from AB transactions
    ab_account_ids = ab_transactions['account_id'].unique()
    
    # Count the number of accounts in North Bohemia that have made such transactions
    result = len(north_bohemia_accounts[north_bohemia_accounts['account_id'].isin(ab_account_ids)])
    
    return result
```"
150,How many accounts in North Bohemia has made a transaction with the partner's bank being AB?,2,3,baseline,"```python
import pandas as pd

def calculate_feature(account, district, trans):
    # Filter the data to include only transactions with partner's bank 'AB'
    filtered_trans = trans[trans['bank'] == 'AB']
    
    # Merge the filtered transactions with the account and district tables
    merged_data = pd.merge(filtered_trans, account, left_on='account_id', right_on='account_id')
    merged_data = pd.merge(merged_data, district, left_on='district_id', right_on='district_id')
    
    # Filter the data to include only those in North Bohemia
    north_bohemia_data = merged_data[merged_data['A3'] == 'North Bohemia']
    
    # Count the number of unique accounts in North Bohemia
    result = len(north_bohemia_data['account_id'].unique())
    
    return result
```"
150,How many accounts in North Bohemia has made a transaction with the partner's bank being AB?,2,4,baseline,"```python
import pandas as pd

def compute_feature(account, district, trans):
    north_bohemian = district[district['A1'] == 'North Bohemia']
    north_bohemian_ids = set(north_bohemian['district_id'])
    
    filtered_trans = trans[trans['bank_to'].isin(north_bohemian_ids)]
    ab_transactions = filtered_trans[filtered_trans['bank'] == 'AB']
    
    result = len(ab_transactions)
    
    return result
```"
151,Please list the name of the districts with accounts that made withdrawal transactions.,2,0,baseline,"```python
import pandas as pd

def get_districts_with_withdrawals(account, trans):
    # Filter out withdrawal transactions
    withdrawals = trans[trans['type'] == 'VYBER']
    
    # Merge with account data to get district information
    merged_df = pd.merge(withdrawals, account, left_on='account_id', right_on='account_id')
    
    # Get unique district IDs from the merged DataFrame
    district_ids = merged_df['district_id'].unique()
    
    # Map district IDs back to district names
    district_names = district[district['district_id'].isin(district_ids)]['A2'].tolist()
    
    return district_names
```"
151,Please list the name of the districts with accounts that made withdrawal transactions.,2,1,baseline,"```python
import pandas as pd

def get_district_names_with_withdrawal_transactions(account, district, trans):
    # Filter transactions for withdrawal operations
    withdrawal_trans = trans[trans['type'] == 'W']
    
    # Merge withdrawal transactions with account data to get account IDs
    withdrawal_accounts = pd.merge(withdrawal_trans, account, how='left', left_on='account_id', right_on='account_id')
    
    # Get unique districts from the merged DataFrame
    district_names = withdrawal_accounts[['district_id', 'A2']].drop_duplicates()
    
    return district_names
```"
151,Please list the name of the districts with accounts that made withdrawal transactions.,2,2,baseline,"```python
import pandas as pd

def get_district_names_with_withdrawal_transactions(account, district):
    # Merge account and district tables on district_id
    merged_df = pd.merge(account, district, on='district_id')
    
    # Filter rows where transaction type is 'W' (withdrawal)
    filtered_df = merged_df[merged_df['type'] == 'W']
    
    # Select distinct district names
    result = filtered_df[['A2']].drop_duplicates()
    
    return result
```"
151,Please list the name of the districts with accounts that made withdrawal transactions.,2,3,baseline,"```python
import pandas as pd

def get_districts_with_withdrawals(account, trans):
    # Filter out withdrawal transactions (type == 'W')
    withdrawals = trans[trans['type'] == 'W']
    
    # Merge with the account table to get district information
    merged_df = pd.merge(withdrawals, account[['account_id', 'district_id']], on='account_id')
    
    # Get unique districts with withdrawals
    districts_with_withdrawals = merged_df['district_id'].unique()
    
    return districts_with_withdrawals
```"
151,Please list the name of the districts with accounts that made withdrawal transactions.,2,4,baseline,"```python
import pandas as pd

def get_withdrawal_districts(account, trans):
    # Filter transactions to only include withdrawals
    withdrawal_trans = trans[trans['type'] == 'W']
    
    # Merge withdrawal transactions with accounts to get district information
    merged_df = pd.merge(withdrawal_trans, account, on='account_id')
    
    # Get unique districts from the merged DataFrame
    districts = merged_df['district_id'].unique()
    
    return districts
```"
152,What is the average number of crimes committed in 1995 in regions where the number exceeds 4000 and the region has accounts that are opened starting from the year 1997?,1,0,baseline,"```python
import pandas as pd

def calculate_average_crimes(crime, account):
    # Convert date columns to datetime
    crime['date'] = pd.to_datetime(crime['date'])
    account['date'] = pd.to_datetime(account['date'])

    # Filter crimes data for the year 1995
    crime_1995 = crime[crime['date'].dt.year == 1995]

    # Calculate total crimes per region
    total_crimes_per_region = crime_1995.groupby('region')['crime_id'].count().reset_index()

    # Merge with account data to get opening years
    merged_data = pd.merge(total_crimes_per_region, account, left_on='district_id', right_on='district_id')

    # Filter regions where total crimes exceed 4000 and accounts open after 1997
    filtered_regions = merged_data[(merged_data['crime_id'] > 4000) & (merged_data['date'].dt.year >= 1997)]

    # Calculate average crimes in these regions
    avg_crimes = filtered_regions['crime_id'].mean()

    return avg_crimes
```"
152,What is the average number of crimes committed in 1995 in regions where the number exceeds 4000 and the region has accounts that are opened starting from the year 1997?,1,1,baseline,"```python
import pandas as pd

def avg_crimes_1995(df_account, df_crime):
    # Filter accounts opened after 1997
    df_account_filtered = df_account[df_account['date'].str.contains('199[89]')]
    
    # Get unique districts from filtered accounts
    districts_with_accounts_after_1997 = df_account_filtered['district_id'].unique()
    
    # Filter crimes from 1995 in these districts
    df_crime_filtered = df_crime[(df_crime['district_id'].isin(districts_with_accounts_after_1997)) & 
                               (df_crime['year'] == 1995)]
    
    # Calculate average crimes per region in 1995
    avg_crimes = df_crime_filtered.groupby('district_id')['crime_id'].count().mean()
    
    return avg_crimes
```"
152,What is the average number of crimes committed in 1995 in regions where the number exceeds 4000 and the region has accounts that are opened starting from the year 1997?,1,2,baseline,"```python
import pandas as pd

def compute_feature(crime, district):
    # Convert date columns to datetime
    crime['date'] = pd.to_datetime(crime['date'])
    district['A12'] = pd.to_datetime(district['A12'])

    # Filter crimes from 1995
    crime_1995 = crime[(crime['date'].dt.year == 1995)]

    # Group by district and count crimes
    crime_counts = crime_1995.groupby('district_id').size()

    # Merge with district table to get region information
    merged_df = pd.merge(crime_counts.reset_index(), district[['district_id', 'A12']], how='left')

    # Calculate years since account opening
    merged_df['years_since_opening'] = (merged_df['date'] - merged_df['A12']).dt.days / 365

    # Filter regions with more than 4000 crimes
    filtered_regions = merged_df[merged_df['count'] > 4000]

    # Calculate average number of crimes per account per year
    avg_crimes_per_account_per_year = filtered_regions['count'].mean() / filtered_regions['years_since_opening'].mean()

    return avg_crimes_per_account_per_year
```"
152,What is the average number of crimes committed in 1995 in regions where the number exceeds 4000 and the region has accounts that are opened starting from the year 1997?,1,3,baseline,"```python
import pandas as pd

def compute_crime_feature(account, client, district):
    # Filter accounts opened after 1996
    account = account[account['date'].str[:4].astype(int) > 1996]
    
    # Merge account with client to get district information
    merged_df = pd.merge(account, client[['client_id', 'district_id']], on='client_id')
    
    # Merge with district to get additional district features
    merged_df = pd.merge(merged_df, district, on='district_id')
    
    # Assuming there's a crime table with columns ['region', 'year', 'crime_count']
    # Replace 'crime' with the actual DataFrame containing the crime data
    crime = pd.DataFrame({'region': [1], 'year': [1995], 'crime_count': [5000]})
    
    # Filter crimes in 1995 and in regions with more than 4000 crimes
    filtered_crimes = crime[(crime['year'] == 1995) & (crime['crime_count'] > 4000)]
    
    # Get unique regions from filtered crimes
    valid_regions = filtered_crimes['region'].unique()
    
    # Filter merged_df to only include valid regions
    final_df = merged_df[merged_df['district_id'].isin(valid_regions)]
    
    # Compute the average number of crimes per region
    avg_crimes_per_region = final_df.groupby('district_id')['crime_count'].mean().reset_index()
    
    return avg_crimes_per_region
```"
152,What is the average number of crimes committed in 1995 in regions where the number exceeds 4000 and the region has accounts that are opened starting from the year 1997?,1,4,baseline,"```python
import pandas as pd

def compute_feature(account, client, district):
    # Filter accounts opened after 1996 (inclusive) to get the regions of interest
    accounts_1997 = account[account['date'].str[:4].astype(int) >= 1997]['district_id']
    
    # Get districts within these regions
    districts_of_interest = district[district['district_id'].isin(accounts_1997)]
    
    # Compute average number of crimes in those districts in 1995
    avg_crimes = districts_of_interest['A2'].mean()
    
    return avg_crimes
```"
153,How many 'classic' cards are eligible for loan?,1,0,baseline,"```python
import pandas as pd

def count_eligible_cards_for_loan(account, card):
    # Merge account and card tables on account_id to get card details per account
    merged_table = pd.merge(account, card, on='account_id')
    
    # Filter rows where card type is 'classic'
    classic_cards = merged_table[merged_table['type'] == 'classic']
    
    # Count the number of unique accounts with classic cards
    num_eligible_accounts = len(classic_cards['client_id'].unique())
    
    return num_eligible_accounts
```"
153,How many 'classic' cards are eligible for loan?,1,1,baseline,"```python
import pandas as pd

def classic_cards_eligible_for_loan(account, card):
    # Merge account and card dataframes on account_id
    merged_df = pd.merge(account, card, how='left', left_on='account_id', right_on='card_id')
    
    # Filter rows where card type is 'Classic'
    classic_cards = merged_df[merged_df['type'] == 'Classic']
    
    # Return the count of unique account_ids which have a classic card
    return len(classic_cards['account_id'].unique())
```"
153,How many 'classic' cards are eligible for loan?,1,2,baseline,"```python
import pandas as pd

def classic_cards_eligible_for_loan(account, card):
    # Filter for 'classic' cards
    classic_cards = card[card['type'] == 'classic']
    
    # Merge with account data to get account IDs of people with 'classic' cards
    eligible_accounts = classic_cards.merge(account[['account_id']], on='account_id')
    
    # Get unique count of eligible accounts
    num_eligible_accounts = len(eligible_accounts['account_id'].unique())
    
    return num_eligible_accounts
```"
153,How many 'classic' cards are eligible for loan?,1,3,baseline,"```python
import pandas as pd

def classic_cards_eligible_for_loan(account, card):
    # Merge the account and card tables on account_id
    merged = pd.merge(account, card, how='inner', on='account_id')
    
    # Filter rows where card type is 'classic'
    classic_cards = merged[merged['type'] == 'classic']
    
    # Count the number of unique account_ids in the filtered dataframe
    num_accounts = classic_cards['account_id'].nunique()
    
    return num_accounts
```"
153,How many 'classic' cards are eligible for loan?,1,4,baseline,"```python
import pandas as pd

def count_eligible_cards_for_loan(account, card):
    # Filter 'classic' cards
    classic_cards = card[card['type'] == 'classic']
    
    # Merge with account to get account IDs of customers with classic cards
    eligible_accounts = pd.merge(classic_cards, account[['account_id', 'client_id']], 
                                 left_on='card_id', right_on='disp_id')
    
    return len(eligible_accounts)
```"
154,How many male clients in 'Hl.m. Praha' district?,1,0,baseline,"```python
import pandas as pd

def calculate_male_clients_in_district(account, client, district):
    # Merge account and district to get district information for each account
    merged_account_district = pd.merge(account, district, left_on='district_id', right_index=True)

    # Merge result with client to get client information for each account
    merged_all = pd.merge(merged_account_district, client, left_on='client_id', right_index=True)

    # Filter for 'Hl.m. Praha' district
    filtered_df = merged_all[merged_all['A2'] == 'Hl.m. Praha']

    # Count male clients
    male_clients_count = filtered_df[filtered_df['gender'] == 'M'].shape[0]

    return male_clients_count
```"
154,How many male clients in 'Hl.m. Praha' district?,1,1,baseline,"```python
import pandas as pd

def compute_feature(client, district):
    # Merge client and district tables to get district information for each client
    merged = pd.merge(client, district, left_on='district_id', right_on='district_id')
    
    # Filter rows where district is 'Hl.m. Praha'
    praha_clients = merged[merged['A2'] == 'Hl.m. Praha']
    
    # Count male clients
    male_count = praha_clients[praha_clients['gender'] == 'M']['client_id'].count()
    
    return male_count
```"
154,How many male clients in 'Hl.m. Praha' district?,1,2,baseline,"```python
import pandas as pd

def compute_feature(account, card, client, disp, district, loan, order, trans):
    # Merge client and district dataframes to get district information for each client
    client_with_district = pd.merge(client, district, how='left', left_on='district_id', right_on='district_id')
    
    # Filter clients who are male and live in 'Hl.m. Praha' district
    filtered_clients = client_with_district[(client_with_district['gender'] == 0) & (client_with_district['A2'] == 'Hl.m. Praha')]
    
    return len(filtered_clients)
```"
154,How many male clients in 'Hl.m. Praha' district?,1,3,baseline,"```python
import pandas as pd

def compute_feature(client, district):
    # Filter clients in 'Hl.m. Praha' district and gender is Male
    filtered_clients = client[(client['district_id'] == 3) & (client['gender'] == 'M')]
    
    # Count the number of such clients
    result = len(filtered_clients)
    
    return result
```"
154,How many male clients in 'Hl.m. Praha' district?,1,4,baseline,"```python
import pandas as pd

def count_male_clients_in_district(client, district):
    # Filter clients who live in 'Hl.m. Praha' district and have gender 'M'
    filtered_clients = client[(client['district_id'] == district) & (client['gender'] == 'M')]
    
    # Count the number of such clients
    result = len(filtered_clients)
    
    return result
```"
155,How many percent of 'Gold' cards were issued prior to 1998?,0,0,baseline,"```python
import pandas as pd

def gold_cards_issued_before_1998(card, district):
    # Filter 'Gold' cards
    gold_cards = card[card['type'] == 'Gold']
    
    # Get the year from the 'issued' column
    gold_cards['year'] = pd.to_datetime(gold_cards['issued']).dt.year
    
    # Count the number of 'Gold' cards issued before 1998
    count_before_1998 = gold_cards[gold_cards['year'] < 1998].shape[0]
    
    # Calculate the percentage
    total_gold_cards = gold_cards.shape[0]
    percentage = (count_before_1998 / total_gold_cards) * 100 if total_gold_cards > 0 else 0
    
    return percentage
```"
155,How many percent of 'Gold' cards were issued prior to 1998?,0,1,baseline,"```python
import pandas as pd

def calculate_gold_card_percentage_before_1998(card, district):
    # Merge card and district tables to get district information for each card
    merged_df = pd.merge(card, district, left_on='district_id', right_index=True)
    
    # Filter rows where card type is 'Gold'
    gold_cards = merged_df[merged_df['type'] == 'Gold']
    
    # Convert date column to datetime format
    gold_cards['issued'] = pd.to_datetime(gold_cards['issued'])
    
    # Count how many Gold cards were issued before 1998
    before_1998_count = gold_cards[gold_cards['issued'].dt.year < 1998].shape[0]
    
    # Calculate percentage of Gold cards issued before 1998
    total_gold_cards = gold_cards.shape[0]
    percentage = (before_1998_count / total_gold_cards) * 100
    
    return percentage
```"
155,How many percent of 'Gold' cards were issued prior to 1998?,0,2,baseline,"```python
import pandas as pd

def gold_cards_issued_before_1998(card, district):
    # Filter the data to only include 'Gold' cards and those issued before 1998
    filtered_data = card[(card['type'] == 'Gold') & (pd.to_datetime(card['issued']).dt.year < 1998)]
    
    # Calculate the percentage of 'Gold' cards issued before 1998
    total_gold_cards = len(card[card['type'] == 'Gold'])
    percentage = (len(filtered_data) / total_gold_cards) * 100
    
    return percentage
```"
155,How many percent of 'Gold' cards were issued prior to 1998?,0,3,baseline,"```python
import pandas as pd

def calculate_gold_card_issuance_before_1998(card, district):
    # Filter gold cards
    gold_cards = card[card['type'] == 'Gold']
    
    # Get the year from the issued column and convert it to integer
    gold_cards['year'] = pd.to_datetime(gold_cards['issued']).dt.year
    
    # Count the number of gold cards issued before 1998
    count_before_1998 = gold_cards[gold_cards['year'] < 1998].shape[0]
    
    # Calculate the total number of gold cards
    total_gold_cards = gold_cards.shape[0]
    
    # Calculate the percentage
    percentage = (count_before_1998 / total_gold_cards) * 100 if total_gold_cards > 0 else 0
    
    return percentage
```"
155,How many percent of 'Gold' cards were issued prior to 1998?,0,4,baseline,"```python
import pandas as pd

def calculate_gold_card_percentage_before_1998(account, card):
    # Merge the two tables on account_id
    merged_df = pd.merge(account, card, how='left', on='account_id')
    
    # Filter rows where card type is 'Gold'
    gold_cards = merged_df[merged_df['type'] == 'Gold']
    
    # Convert the date column to datetime format and extract year
    gold_cards['date'] = pd.to_datetime(gold_cards['date'])
    gold_cards['year'] = gold_cards['date'].dt.year
    
    # Count the number of Gold cards issued before 1998
    before_1998_count = gold_cards[gold_cards['year'] < 1998].shape[0]
    
    # Calculate the percentage
    total_gold_cards = gold_cards.shape[0]
    if total_gold_cards > 0:
        percentage = (before_1998_count / total_gold_cards) * 100
    else:
        percentage = 0
    
    return percentage
```"
156,Who is the owner of the account with the largest loan amount?,2,0,baseline,"```python
import pandas as pd

def get_owner_of_largest_loan(account, client, loan):
    # Merge account and client dataframes to get client details for each account
    merged = pd.merge(account, client, left_on='district_id', right_on='district_id')
    
    # Merge the result with the loan dataframe to get loan details for each account
    merged = pd.merge(merged, loan, left_on='account_id', right_on='account_id')
    
    # Sort the merged dataframe by loan amount in descending order
    sorted_df = merged.sort_values(by='amount', ascending=False)
    
    # Get the top 1 row which corresponds to the account with the largest loan amount
    result = sorted_df.iloc[0]
    
    # Return the name of the owner (client_name) from the result
    return result['name']
```"
156,Who is the owner of the account with the largest loan amount?,2,1,baseline,"```python
import pandas as pd

def find_largest_loan_owner(account, card, client, disp, loan):
    # Merge account and loan tables on account_id
    merged = pd.merge(account, loan, on='account_id')
    
    # Find the maximum loan amount
    max_loan_amount = merged['amount'].max()
    
    # Filter the merged table to only include rows with the maximum loan amount
    filtered = merged[merged['amount'] == max_loan_amount]
    
    # Join with other tables to get the owner's information
    joined = pd.merge(filtered, disp, on='disp_id')
    joined = pd.merge(joined, client, on='client_id')
    
    # Select the required columns
    result = joined[['client_id', 'gender', 'birth_date']]
    
    return result
```"
156,Who is the owner of the account with the largest loan amount?,2,2,baseline,"```python
import pandas as pd

def get_owner_of_largest_loan_account(account, card, client, disp, loan):
    # Merge dataframes to get the required information
    merged = pd.merge(account, loan, on='account_id', how='inner')
    merged = pd.merge(merged, disp, on='disp_id', how='left')
    merged = pd.merge(merged, client, on='client_id', how='left')

    # Find the maximum loan amount and its corresponding account_id
    max_loan_amount = merged['amount'].max()
    max_loan_account = merged[merged['amount'] == max_loan_amount]['account_id'].values[0]

    # Get the owner of the account with the largest loan amount
    owner_info = merged[merged['account_id'] == max_loan_account][['client_id', 'gender', 'birth_date', 'district_id']]
    
    return owner_info
```"
156,Who is the owner of the account with the largest loan amount?,2,3,baseline,"```python
import pandas as pd

def find_largest_loan_owner(account, client, loan):
    # Merge account and loan dataframes to get loan details per account
    merged_data = pd.merge(account, loan, how='left', on='account_id')
    
    # Group by account_id and calculate the sum of loan amounts
    aggregated_data = merged_data.groupby('account_id')['amount'].sum().reset_index()
    
    # Merge aggregated data back with original account dataframe to get owner information
    final_data = pd.merge(aggregated_data, account, how='left', on='account_id')
    
    # Find the index of the account with the largest loan amount
    max_index = final_data['amount'].idxmax()
    
    # Get the owner's name (assuming 'name' column exists in client table)
    owner_name = client.loc[final_data.at[max_index, 'client_id'], 'name']
    
    return owner_name
```"
156,Who is the owner of the account with the largest loan amount?,2,4,baseline,"```python
import pandas as pd

def get_owner_of_largest_loan(account, client):
    # Merge account and client tables to get client information
    merged_df = pd.merge(account, client, left_on='district_id', right_on='district_id')
    
    # Get the maximum loan amount
    max_loan_amount = merged_df['amount'].max()
    
    # Filter the DataFrame to only include rows where the loan amount is equal to the maximum
    result = merged_df[merged_df['amount'] == max_loan_amount][['client_id']]
    
    return result
```"
157,What is the number of committed crimes in 1995 in the district of the account with the id 532?,1,0,baseline,"```python
import pandas as pd

def compute_feature(account, district):
    # Merge account and district tables to get district information for each account
    merged = pd.merge(account, district, how='left', left_on='district_id', right_index=True)

    # Filter the rows where the account_id is 532 and year is 1995
    filtered = merged[(merged['account_id'] == 532) & (merged['date'].dt.year == 1995)]

    # Count the number of rows in the filtered DataFrame
    result = len(filtered)

    return result
```"
157,What is the number of committed crimes in 1995 in the district of the account with the id 532?,1,1,baseline,"```python
import pandas as pd

def compute_feature(account, district):
    # Filter account by account_id
    account_filtered = account[account['account_id'] == 532]
    
    # Merge account_filtered with district to get district_id
    merged_df = pd.merge(account_filtered, district, left_on='district_id', right_index=True)
    
    # Filter district by year 1995
    district_1995 = merged_df[(merged_df['date'].dt.year == 1995)]
    
    # Compute number of committed crimes
    num_crimes = len(district_1995)
    
    return num_crimes
```"
157,What is the number of committed crimes in 1995 in the district of the account with the id 532?,1,2,baseline,"```python
import pandas as pd

def compute_feature(account, card, client, disp, district, loan, order, trans):
    # Merge dataframes to get district information for the account with id 532
    merged_df = pd.merge(account, client, left_on='client_id', right_on='client_id')
    merged_df = pd.merge(merged_df, district, left_on='district_id', right_on='district_id')
    
    # Filter for the account with id 532
    filtered_df = merged_df[merged_df['account_id'] == 532]
    
    # Extract year from date and filter for 1995
    filtered_df['year'] = pd.to_datetime(filtered_df['date']).dt.year
    filtered_df = filtered_df[filtered_df['year'] == 1995]
    
    # Count the number of committed crimes (assuming 'A1' indicates a crime)
    num_crimes = sum(filtered_df['A1'].apply(lambda x: 1 if x == 'A1' else 0))
    
    return num_crimes
```"
157,What is the number of committed crimes in 1995 in the district of the account with the id 532?,1,3,baseline,"```python
import pandas as pd

def compute_feature(account, client, district):
    # Merge account and district to get district information for each account
    merged = pd.merge(account, district, how='left', left_on='district_id', right_on='district_id')
    
    # Filter for account with id 532
    filtered = merged[merged['account_id'] == 532]
    
    # Assuming there's a table named 'crime' with columns 'district_id', 'year', and 'committed_crimes'
    # Load crime data (replace with actual loading method)
    crime = pd.read_csv('path_to_crime_data.csv')
    
    # Merge filtered account data with crime data to get committed crimes in 1995
    result = pd.merge(filtered, crime, how='left', left_on='district_id', right_on='district_id')
    
    # Calculate total committed crimes in 1995
    total_committed_crimes = result[result['year'] == 1995]['committed_crimes'].sum()
    
    return total_committed_crimes
```"
157,What is the number of committed crimes in 1995 in the district of the account with the id 532?,1,4,baseline,"```python
import pandas as pd

def compute_feature(account, client, district):
    # Filter the district table to get the district name for account_id 532
    district_name = district[district['account_id'] == 532]['A2'].values[0]
    
    # Filter the crime table to get the number of committed crimes in 1995 in the specific district
    num_crimes = (crime[(crime['district'] == district_name) & 
                      (crime['year'] == 1995)]).shape[0]
    
    return num_crimes
```"
158,What is the district Id of the account that placed the order with the id 33333?,2,0,baseline,"```python
import pandas as pd

def get_district_id_for_order(order_id):
    # Join order table with account table to get account details
    merged_df = pd.merge(order, account, left_on='account_id', right_on='account_id')
    
    # Filter the merged DataFrame to get the row where order_id matches
    filtered_df = merged_df[merged_df['order_id'] == order_id]
    
    # Get the district_id from the filtered DataFrame
    district_id = filtered_df['district_id'].values[0]
    
    return district_id
```"
158,What is the district Id of the account that placed the order with the id 33333?,2,1,baseline,"```python
import pandas as pd

def get_district_id_for_order(order_id):
    return order[order['order_id'] == order_id]['account_id'].join(account.set_index('account_id'), how='left')['district_id']
```"
158,What is the district Id of the account that placed the order with the id 33333?,2,2,baseline,"```python
def get_district_id_for_order(order_id):
    # Merge order and account tables to find the account_id for the given order_id
    merged_table = pd.merge(order, account, left_on='account_id', right_on='account_id')
    
    # Filter the merged table to only include the row where the order_id matches
    filtered_table = merged_table[merged_table['order_id'] == order_id]
    
    # Return the district_id from the filtered table
    return filtered_table['district_id'].values[0]
```"
158,What is the district Id of the account that placed the order with the id 33333?,2,3,baseline,"```python
def get_district_id_of_order(order_id):
    return order[order['order_id'] == order_id]['account_id'].map(account.set_index('account_id')['district_id']).values[0]
```"
158,What is the district Id of the account that placed the order with the id 33333?,2,4,baseline,"```python
def get_district_id_for_order(order_id):
    return order[order['order_id'] == order_id]['account_id'].map(account.set_index('account_id')['district_id']).iloc[0]
```"
159,List all the withdrawals in cash transactions that the client with the id 3356 makes.,3,0,baseline,"```python
import pandas as pd

def get_cash_withdrawals(client_df, trans_df):
    # Filter the transactions to only include those made by client with id 3356
    client_transactions = trans_df[trans_df['account_id'].isin(client_df[client_df['client_id'] == 3356]['account_id'])]
    
    # Filter the transactions to only include those of type 'VYTI' (withdrawal)
    withdrawal_transactions = client_transactions[client_transactions['type'] == 'VYTI']
    
    # Further filter to only include those where the operation is 'W' (cash)
    cash_withdrawals = withdrawal_transactions[withdrawal_transactions['operation'] == 'W']
    
    return cash_withdrawals
```"
159,List all the withdrawals in cash transactions that the client with the id 3356 makes.,3,1,baseline,"```python
import pandas as pd

def get_cash_withdrawals(trans, client):
    # Filter the transaction table to include only cash withdrawals and withdrawals made by the specific client
    filtered_trans = trans[(trans['type'] == 'W') & (trans['operation'] == 'VYBER') & (trans['account_id'].isin(client['account_id']))]
    
    return filtered_trans
```"
159,List all the withdrawals in cash transactions that the client with the id 3356 makes.,3,2,baseline,"```python
import pandas as pd

def feature_withdrawal_cash(df_client, df_trans):
    # Filter transactions where the client has an account and is withdrawing money from it
    result = df_trans[(df_trans['account_id'].isin(df_client[df_client['client_id'] == 3356]['account_id'])) 
                      & (df_trans['type'] == 'W') 
                      & (df_trans['operation'] == 'VYBER')]
    
    return result
```"
159,List all the withdrawals in cash transactions that the client with the id 3356 makes.,3,3,baseline,"```python
import pandas as pd

def feature_withdrawals_cash(trans, client):
    # Filter transactions made by client with id 3356
    client_transactions = trans[trans['account_id'].isin(client['account_id'][client['client_id'] == 3356].values)]
    
    # Filter withdrawal transactions
    withdrawal_transactions = client_transactions[client_transactions['type'] == 'W']
    
    # Filter cash transactions (operation 'VYJ' is used here as an example, you may need to adjust based on your data)
    cash_withdrawals = withdrawal_transactions[withdrawal_transactions['operation'] == 'VYJ']
    
    return cash_withdrawals
```"
159,List all the withdrawals in cash transactions that the client with the id 3356 makes.,3,4,baseline,"```python
import pandas as pd

def compute_feature(client_df, trans_df):
    # Filter the transactions to only include withdrawals (type == 'VÝJEM')
    filtered_trans = trans_df[trans_df['type'] == 'VÝJEM']
    
    # Merge the filtered transactions with the client DataFrame to get the client_id
    merged_df = pd.merge(filtered_trans, client_df[['client_id', 'account_id']], how='left', left_on='account_id', right_on='account_id')
    
    # Filter the merged DataFrame to only include the client with id 3356
    result = merged_df[merged_df['client_id'] == 3356]
    
    return result
```"
160,"Among the weekly issuance accounts, how many have a loan of under 200000?",1,0,baseline,"```python
import pandas as pd

def compute_feature(account, card, client, disp, district, loan):
    # Merge data to get account details and associated loans
    merged_data = pd.merge(account, disp, on='account_id')
    merged_data = pd.merge(merged_data, loan, on='account_id', suffixes=('', '_loan'))
    
    # Filter accounts with a loan amount less than 200000
    filtered_accounts = merged_data[merged_data['amount_loan'] < 200000]
    
    return len(filtered_accounts)
```"
160,"Among the weekly issuance accounts, how many have a loan of under 200000?",1,1,baseline,"```python
import pandas as pd

def count_under_200k_loans(account, loan):
    # Merge account and loan dataframes on 'account_id'
    merged_df = pd.merge(account, loan, on='account_id', how='inner')
    
    # Filter out rows where the loan amount is less than 200000
    filtered_df = merged_df[merged_df['amount'] < 200000]
    
    # Count the number of unique account_ids in the filtered dataframe
    result = len(filtered_df['account_id'].unique())
    
    return result
```"
160,"Among the weekly issuance accounts, how many have a loan of under 200000?",1,2,baseline,"```python
import pandas as pd

def count_weekly_issuance_accounts_with_loan_under_200k(account, card, client, disp, district, loan, order, trans):
    # Merge necessary tables to get the required information
    merged_df = pd.merge(account, disp, on='account_id')
    merged_df = pd.merge(merged_df, loan, on='account_id')
    
    # Filter accounts with a loan of less than 200000
    filtered_df = merged_df[merged_df['amount'] < 200000]
    
    # Get the number of unique accounts
    num_accounts = len(filtered_df['account_id'].unique())
    
    return num_accounts
```"
160,"Among the weekly issuance accounts, how many have a loan of under 200000?",1,3,baseline,"```python
import pandas as pd

def feature_engineering(df_account, df_card, df_client, df_disp, df_district, df_loan, df_order, df_trans):
    # Merge dataframes to get necessary information
    merged_df = pd.merge(df_account, df_disp, on='account_id')
    merged_df = pd.merge(merged_df, df_loan, on='account_id')

    # Filter accounts with loan amount less than 200000 and check if they were issued in the last week
    filtered_df = merged_df[(merged_df['amount'] < 200000) & (merged_df['date_x'].dt.weekday <= 4)]

    # Count unique accounts
    result = len(filtered_df['account_id'].unique())

    return result
```"
160,"Among the weekly issuance accounts, how many have a loan of under 200000?",1,4,baseline,"```python
import pandas as pd

def feature_engineering(account, card, client, disp, district, loan, order, trans):
    # Merge tables to get necessary information
    merged = pd.merge(account, disp, on='account_id')
    merged = pd.merge(merged, client, on='client_id')
    merged = pd.merge(merged, loan, on='account_id', suffixes=('', '_loan'))
    
    # Filter accounts with a loan of less than 200000 and issued within a week
    filtered = merged[(merged['amount_loan'] < 200000) & (merged['issued'].dt.week == merged['date'].dt.week)]
    
    # Get unique account IDs
    result = filtered['account_id'].nunique()
    
    return result
```"
161,What type of credit card does the client with the id 13539 own?,2,0,baseline,"```python
import pandas as pd

def get_credit_card_type(client_df, disp_df):
    """"""
    This function takes in two pandas dataframes (client_df and disp_df) and returns a string 
    representing the type of credit card owned by the client with ID 13539.
    
    Parameters:
    - client_df: DataFrame containing information about clients.
    - disp_df: DataFrame containing information about the different types of displays/accounts associated with each client.
    
    Returns:
    - A string representing the type of credit card owned by the client with ID 13539.
    """"""

    # Filter the data to only include rows where the client's ID is 13539
    filtered_disp = disp_df[disp_df['client_id'] == 13539]

    # Merge the filtered data with the client data to get the type of display
    merged_data = pd.merge(filtered_disp, client_df, left_on='client_id', right_on='client_id')

    # Find the unique type of display for the client with ID 13539
    credit_card_type = merged_data['type'].unique()

    return credit_card_type[0] if len(credit_card_type) > 0 else 'No Credit Card'
```"
161,What type of credit card does the client with the id 13539 own?,2,1,baseline,"```python
import pandas as pd

def get_credit_card_type(client_id):
    # Join disp and card tables to get card information
    disp_card = disp.merge(card, how='left', on='card_id')
    
    # Filter rows where the client has an account and the account is a loan account
    loan_accounts = loan[loan['status'] == 'A'].account_id
    client_accounts = disp[(disp['client_id'] == client_id) & (disp['type'] != 'K')]['account_id']
    relevant_accounts = client_accounts.intersection(loan_accounts)
    
    # Select the card types for the relevant accounts
    result = disp_card[(disp_card['account_id'].isin(relevant_accounts))][['type']]
    
    return result
```"
161,What type of credit card does the client with the id 13539 own?,2,2,baseline,"```python
import pandas as pd

def get_credit_card_type(client_df, disp_df):
    # Merge client and disp tables on client_id
    merged = pd.merge(client_df, disp_df, how='inner', left_on='client_id', right_on='client_id')
    
    # Filter rows where the client has a credit card (type 'Kreditkarte' in German)
    credit_cards = merged[merged['type'] == 'Kreditkarte']
    
    return credit_cards
```"
161,What type of credit card does the client with the id 13539 own?,2,3,baseline,"```python
import pandas as pd

def get_credit_card_type(client_id):
    # Merge card and disp tables on disp_id
    merged_table = pd.merge(card, disp, on='disp_id')
    
    # Filter rows where client_id matches and type is 'Kreditkarte'
    result = merged_table[(merged_table['client_id'] == client_id) & (merged_table['type'] == 'Kreditkarte')]
    
    return result[['card_id', 'type']]
```"
161,What type of credit card does the client with the id 13539 own?,2,4,baseline,"```python
import pandas as pd

def get_credit_card_type(client_id):
    # Join disp and card tables to get the card details for each disp record
    joined_disp_card = pd.merge(disp, card, how='left', on='card_id')
    
    # Filter for the specific client ID and card type 'Kreditkarte'
    client_cards = joined_disp_card[(joined_disp_card['client_id'] == client_id) & (joined_disp_card['type'] == 'Kreditkarte')]
    
    return client_cards[['disp_id', 'type']]
```"
162,What is the region of the client with the id 3541 from?,1,0,baseline,"```python
def compute_region_of_client(client):
    return client.merge(district, how='left', left_on='district_id', right_on='district_id')['A2']
```"
162,What is the region of the client with the id 3541 from?,1,1,baseline,"```python
import pandas as pd

def get_client_region(client_df, district_df, client_id):
    # Merge client and district dataframes on district_id column
    merged_df = pd.merge(client_df, district_df, left_on='district_id', right_index=True)

    # Filter the dataframe to only include the client with the specified id
    filtered_df = merged_df[merged_df['client_id'] == client_id]

    # Get the region information (A2) from the first row (there should be only one)
    region_info = filtered_df.iloc[0]['A2']

    return region_info
```"
162,What is the region of the client with the id 3541 from?,1,2,baseline,"```python
import pandas as pd

def compute_feature_client_region(client_df, district_df):
    # Merge client and district dataframes on district_id
    merged = pd.merge(client_df, district_df, left_on='district_id', right_index=True)
    
    # Filter for the client with id 3541
    filtered = merged[merged['client_id'] == 3541]
    
    # Select the required column (A2) which represents the region
    result = filtered['A2'].values[0]
    
    return result
```"
162,What is the region of the client with the id 3541 from?,1,3,baseline,"```python
def get_client_region(client_id):
    # Join client and district tables on district_id
    client_district = pd.merge(client, district, how='left', left_on='district_id', right_on='district_id')
    
    # Filter rows where client_id matches the input parameter
    filtered_df = client_district[client_district['client_id'] == client_id]
    
    # Select the A1 column from district table which represents the region
    result = filtered_df[['A1']]
    
    return result
```"
162,What is the region of the client with the id 3541 from?,1,4,baseline,"```python
def get_client_region(client_id):
    return district.loc[district['district_id'] == client.district_id[client['client_id'] == client_id].values[0], ['A2', 'A3']].values.flatten()
```"
163,Which district has the most accounts with loan contracts finished with no problems?,2,0,baseline,"```python
import pandas as pd

def get_most_healthy_district(account, district, loan):
    # Merge dataframes to find relevant records
    merged_df = pd.merge(account, district, how='left', left_on='district_id', right_on='district_id')
    merged_df = pd.merge(merged_df, loan, how='left', left_on='account_id', right_on='account_id')

    # Filter out loans with 'finished without problem' status
    healthy_loans = merged_df[merged_df['status'] == 'Finished without problem']

    # Group by district and count the number of healthy loans
    result = healthy_loans.groupby('A2').size().reset_index(name='count')

    # Find the district with the highest number of healthy loans
    max_count = result['count'].max()
    most_healthy_district = result[result['count'] == max_count]['A2'].values[0]

    return most_healthy_district
```"
163,Which district has the most accounts with loan contracts finished with no problems?,2,1,baseline,"```python
import pandas as pd

def compute_feature(account, client, district, loan):
    # Merge necessary tables to get district information for each loan
    merged = pd.merge(account, district, how='left', left_on='district_id', right_index=True)
    merged = pd.merge(merged, client, how='left', left_on='client_id', right_index=True)
    merged = pd.merge(merged, loan, how='left', left_on='account_id', right_index=True)

    # Filter loans that have been completed without problems
    completed_loans = merged[merged['status'] == 'K']

    # Group by district and count the number of completed loans
    result = completed_loans.groupby('A2').size().reset_index(name='completed_loan_count')

    # Find the district with the most completed loans
    max_completed = result.max()['completed_loan_count']
    most_accounts_district = result[result['completed_loan_count'] == max_completed]['A2'].values[0]

    return most_accounts_district
```"
163,Which district has the most accounts with loan contracts finished with no problems?,2,2,baseline,"```python
import pandas as pd

def feature_1(account, client, district, loan):
    # Merge data to find all districts with loans
    merged = pd.merge(account, loan, how='inner', left_on='account_id', right_on='account_id')
    
    # Filter out loans that have finished without problems
    finished_loans = merged[merged['status'] == 'K']
    
    # Group by district and count the number of finished loans
    district_counts = finished_loans.groupby('district_id').size()
    
    # Get the district with the highest count of finished loans
    result = district_counts.idxmax()
    
    return result
```"
163,Which district has the most accounts with loan contracts finished with no problems?,2,3,baseline,"```python
import pandas as pd

def feature_4(account, card, client, disp, district, loan, order, trans):
    # Merge relevant tables to get district information for each account
    merged_df = pd.merge(account, district, left_on='district_id', right_index=True)
    
    # Filter for loans with status 'C' (finished without problem)
    loan_finished = loan[loan['status'] == 'C']
    
    # Merge loan data with account data to link loans to districts
    loan_district = pd.merge(merged_df, loan_finished, left_on='account_id', right_on='account_id')
    
    # Group by district and count the number of unique accounts with finished loans
    result = loan_district.groupby('A2').size().reset_index(name='count')
    
    # Sort in descending order and return the top 1 district
    return result.sort_values(by='count', ascending=False).head(1)['A2'].iloc[0]
```"
163,Which district has the most accounts with loan contracts finished with no problems?,2,4,baseline,"```python
import pandas as pd

def compute_feature(account, card, client, disp, district, loan, order, trans):
    # Join the necessary tables to get the district information for each loan
    merged_df = loan.merge(account, how='left', left_on='account_id', right_on='account_id')
    merged_df = merged_df.merge(district, how='left', left_on='district_id', right_on='district_id')

    # Filter loans that have finished with no problems
    filtered_df = merged_df[merged_df['status'] == 'K']

    # Group by district and count the number of accounts
    result = filtered_df.groupby('A2').size().reset_index(name='count')

    # Find the district with the most accounts
    max_count = result['count'].max()
    district_with_most_accounts = result[result['count'] == max_count]['A2'].values[0]

    return district_with_most_accounts
```"
164,Who placed the order with the id 32423?,3,0,baseline,"```python
import pandas as pd

def find_order_owner(order_df):
    return order_df.loc[order_df['order_id'] == 32423, 'client_id'].values[0]
```"
164,Who placed the order with the id 32423?,3,1,baseline,"```python
def who_placed_order(df_order):
    return df_order.loc[df_order['order_id'] == 32423, 'client_id'].values[0]
```"
164,Who placed the order with the id 32423?,3,2,baseline,"```python
import pandas as pd

def find_order_owner(order_df):
    # Filter the DataFrame to get the row with order_id = 32423
    result = order_df[order_df['order_id'] == 32423]
    
    # Return the 'bank_to' column value from the filtered row
    return result['bank_to'].iloc[0] if not result.empty else None
```"
164,Who placed the order with the id 32423?,3,3,baseline,"```python
import pandas as pd

def who_placed_order(order_id):
    return order[order['order_id'] == order_id]['bank_to'].values[0]
```"
164,Who placed the order with the id 32423?,3,4,baseline,"```python
import pandas as pd

def find_order_placer(order_df):
    # Filter the order DataFrame to get the row where order_id is 32423
    order = order_df[order_df['order_id'] == 32423]
    
    # Return the client_id of the person who placed the order
    return order['client_id'].iloc[0]
```"
165,Please list all the transactions made by accounts from district 5.,2,0,baseline,"```python
import pandas as pd

def get_transactions_from_district_5(account, trans):
    # Merge account and trans tables on account_id
    merged_df = pd.merge(account, trans, how='inner', on='account_id')
    
    # Filter rows where district_id is 5
    filtered_df = merged_df[merged_df['district_id'] == 5]
    
    return filtered_df[['trans_id', 'date', 'type', 'operation', 'amount', 'balance', 'k_symbol', 'bank']]
```"
165,Please list all the transactions made by accounts from district 5.,2,1,baseline,"```python
import pandas as pd

def get_transactions_from_district_5(account, trans):
    return (
        account
        .merge(trans, how=""inner"", left_on=""account_id"", right_on=""account_id"")
        .query(""district_id == 5"")
        [[""trans_id"", ""date"", ""type"", ""operation"", ""amount"", ""balance""]]
    )
```"
165,Please list all the transactions made by accounts from district 5.,2,2,baseline,"```python
import pandas as pd

def get_transactions_from_district_5(account, district, trans):
    return pd.merge(pd.merge(account, district, how='inner', left_on='district_id', right_on='district_id'),
                   trans, how='inner', left_on='account_id', right_on='account_id')
```"
165,Please list all the transactions made by accounts from district 5.,2,3,baseline,"```python
import pandas as pd

def get_transactions_from_district_5(account, trans):
    return pd.merge(account[account['district_id'] == 5], 
                   trans, 
                   left_on='account_id', 
                   right_on='account_id')
```"
165,Please list all the transactions made by accounts from district 5.,2,4,baseline,"```python
import pandas as pd

def transactions_from_district_5(account, district, trans):
    return pd.merge(account[account['district_id'] == 5], trans, how='inner', left_on='account_id', right_on='account_id')
```"
166,How many of the accounts are from Jesenik district?,1,0,baseline,"```python
def compute_feature_jesenik(account):
    jesenik_mask = (account['district_id'] == 'Jesenik')
    return jesenik_mask.sum()
```"
166,How many of the accounts are from Jesenik district?,1,1,baseline,"```python
def count_accounts_from_jesenik(district):
    jesenik_mask = (district['A1'] == 'Jeseník')
    jesenik_district_ids = district[jesenik_mask]['district_id']
    return len(jesenik_district_ids)
```"
166,How many of the accounts are from Jesenik district?,1,2,baseline,"```python
import pandas as pd

def compute_feature(account, district):
    # Merge account and district tables on district_id
    merged = pd.merge(account, district, how='left', left_on='district_id', right_index=True)

    # Filter rows where A2 is 'Jesenik'
    jesenik_accounts = merged[merged['A2'] == 'Jesenik']

    # Count unique account_ids in Jesenik district
    num_jesenik_accounts = jesenik_accounts['account_id'].nunique()

    return num_jesenik_accounts
```"
166,How many of the accounts are from Jesenik district?,1,3,baseline,"```python
import pandas as pd

def compute_feature(account, district):
    # Merge account and district tables on district_id column
    merged_df = pd.merge(account, district, how='left', left_on='district_id', right_on='district_id')
    
    # Filter rows where A1 column in district table is 'Jesenik'
    jesenik_accounts = merged_df[merged_df['A1'] == 'Jesenik']
    
    # Count the number of unique account IDs in Jesenik district
    num_jesenik_accounts = jesenik_accounts['account_id'].nunique()
    
    return num_jesenik_accounts
```"
166,How many of the accounts are from Jesenik district?,1,4,baseline,"```python
import pandas as pd

def compute_feature(account, district):
    jesenik_accounts = account.merge(district, how='left', left_on='district_id', right_on='district_id')
    jesenik_accounts = jesenik_accounts[jesenik_accounts['A2'] == 'Jesenik']
    return jesenik_accounts.shape[0]
```"
167,List all the clients' IDs whose junior credit cards were issued after 1996.,1,0,baseline,"```python
import pandas as pd

def get_junior_credit_card_clients(account, card, client):
    # Merge account and card tables to find junior credit cards
    merged_account_card = pd.merge(account, card, on='account_id')
    
    # Filter junior credit cards (type 'Kreditkarte') and those issued after 1996
    junior_cards = merged_account_card[(merged_account_card['type'] == 'Kreditkarte') & 
                                      (merged_account_card['issued'].dt.year > 1996)]
    
    # Get unique client IDs from the filtered data
    result = junior_cards[['client_id']].drop_duplicates()
    
    return result
```"
167,List all the clients' IDs whose junior credit cards were issued after 1996.,1,1,baseline,"```python
import pandas as pd

def get_clients_with_junior_credit_cards_after_1996(account, card, client):
    # Filter accounts issued after 1996
    account_filtered = account[account['date'].dt.year > 1996]
    
    # Merge with card table to find junior credit cards
    junior_cards = account_filtered.merge(card, left_on='account_id', right_on='card_id')
    
    # Merge with client table to get client ids
    result = junior_cards.merge(client, left_on='client_id', right_on='client_id')['client_id']
    
    return result.drop_duplicates()
```"
167,List all the clients' IDs whose junior credit cards were issued after 1996.,1,2,baseline,"```python
import pandas as pd

def junior_credit_cards_issued_after_1996(account, card):
    # Filter accounts with 'junior' credit card types
    junior_cards = card[card['type'] == 'junior']
    
    # Merge junior cards with their corresponding accounts to get account_ids
    junior_accounts = junior_cards.merge(account[['account_id', 'district_id']], 
                                          left_on='account_id', right_on='account_id')
    
    # Get the minimum issue year of junior credit cards in each district
    min_issue_years = junior_accounts.groupby('district_id')['issued'].min().reset_index()
    
    # Merge back to filter out districts where junior credit cards were issued before or in 1996
    filtered_accounts = junior_accounts.merge(min_issue_years, 
                                            left_on='district_id', right_on='district_id')
    result = filtered_accounts[filtered_accounts['issued'] > 1996]['client_id'].drop_duplicates()
    
    return result
```"
167,List all the clients' IDs whose junior credit cards were issued after 1996.,1,3,baseline,"```python
import pandas as pd

def get_junior_credit_card_issued_after_1996(account, card, client):
    # Merge account and card tables on account_id to get card details
    merged_account_card = pd.merge(account, card, how='inner', left_on='account_id', right_on='card_id')
    
    # Filter for junior credit cards (type == 'Kreditovana kartica')
    junior_cards = merged_account_card[merged_account_card['type'] == 'Kreditovana kartica']
    
    # Convert issue date from string to datetime format
    junior_cards['issued'] = pd.to_datetime(junior_cards['issued'])
    
    # Filter for cards issued after 1996
    junior_cards_after_1996 = junior_cards[junior_cards['issued'].dt.year > 1996]
    
    # Get unique client IDs from the filtered junior cards DataFrame
    result = junior_cards_after_1996[['client_id']].drop_duplicates()
    
    return result
```"
167,List all the clients' IDs whose junior credit cards were issued after 1996.,1,4,baseline,"```python
import pandas as pd

def junior_credit_cards_issued_after_1996(account, card):
    # Merge the 'account' and 'card' tables on 'account_id'
    merged_df = pd.merge(account, card, on='account_id')
    
    # Convert 'issued' column to datetime format
    merged_df['issued'] = pd.to_datetime(merged_df['issued'])
    
    # Filter rows where 'issued' year is greater than 1996
    filtered_df = merged_df[merged_df['issued'].dt.year > 1996]
    
    # Select distinct 'client_id' from the filtered DataFrame
    result = filtered_df[['client_id']].drop_duplicates()
    
    return result
```"
168,What percentage of clients who opened their accounts in the district with an average salary of over 10000 are women?,1,0,baseline,"```python
import pandas as pd

def calculate_female_clients_percentage(account, client):
    # Merge the two tables on 'account_id' to get client information for each account
    merged_df = pd.merge(account, client, left_on='district_id', right_on='district_id')
    
    # Calculate the average salary per district and filter out districts with avg_salary > 10000
    avg_salary_per_district = merged_df.groupby('district_id')['amount'].mean()
    high_income_districts = avg_salary_per_district[avg_salary_per_district > 10000].index
    
    # Filter the merged DataFrame to only include high-income districts
    filtered_df = merged_df[merged_df['district_id'].isin(high_income_districts)]
    
    # Count the number of female clients
    female_count = filtered_df[filtered_df['gender'] == 'W']['client_id'].count()
    
    # Calculate the total number of clients in high-income districts
    total_clients = filtered_df.shape[0]
    
    # Calculate the percentage of female clients
    percentage_female = (female_count / total_clients) * 100 if total_clients != 0 else 0
    
    return percentage_female
```"
168,What percentage of clients who opened their accounts in the district with an average salary of over 10000 are women?,1,1,baseline,"```python
import pandas as pd

def compute_feature(client, account):
    # Merge client and account dataframes on 'client_id' to get district information
    merged = pd.merge(client, account, how='inner', left_on='client_id', right_on='client_id')
    
    # Filter districts with an average salary of over 10000
    avg_salary_over_10k = merged.groupby('district_id')['amount'].mean() > 10000
    filtered_districts = avg_salary_over_10k[avg_salary_over_10k].index
    
    # Keep only rows from these districts
    filtered_merged = merged[merged['district_id'].isin(filtered_districts)]
    
    # Calculate percentage of female clients
    female_percentage = (filtered_merged['gender'] == 'W').mean()
    
    return female_percentage
```"
168,What percentage of clients who opened their accounts in the district with an average salary of over 10000 are women?,1,2,baseline,"```python
import pandas as pd

def compute_feature(client, account, district):
    # Merge client and account dataframes on 'client_id' and 'account_id'
    merged = pd.merge(client, account, on='client_id')
    
    # Merge the result with district dataframe on 'district_id'
    merged = pd.merge(merged, district, on='district_id')
    
    # Filter out districts with average salary over 10000
    avg_salary_over_10k = district[district['A16'] > 10000]['district_id']
    filtered_merged = merged[merged['district_id'].isin(avg_salary_over_10k)]
    
    # Calculate the percentage of female clients
    total_clients = len(filtered_merged)
    female_clients = len(filtered_merged[filtered_merged['gender'] == 'F'])
    percentage_female = (female_clients / total_clients) * 100 if total_clients > 0 else 0
    
    return {'percentage_female': percentage_female}
```"
168,What percentage of clients who opened their accounts in the district with an average salary of over 10000 are women?,1,3,baseline,"```python
import pandas as pd

def compute_feature(account, client):
    # Merge account and client dataframes on 'client_id'
    merged_df = pd.merge(account, client, left_on='account_id', right_on='client_id')
    
    # Calculate the average salary per district
    avg_salary_per_district = merged_df.groupby('district_id')['amount'].mean().reset_index()
    
    # Filter districts with average salary over 10000
    high_avg_salary_districts = avg_salary_per_district[avg_salary_per_district['amount'] > 10000]['district_id']
    
    # Filter merged DataFrame to include only those records from high avg salary districts
    filtered_df = merged_df[merged_df['district_id'].isin(high_avg_salary_districts)]
    
    # Compute the percentage of female clients
    female_percentage = (filtered_df['gender'] == 'W').mean() * 100
    
    return female_percentage
```"
168,What percentage of clients who opened their accounts in the district with an average salary of over 10000 are women?,1,4,baseline,"```python
import pandas as pd

def calculate_female_clients_percentage(account, client):
    # Merge account and client tables on account_id
    merged_table = pd.merge(account, client, how='left', left_on='account_id', right_on='client_id')
    
    # Calculate average salary per district
    avg_salary_per_district = merged_table.groupby('district_id')['amount'].mean().reset_index()
    
    # Filter districts with average salary > 10000
    high_income_districts = avg_salary_per_district[avg_salary_per_district['amount'] > 10000]['district_id']
    
    # Filter clients from high-income districts
    filtered_clients = merged_table[merged_table['district_id'].isin(high_income_districts)]
    
    # Count female clients
    female_clients_count = filtered_clients[filtered_clients['gender'] == 'F']['gender'].count()
    
    # Calculate total number of clients from high-income districts
    total_clients_count = len(filtered_clients)
    
    # Calculate percentage of female clients
    if total_clients_count == 0:
        return 0
    else:
        return (female_clients_count / total_clients_count) * 100
```"
169,What was the growth rate of the total amount of loans across all accounts for a male client between 1996 and 1997?,3,0,baseline,"```python
import pandas as pd

def compute_loan_growth_rate(account, card, client, disp, district, loan):
    # Merge dataframes to get necessary information
    merged_df = pd.merge(account, loan, on='account_id')
    merged_df = pd.merge(merged_df, client, on='client_id')
    
    # Filter for male clients born between 1996 and 1997
    merged_df['birth_year'] = pd.to_datetime(merged_df['birth_date']).dt.year
    filtered_df = merged_df[(merged_df['gender'] == 'M') & (merged_df['birth_year'].between(1996, 1997))]
    
    # Calculate total loan amount for each year
    yearly_amounts = filtered_df.groupby(filtered_df['date'].dt.year)['amount'].sum().reset_index()
    
    # Compute growth rate
    yearly_amounts['growth_rate'] = yearly_amounts['amount'].pct_change()
    
    return yearly_amounts[['year', 'amount', 'growth_rate']]
```"
169,What was the growth rate of the total amount of loans across all accounts for a male client between 1996 and 1997?,3,1,baseline,"```python
import pandas as pd

def calculate_loan_growth_rate(client, loan):
    # Merge client and loan dataframes on account_id
    merged_data = pd.merge(client, loan, on='account_id')
    
    # Filter data for male clients born in 1996 and 1997
    filtered_data = merged_data[(merged_data['gender'] == 'M') & 
                              (merged_data['birth_date'].dt.year.between(1996, 1997))]
    
    # Calculate total amount of loans for each year
    yearly_sum = filtered_data.groupby(filtered_data['date'].dt.year)['amount'].sum().reset_index()
    
    # Calculate growth rate
    yearly_sum['growth_rate'] = yearly_sum['amount'].pct_change()
    
    return yearly_sum
```"
169,What was the growth rate of the total amount of loans across all accounts for a male client between 1996 and 1997?,3,2,baseline,"```python
import pandas as pd

def compute_loan_growth_rate(account, card, client, disp, district, loan, order, trans):
    # Merge relevant tables to get necessary information
    merged = account.merge(client, how='left', left_on='district_id', right_on='district_id')
    merged = merged.merge(loan, how='left', left_on='account_id', right_on='account_id')

    # Filter for male clients born between 1996 and 1997
    filtered = merged[(merged['gender'] == 'M') & 
                      (merged['birth_date'].dt.year >= 1996) & 
                      (merged['birth_date'].dt.year <= 1997)]

    # Calculate the total amount of loans for each year
    yearly_sum = filtered.groupby(filtered['date'].dt.year)['amount'].sum().reset_index()

    # Compute the growth rate
    yearly_sum['growth_rate'] = yearly_sum['amount'].pct_change()

    return yearly_sum
```"
169,What was the growth rate of the total amount of loans across all accounts for a male client between 1996 and 1997?,3,3,baseline,"```python
import pandas as pd

def compute_loan_growth_rate(account, card, client, disp, district, loan):
    # Merge necessary tables to get the required information
    merged_df = pd.merge(account, disp, how='left', left_on='account_id', right_on='account_id')
    merged_df = pd.merge(merged_df, client, how='left', left_on='client_id', right_on='client_id')
    merged_df = pd.merge(merged_df, loan, how='left', left_on='account_id', right_on='account_id')

    # Filter for male clients born between 1996 and 1997
    filtered_df = merged_df[(merged_df['gender'] == 'M') & 
                           (merged_df['birth_date'].dt.year >= 1996) & 
                           (merged_df['birth_date'].dt.year <= 1997)]

    # Calculate the total loan amount for each year
    yearly_sum = filtered_df.groupby(filtered_df['date'].dt.year)['amount'].sum().reset_index()

    # Compute the growth rate
    yearly_sum['growth_rate'] = yearly_sum['amount'].pct_change() * 100

    return yearly_sum
```"
169,What was the growth rate of the total amount of loans across all accounts for a male client between 1996 and 1997?,3,4,baseline,"```python
import pandas as pd

def calculate_loan_growth_rate(client, loan):
    # Merge client and loan dataframes on account_id
    merged_df = pd.merge(client, loan, on='account_id')
    
    # Filter for male clients born between 1996 and 1997
    filtered_df = merged_df[(merged_df['gender'] == 'M') & 
                            (merged_df['birth_date'].dt.year >= 1996) & 
                            (merged_df['birth_date'].dt.year <= 1997)]
    
    # Group by year and sum the loan amounts
    yearly_sum = filtered_df.groupby(filtered_df['date'].dt.year)['amount'].sum().reset_index()
    
    # Calculate the growth rate
    yearly_sum['growth_rate'] = yearly_sum['amount'].pct_change()
    
    return yearly_sum
```"
170,How many credit card withdrawals were recorded after 1995?,0,0,baseline,"```python
import pandas as pd

def calculate_credit_card_withdrawals_after_1995(account, card, trans):
    # Filter transactions to only include credit card withdrawals
    withdrawal_transactions = trans[(trans['type'] == 'VY') & (trans['operation'] == 'W')]
    
    # Join with card table to filter for credit cards
    withdrawal_transactions = pd.merge(withdrawal_transactions, card, left_on='account_id', right_on='card_id')
    withdrawal_transactions = withdrawal_transactions[withdrawal_transactions['type_x'] == 'K']
    
    # Convert date to datetime and filter for dates after 1995
    withdrawal_transactions['date'] = pd.to_datetime(withdrawal_transactions['date'])
    withdrawal_transactions = withdrawal_transactions[withdrawal_transactions['date'].dt.year > 1995]
    
    return len(withdrawal_transactions)
```"
170,How many credit card withdrawals were recorded after 1995?,0,1,baseline,"```python
import pandas as pd

def credit_card_withdrawals_after_1995(account, card, trans):
    # Merge the account and card tables to get card details
    merged = pd.merge(account, card, how='left', left_on='account_id', right_on='card_id')
    
    # Filter for credit cards (assuming 'credit' is in the type column of the card table)
    merged = merged[merged['type'] == 'credit']
    
    # Convert the date column to datetime
    merged['date'] = pd.to_datetime(merged['date'])
    
    # Filter for transactions after 1995
    filtered = merged[merged['date'].dt.year > 1995]
    
    # Count the number of credit card withdrawals
    result = len(filtered)
    
    return result
```"
170,How many credit card withdrawals were recorded after 1995?,0,2,baseline,"```python
import pandas as pd

def count_credit_card_withdrawals_after_1995(account, card, disp, district, loan, order, trans):
    # Merge the relevant tables to get transaction details for credit cards
    merged = pd.merge(account, disp, on='account_id')
    merged = pd.merge(merged, card, on='disp_id')
    merged = pd.merge(merged, trans, on='account_id')

    # Filter for credit card transactions and withdrawals
    credit_cards = ['Kreditkártya', 'Vízió', 'Hitelkártya']
    withdrawal_types = ['Visszatérítés', 'Átutalás']
    merged = merged[(merged['type'].isin(credit_cards)) & (merged['operation'] == 'Visszatérítés')]

    # Convert date column to datetime format and filter for dates after 1995
    merged['date'] = pd.to_datetime(merged['date'], format='%d.%m.%Y %H:%M:%S')
    merged = merged[merged['date'].dt.year > 1995]

    return len(merged)
```"
170,How many credit card withdrawals were recorded after 1995?,0,3,baseline,"```python
import pandas as pd

def credit_card_withdrawals_after_1995(card, trans):
    # Filter transactions where type is 'W' (withdrawal) and bank is 'CC' (credit card)
    filtered_trans = trans[(trans['type'] == 'W') & (trans['bank'] == 'CC')]
    
    # Convert date to datetime format
    filtered_trans['date'] = pd.to_datetime(filtered_trans['date'])
    
    # Filter transactions after 1995
    after_1995 = filtered_trans[filtered_trans['date'].dt.year > 1995]
    
    return len(after_1995)
```"
170,How many credit card withdrawals were recorded after 1995?,0,4,baseline,"```python
import pandas as pd

def compute_feature(card, trans):
    # Filter transactions for 'VT' (withdrawal) and 'KOMU' (credit card) operations
    filtered_trans = trans[(trans['type'] == 'VT') & (trans['k_symbol'] == 'KOMU')]
    
    # Convert transaction dates to datetime format
    filtered_trans['date'] = pd.to_datetime(filtered_trans['date'])
    
    # Filter transactions made after 1995
    after_1995 = filtered_trans[filtered_trans['date'].dt.year > 1995]
    
    # Merge with card table to get card types
    merged_df = pd.merge(after_1995, card, left_on='account_id', right_on='account_id')
    
    # Count the number of credit card withdrawals
    result = len(merged_df)
    
    return result
```"
171,What was the difference in the number of crimes committed in East and North Bohemia in 1996?,0,0,baseline,"```python
def diff_crimes(df_crimes):
    # Filter for crimes in East Bohemia and North Bohemia
    east_bohemia = df_crimes[(df_crimes['A8'] == 'East Bohemia') & (df_crimes['date'].dt.year == 1996)]
    north_bohemia = df_crimes[(df_crimes['A8'] == 'North Bohemia') & (df_crimes['date'].dt.year == 1996)]

    # Calculate the total number of crimes in each region
    num_east_bohemia = east_bohemia.shape[0]
    num_north_bohemia = north_bohemia.shape[0]

    # Compute the difference in the number of crimes between the two regions
    return num_east_bohemia - num_north_bohemia
```"
171,What was the difference in the number of crimes committed in East and North Bohemia in 1996?,0,1,baseline,"```python
import pandas as pd

def calculate_crime_difference(east_bohemia_data, north_bohemia_data):
    east_bohemia_counts = east_bohemia_data['A1'].value_counts()
    north_bohemia_counts = north_bohemia_data['A1'].value_counts()

    total_east = east_bohemia_counts.get('C', 0) + east_bohemia_counts.get('U', 0)
    total_north = north_bohemia_counts.get('C', 0) + north_bohemia_counts.get('U', 0)

    return total_north - total_east
```"
171,What was the difference in the number of crimes committed in East and North Bohemia in 1996?,0,2,baseline,"```python
def compute_feature(crime):
    crime = crime.rename(columns={""A1"": ""district""})
    east_crimes = crime[(crime[""district""] == ""East Bohemia"") & (crime[""year""] == 1996)]
    north_crimes = crime[(crime[""district""] == ""North Bohemia"") & (crime[""year""] == 1996)]
    return {""difference"": east_crimes[""count""].sum() - north_crimes[""count""].sum()}
```"
171,What was the difference in the number of crimes committed in East and North Bohemia in 1996?,0,3,baseline,"```python
def calculate_crime_difference(east_bohemia, north_bohemia):
    east_count = east_bohemia[east_bohemia['A1'] == 'East Bohemia'].shape[0]
    north_count = north_bohemia[north_bohemia['A1'] == 'North Bohemia'].shape[0]
    return north_count - east_count
```"
171,What was the difference in the number of crimes committed in East and North Bohemia in 1996?,0,4,baseline,"```python
import pandas as pd

def calculate_crime_difference(east_bohemia_data, north_bohemia_data):
    # Convert dates to datetime objects if not already
    east_bohemia_data['date'] = pd.to_datetime(east_bohemia_data['date'])
    north_bohemia_data['date'] = pd.to_datetime(north_bohemia_data['date'])

    # Filter data for the year 1996
    east_bohemia_1996 = east_bohemia_data[east_bohemia_data['date'].dt.year == 1996]
    north_bohemia_1996 = north_bohemia_data[north_bohemia_data['date'].dt.year == 1996]

    # Calculate total number of crimes for each region
    east_bohemia_total = east_bohemia_1996['crime_type'].value_counts().sum()
    north_bohemia_total = north_bohemia_1996['crime_type'].value_counts().sum()

    # Calculate the difference
    crime_difference = east_bohemia_total - north_bohemia_total

    return crime_difference
```"
172,How many owner and disponent dispositions are there from account number 1 to account number 10?,0,0,baseline,"```python
import pandas as pd

def compute_feature(account, disp):
    # Filter rows where account_id is between 1 and 10
    filtered_disp = disp[(disp['account_id'] >= 1) & (disp['account_id'] <= 10)]
    
    # Count occurrences of 'owner' and 'disposer' types
    result = filtered_disp['type'].value_counts()
    
    return result.get('owner', 0) + result.get('disposer', 0)
```"
172,How many owner and disponent dispositions are there from account number 1 to account number 10?,0,1,baseline,"```python
def count_owner_dispo(df_disp):
    return df_disp[(df_disp['account_id'] >= 1) & (df_disp['account_id'] <= 10)].shape[0]
```"
172,How many owner and disponent dispositions are there from account number 1 to account number 10?,0,2,baseline,"```python
import pandas as pd

def count_owner_disposition(df_disp):
    return df_disp[(df_disp['account_id'] >= 1) & (df_disp['account_id'] <= 10)].shape[0]
```"
172,How many owner and disponent dispositions are there from account number 1 to account number 10?,0,3,baseline,"```python
def compute_feature(client, disp):
    # Filter rows where account_id is between 1 and 10
    filtered_disp = disp[(disp['account_id'] >= 1) & (disp['account_id'] <= 10)]
    
    # Count rows where type is either 'OWNER' or 'DISP'
    result = filtered_disp[filtered_disp['type'].isin(['OWNER', 'DISP'])].shape[0]
    
    return result
```"
172,How many owner and disponent dispositions are there from account number 1 to account number 10?,0,4,baseline,"```python
import pandas as pd

def compute_feature(account, disp):
    # Filter accounts between 1 and 10
    filtered_accounts = account[(account['account_id'] >= 1) & (account['account_id'] <= 10)]
    
    # Merge with disp table to get all dispositions of these accounts
    merged_df = pd.merge(filtered_accounts, disp, on='account_id')
    
    # Count the number of 'owner' and 'disposer' dispositions
    result = merged_df[merged_df['type'].isin(['OWNER', 'DISPOSER'])].shape[0]
    
    return result
```"
173,How often does account number 3 request an account statement to be released? What was the aim of debiting 3539 in total?,1,0,baseline,"```python
import pandas as pd

def calculate_features(account):
    # Filter for account_id == 3
    account_filtered = account[account['account_id'] == 3]

    # Calculate the number of requests for account statements
    num_requests = len(account_filtered)

    # Calculate the total debit amount for transactions with account_id == 3 and type == 'Vydání'
    total_debit_amount = account_filtered[(account_filtered['type'] == 'Vydání') & (account_filtered['operation'] == 'debit')]['amount'].sum()

    return num_requests, total_debit_amount
```"
173,How often does account number 3 request an account statement to be released? What was the aim of debiting 3539 in total?,1,1,baseline,"```python
import pandas as pd

def compute_features(account, card, client, disp, district, loan, order, trans):
    # Filter account with account_id = 3
    filtered_account = account[account['account_id'] == 3]
    
    # Merge with trans table to get transaction details
    merged_trans = pd.merge(filtered_account, trans, on='account_id', how='left')
    
    # Filter transactions where operation is 'VYDAJ' (Withdrawal) and k_symbol is 'POSLUŽENÍ'
    withdrawal_transactions = merged_trans[(merged_trans['operation'] == 'VYDAJ') & 
                                          (merged_trans['k_symbol'] == 'POSLUŽENÍ')]
    
    # Calculate the total amount withdrawn
    total_withdrawn = withdrawal_transactions['amount'].sum()
    
    # Count the number of withdrawal requests
    num_requests = len(withdrawal_transactions)
    
    return num_requests, total_withdrawn
```"
173,How often does account number 3 request an account statement to be released? What was the aim of debiting 3539 in total?,1,2,baseline,"```python
import pandas as pd

def compute_features(account, card, client, disp, district, loan, order, trans):
    # Join account and trans tables on account_id
    joined = pd.merge(account, trans, on='account_id')
    
    # Filter for account_id == 3 and operation == 'VYDAJ' (Withdrawal)
    filtered = joined[(joined['account_id'] == 3) & (joined['operation'] == 'VYDAJ')]
    
    # Count the number of times account 3 requested an account statement
    num_requests = filtered.shape[0]
    
    # Calculate the total amount debited from account 3
    total_amount = filtered['amount'].sum()
    
    return num_requests, total_amount
```"
173,How often does account number 3 request an account statement to be released? What was the aim of debiting 3539 in total?,1,3,baseline,"```python
import pandas as pd

def compute_features(account, card, client, disp, district, loan, order, trans):
    # Merge necessary tables to get the required information
    merged = pd.merge(account, disp, how='inner', on='account_id')
    merged = pd.merge(merged, trans, how='inner', on='account_id')
    
    # Filter the data for account number 3 and debits related to 3539
    filtered_data = merged[(merged['account_id'] == 3) & (merged['type'] == 'DEBIT') & (merged['amount'] == 3539)]
    
    # Calculate the number of times account number 3 requested an account statement
    num_requests = len(filtered_data)
    
    # Calculate the total amount debited from account number 3
    total_debit_amount = filtered_data['amount'].sum()
    
    return {'num_requests': num_requests, 'total_debit_amount': total_debit_amount}
```"
173,How often does account number 3 request an account statement to be released? What was the aim of debiting 3539 in total?,1,4,baseline,"```python
import pandas as pd

def compute_features(account, card, client, disp, district, loan, order, trans):
    # Join tables to get the necessary information
    df = pd.merge(account, disp, on='account_id')
    df = pd.merge(df, client, on='client_id')
    df = pd.merge(df, trans, on='account_id')
    
    # Filter for account number 3
    df = df[df['account_id'] == 3]
    
    # Count how many times account number 3 requested an account statement
    account_statement_requests = df[(df['type'] == 'VYBER') & (df['operation'] == 'UPLATENI')]
    account_statement_count = len(account_statement_requests)
    
    # Calculate the total debit for account number 3
    total_debit = df[df['type'] == 'VYBER']['amount'].sum()
    
    return {'Account Statement Requests': account_statement_count, 'Total Debit': total_debit}
```"
174,What year was account owner number 130 born?,2,0,baseline,"```python
import pandas as pd

def get_birth_year(account_id):
    # Merge client and account tables to get the birth date of the account owner
    merged_df = pd.merge(client, account, left_on='client_id', right_on='account_id')
    
    # Filter rows where the account_id matches the given account_id
    filtered_df = merged_df[merged_df['account_id'] == account_id]
    
    # Extract the birth year from the birth_date column
    birth_year = filtered_df['birth_date'].dt.year
    
    return birth_year.values[0] if not birth_year.empty else None
```"
174,What year was account owner number 130 born?,2,1,baseline,"```python
import pandas as pd

def get_birth_year(df_client, df_account, account_owner):
    # Merge client and account dataframes to link client information to accounts
    merged_df = pd.merge(df_client, df_account, left_on='client_id', right_on='account_id')
    
    # Filter for the specific account owner
    filtered_df = merged_df[merged_df['account_id'] == account_owner]
    
    # Extract the birth year from the birth_date column
    birth_year = filtered_df['birth_date'].dt.year
    
    return birth_year.values[0] if not birth_year.empty else None
```"
174,What year was account owner number 130 born?,2,2,baseline,"```python
import pandas as pd

def calculate_birth_year(client_df):
    # Extract the year from the birth_date column
    client_df['birth_year'] = pd.to_datetime(client_df['birth_date']).dt.year
    return client_df

# Assuming the client DataFrame is named 'client'
result = calculate_birth_year(client)
print(result)
```"
174,What year was account owner number 130 born?,2,3,baseline,"```python
import pandas as pd

def calculate_birth_year(client_df, account_df):
    # Merge client and account dataframes based on district_id
    merged_df = pd.merge(client_df, account_df, left_on='district_id', right_on='district_id')
    
    # Filter for account owner number 130
    filtered_df = merged_df[merged_df['client_id'] == 130]
    
    # Extract the year from birth_date
    filtered_df['birth_year'] = pd.to_datetime(filtered_df['birth_date']).dt.year
    
    return filtered_df['birth_year'].iloc[0] if not filtered_df.empty else None
```"
174,What year was account owner number 130 born?,2,4,baseline,"```python
def get_birth_year(account_owner_id):
    # Join client and district tables to get birth_date and district information
    client_district = pd.merge(client, district, left_on='district_id', right_index=True)
    
    # Filter rows where client_id matches the given account_owner_id
    filtered_client = client_district[client_district['client_id'] == account_owner_id]
    
    # Extract the year from the birth_date column
    birth_year = filtered_client['birth_date'].dt.year
    
    return birth_year.values[0] if not birth_year.empty else None
```"
175,How many accounts have an owner disposition and request for a statement to be generated upon a transaction?,1,0,baseline,"```python
import pandas as pd

def compute_feature(account, card, client, disp, district, loan, order, trans):
    # Join disp table with account table to get account information for each disp record
    disp_account = pd.merge(disp, account, how='left', on='account_id')
    
    # Filter records where the type of disp is 'OWNER'
    owner_disp = disp_account[disp_account['type'] == 'OWNER']
    
    # Join owner_disp with trans table to get transactions related to owner disps
    owner_disp_trans = pd.merge(owner_disp, trans, how='left', on='account_id')
    
    # Filter records where the type of trans is 'STP' (statement generation)
    stmt_gen = owner_disp_trans[owner_disp_trans['type'] == 'STP']
    
    # Get unique account IDs from the filtered records
    result = stmt_gen[['account_id']].drop_duplicates()
    
    return result.shape[0]
```"
175,How many accounts have an owner disposition and request for a statement to be generated upon a transaction?,1,1,baseline,"```python
import pandas as pd

def compute_feature(account, card, client, disp, district, loan, order, trans):
    # Merge disp and client tables on client_id
    disp_client = disp.merge(client, on='client_id')
    
    # Filter rows where disp.type is 'OWNER'
    owner_disp = disp_client[disp_client['type'] == 'OWNER']
    
    # Merge owner_disp with trans table on account_id
    owner_trans = owner_disp.merge(trans, on='account_id')
    
    # Count distinct accounts in the resulting DataFrame
    result = owner_trans[['account_id']].drop_duplicates().shape[0]
    
    return result
```"
175,How many accounts have an owner disposition and request for a statement to be generated upon a transaction?,1,2,baseline,"```python
import pandas as pd

def compute_feature(client, disp):
    # Merge client and disp tables on client_id
    merged = pd.merge(client, disp, how='inner', left_on='client_id', right_on='client_id')
    
    # Filter rows where type in disp is 'OWNER'
    filtered = merged[merged['type'] == 'OWNER']
    
    # Count distinct account_ids
    result = len(filtered['account_id'].unique())
    
    return result
```"
175,How many accounts have an owner disposition and request for a statement to be generated upon a transaction?,1,3,baseline,"```python
import pandas as pd

def calculate_feature(account, card, client, disp):
    # Merge account and disp tables on account_id
    merged_disp = pd.merge(account, disp, how='left', on='account_id')
    
    # Filter rows where type in disp is 'OWNER'
    owner_disp = merged_disp[merged_disp['type'] == 'OWNER']
    
    # Create a new column 'statement_request' based on conditions
    owner_disp['statement_request'] = (owner_disp['k_symbol'].isin(['ATM', 'ONLINE']))
    
    # Count unique account_ids meeting the condition
    result = owner_disp.groupby('client_id')['statement_request'].sum().reset_index()
    result.rename(columns={'statement_request': 'num_statement_requests'}, inplace=True)
    
    return result
```"
175,How many accounts have an owner disposition and request for a statement to be generated upon a transaction?,1,4,baseline,"```python
import pandas as pd

def compute_feature(account, card, client, disp, district, loan, order, trans):
    # Filter accounts with 'owner' disposition
    owner_disp = disp[disp['type'] == 'own']

    # Merge with account table to get account details
    owner_accounts = pd.merge(owner_disp, account, how='inner', left_on='account_id', right_on='account_id')

    # Filter transactions where a statement was requested
    stmt_trans = trans[trans['operation'] == 'VYBER']

    # Count distinct accounts meeting the criteria
    result = len(owner_accounts)

    return result
```"
176,"What is the amount of debt that client number 992 has, and how is this client doing with payments?",3,0,baseline,"```python
import pandas as pd

def compute_debt_and_payment_status(account, client, loan):
    # Merge account and client to get client's district information
    merged_account_client = pd.merge(account, client, left_on='district_id', right_on='district_id')
    
    # Filter data for client_id 992
    filtered_data = merged_account_client[merged_account_client['client_id'] == 992]
    
    # Merge filtered data with loan table to get loan details
    merged_data_loan = pd.merge(filtered_data, loan, on='account_id')
    
    # Calculate total debt amount
    total_debt_amount = merged_data_loan['amount'].sum()
    
    # Group by loan status to calculate count of each status
    payment_status_counts = merged_data_loan.groupby('status').size().reset_index(name='count')
    
    return {'total_debt_amount': total_debt_amount, 'payment_status_counts': payment_status_counts}
```"
176,"What is the amount of debt that client number 992 has, and how is this client doing with payments?",3,1,baseline,"```python
import pandas as pd

def compute_debt_and_payment_status(account, card, client, disp, district, loan, order, trans):
    # Merge tables to get the necessary information
    merged = pd.merge(account, disp, on='account_id')
    merged = pd.merge(merged, client, on='client_id')
    merged = pd.merge(merged, loan, on='account_id', suffixes=('', '_loan'))
    
    # Calculate total debt and payment status for client 992
    result = merged[(merged['client_id'] == 992) & (merged['type_loan'] == 'A')][['amount_loan', 'status']]
    result['debt_amount'] = result['amount_loan'].sum()
    result['payment_status'] = result['status'].value_counts().idxmax() if not result.empty else None
    
    return result
```"
176,"What is the amount of debt that client number 992 has, and how is this client doing with payments?",3,2,baseline,"```python
import pandas as pd

def compute_debt_status(client_df, loan_df):
    # Merge client and loan dataframes on account_id
    merged_df = pd.merge(client_df, loan_df, left_on='client_id', right_on='account_id')
    
    # Filter for client with ID 992
    filtered_df = merged_df[merged_df['client_id'] == 992]
    
    # Calculate total debt (amount) for client 992
    total_debt = filtered_df['amount'].sum()
    
    # Calculate payment status
    payment_status = 'Fully Paid' if filtered_df['status'].isin(['A']).any() else 'Not Fully Paid'
    
    return {'Total Debt': total_debt, 'Payment Status': payment_status}
```"
176,"What is the amount of debt that client number 992 has, and how is this client doing with payments?",3,3,baseline,"```python
import pandas as pd

def compute_debt_and_payment_status(client_data):
    # Merge client data with loan data to get loans per client
    merged = pd.merge(client_data, loan, on='account_id', how='left')
    
    # Calculate total debt for each client
    merged['debt'] = merged.groupby('client_id')['amount'].transform('sum')
    
    # Compute payment status based on payment history (assuming 'status' column in loan table)
    merged['payment_status'] = merged['status']
    
    return merged[['client_id', 'debt', 'payment_status']]
```"
176,"What is the amount of debt that client number 992 has, and how is this client doing with payments?",3,4,baseline,"```python
import pandas as pd

def compute_debt_status(client_df, loan_df):
    # Merge client and loan dataframes on 'account_id'
    merged_data = pd.merge(client_df, loan_df, on='account_id')
    
    # Filter data for specific client (client_id = 992)
    filtered_data = merged_data[merged_data['client_id'] == 992]
    
    # Calculate total debt amount
    total_debt = filtered_data['amount'].sum()
    
    # Calculate average payment per month
    avg_payment = filtered_data['payments'].mean()
    
    return {'total_debt': total_debt, 'average_payment': avg_payment}
```"
177,"What is the sum that client number 4's account has following transaction 851? Who owns this account, a man or a woman?",3,0,baseline,"```python
import pandas as pd

def compute_feature(account, client, trans):
    # Filter transactions for the specific client and transaction ID
    filtered_trans = trans[(trans['account_id'] == 4) & (trans['trans_id'] == 851)]
    
    # Get the account holder's gender from the filtered transactions
    gender = client.loc[client['client_id'] == filtered_trans.iloc[0]['account_id'], 'gender'].values[0]
    
    # Calculate the total transaction amount for the specific client and transaction ID
    total_amount = filtered_trans['amount'].sum()
    
    return {'total_transaction_amount': total_amount, 'gender': gender}
```"
177,"What is the sum that client number 4's account has following transaction 851? Who owns this account, a man or a woman?",3,1,baseline,"```python
import pandas as pd

def compute_features(account, card, client, disp, district, loan, order, trans):
    # Merge necessary tables to get the required information
    merged = pd.merge(trans, disp, on='account_id')
    merged = pd.merge(merged, client, on='client_id')
    
    # Filter for the specific transaction and client
    filtered = merged[(merged['trans_id'] == 851) & (merged['client_id'] == 4)]
    
    # Calculate the sum of amounts following transaction 851
    following_transactions_sum = filtered['amount'].sum()
    
    # Determine if the owner of the account is a man or a woman
    gender = 'Male' if filtered['gender'].values[0] == 'M' else 'Female'
    
    return following_transactions_sum, gender
```"
177,"What is the sum that client number 4's account has following transaction 851? Who owns this account, a man or a woman?",3,2,baseline,"```python
import pandas as pd

def calculate_transaction_details(account, client, trans):
    # Merge account and trans dataframes on account_id
    merged_df = pd.merge(account, trans, on='account_id')
    
    # Filter rows where transaction id is 851
    filtered_df = merged_df[merged_df['trans_id'] == 851]
    
    # Calculate the sum of amounts for client number 4
    total_sum = filtered_df.loc[filtered_df['client_id'] == 4, 'amount'].sum()
    
    # Get the gender of the client who owns this account
    client_gender = client.loc[client['client_id'] == 4, 'gender'].values[0]
    
    return total_sum, client_gender
```"
177,"What is the sum that client number 4's account has following transaction 851? Who owns this account, a man or a woman?",3,3,baseline,"```python
import pandas as pd

def compute_features(account, card, client, disp, district, loan, order, trans):
    # Merge tables to get all transactions related to client 4
    merged_df = pd.merge(account, disp, on='account_id')
    merged_df = pd.merge(merged_df, client, on='client_id')
    merged_df = pd.merge(merged_df, trans, on='account_id')

    # Filter for client 4 and transaction 851
    filtered_df = merged_df[(merged_df['client_id'] == 4) & (merged_df['trans_id'] == 851)]

    # Sum of amounts for client 4's account following transaction 851
    result_sum = filtered_df['amount'].sum()

    # Determine if the owner is a man or a woman
    gender = 'Male' if filtered_df['gender'].values[0] == 'M' else 'Female'

    return result_sum, gender
```"
177,"What is the sum that client number 4's account has following transaction 851? Who owns this account, a man or a woman?",3,4,baseline,"```python
import pandas as pd

def compute_feature(account, card, client, disp, district, loan, order, trans):
    # Join all necessary tables to get the required information
    df = pd.merge(account, disp, on='account_id')
    df = pd.merge(df, client, on='client_id')
    df = pd.merge(df, trans, on='account_id')
    
    # Filter for client number 4 and transaction 851
    df_filtered = df[(df['client_id'] == 4) & (df['trans_id'] == 851)]
    
    # Calculate the sum of the amounts in the filtered transactions
    sum_amount = df_filtered['amount'].sum()
    
    # Determine if the owner is a man or a woman
    gender = df_filtered['gender'].unique()[0]
    
    return sum_amount, gender
```"
178,Which kind of credit card does client number 9 possess?,2,0,baseline,"```python
import pandas as pd

def get_credit_card_type(df_client, df_disp):
    # Merge client and disp tables on client_id to link clients with their dispositions
    merged_df = pd.merge(df_client, df_disp, how='inner', left_on='client_id', right_on='client_id')
    
    # Filter rows where the client_id is 9
    filtered_df = merged_df[merged_df['client_id'] == 9]
    
    # Extract the type of disposition which indicates the credit card type
    result = filtered_df['type'].iloc[0] if not filtered_df.empty else None
    
    return result
```"
178,Which kind of credit card does client number 9 possess?,2,1,baseline,"```python
import pandas as pd

def get_credit_card_type(client_df, card_df):
    # Merge client and card dataframes on disp_id column
    merged_df = pd.merge(client_df, card_df, left_on='client_id', right_on='disp_id')
    
    # Filter rows where client_id is 9
    filtered_df = merged_df[merged_df['client_id'] == 9]
    
    # Select the 'type' column from the filtered dataframe
    result = filtered_df[['type']]
    
    return result
```"
178,Which kind of credit card does client number 9 possess?,2,2,baseline,"```python
import pandas as pd

def get_credit_card_type(client_df, disp_df):
    # Merge client and disp tables on client_id to find all dispositions for each client
    merged_df = pd.merge(client_df, disp_df, on='client_id', how='left')
    
    # Filter the rows where the type is 'Kreditkarte' (credit card in German)
    credit_cards = merged_df[merged_df['type'] == 'Kreditkarte']
    
    return credit_cards
```"
178,Which kind of credit card does client number 9 possess?,2,3,baseline,"```python
import pandas as pd

def credit_card_type(client_df, card_df):
    return client_df.merge(card_df, how='left', left_on='client_id', right_on='disp_id').query('client_id == 9')['type'].unique()
```"
178,Which kind of credit card does client number 9 possess?,2,4,baseline,"```python
import pandas as pd

def get_credit_card_type(df_client, df_disp):
    # Filter data for client id 9
    filtered_data = df_disp[df_disp['client_id'] == 9]
    
    # Map the disp_id to card type
    card_types = filtered_data.merge(df_card[['disp_id', 'type']], how='left')
    
    # Get unique types of cards
    unique_cards = card_types['type'].unique()
    
    return unique_cards
```"
179,"How much, in total, did client number 617 pay for all of the transactions in 1998?",3,0,baseline,"```python
import pandas as pd

def compute_total_payment(client_number, df_account, df_trans):
    # Filter transactions for the specified client and year
    filtered_df = df_trans[(df_trans['account_id'].isin(df_account[df_account['client_id'] == client_number]['account_id'])) & 
                          (df_trans['date'].dt.year == 1998)]
    
    # Calculate the sum of the payment amounts
    total_payment = filtered_df['amount'].sum()
    
    return total_payment
```"
179,"How much, in total, did client number 617 pay for all of the transactions in 1998?",3,1,baseline,"```python
import pandas as pd

def compute_feature(df_account, df_client, df_trans):
    # Merge account and client dataframes on account_id to get district information
    merged_df = pd.merge(df_account, df_client, left_on='district_id', right_on='district_id')
    
    # Filter the merged dataframe for client_id = 617
    filtered_df = merged_df[merged_df['client_id'] == 617]
    
    # Convert date column to datetime format
    filtered_df['date'] = pd.to_datetime(filtered_df['date'])
    
    # Filter transactions made in 1998
    trans_1998 = df_trans[df_trans['date'].dt.year == 1998]
    
    # Merge transaction data with filtered dataframe on account_id
    result_df = pd.merge(filtered_df, trans_1998, left_on='account_id', right_on='account_id')
    
    # Calculate total payment amount for client 617 in 1998
    total_payment = result_df['amount_x'].sum()
    
    return total_payment
```"
179,"How much, in total, did client number 617 pay for all of the transactions in 1998?",3,2,baseline,"```python
import pandas as pd

def compute_feature(client, year):
    # Filter transactions for specific client and year
    filtered_trans = trans[(trans['account_id'] == client) & (trans['date'].dt.year == year)]
    
    # Calculate total payment made by the client
    total_payment = filtered_trans['amount'].sum()
    
    return total_payment
```"
179,"How much, in total, did client number 617 pay for all of the transactions in 1998?",3,3,baseline,"```python
import pandas as pd

def compute_feature(client_617_transactions):
    # Filter transactions for client 617 and year 1998
    filtered_df = client_617_transactions[(client_617_transactions['account_id'] == '617') & 
                                         (client_617_transactions['date'].str.contains(r'1998'))]
    
    # Calculate the sum of amounts for these transactions
    result = filtered_df['amount'].sum()
    
    return result
```"
179,"How much, in total, did client number 617 pay for all of the transactions in 1998?",3,4,baseline,"```python
import pandas as pd

def calculate_total_payments(client_df, trans_df):
    # Merge client and transaction dataframes on account_id
    merged_df = pd.merge(client_df, trans_df, left_on='account_id', right_on='account_id')
    
    # Filter for client number 617 and year 1998
    filtered_df = merged_df[(merged_df['client_id'] == 617) & (merged_df['date'].dt.year == 1998)]
    
    # Calculate total payments made by client 617 in 1998
    total_payments = filtered_df['amount'].sum()
    
    return total_payments
```"
180,"Please provide a list of clients who were born between 1983 and 1987 and whose account branch is in East Bohemia, along with their IDs.",2,0,baseline,"```python
import pandas as pd

def compute_feature(client, district):
    # Merge client data to get birth year
    merged = client.merge(district[['district_id', 'A1']], 
                          left_on='district_id', 
                          right_on='district_id')
    
    # Filter clients born between 1983 and 1987
    filtered_clients = merged[(merged['birth_date'].dt.year >= 1983) & (merged['birth_date'].dt.year <= 1987)]
    
    # Further filter based on branch being in East Bohemia
    east_bohemia_mask = filtered_clients['A1'] == 'East Bohemia'
    final_result = filtered_clients[east_bohemia_mask][['client_id']]
    
    return final_result
```"
180,"Please provide a list of clients who were born between 1983 and 1987 and whose account branch is in East Bohemia, along with their IDs.",2,1,baseline,"```python
import pandas as pd

def compute_feature(account, client, district):
    # Filter accounts to only include those in East Bohemia
    east_bohemia = district[district['A3'] == 'East Bohemia']['district_id']
    account_east_bohemia = account[account['district_id'].isin(east_bohemia)]
    
    # Merge with client table to get client information
    merged_data = pd.merge(account_east_bohemia, client, left_on='client_id', right_index=True)
    
    # Filter clients born between 1983 and 1987
    filtered_clients = merged_data[(merged_data['birth_date'].dt.year >= 1983) & (merged_data['birth_date'].dt.year <= 1987)]
    
    # Select relevant columns and return
    result = filtered_clients[['client_id', 'gender', 'birth_date']]
    return result
```"
180,"Please provide a list of clients who were born between 1983 and 1987 and whose account branch is in East Bohemia, along with their IDs.",2,2,baseline,"```python
import pandas as pd

def get_clients_between_1983_and_1987_in_east_bohemia(client, district):
    # Filter clients born between 1983 and 1987
    clients_filtered = client[(client['birth_date'].dt.year >= 1983) & (client['birth_date'].dt.year <= 1987)]
    
    # Map district codes to region names
    district['region'] = district.apply(lambda row: 'East Bohemia' if any(row[col] == 'A' + str(year) for year in range(1, 11)) else None, axis=1)
    
    # Merge clients with district data to filter by region
    merged_data = pd.merge(clients_filtered, district[['district_id', 'region']], how='left')
    
    # Select only clients from East Bohemia
    east_bohemia_clients = merged_data[merged_data['region'] == 'East Bohemia']
    
    # Get unique client IDs
    result = east_bohemia_clients['client_id'].unique()
    
    return result
```"
180,"Please provide a list of clients who were born between 1983 and 1987 and whose account branch is in East Bohemia, along with their IDs.",2,3,baseline,"```python
import pandas as pd

def get_clients_info(account, client, district):
    # Filter clients born between 1983 and 1987
    birth_year = client['birth_date'].dt.year
    filtered_clients = client[(birth_year >= 1983) & (birth_year <= 1987)]
    
    # Join with account to get district information
    joined_df = pd.merge(filtered_clients, account, left_on='client_id', right_on='client_id')
    
    # Merge with district to filter by 'East Bohemia'
    east_bohemia_mask = district['A3'] == 'east bohemia'
    final_df = pd.merge(joined_df, district, how='left', left_on='district_id_x', right_index=True)
    final_df = final_df[east_bohemia_mask]
    
    return final_df[['client_id']]
```"
180,"Please provide a list of clients who were born between 1983 and 1987 and whose account branch is in East Bohemia, along with their IDs.",2,4,baseline,"```python
import pandas as pd

def calculate_feature(client, district):
    # Filter clients born between 1983 and 1987
    filtered_clients = client[(client['birth_date'].dt.year >= 1983) & (client['birth_date'].dt.year <= 1987)]
    
    # Merge with district to get the branch information
    merged_df = pd.merge(filtered_clients, district, left_on='district_id', right_index=True)
    
    # Select only rows where the branch is in 'Východní Česká republika'
    result = merged_df[merged_df['A1'] == 'Východní Česká republika'][['client_id']]
    
    return result
```"
181,Please provide the IDs of the 3 female clients with the largest loans.,2,0,baseline,"```python
import pandas as pd

def get_female_clients_with_largest_loans(account, card, client, disp, district, loan):
    # Merge loan and client tables to get client information for each loan
    merged = loan.merge(client, left_on='account_id', right_on='account_id')
    
    # Filter for female clients
    female_clients = merged[merged['gender'] == 'F']
    
    # Get the maximum loan amount
    max_loan_amount = female_clients['amount'].max()
    
    # Filter for female clients with the maximum loan amount
    result = female_clients[female_clients['amount'] == max_loan_amount][['client_id']]
    
    return result.nlargest(3, 'client_id')['client_id']
```"
181,Please provide the IDs of the 3 female clients with the largest loans.,2,1,baseline,"```python
import pandas as pd

def get_female_clients_with_largest_loans(client, loan):
    # Merge client and loan tables on account_id
    merged_df = pd.merge(client, loan, left_on='client_id', right_on='account_id')
    
    # Filter for female clients
    female_clients = merged_df[merged_df['gender'] == 'F']
    
    # Sort by loan amount in descending order and select top 3
    result = female_clients.sort_values(by='amount', ascending=False).head(3)['client_id'].tolist()
    
    return result
```"
181,Please provide the IDs of the 3 female clients with the largest loans.,2,2,baseline,"```python
import pandas as pd

def feature_1(client, loan):
    # Merge client and loan dataframes on account_id
    merged_df = pd.merge(client, loan, left_on='client_id', right_on='account_id')
    
    # Filter for female clients
    female_clients = merged_df[merged_df['gender'] == 'F']
    
    # Get the top 3 female clients with the largest loans
    top_female_clients = female_clients.nlargest(3, 'amount')['client_id'].tolist()
    
    return top_female_clients
```"
181,Please provide the IDs of the 3 female clients with the largest loans.,2,3,baseline,"```python
import pandas as pd

def compute_feature(account, card, client, disp, district, loan, order, trans):
    # Merge necessary tables to get client information and loan details
    merged_data = pd.merge(loan, client, left_on='account_id', right_on='client_id')
    
    # Filter for female clients
    female_clients = merged_data[merged_data['gender'] == 'F']
    
    # Sort female clients by loan amount in descending order and select top 3
    result = female_clients.sort_values(by='amount', ascending=False).head(3)['client_id'].tolist()
    
    return result
```"
181,Please provide the IDs of the 3 female clients with the largest loans.,2,4,baseline,"```python
import pandas as pd

def get_female_clients_with_largest_loans(client, loan):
    # Merge client and loan dataframes on 'account_id'
    merged_df = pd.merge(client, loan, left_on='client_id', right_on='account_id')
    
    # Filter only female clients
    female_clients = merged_df[merged_df['gender'] == 'F']
    
    # Sort by loan amount in descending order and select top 3
    result = female_clients.sort_values(by='amount', ascending=False).head(3)['client_id'].tolist()
    
    return result
```"
182,How many male customers who were born between 1974 and 1976 have made a payment on their home in excess of $4000?,3,0,baseline,"```python
import pandas as pd

def compute_feature(account, card, client, disp, district, loan, order, trans):
    # Join tables to get necessary information
    merged = pd.merge(client, disp, on='client_id')
    merged = pd.merge(merged, account, on='account_id')
    merged = pd.merge(merged, trans, on='account_id', how='left')

    # Filter by gender and birth year range
    merged = merged[(merged['gender'] == 'M') & 
                   (merged['birth_date'].dt.year >= 1974) & 
                   (merged['birth_date'].dt.year <= 1976)]

    # Filter by transaction type and amount
    merged = merged[merged['type'] == 'P'] & 
                 (merged['amount'] > 4000)]

    # Count unique clients
    result = len(merged.drop_duplicates('client_id'))

    return result
```"
182,How many male customers who were born between 1974 and 1976 have made a payment on their home in excess of $4000?,3,1,baseline,"```python
import pandas as pd

def calculate_feature(client, loan):
    # Merge client and loan dataframes on account_id
    merged_data = pd.merge(client, loan, left_on='client_id', right_on='account_id')
    
    # Filter for male clients born between 1974 and 1976
    filtered_data = merged_data[(merged_data['gender'] == 'M') &
                               (merged_data['birth_date'].dt.year >= 1974) &
                               (merged_data['birth_date'].dt.year <= 1976)]
    
    # Filter for loans with status 'K' (paid off)
    paid_off_loans = filtered_data[filtered_data['status'] == 'K']
    
    # Calculate total payments for each client
    total_payments = paid_off_loans.groupby('client_id')['amount'].sum()
    
    # Filter for clients with total payments greater than $4000
    result = total_payments[total_payments > 4000]
    
    return len(result)
```
This function calculates the number of male clients who meet the specified criteria by merging the client and loan dataframes, applying filters based on gender, birth year, and loan status, grouping by client ID to sum up the amounts, and finally counting the clients with total payments exceeding $4000."
182,How many male customers who were born between 1974 and 1976 have made a payment on their home in excess of $4000?,3,2,baseline,"```python
import pandas as pd

def compute_feature(client, loan):
    # Filter clients based on gender and birth year
    filtered_clients = client[(client['gender'] == 'M') & 
                            (client['birth_date'].dt.year >= 1974) & 
                            (client['birth_date'].dt.year <= 1976)]
    
    # Merge with loan data to find loans made by these clients
    merged_data = pd.merge(filtered_clients, loan, left_on='client_id', right_on='account_id')
    
    # Calculate the total payments made by each client
    merged_data['total_payments'] = merged_data.groupby('client_id')['payments'].transform('sum')
    
    # Filter out clients who have made a payment on their home in excess of $4000
    result = merged_data[merged_data['total_payments'] > 4000]
    
    return len(result)
```"
182,How many male customers who were born between 1974 and 1976 have made a payment on their home in excess of $4000?,3,3,baseline,"```python
import pandas as pd

def calculate_feature(client, loan):
    # Filter clients based on gender and birth year
    filtered_clients = client[(client['gender'] == 'M') & 
                             (client['birth_date'].dt.year >= 1974) & 
                             (client['birth_date'].dt.year <= 1976)]
    
    # Merge with loan data to find loans made by these clients
    merged_data = pd.merge(filtered_clients, loan, left_on='client_id', right_on='account_id')
    
    # Filter loans where the purpose is 'Housing' and the payment amount is greater than $4000
    final_filtered_data = merged_data[(merged_data['k_symbol'] == 'Housing') & 
                                    (merged_data['amount'] > 4000)]
    
    # Count the number of such customers
    result = len(final_filtered_data)
    
    return result
```"
182,How many male customers who were born between 1974 and 1976 have made a payment on their home in excess of $4000?,3,4,baseline,"```python
import pandas as pd

def calculate_feature(client, loan):
    # Merge client and loan dataframes on account_id to get client info for each loan
    merged_data = pd.merge(client, loan, on='account_id')
    
    # Filter data based on conditions: male clients, born between 1974 and 1976, status is 'PAID'
    filtered_data = merged_data[(merged_data['gender'] == 'M') & 
                               (merged_data['birth_date'].dt.year.between(1974, 1976)) & 
                               (merged_data['status'] == 'PAID')]
    
    # Calculate the number of unique clients meeting the criteria
    result = len(filtered_data.drop_duplicates(subset=['client_id']))
    
    return result
```"
183,How many accounts in Beroun were opened after 1996?,1,0,baseline,"```python
import pandas as pd

def compute_feature(account, district):
    # Merge account and district dataframes to get district information
    merged_df = pd.merge(account, district, how='left', left_on='district_id', right_index=True)

    # Filter rows where district is 'Beroun' and account was opened after 1996
    filtered_df = merged_df[(merged_df['A1'] == 'Beroun') & (merged_df['date'].dt.year > 1996)]

    # Count the number of unique accounts
    result = len(filtered_df['account_id'].unique())

    return result
```"
183,How many accounts in Beroun were opened after 1996?,1,1,baseline,"```python
import pandas as pd

def compute_feature(account, district):
    # Merge account and district dataframes to get district information
    merged_df = pd.merge(account, district, left_on='district_id', right_index=True)
    
    # Filter rows where district name is 'Beroun' and year of date is greater than 1996
    filtered_df = merged_df[(merged_df['A2'] == 'Beroun') & (merged_df['date'].dt.year > 1996)]
    
    # Return the count of unique account IDs
    return len(filtered_df['account_id'].unique())
```"
183,How many accounts in Beroun were opened after 1996?,1,2,baseline,"```python
import pandas as pd

def compute_feature(account, district):
    # Merge account and district tables on district_id column
    merged = pd.merge(account, district, how='left', on='district_id')
    
    # Filter rows where A2 is 'Beroun' and year of date is greater than 1996
    filtered = merged[(merged['A2'] == 'Beroun') & (merged['date'].dt.year > 1996)]
    
    # Count distinct account_ids
    result = len(filtered['account_id'].unique())
    
    return result
```"
183,How many accounts in Beroun were opened after 1996?,1,3,baseline,"```python
import pandas as pd

def compute_feature(account, district):
    # Merge account and district tables on district_id column
    merged = pd.merge(account, district, on='district_id')
    
    # Filter rows where A2 is 'Beroun' and date is after 1996
    filtered = merged[(merged['A2'] == 'Beroun') & (merged['date'].dt.year > 1996)]
    
    # Count unique account_ids from the filtered data
    result = len(filtered['account_id'].unique())
    
    return result
```"
183,How many accounts in Beroun were opened after 1996?,1,4,baseline,"```python
import pandas as pd

def compute_feature(account, district):
    # Merge account and district tables to get district information for each account
    merged = pd.merge(account, district, left_on='district_id', right_index=True)
    
    # Filter for accounts in Beroun (assuming 'A1' column contains district information)
    beroun_accounts = merged[merged['A1'] == 'Beroun']
    
    # Convert the date column to datetime format
    beroun_accounts['date'] = pd.to_datetime(beroun_accounts['date'])
    
    # Filter for accounts opened after 1996
    filtered_accounts = beroun_accounts[beroun_accounts['date'].dt.year > 1996]
    
    # Return the count of such accounts
    return len(filtered_accounts)
```"
184,How many female customers have a junior credit card?,2,0,baseline,"```python
import pandas as pd

def compute_feature(client, disp):
    # Merge client and disp tables on client_id to get gender information
    merged_df = pd.merge(client, disp, how='inner', left_on='client_id', right_on='client_id')
    
    # Filter rows where the type is 'Kreditkarte' (junior credit card) and gender is 'F' (female)
    result = merged_df[(merged_df['type_x'] == 'Kreditkarte') & (merged_df['gender'] == 'F')]
    
    # Return the count of such female customers
    return len(result)
```"
184,How many female customers have a junior credit card?,2,1,baseline,"```python
import pandas as pd

def compute_feature(client, card):
    # Merge client and card dataframes on 'client_id' column
    merged_df = pd.merge(client, card, left_on='client_id', right_on='disp_id')
    
    # Filter rows where gender is 'F' (female) and card type is 'Junior'
    filtered_df = merged_df[(merged_df['gender'] == 'F') & (merged_df['type'] == 'Junior')]
    
    # Count the number of unique female customers with a junior credit card
    result = len(filtered_df['client_id'].unique())
    
    return result
```"
184,How many female customers have a junior credit card?,2,2,baseline,"```python
import pandas as pd

def compute_feature(account, card, client):
    # Merge account and card tables on account_id
    merged_account_card = pd.merge(account, card, how='inner', left_on='account_id', right_on='card_id')
    
    # Merge result with client table on client_id
    merged_all = pd.merge(merged_account_card, client, how='inner', left_on='client_id', right_on='client_id')
    
    # Filter rows where gender is 'F' (female) and card type is 'junior'
    filtered_df = merged_all[(merged_all['gender'] == 'F') & (merged_all['type'] == 'junior')]
    
    # Count the number of unique female clients with junior credit cards
    feature_value = len(filtered_df['client_id'].unique())
    
    return feature_value
```"
184,How many female customers have a junior credit card?,2,3,baseline,"```python
import pandas as pd

def compute_feature(client, card, disp):
    # Merge client and card dataframes on disp_id to get card details per client
    merged_df = pd.merge(client, card, left_on='client_id', right_on='disp_id')
    
    # Filter for junior cards (type 'junior')
    junior_cards = merged_df[merged_df['type'] == 'junior']
    
    # Merge junior_cards with disp dataframe to get client details per junior card
    final_merged_df = pd.merge(junior_cards, disp, on='account_id')
    
    # Filter for female clients
    female_clients = final_merged_df[final_merged_df['gender'] == 'F']
    
    # Count the number of female clients with junior cards
    result = len(female_clients)
    
    return result
```"
184,How many female customers have a junior credit card?,2,4,baseline,"```python
import pandas as pd

def count_female_customers_with_junior_credit_card(account, card, client):
    # Merge account and card tables to get card information for each account
    merged_account_card = pd.merge(account, card, how='left', left_on='account_id', right_on='card_id')
    
    # Filter for junior credit cards (type == 'junior')
    junior_cards = merged_account_card[merged_account_card['type'] == 'junior']
    
    # Merge junior_cards with client table to get customer details
    merged_client = pd.merge(junior_cards, client, how='left', left_on='client_id', right_on='client_id')
    
    # Filter for female customers (gender == 'F')
    female_customers = merged_client[merged_client['gender'] == 'F']
    
    # Count the number of female customers with junior credit cards
    result = len(female_customers)
    
    return result
```"
185,What proportion of customers who have accounts at the Prague branch are female?,1,0,baseline,"```python
import pandas as pd

def calculate_female_customer_proportion(account, client, district):
    # Merge account and client dataframes on client_id to get client details per account
    merged_df = pd.merge(account, client, left_on='client_id', right_on='client_id')
    
    # Filter rows where the district is 'Prague'
    prague_customers = merged_df[merged_df['A1'] == 'Prague']
    
    # Calculate the total number of female customers in Prague
    total_females = prague_customers[prague_customers['gender'] == 'F'].shape[0]
    
    # Calculate the total number of customers in Prague
    total_customers = prague_customers.shape[0]
    
    # Calculate the proportion of female customers
    if total_customers > 0:
        proportion = total_females / total_customers
    else:
        proportion = 0
    
    return proportion
```"
185,What proportion of customers who have accounts at the Prague branch are female?,1,1,baseline,"```python
import pandas as pd

def calculate_female_ratio(prague_branch_code):
    # Merge client and district tables to get district information for clients
    merged_df = pd.merge(client, district, left_on='district_id', right_on='district_id')

    # Filter for female clients in the Prague branch
    female_clients = merged_df[(merged_df['A2'] == prague_branch_code) & (merged_df['gender'] == 'F')]

    # Get unique client IDs from female clients
    female_client_ids = female_clients['client_id'].unique()

    # Count number of female clients
    num_female_clients = len(female_client_ids)

    return num_female_clients / len(client)

# Assuming prague_branch_code is defined elsewhere
female_ratio = calculate_female_ratio(prague_branch_code)
print(f""Proportion of female customers in the Prague branch: {female_ratio:.2f}"")
```"
185,What proportion of customers who have accounts at the Prague branch are female?,1,2,baseline,"```python
import pandas as pd

def calculate_female_proportion(prague_branch_code):
    # Filter accounts from the Prague branch
    prague_accounts = account[account['district_id'] == prague_branch_code]
    
    # Merge with client data to get gender information
    merged_data = pd.merge(prague_accounts, client, left_on='client_id', right_index=True)
    
    # Count female clients
    female_count = (merged_data['gender'] == 'F').sum()
    
    # Calculate total number of clients
    total_clients = len(merged_data)
    
    # Calculate proportion
    if total_clients == 0:
        return 0
    else:
        proportion = female_count / total_clients
    
    return proportion
```

In this solution, we first filter the `account` table to include only those entries where the `district_id` matches the specified Prague branch code. We then merge this filtered DataFrame with the `client` DataFrame using the `client_id` as the key to get additional details about each client, including their gender. We count how many of these clients are female and calculate the proportion of females among all clients in the Prague branch. The result is returned as a float representing the proportion of female clients."
185,What proportion of customers who have accounts at the Prague branch are female?,1,3,baseline,"```python
import pandas as pd

def calculate_female_ratio(prague_branch_code):
    # Filter clients from Prague branch
    prague_clients = client[client['district_id'] == prague_branch_code]
    
    # Merge with disp to get accounts
    prague_disp = pd.merge(prague_clients, disp, on='client_id')
    
    # Merge with account to get account details
    prague_account = pd.merge(prague_disp, account, on='account_id')
    
    # Count female clients
    female_count = prague_clients[prague_clients['gender'] == 'F'].shape[0]
    
    # Calculate total number of clients in Prague branch
    total_count = prague_clients.shape[0]
    
    # Calculate ratio
    female_ratio = female_count / total_count if total_count > 0 else 0
    
    return female_ratio
```"
185,What proportion of customers who have accounts at the Prague branch are female?,1,4,baseline,"```python
import pandas as pd

def calculate_female_ratio(prague_clients, account, client):
    # Merge prague_clients and account tables on account_id
    merged = pd.merge(prague_clients, account, how='left', left_on='account_id', right_on='account_id')
    
    # Merge merged table with client table on client_id
    merged = pd.merge(merged, client, how='left', left_on='client_id', right_on='client_id')
    
    # Filter clients who are female
    female_clients = merged[merged['gender'] == 'F']
    
    # Calculate the ratio of female clients to total clients
    female_ratio = len(female_clients) / len(merged)
    
    return female_ratio
```"
186,What percentage of male clients request for weekly statements to be issued?,2,0,baseline,"```python
import pandas as pd

def compute_feature(client, disp, account):
    # Merge client and disp tables to get gender information for each disp_id
    merged = pd.merge(client, disp, how='left', left_on='client_id', right_on='client_id')
    
    # Filter rows where the frequency is 'weekly' and the gender is 'male'
    filtered = merged[(merged['frequency'] == 'weekly') & (merged['gender'] == 'M')]
    
    # Calculate the total number of male clients who requested weekly statements
    count_male_clients = len(filtered)
    
    # Calculate the total number of clients who requested weekly statements
    total_clients = len(merged[merged['frequency'] == 'weekly'])
    
    # Compute the percentage
    if total_clients == 0:
        return 0
    else:
        percentage = (count_male_clients / total_clients) * 100
    
    return percentage
```"
186,What percentage of male clients request for weekly statements to be issued?,2,1,baseline,"```python
import pandas as pd

def calculate_male_clients_weekly_statements(client, account):
    # Merge client and account dataframes based on client_id
    merged_df = pd.merge(client, account, left_on='client_id', right_on='account_id')
    
    # Filter for male clients and those requesting weekly statements
    filtered_df = merged_df[(merged_df['gender'] == 'M') & (merged_df['frequency'] == 'W')]
    
    # Calculate the percentage of such clients
    total_male_clients = len(filtered_df)
    total_clients = len(merged_df)
    percentage = (total_male_clients / total_clients) * 100
    
    return percentage
```"
186,What percentage of male clients request for weekly statements to be issued?,2,2,baseline,"```python
import pandas as pd

def compute_feature(account, client):
    merged_df = pd.merge(account, client, left_on='district_id', right_on='district_id')
    filtered_df = merged_df[(merged_df['frequency'] == 'weekly') & (merged_df['gender'] == 'male')]
    return len(filtered_df) / len(merged_df) if len(merged_df) > 0 else 0
```"
186,What percentage of male clients request for weekly statements to be issued?,2,3,baseline,"```python
import pandas as pd

def compute_feature(account, client):
    merged_df = pd.merge(account, client, how='left', left_on='district_id', right_on='district_id')
    weekly_statements_mask = merged_df['frequency'] == 'W'
    male_clients_mask = merged_df['gender'] == 'M'
    
    result = (weekly_statements_mask & male_clients_mask).mean() * 100
    
    return result
```"
186,What percentage of male clients request for weekly statements to be issued?,2,4,baseline,"```python
import pandas as pd

def compute_feature(client, account):
    # Merge client and account dataframes on 'client_id' and 'account_id'
    merged_df = pd.merge(client, account, left_on='client_id', right_on='account_id')
    
    # Filter rows where frequency is 1 (weekly statement)
    filtered_df = merged_df[merged_df['frequency'] == 1]
    
    # Calculate the percentage of male clients in the filtered dataframe
    percentage_male_clients = (filtered_df['gender'] == 'M').mean()
    
    return percentage_male_clients
```"
187,How many clients who choose statement of weekly issuance are Owner?,1,0,baseline,"```python
import pandas as pd

def calculate_clients_with_statement_of_weekly_issuance(owner_df, account_df):
    # Merge owner and account dataframes on account_id to get card details for each client
    merged_data = pd.merge(owner_df, account_df, how='left', left_on='account_id', right_on='account_id')
    
    # Filter rows where card type is 'Obchodní' (Owner's card in Czech)
    filtered_data = merged_data[merged_data['type'] == 'Obchodní']
    
    # Count distinct clients
    result = len(filtered_data.drop_duplicates(subset=['client_id']))
    
    return result
```"
187,How many clients who choose statement of weekly issuance are Owner?,1,1,baseline,"```python
import pandas as pd

def compute_feature(account, card, client, disp, district, loan, order, trans):
    # Merge card and disp tables to get the type of card for each account
    card_disp = pd.merge(card, disp, on='card_id', how='inner')
    
    # Filter for 'Owner' type cards
    owner_cards = card_disp[card_disp['type'] == 'OWNER']
    
    # Merge the result with the account table to get district information
    owner_cards_account = pd.merge(owner_cards, account, on='account_id', how='inner')
    
    # Count the number of unique clients in these accounts
    num_clients = len(owner_cards_account['client_id'].unique())
    
    return num_clients
```"
187,How many clients who choose statement of weekly issuance are Owner?,1,2,baseline,"```python
import pandas as pd

def compute_feature(client, disp, card):
    # Merge client and disp tables on client_id
    merged = pd.merge(client, disp, on='client_id')
    
    # Filter rows where type in disp is 'OWNER'
    owner_disp = merged[merged['type'] == 'OWNER']
    
    # Merge filtered table with card table on disp_id
    final_merged = pd.merge(owner_disp, card, on='disp_id')
    
    # Count distinct client_ids
    count_owner_clients = final_merged['client_id'].nunique()
    
    return count_owner_clients
```"
187,How many clients who choose statement of weekly issuance are Owner?,1,3,baseline,"```python
import pandas as pd

def compute_feature(account, card, client, disp):
    # Merge account and card tables on account_id to get type information
    merged = pd.merge(account, card, on='account_id')
    
    # Filter for cards with type 'OWNER'
    owner_cards = merged[merged['type'] == 'OWNER']
    
    # Merge with disp table to get client information
    merged_disp = pd.merge(owner_cards, disp, on='disp_id')
    
    # Count unique clients who have an OWNER card
    result = len(merged_disp['client_id'].unique())
    
    return result
```"
187,How many clients who choose statement of weekly issuance are Owner?,1,4,baseline,"```python
import pandas as pd

def compute_feature(account, card, client, disp):
    # Merge account and card tables on 'card_id'
    merged = pd.merge(account, card, left_on='card_id', right_on='card_id')
    
    # Filter rows where 'type' in card table is 'OWNER'
    owner_cards = merged[merged['type'] == 'OWNER']
    
    # Merge filtered data with disp table on 'account_id'
    merged_disp = pd.merge(owner_cards, disp, left_on='account_id', right_on='account_id')
    
    # Count unique client IDs from the merged DataFrame
    result = len(merged_disp['client_id'].unique())
    
    return result
```"
188,"Among the accounts who have loan validity more than 24 months, list out the accounts that have the lowest approved amount and have account opening date before 1997.",1,0,baseline,"```python
import pandas as pd

def get_feature(account, card, client, disp, district, loan, order, trans):
    # Merge loan and account to get account_id from loan
    loan = loan.merge(account[['account_id', 'date']], how='left', on='account_id')
    
    # Filter loan where validity is more than 24 months
    loan = loan[(pd.to_datetime('now') - loan['date']).dt.days > 24 * 30]
    
    # Get minimum approved amount for each account_id
    min_amount = loan.groupby('account_id')['amount'].min().reset_index()
    
    # Merge min_amount back to loan to keep all data
    loan = loan.merge(min_amount, how='left', on='account_id')
    
    # Filter accounts with the lowest approved amount
    loan = loan[loan['amount'] == loan['amount_x']]
    
    # Convert date to datetime and filter accounts opened before 1997
    loan['date'] = pd.to_datetime(loan['date'])
    loan = loan[loan['date'].dt.year < 1997]
    
    return loan[['account_id']].drop_duplicates()
```"
188,"Among the accounts who have loan validity more than 24 months, list out the accounts that have the lowest approved amount and have account opening date before 1997.",1,1,baseline,"```python
import pandas as pd

def get_lowest_approved_loan_accounts(account, loan):
    # Filter accounts with loan validity more than 24 months
    filtered_account = account[(account['date'] - account['date']).dt.days / 30 > 24]
    
    # Merge filtered account with loan data to get loan details
    merged_data = pd.merge(filtered_account, loan, on='account_id', how='inner')
    
    # Filter accounts with status 'A' (approved) and open date before 1997
    filtered_data = merged_data[(merged_data['status'] == 'A') & 
                               (merged_data['date'].dt.year < 1997)]
    
    # Group by account_id and get the minimum approved amount
    result = filtered_data.groupby('account_id')['amount'].min().reset_index()
    
    return result
```"
188,"Among the accounts who have loan validity more than 24 months, list out the accounts that have the lowest approved amount and have account opening date before 1997.",1,2,baseline,"```python
import pandas as pd

def compute_feature(account, card, client, disp, district, loan, order, trans):
    # Filter accounts with loan validity more than 24 months
    valid_loans = loan[loan['duration'] > 24]

    # Join with account to get account details
    valid_accounts = pd.merge(valid_loans, account, on='account_id')

    # Filter accounts with account opening date before 1997
    valid_accounts_before_1997 = valid_accounts[valid_accounts['date'].dt.year < 1997]

    # Get the minimum approved amount for each account
    min_amounts = valid_accounts_before_1997.groupby('account_id')['amount'].min().reset_index()

    # Merge with original data to get full details
    result = pd.merge(min_amounts, valid_accounts_before_1997, 
                      left_on=['account_id', 'amount'], 
                      right_on=['account_id', 'amount'])

    return result[['account_id', 'date_x', 'amount']]
```"
188,"Among the accounts who have loan validity more than 24 months, list out the accounts that have the lowest approved amount and have account opening date before 1997.",1,3,baseline,"```python
import pandas as pd

def compute_feature(account, card, client, disp, district, loan, order, trans):
    # Merge dataframes to get necessary information
    merged_data = pd.merge(account, loan, how='left', on='account_id')
    merged_data = pd.merge(merged_data, disp, how='left', on='disp_id')
    merged_data = pd.merge(merged_data, client, how='left', on='client_id')

    # Filter accounts with loan validity > 24 months
    merged_data['duration'] = pd.to_numeric(merged_data['duration'], errors='coerce')
    filtered_accounts = merged_data[merged_data['duration'] > 24]

    # Filter accounts with account opening date before 1997
    filtered_accounts['date'] = pd.to_datetime(filtered_accounts['date'])
    filtered_accounts = filtered_accounts[filtered_accounts['date'].dt.year < 1997]

    # Find the minimum approved amount among these accounts
    min_amount = filtered_accounts['amount'].min()

    return min_amount
```"
188,"Among the accounts who have loan validity more than 24 months, list out the accounts that have the lowest approved amount and have account opening date before 1997.",1,4,baseline,"```python
import pandas as pd

def compute_feature(account, card, client, disp, district, loan):
    # Merge dataframes to get necessary information
    merged_df = pd.merge(account, loan, on='account_id')
    merged_df = pd.merge(merged_df, client, on='client_id')
    
    # Filter accounts with loan validity more than 24 months
    merged_df = merged_df[merged_df['duration'] > 24]
    
    # Convert date columns to datetime format
    merged_df['date_x'] = pd.to_datetime(merged_df['date_x'])
    merged_df['birth_date'] = pd.to_datetime(merged_df['birth_date'])
    
    # Calculate age of the client
    merged_df['age'] = (merged_df['date_x'].dt.year - merged_df['birth_date'].dt.year) - ((merged_df['date_x'].dt.month < merged_df['birth_date'].dt.month) | 
        ((merged_df['date_x'].dt.month == merged_df['birth_date'].dt.month) & (merged_df['date_x'].dt.day < merged_df['birth_date'].dt.day)))
    
    # Filter clients younger than 18 years old
    merged_df = merged_df[merged_df['age'] < 18]
    
    # Filter accounts opened before 1997
    merged_df = merged_df[merged_df['date_x'].dt.year < 1997]
    
    # Find the minimum approved amount
    min_amount = merged_df['amount_y'].min()
    
    # Filter accounts with the minimum approved amount
    result_df = merged_df[merged_df['amount_y'] == min_amount][['account_id']]
    
    return result_df
```"
189,Name the account numbers of female clients who are oldest and have lowest average salary?,2,0,baseline,"```python
import pandas as pd

def compute_feature(client, account):
    # Merge client and account dataframes on client_id column
    merged_df = pd.merge(client, account, how='left', left_on='client_id', right_on='client_id')

    # Filter rows where gender is 'F' (female) and age > 0 (oldest)
    filtered_df = merged_df[(merged_df['gender'] == 'F') & (merged_df['age'] > 0)]

    # Calculate average salary for each client
    avg_salary_df = filtered_df.groupby('client_id')['balance'].mean().reset_index()

    # Merge filtered_df and avg_salary_df on client_id column
    final_df = pd.merge(filtered_df, avg_salary_df, how='left', on='client_id')

    # Sort rows by age in descending order and then by balance in ascending order
    sorted_df = final_df.sort_values(by=['age', 'balance'], ascending=[False, True])

    # Select the first row (oldest and with lowest average salary)
    result_df = sorted_df.head(1)

    return result_df[['account_id']]
```"
189,Name the account numbers of female clients who are oldest and have lowest average salary?,2,1,baseline,"```python
import pandas as pd

def get_oldest_female_clients_with_lowest_salary(account, client):
    # Merge account and client tables to get gender information
    merged_df = pd.merge(account, client, left_on='district_id', right_on='district_id')
    
    # Filter for female clients
    female_clients = merged_df[merged_df['gender'] == 'F']
    
    # Calculate age from birth_date
    current_year = 2023  # Assuming current year is 2023
    female_clients['age'] = current_year - female_clients['birth_date'].dt.year
    
    # Group by account_id and calculate average salary
    avg_salary = female_clients.groupby('account_id')['amount'].mean().reset_index()
    
    # Merge back to get complete data
    result = pd.merge(female_clients, avg_salary, on='account_id')
    
    # Sort by age in descending order and then by average salary in ascending order
    sorted_result = result.sort_values(by=['age', 'amount'], ascending=[False, True])
    
    # Select distinct account_ids
    final_result = sorted_result[['account_id']].drop_duplicates()
    
    return final_result
```"
189,Name the account numbers of female clients who are oldest and have lowest average salary?,2,2,baseline,"```python
import pandas as pd

def get_oldest_female_clients_with_lowest_avg_salary(account, card, client, disp):
    # Merge account and client tables on account_id to get client details for each account
    merged_data = pd.merge(account, client, left_on='account_id', right_on='client_id')

    # Filter data for female clients
    merged_data = merged_data[merged_data['gender'] == 'F']

    # Calculate age from birth_date assuming current year is 2023
    merged_data['age'] = 2023 - merged_data['birth_date'].dt.year

    # Group by account_id and calculate average salary (assuming salary can be derived from card table)
    avg_salary = pd.merge(merged_data, card, left_on='account_id', right_on='card_id')[['account_id', 'issued']]
    avg_salary.rename(columns={'issued': 'salary'}, inplace=True)

    # Join with original data to get full details
    merged_data = pd.merge(merged_data, avg_salary, on='account_id')

    # Sort by age in descending order and then by salary in ascending order to get oldest females with lowest avg salary
    result = merged_data.sort_values(by=['age', 'salary'], ascending=[False, True]).drop_duplicates(subset='account_id')['account_id']
    
    return result
```"
189,Name the account numbers of female clients who are oldest and have lowest average salary?,2,3,baseline,"```python
import pandas as pd

def find_feature(client, loan, account):
    # Merge client and loan dataframes to get loan information per client
    merged_df = pd.merge(client, loan, left_on='client_id', right_on='account_id')
    
    # Group by client_id and calculate average salary (amount) and minimum age
    grouped_df = merged_df.groupby('client_id').agg(
        avg_salary=('amount', 'mean'),
        min_age=('birth_date', lambda x: 2023 - x.dt.year.max())
    ).reset_index()
    
    # Join with account data to get account_id
    final_df = pd.merge(grouped_df, account, left_on='client_id', right_on='account_id')
    
    # Filter for female clients
    final_df = final_df[final_df['gender'] == 'F']
    
    # Sort by minimum age and average salary in ascending order
    final_df.sort_values(by=['min_age', 'avg_salary'], inplace=True)
    
    # Get the top record which has oldest age and lowest average salary
    result = final_df[['account_id']].iloc[0]
    
    return result
```"
189,Name the account numbers of female clients who are oldest and have lowest average salary?,2,4,baseline,"```python
import pandas as pd

def get_female_clients_with_lowest_avg_salary(account, card, client, disp):
    # Merge tables to get necessary information
    merged_df = pd.merge(account, disp, on='account_id')
    merged_df = pd.merge(merged_df, client, on='client_id')
    
    # Filter for female clients
    female_clients = merged_df[merged_df['gender'] == 'F']
    
    # Calculate average salary for each account
    avg_salary = female_clients.groupby('account_id')['amount'].mean().reset_index()
    
    # Sort accounts by average salary and select the oldest one
    result = pd.merge(female_clients, avg_salary, on='account_id', suffixes=('', '_avg'))
    result = result.sort_values(by=['amount_avg'], ascending=True).drop_duplicates(subset='account_id', keep='first')[['account_id']]
    
    return result
```"
190,How many clients who were born in 1920 stay in east Bohemia?,1,0,baseline,"```python
import pandas as pd

def calculate_clients_in_east_bohemia(df_client, df_district):
    # Filter clients born in 1920
    df_1920_births = df_client[df_client['birth_date'].dt.year == 1920]
    
    # Map district IDs to districts using the 'district' DataFrame
    district_mapping = df_district.set_index('district_id')['A1']
    
    # Apply the mapping to get district information for the filtered clients
    df_1920_births_with_district = df_1920_births.join(district_mapping, how='left', on='district_id')
    
    # Count clients staying in East Bohemia
    east_bohemia_count = (df_1920_births_with_district['A1'] == 'East Bohemia').sum()
    
    return east_bohemia_count
```"
190,How many clients who were born in 1920 stay in east Bohemia?,1,1,baseline,"```python
import pandas as pd

def compute_feature(client, district):
    # Filter clients born in 1920
    clients_1920 = client[(client['birth_date'].dt.year == 1920)]
    
    # Identify districts considered 'east Bohemia'
    eastern_districts = ['A4', 'A5', 'A6']
    clients_eastern = clients_1920[clients_1920['district_id'].isin(eastern_districts)]
    
    # Count unique clients meeting both criteria
    return len(clients_eastern.drop_duplicates())
```"
190,How many clients who were born in 1920 stay in east Bohemia?,1,2,baseline,"```python
import pandas as pd

def calculate_clients(df_client, df_district):
    # Filter clients born in 1920
    df_client_1920 = df_client[(df_client['birth_date'].dt.year == 1920)]

    # Filter districts in east Bohemia (assuming A1 is 'east Bohemia')
    df_east_bohemia = df_district[df_district['A1'] == 'east Bohemia']

    # Merge client data with district data to get district information for each client
    merged_df = pd.merge(df_client_1920, df_east_bohemia, how='inner', left_on='district_id', right_index=True)

    # Count the number of unique clients
    result = len(merged_df.drop_duplicates('client_id'))

    return result
```"
190,How many clients who were born in 1920 stay in east Bohemia?,1,3,baseline,"```python
import pandas as pd

def calculate_feature(client, district):
    # Filter clients born in 1920
    clients_1920 = client[(client['birth_date'].dt.year == 1920)]
    
    # Filter districts in East Bohemia
    east_bohemia_districts = ['Hradec Kralove', 'Plzen', 'Jihlava']
    districts_east_bohemia = district[district['A15'].isin(east_bohemia_districts)]
    
    # Merge clients and districts based on district_id
    merged_df = pd.merge(clients_1920, districts_east_bohemia, left_on='district_id', right_index=True)
    
    # Count unique clients
    result = len(merged_df.drop_duplicates(subset=['client_id']))
    
    return result
```"
190,How many clients who were born in 1920 stay in east Bohemia?,1,4,baseline,"```python
import pandas as pd

def calculate_feature(client, district):
    # Filter clients born in 1920
    clients_1920 = client[(client['birth_date'].dt.year == 1920)]
    
    # Identify districts in East Bohemia
    east_bohemia_districts = ['A1', 'A2', 'A3', 'A4']
    clients_east_bohemia = clients_1920[clients_1920['district_id'].isin(east_bohemia_districts)]
    
    return len(clients_east_bohemia)

# Assuming client and district DataFrames are passed to the function
result = calculate_feature(client, district)
print(result)
```"
191,How many loan accounts are for pre-payment of duration of 24 months with weekly issuance of statement.,1,0,baseline,"```python
import pandas as pd

def compute_feature(account, card, client, disp, district, loan, order, trans):
    # Merge dataframes to get the necessary information
    merged = loan.merge(account, on='account_id')
    merged = merged.merge(client, on='client_id')
    merged = merged.merge(disp, on='disp_id')

    # Filter rows where the loan duration is 24 months and the frequency is 'W'
    filtered = merged[(merged['duration'] == 24) & (merged['frequency'] == 'W')]

    # Get unique loan_ids
    result = len(filtered['loan_id'].unique())

    return result
```"
191,How many loan accounts are for pre-payment of duration of 24 months with weekly issuance of statement.,1,1,baseline,"```python
import pandas as pd

def compute_feature(account, card, client, disp, district, loan, order, trans):
    # Merge necessary tables to get the required information
    merged_df = loan.merge(disp, on='account_id', how='inner')
    merged_df = merged_df.merge(account, on='account_id', how='inner')

    # Filter the data based on conditions
    filtered_df = merged_df[(merged_df['duration'] == 24) & (merged_df['frequency'] == 'W')]

    # Count the number of unique loan accounts
    result = len(filtered_df['loan_id'].unique())

    return result
```"
191,How many loan accounts are for pre-payment of duration of 24 months with weekly issuance of statement.,1,2,baseline,"```python
import pandas as pd

def compute_feature(account, loan):
    # Merge account and loan tables on account_id
    merged = pd.merge(account, loan, on='account_id')
    
    # Filter rows where loan duration is 24 months and statement is issued weekly
    filtered = merged[(merged['duration'] == 24) & (merged['frequency'] == 'W')]
    
    # Count unique loan_ids in the filtered data
    result = len(filtered['loan_id'].unique())
    
    return result
```"
191,How many loan accounts are for pre-payment of duration of 24 months with weekly issuance of statement.,1,3,baseline,"```python
import pandas as pd

def compute_feature(account, loan):
    # Filter accounts with a weekly issuance of statement (frequency = 'W')
    weekly_accounts = account[account['frequency'] == 'W']
    
    # Merge weekly_accounts with loan to get loan details for these accounts
    merged_df = pd.merge(weekly_accounts, loan, how='inner', left_on='account_id', right_on='account_id')
    
    # Filter loans with a duration of 24 months and status 'P' (pre-payment)
    filtered_loans = merged_df[(merged_df['duration'] == 24) & (merged_df['status'] == 'P')]
    
    # Count the number of unique loan accounts
    num_loan_accounts = len(filtered_loans['account_id'].unique())
    
    return num_loan_accounts
```"
191,How many loan accounts are for pre-payment of duration of 24 months with weekly issuance of statement.,1,4,baseline,"```python
import pandas as pd

def compute_feature(account, card, client, disp, district, loan, order, trans):
    # Merge necessary tables to get relevant information
    merged_data = pd.merge(loan, account, how='left', on='account_id')
    merged_data = pd.merge(merged_data, disp, how='left', on='disp_id')
    merged_data = pd.merge(merged_data, card, how='left', on='card_id')

    # Filter data based on conditions
    filtered_data = merged_data[(merged_data['duration'] == 24) & 
                               (merged_data['payments'] == 'W')]

    # Count the number of unique loan accounts
    result = len(filtered_data)

    return result
```"
192,What is the average amount of loan which are still on running contract with statement issuance after each transaction?,1,0,baseline,"```python
import pandas as pd

def avg_loan_amount_running_contract(account, card, client, disp, district, loan, order, trans):
    # Merge all necessary tables to get the required information
    merged_df = pd.merge(loan, disp, how='left', left_on='account_id', right_on='account_id')
    merged_df = pd.merge(merged_df, account, how='left', left_on='account_id', right_on='account_id')
    merged_df = pd.merge(merged_df, trans, how='left', left_on='account_id', right_on='account_id')

    # Filter rows where loan status is 'A' (running) and transaction type is 'W' (withdrawal)
    filtered_df = merged_df[(merged_df['status'] == 'A') & (merged_df['type'] == 'W')]

    # Calculate the average amount of loan for each unique combination of account_id and transaction date
    avg_loan_amount = filtered_df.groupby(['account_id', 'date'])['amount'].mean().reset_index()

    return avg_loan_amount
```"
192,What is the average amount of loan which are still on running contract with statement issuance after each transaction?,1,1,baseline,"```python
import pandas as pd

def avg_loan_amount_running_contract(account, loan, trans):
    # Merge account and loan tables on account_id
    merged_df = pd.merge(account, loan, on='account_id', how='left')
    
    # Filter to only include loans that have a status of 'A' (running)
    merged_df = merged_df[merged_df['status'] == 'A']
    
    # Merge merged_df and trans tables on account_id
    merged_df = pd.merge(merged_df, trans, on='account_id', how='right')
    
    # Calculate the average loan amount for each transaction
    avg_loan_amount = merged_df.groupby('trans_id')['amount_y'].mean().reset_index()
    
    return avg_loan_amount
```"
192,What is the average amount of loan which are still on running contract with statement issuance after each transaction?,1,2,baseline,"```python
import pandas as pd

def avg_loan_amount_running_contract_after_transaction(account, card, client, disp, district, loan, order, trans):
    # Merge tables to get necessary information
    merged = pd.merge(loan, account, on='account_id')
    merged = pd.merge(merged, disp, on='disp_id')
    merged = pd.merge(merged, trans, on='account_id')
    
    # Filter for running contracts (status != 'Z')
    running_contracts = merged[merged['status'] != 'Z']
    
    # Calculate average loan amount after each transaction
    avg_loan_amount = running_contracts.groupby('trans_id')['amount'].mean()
    
    return avg_loan_amount
```"
192,What is the average amount of loan which are still on running contract with statement issuance after each transaction?,1,3,baseline,"```python
import pandas as pd

def compute_feature(account, card, client, disp, district, loan, order, trans):
    # Merge tables to get necessary information
    merged = pd.merge(account, loan, how='left', left_on='account_id', right_on='account_id')
    merged = pd.merge(merged, trans, how='left', left_on='account_id', right_on='account_id')

    # Filter only those loans where status is 'A' (running)
    merged = merged[merged['status'] == 'A']

    # Compute the average amount of loan for each transaction
    avg_amount = merged.groupby('trans_id')['amount_x'].mean().reset_index()
    
    return avg_amount
```"
192,What is the average amount of loan which are still on running contract with statement issuance after each transaction?,1,4,baseline,"```python
import pandas as pd

def compute_loan_feature(account, card, client, disp, district, loan, order, trans):
    # Merge necessary tables to get loan details and transaction information
    merged_data = pd.merge(account, loan, on='account_id')
    merged_data = pd.merge(merged_data, trans, on='account_id')
    
    # Filter loans that are still on running contract (status 'A' or 'B')
    merged_data = merged_data[merged_data['status'].isin(['A', 'B'])]
    
    # Compute average loan amount after each transaction
    avg_amount = merged_data.groupby('trans_id')['amount_x'].mean().reset_index()
    
    return avg_amount
```"
193,List all ID and district for clients that can only have the right to issue permanent orders or apply for loans.,2,0,baseline,"```python
import pandas as pd

def get_eligible_clients(account, card, client, disp, district, loan, order):
    # Join tables to find clients who can issue permanent orders
    perm_order_disp = disp.merge(
        account, 
        left_on='account_id', 
        right_on='account_id'
    ).merge(
        card, 
        left_on='disp_id', 
        right_on='disp_id'
    ).merge(
        client, 
        left_on='client_id', 
        right_on='client_id'
    ).merge(
        district, 
        left_on='district_id', 
        right_on='district_id'
    ).merge(
        order, 
        left_on='account_id', 
        right_on='account_id',
        suffixes=('', '_order')
    )
    
    # Filter for permanent orders
    perm_order_disp = perm_order_disp[perm_order_disp['type_order'] == 'P']
    
    # Join tables to find clients who can apply for loans
    loan_disp = disp.merge(
        account, 
        left_on='account_id', 
        right_on='account_id'
    ).merge(
        card, 
        left_on='disp_id', 
        right_on='disp_id'
    ).merge(
        client, 
        left_on='client_id', 
        right_on='client_id'
    ).merge(
        district, 
        left_on='district_id', 
        right_on='district_id'
    ).merge(
        loan, 
        left_on='account_id', 
        right_on='account_id',
        suffixes=('', '_loan')
    )
    
    # Get eligible clients
    eligible_clients = perm_order_disp[['client_id', 'district_id']].drop_duplicates()
    return eligible_clients
```"
193,List all ID and district for clients that can only have the right to issue permanent orders or apply for loans.,2,1,baseline,"```python
import pandas as pd

def compute_feature(account, card, client, disp, district, loan, order, trans):
    # Merge account and client tables on account_id
    merged_account_client = pd.merge(account, client, on='account_id')
    
    # Filter for clients with only 'right' (permanent) cards
    permanent_cards = card[card['type'] == 'right']
    permanent_clients = merged_account_client[merged_account_client['account_id'].isin(permanent_cards['account_id'])]
    
    # Merge account and order tables on account_id
    merged_account_order = pd.merge(account, order, on='account_id')
    
    # Filter for orders with 'bank_to' being 'yes'
    valid_orders = merged_account_order[merged_account_order['bank_to'] == 'ano']
    
    # Merge account and loan tables on account_id
    merged_account_loan = pd.merge(account, loan, on='account_id')
    
    # Get distinct client IDs from valid orders and loans
    valid_client_ids = pd.concat([valid_orders['client_id'], merged_account_loan['client_id']]).drop_duplicates()
    
    # Get distinct client IDs from permanent clients
    permanent_client_ids = permanent_clients['client_id']
    
    # Find intersection of valid and permanent client IDs
    result = permanent_client_ids.intersection(valid_client_ids)
    
    return result
```"
193,List all ID and district for clients that can only have the right to issue permanent orders or apply for loans.,2,2,baseline,"```python
import pandas as pd

def feature_engineering(client, order, loan):
    # Filter clients who can only issue permanent orders
    perm_order_clients = order[order['k_symbol'] == 'POUZE'].client_id
    
    # Filter clients who can only apply for loans
    loan_clients = loan.client_id
    
    # Find clients who meet either condition
    result = pd.concat([perm_order_clients, loan_clients]).drop_duplicates()
    
    return result.rename('client_id')
```"
193,List all ID and district for clients that can only have the right to issue permanent orders or apply for loans.,2,3,baseline,"```python
import pandas as pd

def get_clients_with_right_to_issue_orders_or_apply_for_loans(account, client):
    # Merge account and client dataframes on 'client_id' column
    merged_df = pd.merge(account, client, how='inner', left_on='account_id', right_on='client_id')
    
    # Filter rows where 'type' is 'H' (right to issue permanent orders) or 'P' (apply for loans)
    filtered_df = merged_df[(merged_df['type'] == 'H') | (merged_df['type'] == 'P')]
    
    # Select distinct 'client_id' and 'district_id'
    result = filtered_df[['client_id', 'district_id']].drop_duplicates()
    
    return result
```"
193,List all ID and district for clients that can only have the right to issue permanent orders or apply for loans.,2,4,baseline,"```python
import pandas as pd

def compute_feature(account, card, client, disp, district, loan, order, trans):
    # Join tables to get necessary information
    joined_tables = pd.merge(client, disp, how='inner', left_on='client_id', right_on='client_id')
    joined_tables = pd.merge(joined_tables, account, how='inner', left_on='account_id', right_on='account_id')
    joined_tables = pd.merge(joined_tables, order, how='inner', left_on='account_id', right_on='account_id')

    # Filter rows where order type is 'VYJ' (Permanent Order)
    perm_order_rows = joined_tables[joined_tables['type'] == 'VYJ']

    # Get distinct client IDs that can issue permanent orders
    perm_order_clients = perm_order_rows[['client_id', 'district_id']].drop_duplicates()

    # Join with loan table to filter out those who also applied for loans
    joined_with_loan = pd.merge(perm_order_clients, loan, how='outer', left_on='client_id', right_on='client_id')
    joined_with_loan['is_loan_applicant'] = joined_with_loan['amount'].notna().astype(int)

    # Get final list of client IDs that meet the criteria
    result = joined_with_loan[joined_with_loan['is_loan_applicant'] == 0][['client_id', 'district_id']]
    
    return result
```"
194,"Provide the IDs and age of the client with high level credit card, which is eligible for loans.",2,0,baseline,"```python
import pandas as pd

def compute_feature(account, card, client, disp):
    # Merge account and card tables on account_id
    merged_acct_card = pd.merge(account, card, on='account_id', how='left')
    
    # Filter for clients with high-level credit cards (type == 'Kreditkarte' or 'Vermögens-girokarte')
    filtered_cards = merged_acct_card[merged_acct_card['type'].isin(['Kreditkarte', 'Vermögens-girokarte'])]
    
    # Merge filtered cards with disp table to get client information
    merged_disp = pd.merge(filtered_cards, disp, on='disp_id', how='left')
    
    # Merge with client table to get client details
    merged_client = pd.merge(merged_disp, client, on='client_id', how='left')
    
    # Calculate age from birth_date
    merged_client['age'] = (pd.to_datetime('now') - pd.to_datetime(merged_client['birth_date'])) // pd.Timedelta(days=365)
    
    # Select required columns
    result = merged_client[['client_id', 'gender', 'birth_date', 'age']]
    
    return result
```"
194,"Provide the IDs and age of the client with high level credit card, which is eligible for loans.",2,1,baseline,"```python
import pandas as pd

def get_eligible_clients(account, card, client, disp, loan):
    # Join account and card tables to find clients with high level credit cards
    card_info = pd.merge(account, card, on='account_id')
    high_level_cards = card_info[card_info['type'] == 'High']

    # Join high_level_cards with disp to find all dispositions associated with these cards
    disp_info = pd.merge(high_level_cards, disp, on='account_id')

    # Join disp_info with client to find the client details
    client_info = pd.merge(disp_info, client, on='client_id')

    # Calculate the age of the clients
    client_info['age'] = (pd.to_datetime('now') - pd.to_datetime(client_info['birth_date'], format='%Y-%m-%d')).astype('<m8[Y]')

    # Select the required columns
    result = client_info[['client_id', 'age']]
    
    return result
```"
194,"Provide the IDs and age of the client with high level credit card, which is eligible for loans.",2,2,baseline,"```python
import pandas as pd

def get_eligible_clients(account, card, client, disp):
    # Merge account and card tables to find clients with high-level credit cards
    card_merge = pd.merge(account, card, how='left', left_on='account_id', right_on='card_id')
    card_merge = card_merge[card_merge['type'] == 'credit']

    # Merge card_merge with client table to get client information
    client_merge = pd.merge(card_merge, client, how='left', left_on='client_id', right_on='client_id')

    # Calculate age based on birth_date
    client_merge['age'] = (pd.to_datetime('now') - pd.to_datetime(client_merge['birth_date'])) // pd.Timedelta(days=365)

    return client_merge[['client_id', 'A1', 'A2', 'A3', 'A4', 'A5', 'A6', 'A7', 'A8', 'A9', 'A10', 'A11', 'A12', 'A13', 'A14', 'A15', 'A16', 'age']]
```"
194,"Provide the IDs and age of the client with high level credit card, which is eligible for loans.",2,3,baseline,"```python
import pandas as pd

def get_high_credit_card_eligible_clients(account, card, client):
    # Merge account and card tables to find clients with high credit cards
    merged_account_card = pd.merge(account, card, how='inner', left_on='account_id', right_on='card_id')
    
    # Filter for high credit cards (type == 'H') and active accounts (issued == 1)
    high_credit_cards = merged_account_card[(merged_account_card['type'] == 'H') & (merged_account_card['issued'] == 1)]
    
    # Merge high credit card clients with client table to get client details
    result = pd.merge(high_credit_cards, client, how='left', left_on='client_id', right_on='client_id')
    
    # Calculate age from birth_date and current date
    result['age'] = (pd.to_datetime('today').year - result['birth_date'].dt.year) - ((pd.to_datetime('today').month, pd.to_datetime('today').day) < (result['birth_date'].dt.month, result['birth_date'].dt.day))
    
    # Select required columns: client_id and age
    final_result = result[['client_id', 'age']]
    
    return final_result
```"
194,"Provide the IDs and age of the client with high level credit card, which is eligible for loans.",2,4,baseline,"```python
import pandas as pd

def get_high_credit_card_eligible_clients(account, card, client, disp, loan):
    # Merge to find clients who have a credit card (type 'Kreditkarte')
    merged = pd.merge(account, card, how='left', left_on='account_id', right_on='card_id')
    merged = merged[merged['type'] == 'Kreditkarte']
    
    # Merge with disp to get the type of display
    merged = pd.merge(merged, disp, how='left', left_on='account_id', right_on='account_id')
    
    # Merge with client to get client details
    merged = pd.merge(merged, client, how='left', left_on='client_id', right_on='client_id')
    
    # Calculate age from birth_date
    merged['age'] = (pd.to_datetime('today').year - merged['birth_date'].dt.year) - ((pd.to_datetime('today') < merged['birth_date'].dt.add(years=1)).astype(int))
    
    # Filter clients who are eligible for loans based on some condition (e.g., amount > 1000)
    eligible_clients = merged[merged['amount'] > 1000]
    
    # Select required columns
    result = eligible_clients[['client_id', 'age']]
    
    return result
```"
