question_id,question,hop_diameter,repeat_idx,condition,qwen_response
89,How many accounts who choose issuance after transaction are staying in East Bohemia region?,1,0,adaptive,"```python
import pandas as pd

def feature_engineering(account):
    # Merge with district table to get region information
    merged_df = pd.merge(account, district, on='district_id', how='left')
    
    # Filter rows where 'A1' is 'East Bohemia'
    filtered_df = merged_df[merged_df['A1'] == 'East Bohemia']
    
    # Count the number of accounts
    count = len(filtered_df)
    
    return count
```"
89,How many accounts who choose issuance after transaction are staying in East Bohemia region?,1,1,adaptive,"```python
import pandas as pd

def compute_feature(district, account):
    # Filter accounts where the district is 'East Bohemia'
    east_bohemia_accounts = account.merge(district, how='left', on='district_id')
    east_bohemia_accounts = east_bohemia_accounts[east_bohemia_accounts['A1'] == 'East Bohemia']

    # Filter accounts where the transaction date is before the issuance date
    east_bohemia_accounts = east_bohemia_accounts.sort_values(by=['date'])
    east_bohemia_accounts['is_issuance_after_transaction'] = east_bohemia_accounts.groupby('account_id')['date'].diff() > 0

    # Count the number of accounts meeting the criteria
    result = east_bohemia_accounts['is_issuance_after_transaction'].sum()

    return result
```"
89,How many accounts who choose issuance after transaction are staying in East Bohemia region?,1,2,adaptive,"```python
import pandas as pd

def feature_engineering(district, account):
    # Merge the two tables based on district_id
    merged_df = pd.merge(account, district, how='left', on='district_id')
    
    # Filter rows where date is greater than 2000 and region is 'East Bohemia'
    filtered_df = merged_df[(merged_df['date'] > 2000) & (merged_df['A1'] == 'East Bohemia')]
    
    # Count distinct accounts
    result = len(filtered_df['account_id'].unique())
    
    return result
```"
89,How many accounts who choose issuance after transaction are staying in East Bohemia region?,1,3,adaptive,"```python
import pandas as pd

def compute_feature(district, account):
    # Filter accounts where frequency is 2 (issuance) and date is not null
    issuance_accounts = account[(account['frequency'] == 2) & ~account['date'].isnull()]
    
    # Merge with district table to get region information
    merged_df = pd.merge(issuance_accounts, district, on='district_id', how='left')
    
    # Count accounts staying in East Bohemia region
    east_bohemia_count = merged_df[merged_df['A2'] == 'East Bohemia']['account_id'].nunique()
    
    return east_bohemia_count
```"
89,How many accounts who choose issuance after transaction are staying in East Bohemia region?,1,4,adaptive,"```python
import pandas as pd

def compute_feature(district, account):
    # Filter accounts issued after transaction in East Bohemia region
    east_bohemian_accounts = account[(account['date'] > '2022-01-01') & (district['A1'] == 'East Bohemia')]
    
    # Count unique accounts
    result = len(east_bohemian_accounts['account_id'].unique())
    
    return result
```"
90,How many accounts who have region in Prague are eligible for loans?,2,0,adaptive,"```python
import pandas as pd

def compute_feature(account, loan, district, client):
    # Merge district and account on district_id to get region information
    merged = pd.merge(account, district, how='left', on='district_id')
    
    # Filter for accounts in the 'Prague' region
    prague_accounts = merged[merged['A1'] == 'Prague']
    
    # Merge prague_accounts with loan data
    prague_loan = pd.merge(prague_accounts, loan, how='inner', on='account_id')
    
    # Compute the number of unique accounts
    result = len(prague_loan['account_id'].unique())
    
    return result
```"
90,How many accounts who have region in Prague are eligible for loans?,2,1,adaptive,"```python
import pandas as pd

def count_eligible_accounts(account, loan, district):
    # Merge account and district to get district information for each account
    merged = pd.merge(account, district, how='left', left_on='district_id', right_index=True)
    
    # Filter for accounts in the 'Prague' region
    prague_accounts = merged[merged['A1'] == 'Prague']
    
    # Merge filtered accounts with loan data to check loan eligibility
    eligible_accounts = pd.merge(prague_accounts, loan, how='inner', left_on='account_id', right_on='account_id')
    
    # Count the number of unique accounts that are eligible for loans
    result = len(eligible_accounts['account_id'].unique())
    
    return result
```"
90,How many accounts who have region in Prague are eligible for loans?,2,2,adaptive,"```python
import pandas as pd

def compute_feature(account, loan, district, client):
    # Merge account and district tables to get region information for each account
    merged = pd.merge(account, district, on='district_id')
    
    # Filter accounts in Prague
    prague_accounts = merged[merged['A2'] == 'Prague']
    
    # Merge filtered accounts with loan table to get loan eligibility information
    merged = pd.merge(prague_accounts, loan, on='account_id')
    
    # Count unique account IDs from the resulting DataFrame
    num_eligible_accounts = len(merged['account_id'].unique())
    
    return num_eligible_accounts
```"
90,How many accounts who have region in Prague are eligible for loans?,2,3,adaptive,"```python
import pandas as pd

def compute_feature(account, loan, district, client):
    # Merge account and loan tables on account_id
    merged_account_loan = pd.merge(account, loan, how='inner', left_on='account_id', right_on='account_id')
    
    # Merge merged result with district table on district_id
    merged_all = pd.merge(merged_account_loan, district, how='inner', left_on='district_id', right_on='district_id')
    
    # Filter rows where A1 equals 'Prague'
    prague_accounts = merged_all[merged_all['A1'] == 'Prague']
    
    # Count distinct account_ids from the filtered dataframe
    num_prague_eligible_accounts = len(prague_accounts['account_id'].unique())
    
    return num_prague_eligible_accounts
```"
90,How many accounts who have region in Prague are eligible for loans?,2,4,adaptive,"```python
import pandas as pd

def compute_feature(account, loan, district, client):
    # Merge tables to get the required information
    merged = account.merge(loan, on='account_id')
    merged = merged.merge(district, on='district_id')
    
    # Filter rows where region is Prague
    prague_accounts = merged[merged['A1'] == 'Prague']
    
    # Count distinct account IDs
    result = len(prague_accounts['account_id'].unique())
    
    return result
```"
91,"The average unemployment ratio of 1995 and 1996, which one has higher percentage?",0,0,adaptive,"```python
import pandas as pd

def compute_unemployment_ratio_difference(df):
    # Calculate the average unemployment ratio for each year
    avg_unemp_1995 = df.loc[df['year'] == 1995, 'unemployment_rate'].mean()
    avg_unemp_1996 = df.loc[df['year'] == 1996, 'unemployment_rate'].mean()

    # Compute the difference
    difference = avg_unemp_1996 - avg_unemp_1995

    return difference
```"
91,"The average unemployment ratio of 1995 and 1996, which one has higher percentage?",0,1,adaptive,"```python
def compute_unemployment_ratio(district):
    avg_1995 = district.loc[district['A2'] == '1995', 'A16'].mean()
    avg_1996 = district.loc[district['A2'] == '1996', 'A16'].mean()
    return avg_1996 > avg_1995
```"
91,"The average unemployment ratio of 1995 and 1996, which one has higher percentage?",0,2,adaptive,"```python
import pandas as pd

def calculate_higher_unemployment_ratio(df):
    avg_1995 = df.loc[df['year'] == 1995, 'unemployment_rate'].mean()
    avg_1996 = df.loc[df['year'] == 1996, 'unemployment_rate'].mean()
    
    if avg_1995 > avg_1996:
        return ""1995""
    else:
        return ""1996""

# Assuming the DataFrame is named `loan_data`
result = calculate_higher_unemployment_ratio(loan_data)
print(result)
```"
91,"The average unemployment ratio of 1995 and 1996, which one has higher percentage?",0,3,adaptive,"```python
def compute_feature(district):
    # Calculate the mean unemployment rate for 1995 and 1996
    avg_unemp_1995 = district.loc[district['A1'] == '1995', 'A8'].mean()
    avg_unemp_1996 = district.loc[district['A1'] == '1996', 'A8'].mean()
    
    # Compare the two averages
    if avg_unemp_1995 > avg_unemp_1996:
        return '1995'
    else:
        return '1996'
```"
91,"The average unemployment ratio of 1995 and 1996, which one has higher percentage?",0,4,adaptive,"```python
import pandas as pd

def avg_unemployment_ratio(df):
    # Calculate average unemployment ratios for 1995 and 1996
    avg_1995 = df['A1'].mean()
    avg_1996 = df['A2'].mean()
    
    # Compare the averages and return the result
    if avg_1995 > avg_1996:
        return '1995'
    else:
        return '1996'
```"
92,List out the no. of districts that have female average salary is more than 6000 but less than 10000?,1,0,adaptive,"```python
import pandas as pd

def compute_feature(client, district):
    # Calculate average salary per district
    avg_salary = pd.merge(client, district, on='district_id', how='left')
    avg_salary['avg_salary'] = (avg_salary[['A2', 'A3', 'A4', 'A5', 'A6', 'A7', 'A8', 'A9', 'A10', 'A11', 'A12', 'A13', 'A14', 'A15', 'A16']].sum(axis=1)) / 15
    
    # Filter districts based on average salary condition
    filtered_districts = avg_salary[(avg_salary['avg_salary'] > 6000) & (avg_salary['avg_salary'] < 10000)]
    
    # Count the number of districts that meet the condition
    result = len(filtered_districts)
    
    return result
```"
92,List out the no. of districts that have female average salary is more than 6000 but less than 10000?,1,1,adaptive,"```python
import pandas as pd

def calculate_districts(df_client, df_district):
    # Merge dataframes based on district_id
    merged_df = pd.merge(df_client, df_district, on='district_id')
    
    # Calculate average salary per district
    avg_salary_per_district = merged_df.groupby('district_id')['A2'].mean()
    
    # Filter districts where average salary is between 6000 and 10000
    filtered_districts = avg_salary_per_district[(avg_salary_per_district > 6000) & (avg_salary_per_district < 10000)]
    
    # Return the number of such districts
    return len(filtered_districts)
```"
92,List out the no. of districts that have female average salary is more than 6000 but less than 10000?,1,2,adaptive,"```python
import pandas as pd

def compute_feature(df_client, df_district):
    # Merge the two tables based on district_id
    merged_df = pd.merge(df_client, df_district, on='district_id')
    
    # Calculate the average salary per district
    avg_salary_per_district = merged_df.groupby('A2')['birth_date'].mean().reset_index()
    
    # Filter districts where average salary is between 6000 and 10000
    filtered_df = avg_salary_per_district[(avg_salary_per_district['birth_date'] > 6000) & (avg_salary_per_district['birth_date'] < 10000)]
    
    # Return the number of such districts
    return len(filtered_df)
```"
92,List out the no. of districts that have female average salary is more than 6000 but less than 10000?,1,3,adaptive,"```python
import pandas as pd

def compute_feature(client_df, district_df):
    # Merge client and district dataframes on district_id
    merged_df = pd.merge(client_df, district_df, on='district_id')

    # Filter clients who are female
    female_clients = merged_df[merged_df['gender'] == 'female']

    # Group by district and calculate average salary
    avg_salary_by_district = female_clients.groupby('district_id')['A1'].mean().reset_index()

    # Apply filters to get desired range
    filtered_districts = avg_salary_by_district[(avg_salary_by_district['A1'] > 6000) & (avg_salary_by_district['A1'] < 10000)]

    return len(filtered_districts)
```"
92,List out the no. of districts that have female average salary is more than 6000 but less than 10000?,1,4,adaptive,"```python
import pandas as pd

def compute_feature(client_df, district_df):
    # Merge client and district dataframes on district_id
    merged_df = pd.merge(client_df, district_df, on='district_id')
    
    # Calculate average salary per district
    avg_salary_per_district = merged_df.groupby('district_id')['A1'].mean().reset_index()
    
    # Filter districts where average salary is between 6000 and 10000
    filtered_districts = avg_salary_per_district[(avg_salary_per_district['A1'] > 6000) & (avg_salary_per_district['A1'] < 10000)]
    
    # Count the number of such districts
    result = len(filtered_districts)
    
    return result
```"
93,How many male customers who are living in North Bohemia have average salary greater than 8000?,1,0,adaptive,"```python
import pandas as pd

def calculate_feature(client, district):
    # Merge client and district tables on district_id
    merged_df = pd.merge(client, district, on='district_id')
    
    # Filter for male clients from North Bohemia with average salary > 8000
    filtered_df = merged_df[(merged_df['gender'] == 'male') & 
                           (merged_df['A1'].isin(['North Bohemia'])) &
                           (merged_df['A14'] > 8000)]
    
    # Count the number of such clients
    result = len(filtered_df)
    
    return result
```"
93,How many male customers who are living in North Bohemia have average salary greater than 8000?,1,1,adaptive,"```python
import pandas as pd

def compute_feature(client, district):
    # Merging client and district dataframes on district_id
    merged_df = pd.merge(client, district, on='district_id')
    
    # Filtering rows where gender is 'M' (male), A1 is 'N', and A2 is 'B'
    filtered_df = merged_df[(merged_df['gender'] == 'M') & 
                           (merged_df['A1'] == 'N') & 
                           (merged_df['A2'] == 'B')]
    
    # Calculating average salary
    avg_salary = filtered_df['A3'].mean()
    
    # Checking if average salary is greater than 8000
    result = avg_salary > 8000
    
    return int(result)
```"
93,How many male customers who are living in North Bohemia have average salary greater than 8000?,1,2,adaptive,"```python
import pandas as pd

def compute_feature(client, district):
    # Merge client and district dataframes based on district_id
    merged_df = pd.merge(client, district, how='left', left_on='district_id', right_on='district_id')
    
    # Filter for male customers from North Bohemia with average salary > 8000
    filtered_df = merged_df[(merged_df['gender'] == 'M') & (merged_df['A2'] == 'North Bohemia') & (merged_df['A14'] > 8000)]
    
    # Compute the number of such customers
    result = len(filtered_df)
    
    return result
```"
93,How many male customers who are living in North Bohemia have average salary greater than 8000?,1,3,adaptive,"```python
import pandas as pd

def compute_feature(client, district):
    # Merging the two dataframes based on district_id
    merged_df = pd.merge(client, district, how='inner', on='district_id')
    
    # Filtering the dataframe to only include male clients from North Bohemia
    filtered_df = merged_df[(merged_df['gender'] == 'male') & 
                           (merged_df['A3'] == 'North Bohemia')]
    
    # Calculating the average salary of these clients
    avg_salary = filtered_df['A9'].mean()
    
    return avg_salary > 8000
```"
93,How many male customers who are living in North Bohemia have average salary greater than 8000?,1,4,adaptive,"```python
import pandas as pd

def calculate_feature(client, district):
    # Merge client and district dataframes based on district_id
    merged_df = pd.merge(client, district, how='left', left_on='district_id', right_on='district_id')
    
    # Filter male customers from North Bohemia
    filtered_df = merged_df[(merged_df['gender'] == 'male') & 
                           (merged_df['A2'] == 'North Bohemia')]
    
    # Calculate average salary greater than 8000
    result = filtered_df[filtered_df['A1'] > 8000]['client_id'].count()
    
    return result
```"
94,"List out the account numbers of female clients who are oldest and has lowest average salary, calculate the gap between this lowest average salary with the highest average salary?",3,0,adaptive,"```python
import pandas as pd

def compute_feature(account, district, disp, client, card):
    # Merge dataframes to get necessary information
    merged_df = account.merge(disp, how='left', left_on='account_id', right_on='account_id')
    merged_df = merged_df.merge(client, how='left', left_on='disp_id', right_on='client_id')

    # Filter for female clients
    merged_df = merged_df[merged_df['gender'] == 'F']

    # Calculate age of each client
    merged_df['age'] = 2023 - merged_df['birth_date'].dt.year

    # Group by account number and calculate average salary per account
    avg_salary_per_account = merged_df.groupby('account_id')['salary'].mean().reset_index()

    # Merge back to original dataframe to get full details
    merged_df = merged_df.merge(avg_salary_per_account, how='left', left_on='account_id', right_on='account_id')

    # Sort by age and average salary
    sorted_df = merged_df.sort_values(by=['age', 'salary'])

    # Get the account number with the lowest average salary
    min_avg_salary_acc = sorted_df.iloc[0]['account_id']
    
    # Calculate the gap between the highest and lowest average salary
    max_avg_salary = merged_df['salary'].max()
    min_avg_salary = merged_df['salary'].min()
    gap = max_avg_salary - min_avg_salary
    
    return min_avg_salary_acc, gap
```"
94,"List out the account numbers of female clients who are oldest and has lowest average salary, calculate the gap between this lowest average salary with the highest average salary?",3,1,adaptive,"```python
import pandas as pd

def compute_feature(account, district, disp, client, card):
    # Merging dataframes to get necessary information
    merged_df = pd.merge(account, disp, how='left', left_on='account_id', right_on='account_id')
    merged_df = pd.merge(merged_df, client, how='left', left_on='client_id', right_on='client_id')

    # Filtering for female clients
    merged_df = merged_df[merged_df['gender'] == 'female']

    # Calculating age of clients
    merged_df['age'] = 2023 - merged_df['birth_date'].dt.year

    # Grouping by account number and calculating average salary per account
    avg_salary_per_account = merged_df.groupby('account_id')['salary'].mean().reset_index()

    # Finding the oldest client in each account
    oldest_clients = merged_df.sort_values(by=['account_id', 'age'], ascending=[True, False]).drop_duplicates(subset='account_id', keep='first')

    # Joining the results to get the account numbers of the oldest female clients
    result = pd.merge(oldest_clients[['account_id']], avg_salary_per_account, on='account_id', how='inner')

    # Calculating the difference between the highest and lowest average salary
    diff_avg_salary = result['salary'].max() - result['salary'].min()
    
    return diff_avg_salary
```"
94,"List out the account numbers of female clients who are oldest and has lowest average salary, calculate the gap between this lowest average salary with the highest average salary?",3,2,adaptive,"```python
import pandas as pd

def compute_feature(account, district, disp, client, card):
    # Merge tables to get client details for each account
    merged = pd.merge(account, disp, how='left', on='account_id')
    merged = pd.merge(merged, client, how='left', on='client_id')
    
    # Calculate age in years from birth_date
    merged['age'] = (pd.to_datetime('now') - pd.to_datetime(merged['birth_date'])) // pd.Timedelta(days=365)
    
    # Filter for female clients
    female_clients = merged[merged['gender'] == 'F']
    
    # Group by account_id and calculate average salary
    avg_salary_by_account = female_clients.groupby('account_id')['A1'].mean().reset_index()
    
    # Find the lowest and highest average salaries
    min_avg_salary = avg_salary_by_account['A1'].min()
    max_avg_salary = avg_salary_by_account['A1'].max()
    
    # Calculate the gap
    salary_gap = max_avg_salary - min_avg_salary
    
    return salary_gap
```"
94,"List out the account numbers of female clients who are oldest and has lowest average salary, calculate the gap between this lowest average salary with the highest average salary?",3,3,adaptive,"```python
import pandas as pd

def compute_feature(account, district, disp, client, card):
    # Merging all necessary tables to get the required information
    merged_df = pd.merge(account, disp, how='left', left_on='account_id', right_on='account_id')
    merged_df = pd.merge(merged_df, client, how='left', left_on='client_id', right_on='client_id')

    # Calculating the age of each client
    merged_df['age'] = (pd.Timestamp.now() - pd.to_datetime(merged_df['birth_date'], errors='coerce')).days // 365
    
    # Filtering only female clients
    merged_df = merged_df[merged_df['gender'] == 'F']

    # Grouping by account_id and calculating the average salary
    avg_salary_per_account = merged_df.groupby('account_id')['salary'].mean().reset_index()

    # Getting the minimum and maximum average salary
    min_avg_salary = avg_salary_per_account['salary'].min()
    max_avg_salary = avg_salary_per_account['salary'].max()

    # Calculating the gap
    gap = max_avg_salary - min_avg_salary
    
    return gap
```"
94,"List out the account numbers of female clients who are oldest and has lowest average salary, calculate the gap between this lowest average salary with the highest average salary?",3,4,adaptive,"```python
import pandas as pd

def compute_feature(account, district, disp, client, card):
    # Merge dataframes to get necessary information
    merged_df = pd.merge(account, disp, how='left', left_on='account_id', right_on='account_id')
    merged_df = pd.merge(merged_df, client, how='left', left_on='client_id', right_on='client_id')

    # Filter for female clients
    merged_df = merged_df[merged_df['gender'] == 'female']

    # Calculate average salary per account
    avg_salary_per_account = merged_df.groupby('account_id')['A1'].mean().reset_index()

    # Merge with original data to get full details
    merged_df = pd.merge(avg_salary_per_account, merged_df, how='left', left_on='account_id', right_on='account_id')

    # Get the oldest client (based on birth_date) for each account
    oldest_clients = merged_df.loc[merged_df.groupby('account_id')['birth_date'].idxmin()]

    # Sort by average salary in ascending order and get the lowest average salary
    lowest_avg_salary = oldest_clients.sort_values(by='A1').head(1)['A1'].values[0]

    # Sort by average salary in descending order and get the highest average salary
    highest_avg_salary = oldest_clients.sort_values(by='A1', ascending=False).head(1)['A1'].values[0]

    # Calculate the gap between highest and lowest average salary
    gap = highest_avg_salary - lowest_avg_salary

    return gap
```"
95,List out the account numbers of clients who are youngest and have highest average salary?,3,0,adaptive,"```python
import pandas as pd

def youngest_highest_salary(accounts, client):
    # Merge accounts with client data to get age information
    merged_df = pd.merge(accounts, client, left_on='client_id', right_index=True)
    
    # Calculate age from birth_date
    merged_df['age'] = (pd.to_datetime('now') - pd.to_datetime(merged_df['birth_date'])).dt.days // 365
    
    # Group by account_id and calculate average salary
    avg_salary_by_account = merged_df.groupby('account_id').agg({'balance': 'mean'}).reset_index()
    
    # Join back to original data to get the youngest clients
    merged_df = pd.merge(merged_df, avg_salary_by_account, on='account_id')
    
    # Find the youngest age
    youngest_age = merged_df['age'].min()
    
    # Filter for youngest clients and highest average salary
    result = merged_df[(merged_df['age'] == youngest_age) & (merged_df['balance'] == merged_df['balance'].max())]['account_id']
    
    return result.tolist()
```"
95,List out the account numbers of clients who are youngest and have highest average salary?,3,1,adaptive,"```python
import pandas as pd

def youngest_highest_salary_accounts(account, disp, client):
    # Merge account and disp tables on account_id
    merged_disp = pd.merge(account, disp, how='inner', on='account_id')
    
    # Merge merged_disp and client tables on client_id
    merged_client = pd.merge(merged_disp, client, how='inner', on='client_id')
    
    # Calculate age from birth_date
    merged_client['age'] = (pd.to_datetime('now') - pd.to_datetime(merged_client['birth_date'], errors='coerce')).dt.days // 365
    
    # Group by account_id and calculate average salary
    avg_salary = merged_client.groupby('account_id')['A1'].mean().reset_index()
    
    # Join to get full information
    result = pd.merge(avg_salary, merged_client[['account_id', 'age']], how='inner', on='account_id')
    
    # Sort by age in ascending order and then by average salary in descending order
    sorted_result = result.sort_values(by=['age', 'A1'], ascending=[True, False])
    
    # Select the first row which is the youngest with highest average salary
    youngest_highest_salary_account = sorted_result.iloc[0]['account_id']
    
    return youngest_highest_salary_account
```"
95,List out the account numbers of clients who are youngest and have highest average salary?,3,2,adaptive,"```python
import pandas as pd

def youngest_highest_salary_accounts(account, disp, client):
    # Merge account and disp tables to get account details for each disp
    merged_disp = pd.merge(account, disp, on='account_id')
    
    # Merge merged_disp with client table to get client details for each disp
    merged_client = pd.merge(merged_disp, client, left_on='client_id', right_on='client_id')
    
    # Calculate age from birth_date
    merged_client['age'] = (pd.Timestamp.now() - pd.to_datetime(merged_client['birth_date'])).days // 365
    
    # Group by client_id and calculate average salary per client
    avg_salary_per_client = merged_client.groupby('client_id')['salary'].mean().reset_index()
    
    # Join back to get full information for each client's accounts
    result = pd.merge(avg_salary_per_client, merged_client, on='client_id')
    
    # Sort by age in ascending order and then by average salary in descending order
    sorted_result = result.sort_values(by=['age', 'salary'], ascending=[True, False])
    
    # Get the top record which is the youngest and has highest average salary
    youngest_highest_salary = sorted_result.iloc[0]['account_id']
    
    return pd.DataFrame({'youngest_highest_salary_account': [youngest_highest_salary]})
```"
95,List out the account numbers of clients who are youngest and have highest average salary?,3,3,adaptive,"```python
import pandas as pd

def compute_feature(account, disp, client):
    # Merge tables to get client information for each account
    merged = pd.merge(account, disp, on='account_id')
    merged = pd.merge(merged, client, on='client_id')

    # Calculate age in years
    merged['age'] = (pd.to_datetime('now') - pd.to_datetime(merged['birth_date'], format='%Y-%m-%d')).astype('<m8[Y]')

    # Calculate average salary per account
    avg_salary_per_account = merged.groupby('account_id')['salary'].mean().reset_index()

    # Join back to get complete data
    merged = pd.merge(merged, avg_salary_per_account, on='account_id', suffixes=('', '_avg'))

    # Filter for youngest and highest average salary
    youngest_highest_avg = merged.loc[(merged['age'] == merged['age'].min()) & 
                                     (merged['salary_avg'] == merged['salary_avg'].max())]

    return youngest_highest_avg[['account_id']]
```"
95,List out the account numbers of clients who are youngest and have highest average salary?,3,4,adaptive,"```python
import pandas as pd

def get_youngest_highest_salary_accounts(account, client):
    # Merge the two tables based on the common column 'client_id'
    merged = pd.merge(account, client, how='inner', left_on='account_id', right_on='client_id')

    # Calculate the age of each client in years
    merged['age'] = (pd.Timestamp.now() - pd.to_datetime(merged['birth_date'], format='%Y-%m-%d')).days // 365
    
    # Group by 'district_id' and calculate the average age and total income within each district
    avg_age_income = merged.groupby('district_id').agg({'age': 'mean', 'frequency': 'sum'}).reset_index()

    # Sort districts by average age in ascending order and total income in descending order
    sorted_districts = avg_age_income.sort_values(by=['age', 'frequency'], ascending=[True, False])

    # Get the top district with the youngest and highest average salary
    top_district = sorted_districts.iloc[0]['district_id']

    # Filter accounts to only include those from the top district
    result = merged[merged['district_id'] == top_district][['account_id']]
    
    return result
```"
96,How many customers who choose statement of weekly issuance are Owner?,1,0,adaptive,"```python
import pandas as pd

def compute_feature(account, disp):
    # Merge the two tables on 'account_id'
    merged_df = pd.merge(account, disp, on='account_id')
    
    # Filter rows where 'type' is 'Owner' and 'frequency' is 'weekly'
    filtered_df = merged_df[(merged_df['type'] == 'Owner') & (merged_df['frequency'] == 'weekly')]
    
    # Count the number of unique customer IDs in the filtered DataFrame
    num_customers = filtered_df['client_id'].nunique()
    
    return num_customers
```"
96,How many customers who choose statement of weekly issuance are Owner?,1,1,adaptive,"```python
import pandas as pd

def compute_feature(account, disp):
    # Merge account and disp tables based on account_id
    merged_table = pd.merge(account, disp, how='inner', left_on='account_id', right_on='account_id')

    # Filter rows where frequency is 'weekly' and type is 'OWNER'
    filtered_table = merged_table[(merged_table['frequency'] == 'weekly') & (merged_table['type'] == 'OWNER')]

    # Count distinct client_ids from the filtered table
    result = len(filtered_table['client_id'].unique())

    return result
```"
96,How many customers who choose statement of weekly issuance are Owner?,1,2,adaptive,"```python
import pandas as pd

def calculate_feature(account, disp):
    # Merge account and disp tables based on account_id
    merged_df = pd.merge(account, disp, how='inner', left_on='account_id', right_on='account_id')
    
    # Filter rows where frequency is 'weekly' and type is 'Owner'
    filtered_df = merged_df[(merged_df['frequency'] == 'weekly') & (merged_df['type'] == 'OWNER')]
    
    # Count distinct clients
    result = len(filtered_df['client_id'].unique())
    
    return result
```"
96,How many customers who choose statement of weekly issuance are Owner?,1,3,adaptive,"```python
import pandas as pd

def compute_feature(account, disp):
    # Merge the 'account' and 'disp' tables on 'account_id'
    merged = pd.merge(account, disp, on='account_id')
    
    # Filter rows where 'type' is 'Owner' and 'frequency' is 'weekly'
    filtered = merged[(merged['type'] == 'Owner') & (merged['frequency'] == 'weekly')]
    
    # Count the number of unique 'client_id's in the filtered DataFrame
    result = len(filtered['client_id'].unique())
    
    return result
```"
96,How many customers who choose statement of weekly issuance are Owner?,1,4,adaptive,"```python
import pandas as pd

def calculate_owner_customers(account, disp):
    # Merge account and disp tables on account_id
    merged_df = pd.merge(account, disp, how='inner', on='account_id')
    
    # Filter rows where type is 'OWNER' and frequency is 7 (weekly)
    filtered_df = merged_df[(merged_df['type'] == 'OWNER') & (merged_df['frequency'] == 7)]
    
    # Count unique customer IDs
    owner_customers_count = len(filtered_df['client_id'].unique())
    
    return owner_customers_count
```"
97,List out the id number of client who choose statement of issuance after transaction are Disponent?,1,0,adaptive,"```python
import pandas as pd

def feature_engineering(account, disp):
    # Merge the 'account' and 'disp' tables based on 'account_id'
    merged_table = pd.merge(account, disp, on='account_id', how='inner')
    
    # Filter rows where 'type' is 'Dispositif'
    filtered_table = merged_table[merged_table['type'] == 'Dispositif']
    
    # Select distinct 'client_id'
    result = filtered_table[['client_id']].drop_duplicates()
    
    return result
```"
97,List out the id number of client who choose statement of issuance after transaction are Disponent?,1,1,adaptive,"```python
import pandas as pd

def compute_feature(account, disp):
    # Merge account and disp tables on account_id column
    merged_df = pd.merge(account, disp, on='account_id')
    
    # Filter rows where disp.type is 'dispo' (Disponant)
    disponant_rows = merged_df[merged_df['type'] == 'dispo']
    
    # Select unique client_id from filtered rows
    result = disponant_rows[['client_id']].drop_duplicates()
    
    return result
```"
97,List out the id number of client who choose statement of issuance after transaction are Disponent?,1,2,adaptive,"```python
import pandas as pd

def get_clients_who_choose_statement_of_issuance_after_transaction_are_disponent(account, disp):
    # Merge account and disp tables on account_id column
    merged_df = pd.merge(account, disp, on='account_id', how='inner')
    
    # Filter rows where type is 'Disponent'
    disponent_df = merged_df[merged_df['type'] == 'Disponent']
    
    # Get unique client_ids from the filtered DataFrame
    result = disponent_df[['client_id']].drop_duplicates()
    
    return result
```"
97,List out the id number of client who choose statement of issuance after transaction are Disponent?,1,3,adaptive,"```python
import pandas as pd

def get_clients_who_choose_statement_of_issuance_after_transaction_are_disponent(account, disp):
    # Merge account and disp tables on account_id
    merged_table = pd.merge(account, disp, how='left', on='account_id')
    
    # Filter rows where type is 'Dispositon'
    filtered_table = merged_table[merged_table['type'] == 'Dispositon']
    
    # Select unique client_ids from the filtered table
    result = filtered_table[['client_id']].drop_duplicates()
    
    return result
```"
97,List out the id number of client who choose statement of issuance after transaction are Disponent?,1,4,adaptive,"```python
import pandas as pd

def get_client_ids():
    # Merge disp and account tables on account_id
    merged_df = pd.merge(disp, account, on='account_id')
    
    # Filter rows where type is 'Dispositif'
    filtered_df = merged_df[merged_df['type'] == 'Dispositif']
    
    # Select unique client_ids
    result = filtered_df[['client_id']].drop_duplicates()
    
    return result
```"
98,"Among the accounts who have approved loan date in 1997, list out the accounts that have the lowest approved amount and choose weekly issuance statement.",1,0,adaptive,"```python
import pandas as pd

def compute_feature(loan, account):
    # Filter loans from 1997
    filtered_loans = loan[loan['date'].str.startswith('1997')]
    
    # Merge with account data to get district_id
    merged_data = pd.merge(filtered_loans, account, on='account_id')
    
    # Filter approved loans
    approved_loans = merged_data[merged_loans['status'] == 'approved']
    
    # Find minimum approved amount per account
    min_amounts = approved_loans.groupby('account_id')['amount'].min().reset_index()
    
    # Merge with original data to get details of minimum amounts
    result = pd.merge(min_amounts, approved_loans, on=['account_id', 'amount'], how='inner')
    
    return result[['account_id', 'district_id', 'frequency', 'date']]
```"
98,"Among the accounts who have approved loan date in 1997, list out the accounts that have the lowest approved amount and choose weekly issuance statement.",1,1,adaptive,"```python
import pandas as pd

def compute_feature(loan, account):
    # Filter loans where status is 'approved' and year is 1997
    approved_1997 = loan[(loan['status'] == 'approved') & (loan['date'].dt.year == 1997)]
    
    # Merge with account data to get district_id
    merged_data = pd.merge(approved_1997, account, on='account_id')
    
    # Sort by amount and select the first row per account_id
    result = merged_data.sort_values(by='amount').groupby('account_id').head(1).reset_index(drop=True)
    
    return result[['account_id', 'district_id']]
```"
98,"Among the accounts who have approved loan date in 1997, list out the accounts that have the lowest approved amount and choose weekly issuance statement.",1,2,adaptive,"```python
import pandas as pd

def feature_engineering(loan, account):
    # Filter loans approved in 1997
    approved_1997 = loan[(loan['date'].dt.year == 1997) & (loan['status'] == 'approved')]
    
    # Merge with account table to get district information
    merged_df = pd.merge(approved_1997, account, on='account_id')
    
    # Group by account_id and find min amount
    min_amounts = merged_df.groupby('account_id')['amount'].min().reset_index()
    
    # Merge back to get full info
    result = pd.merge(min_amounts, merged_df, how='left', left_on=['account_id', 'amount'], 
                      right_on=['account_id', 'amount'])
    
    return result[['account_id', 'district_id', 'frequency', 'date_x']]
```"
98,"Among the accounts who have approved loan date in 1997, list out the accounts that have the lowest approved amount and choose weekly issuance statement.",1,3,adaptive,"```python
import pandas as pd

def feature_engineering(loan, account):
    # Filter loans from 1997
    loan_1997 = loan[loan['date'].dt.year == 1997]
    
    # Merge with account data to get district_id
    merged_data = pd.merge(loan_1997, account[['account_id', 'district_id']], on='account_id')
    
    # Group by account_id and select the min amount
    min_amounts = merged_data.groupby('account_id')['amount'].min().reset_index()
    
    # Merge back to get all details of these accounts
    result = pd.merge(min_amounts, merged_data, on=['account_id', 'amount'])
    
    # Selecting only necessary columns and renaming for clarity
    final_result = result[['account_id', 'district_id', 'frequency', 'date_x', 'amount_x', 'duration_x', 'payments_x', 'status_x']].copy()
    final_result.columns = ['account_id', 'district_id', 'frequency', 'date', 'amount', 'duration', 'payments', 'status']
    
    return final_result
```

Note: The provided solution assumes that the 'date' columns in both tables are datetime objects. If not, you should convert them using `pd.to_datetime()`. Also, it's assumed that there are no missing values in the required columns for merging and grouping operations. If missing values exist, additional handling is needed to avoid errors or incorrect results."
98,"Among the accounts who have approved loan date in 1997, list out the accounts that have the lowest approved amount and choose weekly issuance statement.",1,4,adaptive,"```python
import pandas as pd

def compute_feature(loan, account):
    # Filter loan data to include only approved loans from 1997
    loan_1997 = loan[(loan['date'].dt.year == 1997) & (loan['status'] == 'approved')]
    
    # Merge loan data with account data on account_id
    merged_data = pd.merge(loan_1997, account, on='account_id', how='left')
    
    # Sort by district_id and then by amount to get accounts with lowest amount per district
    sorted_data = merged_data.sort_values(by=['district_id', 'amount'])
    
    # Select the first row for each district group which has the lowest amount
    result = sorted_data.drop_duplicates(subset='district_id', keep='first').reset_index(drop=True)
    
    return result[['account_id', 'district_id', 'frequency', 'date']]
```"
99,"Among the accounts who have loan validity more than 12 months, list out the accounts that have the highest approved amount and have account opening date in 1993.",1,0,adaptive,"```python
import pandas as pd

def feature_engineering(loan, account):
    # Merge the loan and account dataframes on 'account_id'
    merged_df = pd.merge(loan, account, on='account_id', how='left')

    # Filter accounts with loan validity more than 12 months
    merged_df['validity'] = (merged_df['date'] - merged_df['date']).dt.days / 365
    valid_accounts = merged_df[merged_df['validity'] > 12]

    # Filter accounts opened in 1993
    valid_accounts_1993 = valid_accounts[valid_accounts['date'].dt.year == 1993]

    # Select only the required columns
    result = valid_accounts_1993[['account_id', 'amount', 'status']]

    return result
```"
99,"Among the accounts who have loan validity more than 12 months, list out the accounts that have the highest approved amount and have account opening date in 1993.",1,1,adaptive,"```python
import pandas as pd

def compute_feature(loan, account):
    # Merge loan and account dataframes on account_id
    merged_df = pd.merge(loan, account, on='account_id')

    # Filter rows where loan validity is more than 12 months
    filtered_df = merged_df[(merged_df['date'] - merged_df['date_x']).dt.days / 30 > 12]

    # Filter rows where account opening date is in 1993
    filtered_df = filtered_df[filtered_df['date_y'].dt.year == 1993]

    # Filter rows where loan status is 'approved'
    filtered_df = filtered_df[filtered_df['status'] == 'approved']

    # Group by account_id and get the sum of the amount for each group
    result = filtered_df.groupby('account_id')['amount'].sum().reset_index()

    return result
```"
99,"Among the accounts who have loan validity more than 12 months, list out the accounts that have the highest approved amount and have account opening date in 1993.",1,2,adaptive,"```python
import pandas as pd

def compute_feature(loan, account):
    # Filter loans with duration > 12 months
    loan = loan[loan['duration'] > 12]
    
    # Merge loan data with account data on account_id
    merged_data = pd.merge(loan, account, on='account_id', how='left')
    
    # Filter accounts opened in 1993
    merged_data = merged_data[merged_data['date_x'].dt.year == 1993]
    
    # Find the max approved amount per account
    max_amounts = merged_data.groupby('account_id')['amount'].max().reset_index()
    
    # Merge back to get all relevant columns
    result = pd.merge(max_amounts, merged_data, left_on=['account_id'], right_on=['account_id', 'amount'], how='inner')
    
    return result[['district_id_x', 'frequency_x', 'date_y', 'amount']]
```"
99,"Among the accounts who have loan validity more than 12 months, list out the accounts that have the highest approved amount and have account opening date in 1993.",1,3,adaptive,"```python
import pandas as pd

def compute_feature(loan, account):
    # Filter loans with status 'approved' and duration > 12 months
    valid_loans = loan[(loan['status'] == 'approved') & (loan['duration'] > 12)]
    
    # Merge with account data to get district information
    merged_data = pd.merge(valid_loans, account, left_on='account_id', right_on='account_id')
    
    # Filter accounts opened in 1993
    filtered_accounts = merged_data[merged_data['date'].dt.year == 1993]
    
    # Find the maximum approved amount per account
    max_amount_per_account = filtered_accounts.groupby('account_id')['amount'].max().reset_index()
    
    # Join back to get all details of these accounts
    result = pd.merge(max_amount_per_account, filtered_accounts, 
                      left_on=['account_id', 'amount'], 
                      right_on=['account_id', 'amount'])
    
    return result[['account_id', 'district_id', 'frequency', 'date_x', 'amount', 'duration']]
```"
99,"Among the accounts who have loan validity more than 12 months, list out the accounts that have the highest approved amount and have account opening date in 1993.",1,4,adaptive,"```python
import pandas as pd

def compute_feature(loan, account):
    # Filter loan records with duration greater than 12 months
    valid_loans = loan[loan['duration'] > 12]
    
    # Merge with account data to get account details
    merged_data = pd.merge(valid_loans, account, on='account_id')
    
    # Filter for accounts opened in 1993
    filtered_data = merged_data[merged_data['date'].dt.year == 1993]
    
    # Group by account_id and sum up the amounts of approved loans
    result = filtered_data.groupby('account_id')['amount'].sum().reset_index()
    
    return result
```"
100,"Among the account opened, how many female customers who were born before 1950 and stayed in Sokolov?",1,0,adaptive,"```python
import pandas as pd

def compute_feature(district, client):
    # Filter clients born before 1950 and staying in Sokolov
    filtered_clients = client[(client['birth_date'].dt.year < 1950) & 
                             (district.loc[client['district_id'], 'A3'] == 'Sokolow')]
    
    # Count female clients from the filtered list
    result = filtered_clients['gender'].value_counts().get('female', 0)
    
    return result
```"
100,"Among the account opened, how many female customers who were born before 1950 and stayed in Sokolov?",1,1,adaptive,"```python
import pandas as pd

def compute_feature(district, client):
    # Merge district and client dataframes on district_id
    merged_df = pd.merge(district, client, left_on='district_id', right_on='district_id')
    
    # Filter rows based on conditions
    filtered_df = merged_df[(merged_df['gender'] == 'female') & 
                           (merged_df['birth_date'].dt.year < 1950) & 
                           (merged_df['A2'] == 'Sokolow')]
    
    # Count the number of unique clients
    result = len(filtered_df.drop_duplicates('client_id'))
    
    return result
```"
100,"Among the account opened, how many female customers who were born before 1950 and stayed in Sokolov?",1,2,adaptive,"```python
import pandas as pd

def compute_feature(district, client):
    # Merge district and client tables on district_id
    merged = pd.merge(district, client, left_on='district_id', right_on='district_id')
    
    # Filter rows where year of birth is less than 1950 and gender is 'female'
    filtered = merged[(merged['birth_date'].str[:4].astype(int) < 1950) & (merged['gender'] == 'female')]
    
    # Filter rows where A1 column value is 'Sokolow'
    result = filtered[filtered['A1'] == 'Sokolow']
    
    return len(result)
```"
100,"Among the account opened, how many female customers who were born before 1950 and stayed in Sokolov?",1,3,adaptive,"```python
import pandas as pd

def compute_feature(df_client, df_district):
    # Merge the dataframes based on district_id
    merged_df = pd.merge(df_client, df_district, on='district_id')
    
    # Filter rows where gender is 'F' (female), birth year < 1950, and district name is 'Sokolow'
    filtered_df = merged_df[(merged_df['gender'] == 'F') & 
                           (merged_df['birth_date'].dt.year < 1950) & 
                           (merged_df['A2'] == 'Sokolow')]
    
    # Return the count of such clients
    return len(filtered_df)
```"
100,"Among the account opened, how many female customers who were born before 1950 and stayed in Sokolov?",1,4,adaptive,"```python
import pandas as pd

def calculate_feature(df_district, df_client):
    # Merge district and client dataframes based on district_id
    merged_df = pd.merge(df_district, df_client, on='district_id')
    
    # Filter rows where gender is 'F' (female), birth year is less than 1950, and A2 is 'Sokolow'
    filtered_df = merged_df[(merged_df['gender'] == 'F') & 
                            (merged_df['birth_date'].dt.year < 1950) & 
                            (merged_df['A2'] == 'Sokolow')]
    
    # Count the number of unique client_ids in the filtered dataframe
    result = len(filtered_df['client_id'].unique())
    
    return result
```"
101,List out the accounts who have the earliest trading date in 1995 ?,0,0,adaptive,"```python
import pandas as pd

def get_earliest_trading_accounts(trans):
    # Filter transactions from 1995
    trans_1995 = trans[trans['date'].dt.year == 1995]
    
    # Find the earliest trading date in 1995
    min_date = trans_1995['date'].min()
    
    # Get accounts with the earliest trading date in 1995
    earliest_accounts = trans_1995[trans_1995['date'] == min_date]['account_id']
    
    return earliest_accounts.unique()
```"
101,List out the accounts who have the earliest trading date in 1995 ?,0,1,adaptive,"```python
import pandas as pd

def earliest_trading_date_1995(trans):
    # Filter transactions from 1995
    trans_1995 = trans[trans['date'].str.contains(r'1995')]
    
    # Convert 'date' column to datetime format
    trans_1995['date'] = pd.to_datetime(trans_1995['date'], format='%d.%m.%Y')
    
    # Find the earliest trading date
    min_date = trans_1995['date'].min()
    
    # Get the accounts with the earliest trading date
    result = trans_1995[trans_1995['date'] == min_date]['account_id']
    
    return result.unique().tolist()
```"
101,List out the accounts who have the earliest trading date in 1995 ?,0,2,adaptive,"```python
import pandas as pd

def get_earliest_trading_accounts(trans):
    # Filter transactions from 1995
    trans_1995 = trans[trans['date'].dt.year == 1995]
    
    # Find the earliest trading date for each account
    min_dates = trans_1995.groupby('account_id')['date'].min().reset_index()
    
    # Merge to get the full information of these transactions
    earliest_transactions = pd.merge(min_dates, trans_1995, 
                                      on=['account_id', 'date'], 
                                      how='left')
    
    return earliest_transactions[['account_id']]
```"
101,List out the accounts who have the earliest trading date in 1995 ?,0,3,adaptive,"```python
import pandas as pd

def get_earliest_trade_accounts(trans):
    # Filter transactions from year 1995
    trans_1995 = trans[trans['date'].dt.year == 1995]
    
    # Find the earliest trade date in 1995
    earliest_date = trans_1995['date'].min()
    
    # Get accounts with the earliest trade date
    result = trans_1995[trans_1995['date'] == earliest_date]['account_id']
    
    return result
```"
101,List out the accounts who have the earliest trading date in 1995 ?,0,4,adaptive,"```python
import pandas as pd

def get_earliest_trading_accounts(trans):
    # Filter transactions from 1995
    trans_1995 = trans[trans['date'].dt.year == 1995]
    
    # Find the minimum transaction date in 1995
    min_date = trans_1995['date'].min()
    
    # Get accounts with the earliest trading date in 1995
    earliest_accounts = trans_1995[trans_1995['date'] == min_date]['account_id']
    
    return earliest_accounts.unique().tolist()
```"
102,State different accounts who have account opening date before 1997 and own an amount of money greater than 3000USD,1,0,adaptive,"```python
import pandas as pd

def compute_feature(trans, account):
    # Filter transactions to only include those where the date is before '1998-01-01'
    trans_filtered = trans[trans['date'] < '1998-01-01']
    
    # Merge transactions with account data on account_id
    merged_data = pd.merge(trans_filtered, account, on='account_id')
    
    # Filter merged data to only include accounts with a balance greater than 3000
    result = merged_data[merged_data['balance'] > 3000]
    
    # Get unique account_ids from the result
    final_result = result[['account_id']].drop_duplicates()
    
    return final_result
```"
102,State different accounts who have account opening date before 1997 and own an amount of money greater than 3000USD,1,1,adaptive,"```python
import pandas as pd

def compute_feature(trans, account):
    # Filter transactions where date is before '1997'
    filtered_trans = trans[trans['date'] < '1997']
    
    # Merge filtered transactions with account data to get account details
    merged_data = pd.merge(filtered_trans, account, on='account_id')
    
    # Filter merged data to include only those with an amount greater than 3000
    result = merged_data[merged_data['amount'] > 3000]
    
    return result[['account_id']].drop_duplicates()
```"
102,State different accounts who have account opening date before 1997 and own an amount of money greater than 3000USD,1,2,adaptive,"```python
import pandas as pd

def compute_feature(trans, account):
    # Filter transactions to include only those from 1997 or later
    trans_filtered = trans[trans['date'].str.startswith('1997')]

    # Merge the filtered transactions with the account data
    merged_df = pd.merge(trans_filtered, account, on='account_id')

    # Compute the sum of amounts for each account
    grouped_df = merged_df.groupby('account_id').agg({'amount': 'sum'}).reset_index()

    # Select accounts with a total amount greater than 3000
    result = grouped_df[grouped_df['amount'] > 3000]['account_id']

    return result
```"
102,State different accounts who have account opening date before 1997 and own an amount of money greater than 3000USD,1,3,adaptive,"```python
import pandas as pd

def compute_feature(trans, account):
    # Merge the 'trans' and 'account' tables on 'account_id'
    merged_df = pd.merge(trans, account, on='account_id')
    
    # Filter rows where 'date' is before '1997-01-01' and 'balance' is greater than 3000
    filtered_df = merged_df[(merged_df['date'] < '1997-01-01') & (merged_df['balance'] > 3000)]
    
    # Get unique account_ids from the filtered DataFrame
    result = filtered_df['account_id'].unique()
    
    return result
```"
102,State different accounts who have account opening date before 1997 and own an amount of money greater than 3000USD,1,4,adaptive,"```python
import pandas as pd

def feature_engineering(trans, account):
    # Filter transactions to only include those with dates before '1997'
    trans_filtered = trans[trans['date'] < '1997']
    
    # Merge the filtered transactions with the account table on account_id
    merged_df = pd.merge(trans_filtered, account, on='account_id')
    
    # Filter the merged DataFrame to only include rows where the balance is greater than 3000
    final_df = merged_df[merged_df['balance'] > 3000]
    
    # Select the distinct account_ids from the final DataFrame
    result = final_df[['account_id']].drop_duplicates()
    
    return result
```"
103,"Which client issued his/her card in 1994/3/3, give his/her client id.",2,0,adaptive,"```python
import pandas as pd

def compute_feature(client, disp, card):
    # Merge card and disp on disp_id to get client_id for each card
    merged_disp_card = pd.merge(card, disp, how='left', left_on='disp_id', right_on='disp_id')
    
    # Filter rows where card was issued on 1994/3/3
    filtered_df = merged_disp_card[(merged_disp_card['issued'] == '1994-03-03')]
    
    # Select only the relevant columns (client_id from client table)
    result = filtered_df[['client_id']]
    
    return result
```"
103,"Which client issued his/her card in 1994/3/3, give his/her client id.",2,1,adaptive,"```python
import pandas as pd

def compute_feature(client, card):
    # Filter card table to find cards issued on '1994-03-03'
    filtered_card = card[card['issued'] == '1994-03-03']
    
    # Merge client and filtered card tables on disp_id
    merged_df = pd.merge(filtered_card, client, left_on='disp_id', right_on='disp_id')
    
    # Select only the client_id column from the merged DataFrame
    result = merged_df[['client_id']]
    
    return result
```"
103,"Which client issued his/her card in 1994/3/3, give his/her client id.",2,2,adaptive,"```python
import pandas as pd

def find_client_issued_card_on_specific_date(client, card):
    # Merge card and client tables on disp_id to get client details
    merged_df = pd.merge(card, client, left_on='disp_id', right_on='disp_id')
    
    # Filter rows where the card was issued on '1994-03-03'
    filtered_df = merged_df[merged_df['issued'] == '1994-03-03']
    
    # Select only the client_id column from the filtered DataFrame
    result = filtered_df[['client_id']]
    
    return result
```"
103,"Which client issued his/her card in 1994/3/3, give his/her client id.",2,3,adaptive,"```python
import pandas as pd

def compute_feature(client, card):
    # Filter card DataFrame to get rows where 'issued' is '1994-03-03'
    filtered_card = card[card['issued'] == '1994-03-03']
    
    # Merge filtered card DataFrame with client DataFrame on 'disp_id'
    merged_df = pd.merge(filtered_card, client, left_on='disp_id', right_on='disp_id')
    
    # Select 'client_id' column from the merged DataFrame
    result = merged_df[['client_id']]
    
    return result
```"
103,"Which client issued his/her card in 1994/3/3, give his/her client id.",2,4,adaptive,"```python
import pandas as pd

def get_client_id_for_card_issue(client_df, card_df):
    # Filter the card DataFrame to find records issued on '1994-03-03'
    filtered_cards = card_df[card_df['issued'] == '1994-03-03']
    
    # Merge the filtered cards with the client DataFrame to get the corresponding client IDs
    result = pd.merge(filtered_cards, client_df[['client_id', 'district_id']], 
                      left_on='disp_id', right_on='disp_id')
    
    return result[['client_id']]
```"
104,"The transaction of 840 USD happened in 1998/10/14, when was this account opened?",1,0,adaptive,"```python
import pandas as pd

def get_account_open_date(account, trans):
    # Filter transactions for the specific amount and date
    filtered_trans = trans[(trans['amount'] == 840) & (trans['date'] == '1998-10-14')]
    
    # Merge with the account table to get the account_id
    merged_df = pd.merge(filtered_trans, account[['account_id', 'date']], on='account_id')
    
    # Get the earliest open date from the merged DataFrame
    open_date = merged_df['date'].min()
    
    return open_date
```"
104,"The transaction of 840 USD happened in 1998/10/14, when was this account opened?",1,1,adaptive,"```python
import pandas as pd

def compute_feature(account, trans):
    # Merge the two tables on account_id
    merged = pd.merge(account, trans, on='account_id')
    
    # Filter the rows where the transaction amount is 840 and the date is '1998-10-14'
    filtered = merged[(merged['amount'] == 840) & (merged['date_y'] == '1998-10-14')]
    
    # Extract the minimum date from the filtered data
    result = filtered.groupby('account_id')['date_x'].min().reset_index()
    
    return result
```"
104,"The transaction of 840 USD happened in 1998/10/14, when was this account opened?",1,2,adaptive,"```python
import pandas as pd

def compute_feature(account, trans):
    # Filter transactions for specific details
    filtered_trans = trans[(trans['amount'] == 840) & (trans['date'] == '1998-10-14')]
    
    # Merge with account data to find account_id
    merged_data = pd.merge(filtered_trans, account, on='account_id')
    
    # Extract the earliest date from the merged DataFrame
    result = merged_data['date'].min()
    
    return result
```"
104,"The transaction of 840 USD happened in 1998/10/14, when was this account opened?",1,3,adaptive,"```python
import pandas as pd

def compute_opening_date(account, trans):
    # Merge the account and trans tables on account_id
    merged_df = pd.merge(account, trans, on='account_id')
    
    # Filter the rows where the transaction amount is 840 and date is '1998-10-14'
    filtered_df = merged_df[(merged_df['amount'] == 840) & (merged_df['date_x'].dt.strftime('%Y-%m-%d') == '1998-10-14')]
    
    # Find the minimum date from the remaining rows to get the opening date
    opening_date = filtered_df['date_y'].min()
    
    return opening_date
```"
104,"The transaction of 840 USD happened in 1998/10/14, when was this account opened?",1,4,adaptive,"```python
import pandas as pd

def get_account_open_date(trans, acc, amount=840, year=1998, month=10, day=14):
    # Filter transactions based on the given parameters
    filtered_trans = trans[(trans['date'] == f'{year}-{month}-{day}') & (trans['amount'] == amount)]
    
    # Merge with account data to find account IDs
    merged_df = pd.merge(filtered_trans, acc[['account_id', 'date']], on='account_id')
    
    # Find the earliest date for each account ID from the merged DataFrame
    open_dates = merged_df.groupby('account_id')['date'].min().reset_index()
    
    return open_dates
```"
105,"There was a loan approved in 1994/8/25, where was that account opened, give the district Id of the branch.",1,0,adaptive,"```python
import pandas as pd

def compute_feature(account, loan):
    merged = pd.merge(loan, account, how='left', on='account_id')
    filtered = merged[(merged['date_x'] == '1994-08-25') & (merged['status'] == 'approved')]
    return filtered[['district_id_y']]
```"
105,"There was a loan approved in 1994/8/25, where was that account opened, give the district Id of the branch.",1,1,adaptive,"```python
import pandas as pd

def get_loan_account_location(loan, account):
    # Merge loan and account dataframes on 'account_id'
    merged_df = pd.merge(loan, account, on='account_id')
    
    # Filter the dataframe to only include rows where loan status is 'approved' and loan date is '1994-08-25'
    filtered_df = merged_df[(merged_df['status'] == 'approved') & (merged_df['date_x'] == '1994-08-25')]
    
    # Select the 'district_id' column from the filtered dataframe
    result = filtered_df[['district_id']].drop_duplicates()
    
    return result
```"
105,"There was a loan approved in 1994/8/25, where was that account opened, give the district Id of the branch.",1,2,adaptive,"```python
import pandas as pd

def compute_feature(account, loan):
    merged = pd.merge(loan, account, on='account_id', how='left')
    result = merged[(merged['date_x'] == '1994-08-25') & (merged['status'] == 'approved')]
    return result[['district_id']].drop_duplicates()
```"
105,"There was a loan approved in 1994/8/25, where was that account opened, give the district Id of the branch.",1,3,adaptive,"```python
import pandas as pd

def get_district_id_for_loan(approved_date):
    # Merge loan and account tables on account_id
    merged_df = pd.merge(loan, account, how='left', on='account_id')
    
    # Filter rows where the loan's approval date matches the input date
    filtered_df = merged_df[(merged_df['date'] == approved_date) & (merged_df['status'] == 'approved')]
    
    # Get the district_id from the first row if any match found
    district_id = filtered_df['district_id'].iloc[0] if not filtered_df.empty else None
    
    return district_id
```"
105,"There was a loan approved in 1994/8/25, where was that account opened, give the district Id of the branch.",1,4,adaptive,"```python
import pandas as pd

def compute_feature(account, loan):
    # Merge account and loan tables on account_id
    merged_df = pd.merge(account, loan, how='inner', on='account_id')
    
    # Filter rows where loan status is 'Approved' and loan date is '1994-08-25'
    filtered_df = merged_df[(merged_df['status'] == 'Approved') & (merged_df['date_y'].dt.strftime('%Y-%m-%d') == '1994-08-25')]
    
    # Select the required column and rename it
    result = filtered_df[['district_id_x']].rename(columns={'district_id_x': 'district_id'})
    
    return result
```"
106,What is the biggest amount of transaction that the client whose card was opened in 1996/10/21 made?,3,0,adaptive,"```python
import pandas as pd

def compute_feature(card, disp, account, trans, client):
    # Merge card and disp tables to get client information for each card
    merged_card_disp = pd.merge(card, disp, on='disp_id')
    
    # Filter cards opened in 1996/10/21
    filtered_cards = merged_card_disp[merged_card_disp['issued'].dt.year == 1996]
    
    # Get the client IDs from the filtered cards
    client_ids = filtered_cards['client_id']
    
    # Merge the filtered clients with the transactions table
    merged_clients_trans = pd.merge(filtered_cards, trans, left_on='account_id', right_on='account_id')
    
    # Filter transactions made by the clients who have cards opened in 1996/10/21
    client_filtered_transactions = merged_clients_trans[merged_clients_trans['client_id'].isin(client_ids)]
    
    # Compute the maximum transaction amount
    max_transaction_amount = client_filtered_transactions['amount'].max()
    
    return max_transaction_amount
```"
106,What is the biggest amount of transaction that the client whose card was opened in 1996/10/21 made?,3,1,adaptive,"```python
import pandas as pd

def feature_engineering(card, disp, account, trans, client):
    # Merge card and disp on disp_id
    merged_cd = pd.merge(card, disp, on='disp_id')
    
    # Filter clients whose card was opened in 1996/10/21
    filtered_cd = merged_cd[(merged_cd['issued'].dt.year == 1996) & (merged_cd['issued'].dt.month == 10) & (merged_cd['issued'].dt.day == 21)]
    
    # Merge filtered_cd and trans on account_id
    merged_cdt = pd.merge(filtered_cd, trans, on='account_id')
    
    # Find the maximum transaction amount for each client
    max_trans_per_client = merged_cdt.groupby('client_id')['amount'].max().reset_index()
    
    return max_trans_per_client
```"
106,What is the biggest amount of transaction that the client whose card was opened in 1996/10/21 made?,3,2,adaptive,"```python
import pandas as pd

def biggest_transaction_amount(card, disp, account, trans, client):
    # Merge card and disp on disp_id to get client information
    card_disp = pd.merge(card, disp, on='disp_id')
    
    # Filter clients who opened their cards in 1996/10/21
    card_disp_1996 = card_disp[card_disp['issued'] == '1996-10-21']
    
    # Merge card_disp_1996 with account on account_id to get transaction details
    card_disp_account = pd.merge(card_disp_1996, account, on='account_id')
    
    # Merge card_disp_account with trans on account_id to get transaction amounts
    card_disp_account_trans = pd.merge(card_disp_account, trans, on='account_id')
    
    # Find the maximum transaction amount for each client
    max_transactions = card_disp_account_trans.groupby('client_id')['amount'].max().reset_index()
    
    return max_transactions
```"
106,What is the biggest amount of transaction that the client whose card was opened in 1996/10/21 made?,3,3,adaptive,"```python
import pandas as pd

def compute_feature(card, disp, account, trans, client):
    # Merge card and disp tables on disp_id
    merged_disp = pd.merge(card, disp, on='disp_id')
    
    # Filter clients who opened cards in 1996/10/21
    filtered_clients = merged_disp[merged_disp['issued'] == '1996-10-21']
    
    # Merge filtered_clients with trans table on account_id
    merged_trans = pd.merge(filtered_clients, trans, on='account_id')
    
    # Compute the biggest amount of transaction
    result = merged_trans['amount'].max()
    
    return result
```"
106,What is the biggest amount of transaction that the client whose card was opened in 1996/10/21 made?,3,4,adaptive,"```python
import pandas as pd

def compute_feature(card, disp, account, trans, client):
    # Merge card and disp on disp_id to get client_id for each card
    merged_card_disp = pd.merge(card, disp, how='inner', on='disp_id')
    
    # Filter cards opened in 1996/10/21
    filtered_cards = merged_card_disp[merged_card_disp['issued'] == '1996-10-21']
    
    # Get client_ids from the filtered cards
    client_ids_from_cards = filtered_cards['client_id'].unique()
    
    # Merge filtered_cards with client to get district_id for each client
    merged_filtered_cards_client = pd.merge(filtered_cards, client, how='inner', on='client_id')
    
    # Merge with account to get account_id for each client
    merged_filtered_cards_client_account = pd.merge(merged_filtered_cards_client, account, how='inner', on='district_id')
    
    # Merge with trans to get all transactions for these accounts
    merged_all_transactions = pd.merge(merged_filtered_cards_client_account, trans, how='inner', on='account_id')
    
    # Filter transactions to only include those made by clients whose card was opened in 1996/10/21
    final_merged_df = merged_all_transactions[merged_all_transactions['client_id'].isin(client_ids_from_cards)]
    
    # Compute the maximum transaction amount
    max_transaction_amount = final_merged_df['amount'].max()
    
    return max_transaction_amount
```"
107,What is the gender of the oldest client who opened his/her account in the highest average salary branch?,1,0,adaptive,"```python
import pandas as pd

def get_gender_of_oldest_client_with_highest_avg_salary_branch(district, client):
    # Calculate the average salary per branch
    avg_salary_per_branch = district.groupby('A1')['A1'].transform('mean')
    
    # Merge the average salary with the district table to get the branch name
    district['avg_salary'] = avg_salary_per_branch
    
    # Merge the district table with the client table to get the client's branch
    merged_df = pd.merge(client, district[['district_id', 'A1']], left_on='district_id', right_on='district_id')
    
    # Find the highest average salary branch
    max_avg_salary_branch = merged_df['A1'].max()
    
    # Filter the clients who opened their accounts in the highest average salary branch
    filtered_clients = merged_df[merged_df['A1'] == max_avg_salary_branch]
    
    # Sort the filtered clients by birth date and select the oldest one
    oldest_client = filtered_clients.sort_values(by='birth_date').iloc[-1]
    
    return oldest_client['gender']
```"
107,What is the gender of the oldest client who opened his/her account in the highest average salary branch?,1,1,adaptive,"```python
import pandas as pd

def compute_feature(district, client):
    # Merge district and client dataframes on district_id
    merged_df = pd.merge(district, client, on='district_id')
    
    # Convert birth_date to datetime
    merged_df['birth_date'] = pd.to_datetime(merged_df['birth_date'])
    
    # Calculate age
    merged_df['age'] = (pd.Timestamp.now() - merged_df['birth_date']).days // 365
    
    # Group by client_id and calculate mean income
    avg_income_by_client = merged_df.groupby('client_id')['A1'].mean().reset_index()
    
    # Merge with original dataframe to get ages
    merged_df_with_age = pd.merge(avg_income_by_client, merged_df, on='client_id')
    
    # Find the oldest client
    oldest_client = merged_df_with_age.loc[merged_df_with_age['age'].idxmax()]
    
    return oldest_client['gender']
```"
107,What is the gender of the oldest client who opened his/her account in the highest average salary branch?,1,2,adaptive,"```python
import pandas as pd

def get_oldest_client_gender(df_district, df_client):
    # Calculate the average salary per branch (district)
    avg_salary_per_branch = df_district.groupby('A2')['A1'].mean().reset_index()

    # Merge with the client data to get the district information for each client
    merged_df = pd.merge(df_client, avg_salary_per_branch, left_on='district_id', right_on='A2')

    # Sort clients by birth date and select the oldest one from the highest average salary branch
    oldest_client = merged_df.sort_values(by=['birth_date', 'A1'], ascending=[True, False]).head(1)

    return oldest_client['gender'].iloc[0]
```"
107,What is the gender of the oldest client who opened his/her account in the highest average salary branch?,1,3,adaptive,"```python
import pandas as pd

def get_oldest_client_gender(df_district, df_client):
    # Calculate average salary per district
    avg_salary_per_district = df_district.groupby('district_id')['A16'].mean().reset_index()
    
    # Merge client data with average salary per district
    merged_df = pd.merge(df_client, avg_salary_per_district, left_on='district_id', right_on='district_id')
    
    # Find the maximum average salary
    max_avg_salary = merged_df['A16_x'].max()
    
    # Filter clients from the highest average salary branch
    high_avg_clients = merged_df[merged_df['A16_x'] == max_avg_salary]
    
    # Sort by birth date and select the oldest client
    oldest_client = high_avg_clients.sort_values(by='birth_date').head(1)
    
    # Return the gender of the oldest client
    return oldest_client['gender'].iloc[0]
```"
107,What is the gender of the oldest client who opened his/her account in the highest average salary branch?,1,4,adaptive,"```python
import pandas as pd

def get_gender_of_oldest_client(df_client, df_district):
    # Merge client and district dataframes to access district information
    merged_df = pd.merge(df_client, df_district, on='district_id')
    
    # Calculate the age of each client
    merged_df['age'] = (pd.to_datetime('today') - pd.to_datetime(merged_df['birth_date'], errors='coerce')).dt.days // 365
    
    # Group by district and calculate the average salary
    avg_salary_by_district = merged_df.groupby('A2')['salary'].mean().reset_index()
    
    # Merge the original dataframe with the average salary by district
    merged_df = pd.merge(merged_df, avg_salary_by_district, left_on='A2', right_on='A2')
    
    # Sort by average salary in descending order and then by age in descending order
    sorted_df = merged_df.sort_values(by=['salary_x', 'age'], ascending=[False, False])
    
    # Get the gender of the oldest client from the highest average salary branch
    result = sorted_df.iloc[0]['gender']
    
    return result
```"
108,"For the client who applied the biggest loan, what was his/her first amount of transaction after opened the account?",2,0,adaptive,"```python
import pandas as pd

def compute_feature(loan, account, trans, disp):
    # Merge data to find the client with the biggest loan
    merged_data = pd.merge(loan, disp, on='account_id', how='left')
    max_loan_client = merged_data.loc[merged_data.groupby('client_id')['amount'].idxmax()]

    # Filter transactions of the client with the biggest loan and sort them by date
    client_trans = pd.merge(max_loan_client[['client_id', 'account_id']], trans, on='account_id', how='inner')
    client_trans_sorted = client_trans.sort_values(by='date')

    # Find the first transaction amount after opening the account
    first_transaction_amount = client_trans_sorted.iloc[0]['amount']

    return first_transaction_amount
```"
108,"For the client who applied the biggest loan, what was his/her first amount of transaction after opened the account?",2,1,adaptive,"```python
import pandas as pd

def compute_feature(loan, account, trans):
    # Merge loan and account dataframes to get district_id for each loan
    merged_loan_account = pd.merge(loan, account, how='left', left_on='account_id', right_on='account_id')
    
    # Sort the merged dataframe by date to find the first transaction after opening the account
    sorted_merged_df = merged_loan_account.sort_values(by=['date_x', 'date_y'])
    
    # Get the first transaction amount after opening the account for each client
    first_transaction_amounts = sorted_merged_df.groupby('client_id').head(1)['amount'].reset_index(drop=True)
    
    return first_transaction_amounts
```"
108,"For the client who applied the biggest loan, what was his/her first amount of transaction after opened the account?",2,2,adaptive,"```python
import pandas as pd

def compute_feature(loan, account, trans, disp):
    # Merge loan and account dataframes on account_id
    merged = pd.merge(loan, account, on='account_id')
    
    # Find the client with the biggest loan
    max_loan_client = merged['amount'].idxmax()
    
    # Filter transactions for this client and sort them by date
    client_transactions = trans[trans['account_id'] == merged.loc[max_loan_client, 'account_id']]
    sorted_transactions = client_transactions.sort_values(by='date')
    
    # Get the first transaction amount after opening the account
    if not sorted_transactions.empty:
        first_transaction_amount = sorted_transactions.iloc[0]['amount']
    else:
        first_transaction_amount = None
    
    return first_transaction_amount
```"
108,"For the client who applied the biggest loan, what was his/her first amount of transaction after opened the account?",2,3,adaptive,"```python
import pandas as pd

def compute_feature(loan, account, trans, disp):
    # Merge loan and account to get the district_id for each loan application
    merged_loan_account = pd.merge(loan, account, how='left', left_on='account_id', right_on='account_id')
    
    # Find the client with the biggest loan
    max_loan_client = merged_loan_account['amount'].idxmax()
    max_loan_district = merged_loan_account.loc[max_loan_client, 'district_id']
    
    # Filter transactions for the district with the biggest loan
    filtered_trans = trans[trans['date'] > account.loc[account['district_id'] == max_loan_district, 'date'].min()]
    
    # Sort transactions by date and select the first one
    first_transaction = filtered_trans.sort_values(by='date').iloc[0]
    
    return first_transaction['balance']
```"
108,"For the client who applied the biggest loan, what was his/her first amount of transaction after opened the account?",2,4,adaptive,"```python
import pandas as pd

def feature_engineering(df_loan, df_account, df_trans):
    # Merge loan and account tables to get account details for each loan
    merged = pd.merge(df_loan, df_account, left_on='account_id', right_on='account_id')
    
    # Sort by date to ensure we find the earliest transaction
    merged_sorted = merged.sort_values(by=['date_x', 'date_y'])
    
    # Drop duplicate loans to avoid counting the same loan multiple times
    merged_unique = merged_sorted.drop_duplicates(subset='loan_id', keep='first')
    
    # Get the earliest transaction for each loan
    min_transactions = merged_unique.groupby('loan_id').agg({'date_y': 'min'}).reset_index()
    
    # Merge back to original data to get full transaction info
    final_merged = pd.merge(min_transactions, df_trans, left_on='date_y', right_on='date')
    
    # Filter out transactions before opening the account (this shouldn't happen though)
    final_merged = final_merged[final_merged['date_x'] >= final_merged['date_y']]
    
    return final_merged[['amount']]
```"
109,How many clients opened their accounts in Jesenik branch were women?,1,0,adaptive,"```python
import pandas as pd

def compute_feature(client, district):
    # Merge client and district dataframes on district_id
    merged_df = pd.merge(client, district, on='district_id')
    
    # Filter for female clients who opened accounts in Jesenik branch
    jesenik_clients = merged_df[(merged_df['gender'] == 'female') & (merged_df['A1'] == 'Jesenik')]
    
    # Return the count of such clients
    return len(jesenik_clients)
```"
109,How many clients opened their accounts in Jesenik branch were women?,1,1,adaptive,"```python
import pandas as pd

def compute_feature(client, district):
    # Merge client and district tables on district_id
    merged = pd.merge(client, district, on='district_id')
    
    # Filter for female clients who opened accounts in Jesenik branch
    jesenik_branch_code = 'Jesenik'
    filtered = merged[(merged['gender'] == 'female') & (merged['A1'] == jesenik_branch_code)]
    
    # Count the number of such clients
    result = len(filtered)
    
    return result
```"
109,How many clients opened their accounts in Jesenik branch were women?,1,2,adaptive,"```python
import pandas as pd

def compute_feature(client, district):
    # Merge the two tables based on district_id
    merged_df = pd.merge(client, district, on='district_id')
    
    # Filter the rows where gender is 'female' and A2 (name of the district) is 'Jesenik'
    filtered_df = merged_df[(merged_df['gender'] == 'female') & (merged_df['A2'] == 'Jesenik')]
    
    # Count the number of such clients
    result = len(filtered_df)
    
    return result
```"
109,How many clients opened their accounts in Jesenik branch were women?,1,3,adaptive,"```python
import pandas as pd

def compute_feature(client, district):
    # Merge client and district tables on district_id
    merged = pd.merge(client, district, on='district_id')
    
    # Filter rows where gender is 'Female' and A1 equals 'Jesenik'
    filtered = merged[(merged['gender'] == 'Female') & (merged['A1'] == 'Jesenik')]
    
    # Count the number of unique client IDs
    result = len(filtered['client_id'].unique())
    
    return result
```"
109,How many clients opened their accounts in Jesenik branch were women?,1,4,adaptive,"```python
import pandas as pd

def compute_feature(client, district):
    # Merge client and district tables on district_id
    merged_df = pd.merge(client, district, on='district_id')
    
    # Filter rows where gender is 'female' and A1 column of district table is 'Jesenik'
    filtered_df = merged_df[(merged_df['gender'] == 'female') & (merged_df['A1'] == 'Jesenik')]
    
    # Count the number of unique client_ids
    result = len(filtered_df['client_id'].unique())
    
    return result
```"
110,What is the disposition id of the client who made 5100 USD transaction in 1998/9/2?,2,0,adaptive,"```python
import pandas as pd

def find_disp_id(trans, disp):
    # Filter transactions to only include those from 1998/9/2 and 5100 USD amount
    filtered_trans = trans[(trans['date'] == '1998-09-02') & (trans['amount'] == 5100)]
    
    # Merge with disp table to get the disposition ids
    result = pd.merge(filtered_trans, disp, left_on='account_id', right_on='account_id')
    
    return result[['disp_id']]
```"
110,What is the disposition id of the client who made 5100 USD transaction in 1998/9/2?,2,1,adaptive,"```python
import pandas as pd

def find_disp_id_for_transaction(trans, disp):
    # Filter transactions to only include those from 1998/9/2 and amount 5100
    filtered_trans = trans[(trans['date'] == '1998-09-02') & (trans['amount'] == 5100)]
    
    # Merge with disp table to get the corresponding disp_id
    result = pd.merge(filtered_trans, disp, how='left', left_on='account_id', right_on='account_id')
    
    # Select the first disp_id if there are multiple matches
    return result['disp_id'].iloc[0]
```"
110,What is the disposition id of the client who made 5100 USD transaction in 1998/9/2?,2,2,adaptive,"```python
import pandas as pd

def find_disp_id_for_transaction(trans_df, card_df, disp_df):
    # Merge trans and card dataframes to get card details related to transactions
    merged_trans_card = pd.merge(trans_df, card_df, how='left', left_on='account', right_on='card_id')
    
    # Filter transactions based on the specified conditions (amount and date)
    filtered_transactions = merged_trans_card[(merged_trans_card['operation'] == 'VÝBER') & 
                                           (merged_trans_card['date'] == '1998-09-02') & 
                                           (merged_trans_card['amount'] == 5100)]
    
    # Merge the filtered transactions with the disp dataframe to get the required information
    final_result = pd.merge(filtered_transactions, disp_df, how='left', left_on='disp_id', right_on='disp_id')
    
    # Return the disposition ids
    return final_result[['disp_id']]
```"
110,What is the disposition id of the client who made 5100 USD transaction in 1998/9/2?,2,3,adaptive,"```python
import pandas as pd

def get_disp_id(client_data):
    # Merge the dataframes based on the join keys
    merged = pd.merge(client_data['trans'], client_data['account'], left_on='account_id', right_on='account_id')
    merged = pd.merge(merged, client_data['disp'], left_on='disp_id', right_on='disp_id')

    # Filter rows where the transaction amount is 5100 and the date is '1998-09-02'
    filtered = merged[(merged['amount'] == 5100) & (merged['date'].dt.strftime('%Y-%m-%d') == '1998-09-02')]

    # Return the disposition id of the first row in the filtered dataframe
    return filtered.iloc[0]['disp_id']
```"
110,What is the disposition id of the client who made 5100 USD transaction in 1998/9/2?,2,4,adaptive,"```python
import pandas as pd

def find_disp_id(trans_df):
    # Filter transactions made in 1998/9/2 and amount equals to 5100 USD
    filtered_trans = trans_df[(trans_df['date'] == '1998-09-02') & (trans_df['amount'] == 5100)]
    
    # Join with disp table to get disp_id
    result = pd.merge(filtered_trans, disp, how='left', left_on='account_id', right_on='account_id')
    
    return result['disp_id'].unique()[0]
```"
111,How many accounts were opened in Litomerice in 1996?,1,0,adaptive,"```python
import pandas as pd

def compute_feature(district, account):
    litomerice_accounts = account.merge(
        district,
        how=""left"",
        left_on=""district_id"",
        right_on=""district_id""
    )
    
    litomerice_accounts[""date""] = pd.to_datetime(litomerice_accounts[""date""])
    litomerice_accounts = litomerice_accounts[litomerice_accounts[""A2""] == ""Litomerice""]
    litomerice_accounts = litomerice_accounts[litomerice_accounts[""date""].dt.year == 1996]
    
    return litomerice_accounts.shape[0]
```"
111,How many accounts were opened in Litomerice in 1996?,1,1,adaptive,"```python
import pandas as pd

def compute_litomerice_accounts_1996(district, account):
    litomerice_mask = (district['A2'] == 'Litomerice')
    year_mask = (account['date'].dt.year == 1996)
    result = account[litomerice_mask & year_mask]['account_id'].nunique()
    return result
```"
111,How many accounts were opened in Litomerice in 1996?,1,2,adaptive,"```python
import pandas as pd

def compute_litomerice_accounts_1996(district, account):
    # Merge the district and account dataframes on district_id
    merged_df = pd.merge(district, account, on='district_id')
    
    # Filter the merged dataframe to only include rows where A2 is 'Litomerice' and the year of the date is 1996
    filtered_df = merged_df[(merged_df['A2'] == 'Litomerice') & (merged_df['date'].dt.year == 1996)]
    
    # Count the number of unique accounts
    result = len(filtered_df['account_id'].unique())
    
    return result
```"
111,How many accounts were opened in Litomerice in 1996?,1,3,adaptive,"```python
import pandas as pd

def compute_litomerice_accounts_1996(district, account):
    litomerice_mask = district['A2'] == 'Litomerice'
    year_mask = (account['date'].dt.year == 1996) & (account['date'].dt.month == 1)
    
    filtered_account = account[litomerice_mask].merge(district, how='left', left_on='district_id', right_on='district_id')
    result = filtered_account[year_mask]['account_id'].count()
    
    return result
```"
111,How many accounts were opened in Litomerice in 1996?,1,4,adaptive,"```python
import pandas as pd

def compute_litomerice_accounts_1996(account, district):
    litomerice_district = district[district['A2'] == 'Litomerice']
    merged_df = pd.merge(account, litomerice_district, on='district_id')
    filtered_df = merged_df[(merged_df['date'].dt.year == 1996) & (merged_df['frequency'] == 1)]
    return len(filtered_df)
```"
112,"For the female client who was born in 1976/1/29, which district did she opened her account?",1,0,adaptive,"```python
import pandas as pd

def compute_feature(df_client):
    # Filter rows where gender is 'female' and birth date is '1976/1/29'
    filtered_df = df_client[(df_client['gender'] == 'female') & (df_client['birth_date'] == '1976/1/29')]
    
    # Merge with district table to get district information
    merged_df = pd.merge(filtered_df, district, left_on='district_id', right_on='district_id')
    
    # Select required columns
    result = merged_df[['A2', 'A3', 'A4', 'A5', 'A6', 'A7', 'A8', 'A9', 'A10', 'A11', 'A12', 'A13', 'A14', 'A15', 'A16']]
    
    return result
```"
112,"For the female client who was born in 1976/1/29, which district did she opened her account?",1,1,adaptive,"```python
def get_district_of_female_client(df_client, df_district):
    # Filter female clients born in 1976/1/29
    female_clients = df_client[(df_client['gender'] == 'female') & (df_client['birth_date'] == '1976/1/29')]
    
    # Merge with district table to get district information
    merged_df = pd.merge(female_clients, df_district, left_on='district_id', right_on='district_id')
    
    return merged_df[['A2', 'A3', 'A4', 'A5', 'A6', 'A7', 'A8', 'A9', 'A10', 'A11', 'A12', 'A13', 'A14', 'A15', 'A16']]
```"
112,"For the female client who was born in 1976/1/29, which district did she opened her account?",1,2,adaptive,"```python
import pandas as pd

def compute_feature(df_client):
    # Filter for female clients born on 1976/1/29
    filtered_df = df_client[(df_client['gender'] == 'female') & 
                           (df_client['birth_date'] == '1976-01-29')]
    
    # Merge with district table to get the district name
    merged_df = pd.merge(filtered_df, district, how='left', left_on='district_id', right_on='district_id')
    
    # Select the required columns and rename them
    result_df = merged_df[['A2']].rename(columns={'A2': 'district'})
    
    return result_df
```"
112,"For the female client who was born in 1976/1/29, which district did she opened her account?",1,3,adaptive,"```python
def get_district(df_client, df_district):
    # Filter female clients born in 1976/1/29
    filtered_clients = df_client[(df_client['gender'] == 'female') & 
                               (df_client['birth_date'].dt.year == 1976) &
                               (df_client['birth_date'].dt.month == 1) &
                               (df_client['birth_date'].dt.day == 29)]
    
    # Merge with district table to get district information
    merged_df = pd.merge(filtered_clients, df_district, left_on='district_id', right_index=True)
    
    return merged_df[['A2', 'A3', 'A4', 'A5', 'A6', 'A7', 'A8', 'A9', 'A10', 'A11', 'A12', 'A13', 'A14', 'A15', 'A16']]
```"
112,"For the female client who was born in 1976/1/29, which district did she opened her account?",1,4,adaptive,"```python
import pandas as pd

def compute_feature(district, client):
    # Filter the client DataFrame to find the female client born on 1976/1/29
    filtered_client = client[(client['gender'] == 'F') & (client['birth_date'] == '1976/1/29')]
    
    # Merge the filtered client data with the district data using district_id
    merged_data = pd.merge(filtered_client, district, left_on='district_id', right_on='district_id')
    
    # Select the desired columns and rename them appropriately
    result = merged_data[['A2', 'A3']].rename(columns={'A2': 'district_name', 'A3': 'other_district_info'})
    
    return result
```"
113,"For the client who applied 98832 USD loan in 1996/1/3, when was his/her birthday?",3,0,adaptive,"```python
import pandas as pd

def compute_birthday_feature(loan, account, disp, client, card):
    # Merge loan and account dataframes on account_id column
    merged_loan_account = pd.merge(loan, account, how='left', on='account_id')
    
    # Filter rows where the loan amount is 98832 and date is '1996-01-03'
    filtered_data = merged_loan_account[(merged_loan_account['amount'] == 98832) & (merged_loan_account['date'] == '1996-01-03')]
    
    # Merge filtered data with client dataframe on account_id column
    merged_filtered_client = pd.merge(filtered_data, client, how='left', left_on='account_id', right_on='district_id')
    
    # Select only the necessary columns and rename them appropriately
    result = merged_filtered_client[['birth_date']].rename(columns={'birth_date': 'birthday'})
    
    return result
```"
113,"For the client who applied 98832 USD loan in 1996/1/3, when was his/her birthday?",3,1,adaptive,"```python
import pandas as pd

def compute_birthday_feature(loan, account, disp, client, card):
    # Merge loan and account on account_id
    merged = pd.merge(loan, account, how='left', left_on='account_id', right_on='account_id')
    
    # Filter rows where loan amount is 98832 and year of loan date is 1996
    filtered = merged[(merged['amount'] == 98832) & (merged['date'].dt.year == 1996)]
    
    # Merge with client on client_id
    merged_with_client = pd.merge(filtered, client, how='left', left_on='client_id', right_on='client_id')
    
    # Select only relevant columns
    result = merged_with_client[['birth_date']]
    
    return result
```"
113,"For the client who applied 98832 USD loan in 1996/1/3, when was his/her birthday?",3,2,adaptive,"```python
import pandas as pd

def compute_birthday_feature(loan, account, disp, client, card):
    # Merge loan and account tables to get the district_id of the loan applicant
    merged = pd.merge(loan, account, on='account_id')
    
    # Filter the merged DataFrame to only include rows where the loan amount is 98832 and the date is '1996-01-03'
    filtered = merged[(merged['amount'] == 98832) & (merged['date'].dt.strftime('%Y-%m-%d') == '1996-01-03')]
    
    # Merge the filtered DataFrame with the client table to get the birth_date of the loan applicant
    result = pd.merge(filtered, client, left_on='district_id', right_on='district_id')
    
    return result[['birth_date']]
```"
113,"For the client who applied 98832 USD loan in 1996/1/3, when was his/her birthday?",3,3,adaptive,"```python
import pandas as pd

def get_birthday_for_loan_amount_and_date(loan, client):
    # Filter the loan data to find the specific loan
    filtered_loan = loan[(loan['amount'] == 98832) & (loan['date'].dt.year == 1996) & (loan['date'].dt.month == 1) & (loan['date'].dt.day == 3)]
    
    # Get the account_ids from the filtered loan data
    account_ids = filtered_loan['account_id']
    
    # Join the account and client tables to get the birth dates of the clients associated with the loan
    merged_data = pd.merge(filtered_loan, client, left_on='account_id', right_on='client_id')
    
    # Return the birth dates of the clients
    return merged_data[['birth_date']]
```"
113,"For the client who applied 98832 USD loan in 1996/1/3, when was his/her birthday?",3,4,adaptive,"```python
import pandas as pd

def compute_birthday(loan, account, disp, client, card):
    # Merge tables to find the birthday of the client who applied the specific loan
    merged = loan.merge(account, left_on='account_id', right_on='account_id')
    merged = merged.merge(disp, left_on='account_id', right_on='account_id')
    merged = merged.merge(client, left_on='client_id', right_on='client_id')

    # Filter rows where the loan amount is 98832 and the year is 1996
    filtered = merged[(merged['amount'] == 98832) & (merged['date'].dt.year == 1996)]

    # Return the birth_date column from the filtered DataFrame
    return filtered[['birth_date']]
```"
114,"For the first client who opened his/her account in Prague, what is his/her account ID?",1,0,adaptive,"```python
import pandas as pd

def get_first_account_id(prague_data):
    prague_data['date'] = pd.to_datetime(prague_data['date'])
    prague_data_sorted = prague_data.sort_values(by='date')
    first_account_id = prague_data_sorted.iloc[0]['account_id']
    return first_account_id
```"
114,"For the first client who opened his/her account in Prague, what is his/her account ID?",1,1,adaptive,"```python
import pandas as pd

def find_first_client_account(prague_data):
    # Merge the 'account' and 'district' tables on 'district_id'
    merged_data = pd.merge(prague_data['account'], prague_data['district'], how='left', on='district_id')
    
    # Filter rows where 'A1' is 'Prague'
    prague_clients = merged_data[merged_data['A1'] == 'Prague']
    
    # Sort the filtered data by 'date' to get the earliest account
    sorted_prague_clients = prague_clients.sort_values(by='date')
    
    # Get the account ID of the first client
    first_client_account_id = sorted_prague_clients.iloc[0]['account_id']
    
    return first_client_account_id
```"
114,"For the first client who opened his/her account in Prague, what is his/her account ID?",1,2,adaptive,"```python
import pandas as pd

def get_first_account_id(account, district):
    # Merge account and district dataframes on district_id
    merged_df = pd.merge(account, district, on='district_id')
    
    # Filter rows where A1 equals 'Prague'
    prague_accounts = merged_df[merged_df['A1'] == 'Prague']
    
    # Sort the filtered accounts by date to find the first one
    sorted_accounts = prague_accounts.sort_values(by='date')
    
    # Get the account_id of the first account
    first_account_id = sorted_accounts.iloc[0]['account_id']
    
    return first_account_id
```"
114,"For the first client who opened his/her account in Prague, what is his/her account ID?",1,3,adaptive,"```python
import pandas as pd

def get_account_id_for_first_client(account_df, district_df):
    prague_mask = district_df['A3'] == 'Prague'
    prague_districts = district_df.loc[prague_mask, 'district_id']
    
    filtered_accounts = account_df.merge(prague_districts, 
                                       how='inner', 
                                       left_on='district_id', 
                                       right_on='district_id')
    
    min_date = filtered_accounts['date'].min()
    first_client_account = filtered_accounts.loc[filtered_accounts['date'] == min_date, 'account_id'].values[0]
    
    return first_client_account
```"
114,"For the first client who opened his/her account in Prague, what is his/her account ID?",1,4,adaptive,"```python
import pandas as pd

def get_first_account_id(prague_data):
    prague_accounts = prague_data[prague_data['A3'] == 'Prague']
    earliest_date = prague_accounts['date'].min()
    first_client_accounts = prague_accounts[prague_accounts['date'] == earliest_date]
    return first_client_accounts['account_id'].iloc[0]
```"
115,"For the branch which located in the south Bohemia with biggest number of inhabitants, what is the percentage of the male clients?",1,0,adaptive,"```python
import pandas as pd

def compute_feature(client, district):
    # Merge the client and district dataframes based on district_id
    merged_df = pd.merge(client, district, on='district_id')
    
    # Calculate the total population of the district
    total_population = merged_df['A1'].sum()
    
    # Filter clients from the south Bohemia (assuming A16 indicates location)
    south_bohemia_clients = merged_df[merged_df['A16'] == 'south Bohemia']
    
    # Calculate the total population of the south Bohemia region
    south_bohemia_population = south_bohemia_clients['A1'].sum()
    
    # Calculate the number of male clients in the south Bohemia region
    male_clients = south_bohemia_clients[south_bohemia_clients['gender'] == 'male']['client_id'].count()
    
    # Calculate the percentage of male clients
    if south_bohemia_population > 0:
        percentage_male_clients = (male_clients / south_bohemia_population) * 100
    else:
        percentage_male_clients = 0
    
    return percentage_male_clients
```"
115,"For the branch which located in the south Bohemia with biggest number of inhabitants, what is the percentage of the male clients?",1,1,adaptive,"```python
import pandas as pd

def compute_male_percentage_south_bohemia(client, district):
    # Join client and district tables on district_id
    merged_df = pd.merge(client, district, on='district_id')
    
    # Filter rows where A4 contains 'South Bohemia'
    filtered_df = merged_df[merged_df['A4'].str.contains('South Bohemia')]
    
    # Calculate total number of clients and number of male clients
    total_clients = len(filtered_df)
    male_clients = filtered_df[filtered_df['gender'] == 1].shape[0]
    
    # Compute percentage of male clients
    if total_clients > 0:
        percentage_male = (male_clients / total_clients) * 100
    else:
        percentage_male = 0
    
    return percentage_male
```"
115,"For the branch which located in the south Bohemia with biggest number of inhabitants, what is the percentage of the male clients?",1,2,adaptive,"```python
import pandas as pd

def calculate_male_percentage_south_bohemia(client, district):
    # Merge client and district dataframes on district_id
    merged_df = pd.merge(client, district, on='district_id')
    
    # Filter rows where A16 contains 'south Bohemia'
    filtered_df = merged_df[merged_df['A16'].str.contains('south Bohemia', case=False)]
    
    # Calculate total population in south Bohemia
    total_population = filtered_df.shape[0]
    
    # Count the number of male clients
    male_clients = filtered_df[filtered_df['gender'] == 'male'].shape[0]
    
    # Calculate the percentage of male clients
    if total_population > 0:
        male_percentage = (male_clients / total_population) * 100
    else:
        male_percentage = 0
    
    return male_percentage
```"
115,"For the branch which located in the south Bohemia with biggest number of inhabitants, what is the percentage of the male clients?",1,3,adaptive,"```python
import pandas as pd

def compute_male_percentage(client, district):
    # Merge the two tables based on district_id
    merged_df = pd.merge(client, district, on='district_id')
    
    # Filter rows where A1 (which likely represents region) contains 'south Bohemia'
    filtered_df = merged_df[merged_df['A1'].str.contains('south Bohemia', case=False)]
    
    # Calculate the total number of clients and males in the filtered DataFrame
    total_clients = filtered_df.shape[0]
    total_males = filtered_df[filtered_df['gender'] == 1].shape[0]
    
    # Compute the percentage of males
    if total_clients > 0:
        percentage_males = (total_males / total_clients) * 100
    else:
        percentage_males = 0
    
    return percentage_males
```"
115,"For the branch which located in the south Bohemia with biggest number of inhabitants, what is the percentage of the male clients?",1,4,adaptive,"```python
import pandas as pd

def calculate_male_percentage_in_south_bohemia(client, district):
    # Merge client and district tables based on district_id
    merged_data = pd.merge(client, district, on='district_id')
    
    # Filter rows where A13 is 'south bohemia'
    filtered_data = merged_data[merged_data['A13'] == 'south bohemia']
    
    # Calculate total number of clients
    total_clients = len(filtered_data)
    
    # Count number of male clients
    male_clients = filtered_data[filtered_data['gender'] == 'male'].shape[0]
    
    # Calculate percentage of male clients
    if total_clients > 0:
        male_percentage = (male_clients / total_clients) * 100
    else:
        male_percentage = 0
    
    return male_percentage
```"
116,"For the client whose loan was approved first in 1993/7/5, what is the increase rate of his/her account balance from 1993/3/22 to 1998/12/27?",2,0,adaptive,"```python
import pandas as pd

def compute_balance_increase_rate(loan, account, trans):
    # Merge loan and account tables on account_id
    merged = pd.merge(loan, account, on='account_id')
    
    # Filter loans that were approved before '1993-07-05'
    filtered_loans = merged[merged['date'] < '1993-07-05']
    
    # Get the earliest approved loan
    earliest_loan = filtered_loans.loc[filtered_loans['date'].idxmin()]
    
    # Find transactions related to the earliest loan
    loan_transactions = pd.merge(trans, earliest_loan[['account_id', 'amount']], 
                                 left_on='account_id', right_on='account_id')
    
    # Calculate the initial and final balances for the earliest loan
    initial_balance = loan_transactions.loc[loan_transactions['date'] == '1993-03-22', 'balance'].sum()
    final_balance = loan_transactions.loc[loan_transactions['date'] == '1998-12-27', 'balance'].sum()
    
    # Compute the balance increase rate
    if initial_balance != 0:
        balance_increase_rate = (final_balance - initial_balance) / initial_balance
    else:
        balance_increase_rate = None
    
    return balance_increase_rate
```"
116,"For the client whose loan was approved first in 1993/7/5, what is the increase rate of his/her account balance from 1993/3/22 to 1998/12/27?",2,1,adaptive,"```python
import pandas as pd

def compute_increase_rate(loan, account, trans):
    # Filter loans with status 'APPROVED' and date '1993/07/05'
    approved_loans = loan[(loan['status'] == 'APPROVED') & (loan['date'] == '1993/07/05')]
    
    # Merge with account data to get district_id
    approved_accounts = approved_loans.merge(account, on='account_id')
    
    # Get the earliest approved loan's account_id
    earliest_account_id = approved_accounts['account_id'].min()
    
    # Filter transactions for the earliest approved account
    relevant_transactions = trans[trans['account_id'] == earliest_account_id]
    
    # Convert date columns to datetime
    relevant_transactions['date'] = pd.to_datetime(relevant_transactions['date'])
    
    # Filter transactions between '1993/03/22' and '1998/12/27'
    filtered_transactions = relevant_transactions[(relevant_transactions['date'] >= '1993-03-22') &
                                                (relevant_transactions['date'] <= '1998-12-27')]
    
    # Calculate the total increase in balance
    increase_rate = filtered_transactions['balance'].max() - filtered_transactions['balance'].min()
    
    return increase_rate
```"
116,"For the client whose loan was approved first in 1993/7/5, what is the increase rate of his/her account balance from 1993/3/22 to 1998/12/27?",2,2,adaptive,"```python
import pandas as pd

def compute_balance_increase_rate(loan, account, trans):
    # Merge loan and account tables on account_id
    merged_loan_acc = pd.merge(loan, account, how='left', left_on='account_id', right_on='account_id')
    
    # Filter records where loan status is 'APPROVED' and loan date is '1993-07-05'
    filtered_records = merged_loan_acc[(merged_loan_acc['status'] == 'APPROVED') & (merged_loan_acc['date_x'].dt.strftime('%Y-%m-%d') == '1993-07-05')]
    
    # Find the client_id associated with this record
    client_id = filtered_records['client_id'].iloc[0]
    
    # Filter transactions for this client between '1993-03-22' and '1998-12-27'
    filtered_trans = trans[(trans['date'].dt.strftime('%Y-%m-%d').between('1993-03-22', '1998-12-27')) & (trans['account_id'].isin(filtered_records['account_id']))]
    
    # Calculate the total transaction amounts for each account
    total_trans_per_account = filtered_trans.groupby('account_id')['amount'].sum().reset_index()
    
    # Merge this back onto our initial filtered records to get the total transaction amount per client
    final_df = pd.merge(filtered_records, total_trans_per_account, how='left', on='account_id')
    
    # Compute the increase rate
    increase_rate = final_df['amount_y'] / final_df['balance']
    
    return increase_rate.iloc[0]
```"
116,"For the client whose loan was approved first in 1993/7/5, what is the increase rate of his/her account balance from 1993/3/22 to 1998/12/27?",2,3,adaptive,"```python
import pandas as pd

def compute_balance_increase_rate(loan, account, trans):
    # Merge loan and account tables on account_id
    merged = pd.merge(loan, account, how='inner', on='account_id')
    
    # Filter for loans that were approved before or on 1993/7/5
    merged = merged[merged['date'] <= '1993-07-05']
    
    # Find the earliest approval date
    min_date = merged['date'].min()
    
    # Filter for transactions that occurred between 1993/3/22 and 1998/12/27
    filtered_trans = trans[(trans['date'] >= '1993-03-22') & (trans['date'] <= '1998-12-27')]
    
    # Calculate the total balance change for each account within the specified period
    total_change = filtered_trans.groupby('account_id')['balance'].sum().reset_index()
    
    # Rename columns for clarity
    total_change.columns = ['account_id', 'total_balance_change']
    
    # Merge with the original data to get the initial balance
    result = pd.merge(min_date, total_change, how='left', left_on='account_id', right_on='account_id')
    
    # Compute the balance increase rate
    result['balance_increase_rate'] = result['total_balance_change'] / result['amount']
    
    return result[['client_id', 'balance_increase_rate']]
```"
116,"For the client whose loan was approved first in 1993/7/5, what is the increase rate of his/her account balance from 1993/3/22 to 1998/12/27?",2,4,adaptive,"```python
import pandas as pd

def calculate_balance_increase_rate(loan, account, trans):
    # Filter loans approved in 1993/7/5
    approved_loans = loan[(loan['date'] == '1993-07-05') & (loan['status'] == 'approved')]
    
    # Merge with account table to get district information
    merged_accounts = pd.merge(approved_loans, account, on='account_id')
    
    # Merge with transaction table to get balance information
    merged_transactions = pd.merge(merged_accounts, trans, on='account_id')
    
    # Filter transactions between 1993/3/22 and 1998/12/27
    filtered_transactions = merged_transactions[(filtered_transactions['date_x'] >= '1993-03-22') &
                                              (filtered_transactions['date_x'] <= '1998-12-27')]
    
    # Calculate the average balance before and after the specified period
    avg_balance_before = filtered_transactions[filtered_transactions['date_x'] < '1998-12-27']['balance'].mean()
    avg_balance_after = filtered_transactions[filtered_transactions['date_x'] >= '1998-12-27']['balance'].mean()
    
    # Calculate the increase rate
    increase_rate = ((avg_balance_after - avg_balance_before) / avg_balance_before) if avg_balance_before != 0 else None
    
    return increase_rate
```"
117,What is the percentage of loan amount that has been fully paid with no issue.,0,0,adaptive,"```python
import pandas as pd

def calculate_full_payment_percentage(loan):
    # Filter loans where status is 'Fully Paid'
    fully_paid_loans = loan[loan['status'] == 'Fully Paid']
    
    # Calculate total amount of fully paid loans
    total_amount_paid = fully_paid_loans['amount'].sum()
    
    # Calculate total amount of all loans
    total_amount_all = loan['amount'].sum()
    
    # Calculate percentage of fully paid amount
    full_payment_percentage = (total_amount_paid / total_amount_all) * 100
    
    return full_payment_percentage
```"
117,What is the percentage of loan amount that has been fully paid with no issue.,0,1,adaptive,"```python
import pandas as pd

def compute_feature(loan):
    # Filter rows where status is 'Fully Paid'
    fully_paid = loan[loan['status'] == 'Fully Paid']
    
    # Calculate total amount of fully paid loans
    total_amount_paid = fully_paid['amount'].sum()
    
    # Calculate total amount of all loans
    total_amount = loan['amount'].sum()
    
    # Compute the percentage
    percentage_paid = (total_amount_paid / total_amount) * 100
    
    return percentage_paid
```"
117,What is the percentage of loan amount that has been fully paid with no issue.,0,2,adaptive,"```python
def compute_full_payment_rate(loan):
    full_paid = loan[loan['status'] == 'fully_paid']
    return (full_paid['amount'].sum() / loan['amount'].sum()) * 100 if not loan.empty else 0
```"
117,What is the percentage of loan amount that has been fully paid with no issue.,0,3,adaptive,"```python
import pandas as pd

def calculate_full_payment_percentage(loan):
    # Filter loans where status is 'Fully Paid'
    fully_paid_loans = loan[loan['status'] == 'Fully Paid']
    
    # Calculate total amount of fully paid loans
    total_amount_paid = fully_paid_loans['amount'].sum()
    
    # Calculate total amount of all loans
    total_amount = loan['amount'].sum()
    
    # Calculate percentage of fully paid loans
    full_payment_percentage = (total_amount_paid / total_amount) * 100
    
    return full_payment_percentage
```"
117,What is the percentage of loan amount that has been fully paid with no issue.,0,4,adaptive,"```python
import pandas as pd

def calculate_paid_loan_percentage(loan):
    total_amount = loan['amount'].sum()
    fully_paid_amount = loan[loan['status'] == 'fully_paid']['amount'].sum()
    return (fully_paid_amount / total_amount) * 100
```"
118,"For loan amount less than USD100,000, what is the percentage of accounts that is still running with no issue.",0,0,adaptive,"```python
import pandas as pd

def compute_feature(df):
    # Filter loans with amount less than 100,000
    filtered_df = df[df['amount'] < 100_000]
    
    # Count the number of accounts still running with no issue
    running_count = filtered_df[filtered_df['status'] == 'running']['account_id'].nunique()
    
    # Compute the total number of unique accounts in the filtered dataset
    total_accounts = filtered_df['account_id'].nunique()
    
    # Calculate the percentage of accounts still running with no issue
    if total_accounts > 0:
        percentage_running = (running_count / total_accounts) * 100
    else:
        percentage_running = 0
    
    return {'percentage_running': percentage_running}
```"
118,"For loan amount less than USD100,000, what is the percentage of accounts that is still running with no issue.",0,1,adaptive,"```python
import pandas as pd

def compute_feature(loan):
    # Filter loans with amount less than 100,000
    filtered_loans = loan[loan['amount'] < 100000]
    
    # Count the number of active loans
    active_loans_count = filtered_loans[filtered_loans['status'] == 'active'].shape[0]
    
    # Calculate the total count of filtered loans
    total_filtered_loans = filtered_loans.shape[0]
    
    # Compute the percentage of active loans
    if total_filtered_loans > 0:
        percentage_active = (active_loans_count / total_filtered_loans) * 100
    else:
        percentage_active = 0
    
    return percentage_active
```"
118,"For loan amount less than USD100,000, what is the percentage of accounts that is still running with no issue.",0,2,adaptive,"```python
import pandas as pd

def compute_feature(loan):
    # Filter loans with amount less than 100,000
    filtered_loans = loan[loan['amount'] < 100000]
    
    # Count accounts with status 'running'
    running_accounts = filtered_loans[filtered_loans['status'] == 'running']['account_id'].nunique()
    
    # Total distinct accounts in the filtered dataset
    total_accounts = filtered_loans['account_id'].nunique()
    
    # Calculate percentage
    if total_accounts == 0:
        percentage_running = 0
    else:
        percentage_running = (running_accounts / total_accounts) * 100
    
    return percentage_running
```"
118,"For loan amount less than USD100,000, what is the percentage of accounts that is still running with no issue.",0,3,adaptive,"```python
import pandas as pd

def compute_feature(loan):
    # Filter loans with amount less than 100,000
    filtered_loan = loan[loan['amount'] < 100000]
    
    # Compute the percentage of accounts still running with no issue
    percentage_running = (filtered_loan['status'].value_counts(normalize=True)['running'] if 'running' in filtered_loan['status'].value_counts() else 0)
    
    return percentage_running
```"
118,"For loan amount less than USD100,000, what is the percentage of accounts that is still running with no issue.",0,4,adaptive,"```python
import pandas as pd

def calculate_running_accounts_percentage(loan):
    filtered_loans = loan[loan['amount'] < 100000]
    running_count = filtered_loans[filtered_loans['status'] == 'running'].shape[0]
    total_count = filtered_loans.shape[0]
    
    if total_count == 0:
        return 0
    
    percentage = (running_count / total_count) * 100
    return percentage
```"
119,"For accounts in 1993 with statement issued after transaction, list the account ID, district name and district region.",1,0,adaptive,"```python
import pandas as pd

def compute_feature(account, district):
    # Filter accounts from 1993 with statement issued after transaction
    filtered_account = account[(account['date'].dt.year == 1993) & (account['frequency'] < 0)]
    
    # Merge with district to get district_name and district_region
    merged_df = pd.merge(filtered_account, district, on='district_id')
    
    # Select required columns
    result = merged_df[['account_id', 'A2', 'A1']]
    
    return result
```"
119,"For accounts in 1993 with statement issued after transaction, list the account ID, district name and district region.",1,1,adaptive,"```python
import pandas as pd

def compute_feature(account, district):
    # Filter accounts from 1993
    account_1993 = account[account['date'].dt.year == 1993]
    
    # Merge with district table to get district information
    merged = pd.merge(account_1993, district, on='district_id')
    
    # Sort by date within each group
    merged.sort_values(by=['account_id', 'date'], inplace=True)
    
    # Compute difference between statement date and transaction date
    merged['diff'] = (merged['date'] - merged.groupby('account_id')['date'].shift(-1)).dt.days
    
    # Select rows where statement date is after transaction date
    result = merged[merged['diff'] < 0][['account_id', 'A2', 'A3']]
    
    return result
```"
119,"For accounts in 1993 with statement issued after transaction, list the account ID, district name and district region.",1,2,adaptive,"```python
import pandas as pd

def compute_feature(account, district):
    # Merge account and district dataframes on 'district_id'
    merged_df = pd.merge(account, district, on='district_id')
    
    # Filter rows where year is 1993 and statement date is after transaction date
    filtered_df = merged_df[(merged_df['date'].dt.year == 1993) & (merged_df['A2'] > merged_df['date'])]
    
    # Select required columns: account_id, A2 (district_name), A16 (region)
    result = filtered_df[['account_id', 'A2', 'A16']]
    
    return result
```"
119,"For accounts in 1993 with statement issued after transaction, list the account ID, district name and district region.",1,3,adaptive,"```python
import pandas as pd

def compute_feature(account, district):
    # Merge account and district tables on district_id
    merged_df = pd.merge(account, district, on='district_id', how='left')
    
    # Filter accounts from 1993 with statement issued after transaction
    filtered_df = merged_df[(merged_df['date'].dt.year == 1993) & (merged_df['A3'] > merged_df['frequency'])]
    
    # Select required columns
    result_df = filtered_df[['account_id', 'A2', 'A1']]
    
    return result_df
```"
119,"For accounts in 1993 with statement issued after transaction, list the account ID, district name and district region.",1,4,adaptive,"```python
import pandas as pd

def compute_feature(account, district):
    # Filter accounts from 1993
    account_1993 = account[account['date'].dt.year == 1993]
    
    # Merge with district table to get district information
    merged_df = pd.merge(account_1993, district, on='district_id')
    
    # Filter rows where statement was issued after transaction
    result = merged_df[merged_df['date'] < merged_df['statement_date']]
    
    # Select required columns
    return result[['account_id', 'A1', 'A14']]
```"
120,"From Year 1995 to 2000, who are the accounts holders from 'east Bohemia'. State the account ID the frequency of statement issuance.",1,0,adaptive,"```python
import pandas as pd

def get_feature(account, district):
    # Convert date to datetime and extract year
    account['date'] = pd.to_datetime(account['date'])
    account['year'] = account['date'].dt.year
    
    # Filter for years between 1995 and 2000
    account_filtered = account[(account['year'] >= 1995) & (account['year'] <= 2000)]
    
    # Merge with district table to get district name
    merged_df = pd.merge(account_filtered, district, on='district_id')
    
    # Filter for 'east Bohemia'
    east_bohemia_df = merged_df[merged_df['A2'] == 'east Bohemia']
    
    # Select required columns
    result = east_bohemia_df[['account_id', 'frequency']]
    
    return result
```"
120,"From Year 1995 to 2000, who are the accounts holders from 'east Bohemia'. State the account ID the frequency of statement issuance.",1,1,adaptive,"```python
import pandas as pd

def extract_feature(account, district):
    # Filter accounts from year 1995 to 2000
    filtered_accounts = account[(account['date'].dt.year >= 1995) & (account['date'].dt.year <= 2000)]
    
    # Merge with district data to get district information
    merged_data = pd.merge(filtered_accounts, district, on='district_id')
    
    # Filter districts named 'east Bohemia'
    east_bohemia_accounts = merged_data[merged_data['A2'] == 'east Bohemia']
    
    # Select required columns and rename them appropriately
    result = east_bohemia_accounts[['account_id', 'frequency']]
    result.columns = ['id', 'statement_frequency']
    
    return result
```"
120,"From Year 1995 to 2000, who are the accounts holders from 'east Bohemia'. State the account ID the frequency of statement issuance.",1,2,adaptive,"```python
import pandas as pd

def get_holder_freq(df_account, df_district):
    # Merge the dataframes based on district_id and filter for 'east Bohemia'
    merged_df = pd.merge(df_account, df_district, how='left', left_on='district_id', right_index=True)
    east_bohemia_accounts = merged_df[(merged_df['A1'] == 'East') & (merged_df['A2'] == 'Bohemia')]
    
    # Filter for the year range 1995 to 2000
    east_bohemia_accounts['year'] = east_bohemia_accounts['date'].dt.year
    filtered_accounts = east_bohemia_accounts[(filtered_accounts['year'] >= 1995) & (filtered_accounts['year'] <= 2000)]
    
    # Select only necessary columns and calculate the frequency
    result = filtered_accounts[['account_id', 'frequency']].groupby('account_id').sum().reset_index()
    
    return result
```"
120,"From Year 1995 to 2000, who are the accounts holders from 'east Bohemia'. State the account ID the frequency of statement issuance.",1,3,adaptive,"```python
import pandas as pd

def get_holder_info(account, district):
    # Filter accounts between 1995 and 2000
    filtered_accounts = account[(account['date'].dt.year >= 1995) & (account['date'].dt.year <= 2000)]
    
    # Merge with district data to filter by 'east Bohemia'
    merged_data = pd.merge(filtered_accounts, district, how='left', left_on='district_id', right_index=True)
    east_bohemia_accounts = merged_data[merged_data['A2'] == 'east Bohemia']
    
    # Group by account_id and calculate frequency
    result = east_bohemia_accounts.groupby('account_id')['frequency'].sum().reset_index()
    
    return result.rename(columns={'account_id': 'holder_account_id', 'frequency': 'statement_frequency'})
```"
120,"From Year 1995 to 2000, who are the accounts holders from 'east Bohemia'. State the account ID the frequency of statement issuance.",1,4,adaptive,"```python
import pandas as pd

def compute_feature(account, district):
    # Filter accounts from 'East Bohemia' and within the year range 1995-2000
    filtered_accounts = account[(account['date'].dt.year >= 1995) & (account['date'].dt.year <= 2000)]
    filtered_accounts = filtered_accounts[filtered_accounts['district_id'].isin(district[district['A2'] == 'east Bohemia']['district_id'])]
    
    # Merge with district table to get the full name of the district
    merged_df = pd.merge(filtered_accounts, district, on='district_id', how='inner')
    
    # Group by account_id and sum up the frequencies
    result = merged_df.groupby('account_id')['frequency'].sum().reset_index()
    
    return result
```"
121,List account ID and account opening date for accounts from 'Prachatice'.,1,0,adaptive,"```python
import pandas as pd

def get_account_info(account, district):
    # Filter the district table to find the district_id corresponding to 'Prachatice'
    prachatice_district = district[district['A2'] == 'Prachatice']['district_id'].values[0]
    
    # Filter the account table to find accounts from the 'Prachatice' district
    filtered_accounts = account[account['district_id'] == prachatice_district]
    
    # Select only the required columns
    result = filtered_accounts[['account_id', 'date']]
    
    return result
```"
121,List account ID and account opening date for accounts from 'Prachatice'.,1,1,adaptive,"```python
import pandas as pd

def feature_engineering(account, district):
    # Merge the two tables based on district_id
    merged_df = pd.merge(account, district, how='inner', on='district_id')
    
    # Filter rows where A2 is 'Prachatice'
    filtered_df = merged_df[merged_df['A2'] == 'Prachatice']
    
    # Select only the required columns
    result = filtered_df[['account_id', 'date']]
    
    return result
```"
121,List account ID and account opening date for accounts from 'Prachatice'.,1,2,adaptive,"```python
import pandas as pd

def get_prachatice_accounts(account, district):
    prachatice_districts = ['Prachatice']
    
    # Merge account data with district data to filter by district name
    merged_data = pd.merge(account, district, left_on='district_id', right_index=True)
    
    # Filter for accounts in Prachatice
    prachatice_accounts = merged_data[merged_data['A2'].isin(prachatice_districts)]
    
    # Select only needed columns
    result = prachatice_accounts[['account_id', 'date']]
    
    return result
```"
121,List account ID and account opening date for accounts from 'Prachatice'.,1,3,adaptive,"```python
import pandas as pd

def get_prachatice_accounts(account, district):
    # Merge the two dataframes based on district_id
    merged_df = pd.merge(account, district, on='district_id')
    
    # Filter the dataframe to only include rows where A2 is 'Prachatice'
    prachatice_accounts = merged_df[merged_df['A2'] == 'Prachatice']
    
    # Select only the required columns and return the result
    return prachatice_accounts[['account_id', 'date']]
```"
121,List account ID and account opening date for accounts from 'Prachatice'.,1,4,adaptive,"```python
import pandas as pd

def get_account_info(account, district):
    # Merge account and district tables on district_id
    merged_df = pd.merge(account, district, on='district_id')
    
    # Filter rows where A2 is 'Prachatice'
    filtered_df = merged_df[merged_df['A2'] == 'Prachatice']
    
    # Select required columns
    result_df = filtered_df[['account_id', 'date']]
    
    return result_df
```"
122,State the district and region for loan ID '4990'.,2,0,adaptive,"```python
import pandas as pd

def compute_feature(account, district, loan):
    merged_df = pd.merge(loan, account, left_on='account_id', right_on='account_id')
    result = pd.merge(merged_df, district, left_on='district_id', right_on='district_id')
    return result.loc[result['loan_id'] == 4990, ['A2', 'A3']]
```"
122,State the district and region for loan ID '4990'.,2,1,adaptive,"```python
import pandas as pd

def get_loan_district_region(loan, account, district):
    merged = loan.merge(account, how='left', left_on='account_id', right_on='account_id')
    merged = merged.merge(district, how='left', left_on='district_id', right_on='district_id')
    result = merged[merged['loan_id'] == 4990][['A2', 'A3']]
    return result
```"
122,State the district and region for loan ID '4990'.,2,2,adaptive,"```python
import pandas as pd

def get_loan_district_region(loan_df, district_df, account_df):
    merged = loan_df.merge(account_df, left_on='account_id', right_on='account_id')
    merged = merged.merge(district_df, left_on='district_id', right_on='district_id')
    
    result = merged.loc[merged['loan_id'] == 4990, ['A2', 'A3']]
    return result
```"
122,State the district and region for loan ID '4990'.,2,3,adaptive,"```python
import pandas as pd

def compute_feature(account, district, loan):
    merged_df = pd.merge(loan, account, on='account_id')
    result = pd.merge(merged_df, district, on='district_id')
    filtered_result = result[result['loan_id'] == 4990][['A1', 'A2']]
    return filtered_result
```"
122,State the district and region for loan ID '4990'.,2,4,adaptive,"```python
import pandas as pd

def compute_feature(account, district, loan, client):
    merged = pd.merge(loan, account, left_on='account_id', right_on='account_id')
    merged = pd.merge(merged, district, left_on='district_id', right_on='district_id')
    result = merged[merged['loan_id'] == 4990][['A1', 'A2']]
    return result
```"
123,"Provide the account ID, district and region for loan amount greater than USD300,000.",2,0,adaptive,"```python
import pandas as pd

def get_loan_details(account, district, loan, client):
    merged = loan.merge(account, how='left', left_on='account_id', right_on='account_id')
    merged = merged.merge(district, how='left', left_on='district_id', right_on='district_id')
    merged = merged.merge(client, how='left', left_on='district_id', right_on='district_id')
    
    filtered = merged[merged['amount'] > 300000]
    
    result = filtered[['account_id', 'A1', 'A3']]
    return result.rename(columns={'A1': 'district', 'A3': 'region'})
```"
123,"Provide the account ID, district and region for loan amount greater than USD300,000.",2,1,adaptive,"```python
import pandas as pd

def compute_feature(account, district, loan):
    # Merge account and district tables on district_id
    merged_account_district = pd.merge(account, district, on='district_id')
    
    # Merge result with loan table on account_id
    merged_all = pd.merge(merged_account_district, loan, on='account_id')
    
    # Filter rows where loan amount is greater than 300,000
    filtered_df = merged_all[merged_all['amount'] > 300000]
    
    # Select required columns
    result = filtered_df[['account_id', 'A1', 'A2']]
    
    return result
```"
123,"Provide the account ID, district and region for loan amount greater than USD300,000.",2,2,adaptive,"```python
import pandas as pd

def get_loan_details(account, district, loan):
    merged = pd.merge(account, loan, on='account_id')
    filtered = merged[merged['amount'] > 300000]
    result = pd.merge(filtered, district[['district_id', 'A1', 'A4']], on='district_id')
    return result[['account_id', 'A1', 'A4']]
```"
123,"Provide the account ID, district and region for loan amount greater than USD300,000.",2,3,adaptive,"```python
import pandas as pd

def compute_feature(account, district, loan):
    # Merge loan and account tables on account_id
    merged_loan_account = pd.merge(loan, account, on='account_id')
    
    # Filter rows where loan amount is greater than 300,000
    filtered_data = merged_loan_account[merged_loan_account['amount'] > 300000]
    
    # Select required columns
    result = filtered_data[['account_id', 'district_id']]
    
    return result
```"
123,"Provide the account ID, district and region for loan amount greater than USD300,000.",2,4,adaptive,"```python
import pandas as pd

def get_loan_details(loan, account, district):
    # Merging loan data with account data to include account details
    merged_data = pd.merge(loan, account, on='account_id', how='left')
    
    # Merging merged data with district data to include district details
    final_data = pd.merge(merged_data, district, on='district_id', how='left')
    
    # Filtering data where loan amount is greater than 300,000
    filtered_data = final_data[final_data['amount'] > 300000]
    
    # Selecting required columns
    result = filtered_data[['account_id', 'A2', 'A3']]
    
    return result
```"
124,"List the loan ID, district and average salary for loan with duration of 60 months.",2,0,adaptive,"```python
import pandas as pd

def compute_feature(account, district, loan, client):
    # Merge account and district to get district information
    merged = pd.merge(account, district, on='district_id')
    
    # Merge merged result with loan to get loan details
    merged = pd.merge(merged, loan, on='account_id')
    
    # Merge merged result with client to get client details
    merged = pd.merge(merged, client, on='district_id')
    
    # Filter loans with duration of 60 months
    filtered = merged[merged['duration'] == 60]
    
    # Group by loan_id, district_id and calculate average salary
    result = filtered.groupby(['loan_id', 'district_id'])['A1'].mean().reset_index()
    
    return result
```"
124,"List the loan ID, district and average salary for loan with duration of 60 months.",2,1,adaptive,"```python
import pandas as pd

def compute_average_salary_for_long_loans(account, district, loan, client):
    # Merge loan and account tables to get district information for each loan
    merged_loan_account = pd.merge(loan, account, on='account_id', how='left')
    
    # Filter loans with duration of 60 months
    long_loans = merged_loan_account[merged_loan_account['duration'] == 60]
    
    # Join the filtered data with the district table to get district details
    joined_data = pd.merge(long_loans, district, on='district_id', how='left')
    
    # Calculate the average salary per district
    avg_salary_per_district = joined_data.groupby('district_id')['A1'].mean().reset_index()
    
    # Rename columns for clarity
    avg_salary_per_district.columns = ['district_id', 'average_salary']
    
    return avg_salary_per_district
```"
124,"List the loan ID, district and average salary for loan with duration of 60 months.",2,2,adaptive,"```python
import pandas as pd

def compute_feature(account, district, loan, client):
    # Merge account and loan tables on account_id
    merged_account_loan = pd.merge(account, loan, on='account_id')
    
    # Filter loans with duration of 60 months
    filtered_loans = merged_account_loan[merged_account_loan['duration'] == 60]
    
    # Merge filtered loans with district table on district_id
    merged_filtered_loans_district = pd.merge(filtered_loans, district, on='district_id')
    
    # Compute average salary per district
    avg_salary_per_district = merged_filtered_loans_district.groupby('district_id')['A1'].mean().reset_index()
    
    # Merge result with original filtered loans to get loan_id and district
    final_result = pd.merge(filtered_loans[['loan_id', 'district_id']], avg_salary_per_district, on='district_id')
    
    return final_result.rename(columns={'A1': 'average_salary'})
```"
124,"List the loan ID, district and average salary for loan with duration of 60 months.",2,3,adaptive,"```python
import pandas as pd

def compute_feature(account, district, loan, client):
    # Merge loan and account dataframes to get district information
    loan_account = pd.merge(loan, account, how='left', left_on='account_id', right_on='account_id')
    
    # Group by district_id and calculate average salary
    avg_salary_by_district = account.groupby('district_id')['frequency'].mean().reset_index()
    
    # Merge with merged dataframe to get average salary for each loan
    loan_account = pd.merge(loan_account, avg_salary_by_district, how='left', left_on='district_id', right_on='district_id')
    
    # Filter for loans with duration of 60 months
    filtered_loans = loan_account[loan_account['duration'] == 60]
    
    # Select required columns
    result = filtered_loans[['loan_id', 'A2', 'average']].rename(columns={'A2': 'district', 'average': 'avg_salary'})
    
    return result
```"
124,"List the loan ID, district and average salary for loan with duration of 60 months.",2,4,adaptive,"```python
import pandas as pd

def compute_average_salary(loan, account, district):
    # Merge loan table with account table to get account details
    merged = pd.merge(loan, account, on='account_id')
    
    # Merge the result with district table to get district details
    merged = pd.merge(merged, district, on='district_id')
    
    # Filter loans with duration of 60 months
    filtered = merged[merged['duration'] == 60]
    
    # Calculate average salary per district
    avg_salary = filtered.groupby(['district_id', 'A2'])['amount'].mean().reset_index()
    
    return avg_salary[['district_id', 'A2', 'amount']]
```"
125,"For loans contracts which are still running where client are in debt, list the district of the and the state the percentage unemployment rate increment from year 1995 to 1996.",2,0,adaptive,"```python
import pandas as pd

def calculate_unemployment_rate_increase():
    # Merge dataframes
    merged = loan.merge(account, how='left', left_on='account_id', right_on='account_id')
    merged = merged.merge(district, how='left', left_on='district_id', right_on='district_id')

    # Filter running loans and clients in debt
    merged = merged[(merged['status'] == 'running') & (merged['amount'] > 0)]

    # Calculate percentage increase in unemployment rate
    merged['unemp_rate_1995'] = merged['A4']
    merged['unemp_rate_1996'] = merged['A5']
    merged['unemp_rate_increase'] = ((merged['unemp_rate_1996'] - merged['unemp_rate_1995']) / merged['unemp_rate_1995']) * 100

    # Group by district and calculate average increase
    result = merged.groupby(['A2', 'A3']).agg({'unemp_rate_increase': 'mean'}).reset_index()

    return result
```"
125,"For loans contracts which are still running where client are in debt, list the district of the and the state the percentage unemployment rate increment from year 1995 to 1996.",2,1,adaptive,"```python
import pandas as pd

def calculate_unemployment_rate_increment(loan, account, district, client):
    # Filter running and defaulted loans
    running_and_defaulted = loan[(loan['status'] == 'running') | (loan['status'] == 'default')]
    
    # Merge with account data
    merged_data = pd.merge(running_and_defaulted, account, on='account_id')
    
    # Merge with district data
    merged_data = pd.merge(merged_data, district, on='district_id')
    
    # Calculate the number of years since 1995
    merged_data['years_since_1995'] = (pd.to_datetime('now').year - merged_data['date'].dt.year).astype(int)
    
    # Filter for the year 1996
    filtered_data = merged_data[merged_data['years_since_1995'] == 1]
    
    # Group by district and calculate the average unemployment rate increment
    result = filtered_data.groupby('A1')['A1'].transform(lambda x: (x.max() - x.min()) / x.std())
    
    return result
```"
125,"For loans contracts which are still running where client are in debt, list the district of the and the state the percentage unemployment rate increment from year 1995 to 1996.",2,2,adaptive,"```python
import pandas as pd

def compute_feature(loan, account, district, client):
    # Filter loans that are still running
    loan = loan[loan['status'] == 'running']

    # Merge loan with account data
    loan_account = pd.merge(loan, account, on='account_id')

    # Merge loan_account with district data
    loan_account_district = pd.merge(loan_account, district, on='district_id')

    # Merge loan_account_district with client data
    loan_account_district_client = pd.merge(loan_account_district, client, on='district_id')

    # Calculate the percentage unemployment rate increment from 1995 to 1996
    loan_account_district_client['unemployment_rate_1995'] = loan_account_district_client['A4']
    loan_account_district_client['unemployment_rate_1996'] = loan_account_district_client['A5']
    loan_account_district_client['unemployment_rate_increment'] = (loan_account_district_client['unemployment_rate_1996'] - 
                                                                   loan_account_district_client['unemployment_rate_1995']) / 
                                                                  loan_account_district_client['unemployment_rate_1995']

    # Select the required columns
    result = loan_account_district_client[['district_id', 'A2', 'A3', 'unemployment_rate_increment']]
    
    return result
```"
125,"For loans contracts which are still running where client are in debt, list the district of the and the state the percentage unemployment rate increment from year 1995 to 1996.",2,3,adaptive,"```python
import pandas as pd

def compute_feature(loan, account, district, client):
    # Filter loans that are still running
    loan = loan[loan['status'] == 'running']
    
    # Merge loan with account to get district information
    loan = loan.merge(account[['account_id', 'district_id']], on='account_id')
    
    # Merge with district to get district details
    loan = loan.merge(district[['district_id', 'A1']], on='district_id')
    
    # Merge with client to get gender information
    loan = loan.merge(client[['client_id', 'gender']], on='client_id')
    
    # Calculate the number of years between 1995 and 1996
    loan['year_diff'] = 1
    
    # Group by district and calculate the average unemployment rate difference
    result = loan.groupby('A1').agg({'year_diff': 'sum'}).reset_index()
    
    return result
```"
125,"For loans contracts which are still running where client are in debt, list the district of the and the state the percentage unemployment rate increment from year 1995 to 1996.",2,4,adaptive,"```python
import pandas as pd

def calculate_unemployment_rate_increase(loan, account, district, client):
    # Merge loan data with account data to get district information
    merged = pd.merge(loan, account, on='account_id')
    
    # Filter for loans that are still running
    merged = merged[merged['status'] == 'running']
    
    # Merge with district data to get unemployment rate information
    merged = pd.merge(merged, district, on='district_id')
    
    # Convert date columns to datetime format
    merged['date'] = pd.to_datetime(merged['date'])
    merged['A1'] = pd.to_datetime(merged['A1'])
    
    # Calculate the difference in years between the two dates
    merged['year_difference'] = (merged['date'].dt.year - merged['A1'].dt.year).abs()
    
    # Filter for the specific year range
    merged = merged[(merged['year_difference'] == 1) & (merged['A1'].dt.year.isin([1995, 1996]))]
    
    # Group by district and calculate the average unemployment rate increase
    result = merged.groupby('district_id')[['A1', 'A16']].mean().reset_index()
    result.rename(columns={'A1': 'unemployment_1995', 'A16': 'unemployment_1996'}, inplace=True)
    result['unemployment_increase'] = result['unemployment_1996'] - result['unemployment_1995']
    
    return result[['district_id', 'unemployment_increase']]
```"
126,Calculate the percentage of account from 'Decin' district for all accounts are opened in 1993.,1,0,adaptive,"```python
import pandas as pd

def calculate_decin_percentage(account, district):
    # Filter accounts opened in 1993
    account_1993 = account[account['date'].str.contains('1993')]
    
    # Merge with district data to get district names
    merged_data = pd.merge(account_1993, district, on='district_id')
    
    # Count total accounts and accounts from Decin
    total_accounts = len(merged_data)
    decin_accounts = len(merged_data[merged_data['A2'] == 'Decin'])
    
    # Calculate percentage
    if total_accounts == 0:
        return 0
    else:
        return (decin_accounts / total_accounts) * 100
```"
126,Calculate the percentage of account from 'Decin' district for all accounts are opened in 1993.,1,1,adaptive,"```python
import pandas as pd

def calculate_decin_percentage(account, district):
    # Merge account and district tables on district_id
    merged_df = pd.merge(account, district, how='left', on='district_id')
    
    # Filter rows where year is 1993
    filtered_df = merged_df[merged_df['date'].dt.year == 1993]
    
    # Count total number of accounts opened in 1993
    total_accounts = len(filtered_df)
    
    # Count number of accounts from 'Decin' district
    decin_accounts = filtered_df[filtered_df['A2'] == 'Decin'].shape[0]
    
    # Calculate percentage of accounts from 'Decin'
    if total_accounts > 0:
        percentage = (decin_accounts / total_accounts) * 100
    else:
        percentage = 0
    
    return percentage
```"
126,Calculate the percentage of account from 'Decin' district for all accounts are opened in 1993.,1,2,adaptive,"```python
import pandas as pd

def calculate_decin_percentage(account, district):
    # Merge the account and district dataframes based on district_id
    merged_df = pd.merge(account, district, on='district_id', how='left')
    
    # Filter the merged dataframe to only include accounts opened in 1993
    filtered_df = merged_df[merged_df['date'].dt.year == 1993]
    
    # Calculate the total number of accounts opened in 1993
    total_accounts_1993 = len(filtered_df)
    
    # Calculate the number of accounts from 'Decin' district opened in 1993
    decin_accounts_1993 = filtered_df[filtered_df['A1'] == 'Decin']['account_id'].nunique()
    
    # Calculate the percentage of accounts from 'Decin'
    if total_accounts_1993 > 0:
        percentage = (decin_accounts_1993 / total_accounts_1993) * 100
    else:
        percentage = 0
    
    return percentage
```"
126,Calculate the percentage of account from 'Decin' district for all accounts are opened in 1993.,1,3,adaptive,"```python
import pandas as pd

def calculate_decin_account_percentage(account, district):
    # Filter accounts opened in 1993
    account_1993 = account[account['date'].str.startswith('1993')]
    
    # Merge with district information to get district name
    merged_df = pd.merge(account_1993, district, left_on='district_id', right_on='district_id')
    
    # Count total accounts and accounts from Decin district
    total_accounts = len(merged_df)
    decin_accounts = len(merged_df[merged_df['A1'] == 'Decin'])
    
    # Calculate percentage
    if total_accounts > 0:
        percentage = (decin_accounts / total_accounts) * 100
    else:
        percentage = 0
    
    return percentage
```"
126,Calculate the percentage of account from 'Decin' district for all accounts are opened in 1993.,1,4,adaptive,"```python
import pandas as pd

def calculate_decin_account_percentage(account, district):
    # Merge account and district tables on district_id
    merged_df = pd.merge(account, district, on='district_id')
    
    # Filter accounts opened in 1993
    filtered_df = merged_df[merged_df['date'].dt.year == 1993]
    
    # Filter accounts from Decin district
    decin_accounts = filtered_df[filtered_df['A2'] == 'Decin']
    
    # Calculate percentage
    total_accounts_1993 = len(filtered_df)
    decin_accounts_count = len(decin_accounts)
    percentage = (decin_accounts_count / total_accounts_1993) * 100
    
    return percentage
```"
127,List the account IDs with monthly issuance of statements.,0,0,adaptive,"```python
import pandas as pd

def get_monthly_statement_issuance(accounts):
    accounts['date'] = pd.to_datetime(accounts['date'])
    accounts['month_year'] = accounts['date'].dt.to_period('M')
    return accounts.groupby(['district_id', 'month_year']).size().reset_index(name='count').groupby('account_id')['count'].sum().reset_index()
```"
127,List the account IDs with monthly issuance of statements.,0,1,adaptive,"```python
import pandas as pd

def compute_feature(account):
    # Convert 'date' column to datetime format if not already
    account['date'] = pd.to_datetime(account['date'])
    
    # Extract month from the date
    account['month'] = account['date'].dt.month
    
    # Group by account_id and month, then count unique dates within each group
    result = account.groupby(['account_id', 'month']).size().reset_index(name='count')
    
    return result
```"
127,List the account IDs with monthly issuance of statements.,0,2,adaptive,"```python
import pandas as pd

def compute_feature(account):
    # Group by account_id and month (date column)
    account['month'] = pd.to_datetime(account['date']).dt.to_period('M')
    grouped = account.groupby(['account_id', 'month'])
    
    # Create a feature indicating if it's the first entry per month for each account
    feature = grouped['district_id'].transform(lambda x: (x == x.shift(-1)).astype(int))
    
    return feature
```"
127,List the account IDs with monthly issuance of statements.,0,3,adaptive,"```python
import pandas as pd

def get_monthly_issuance(account):
    # Convert 'date' column to datetime format if not already
    account['date'] = pd.to_datetime(account['date'])
    
    # Extract year and month from 'date'
    account['year_month'] = account['date'].dt.to_period('M')
    
    # Group by 'account_id' and 'year_month', then count the number of rows in each group
    result = account.groupby(['account_id', 'year_month']).size().reset_index(name='count')
    
    return result
```"
127,List the account IDs with monthly issuance of statements.,0,4,adaptive,"```python
import pandas as pd

def feature_engineering_monthly_statement_issuance(account):
    # Extract year and month from the 'date' column
    account['year'] = pd.to_datetime(account['date']).dt.year
    account['month'] = pd.to_datetime(account['date']).dt.month
    
    # Group by account_id, year, and month to count the number of statements issued per month
    result = account.groupby(['account_id', 'year', 'month']).size().reset_index(name='statement_count')
    
    return result
```"
128,"List the top nine districts, by descending order, from the highest to the lowest, the number of female account holders.",1,0,adaptive,"```python
import pandas as pd

def compute_feature(client, district):
    # Merge client and district dataframes on district_id column
    merged_df = pd.merge(client, district, on='district_id')
    
    # Filter rows where gender is 'female'
    female_clients = merged_df[merged_df['gender'] == 'female']
    
    # Group by district_id and count the number of female clients in each district
    district_counts = female_clients.groupby('district_id').size().reset_index(name='female_count')
    
    # Sort the districts by the number of female clients in descending order
    sorted_districts = district_counts.sort_values(by='female_count', ascending=False)
    
    # Select the top 9 districts
    top_nine_districts = sorted_districts.head(9)
    
    return top_nine_districts[['A2', 'A3', 'A4', 'A5', 'A6', 'A7', 'A8', 'A9', 'A10', 'A11', 'A12', 'A13', 'A14', 'A15', 'A16']]
```"
128,"List the top nine districts, by descending order, from the highest to the lowest, the number of female account holders.",1,1,adaptive,"```python
import pandas as pd

def compute_feature(df_client, df_district):
    # Merge the two dataframes based on district_id
    merged_df = pd.merge(df_client, df_district, how='left', left_on='district_id', right_on='district_id')

    # Filter for female clients
    female_clients = merged_df[merged_df['gender'] == 'female']

    # Group by district and count the number of female clients in each district
    district_counts = female_clients.groupby('A2').size().reset_index(name='num_female_clients')

    # Sort the result by num_female_clients in descending order and select the top 9 districts
    top_n_districts = district_counts.sort_values(by='num_female_clients', ascending=False).head(9)

    return top_n_districts[['A2', 'num_female_clients']]
```"
128,"List the top nine districts, by descending order, from the highest to the lowest, the number of female account holders.",1,2,adaptive,"```python
import pandas as pd

def compute_female_account_holders_by_district(client, district):
    # Merge client and district dataframes on district_id column
    merged_df = pd.merge(client, district, how='left', on='district_id')
    
    # Filter rows where gender is 'female'
    female_clients = merged_df[merged_df['gender'] == 'female']
    
    # Group by district_id and count the number of females in each district
    district_counts = female_clients.groupby('district_id').size().reset_index(name='female_count')
    
    # Sort the result by female_count in descending order
    sorted_result = district_counts.sort_values(by='female_count', ascending=False)
    
    # Get the top 9 districts
    top_nine_districts = sorted_result.head(9)
    
    return top_nine_districts[['district_id', 'female_count']]
```"
128,"List the top nine districts, by descending order, from the highest to the lowest, the number of female account holders.",1,3,adaptive,"```python
import pandas as pd

def compute_feature(client_df, district_df):
    # Merge client and district dataframes based on district_id
    merged_df = pd.merge(client_df, district_df, on='district_id')
    
    # Filter rows where gender is 'female'
    female_clients = merged_df[merged_df['gender'] == 'female']
    
    # Group by A2 (assuming it represents the district name) and count the occurrences
    district_counts = female_clients.groupby('A2').size().reset_index(name='count')
    
    # Sort in descending order by count and select top 9
    top_n_districts = district_counts.sort_values(by='count', ascending=False).head(9)
    
    return top_n_districts[['A2', 'count']]
```"
128,"List the top nine districts, by descending order, from the highest to the lowest, the number of female account holders.",1,4,adaptive,"```python
import pandas as pd

def compute_feature(df_client, df_district):
    # Merge the client and district dataframes based on district_id
    merged_df = pd.merge(df_client, df_district, on='district_id')
    
    # Filter rows where gender is 'female'
    female_clients = merged_df[merged_df['gender'] == 'female']
    
    # Group by district_id and count the number of female clients in each district
    district_counts = female_clients.groupby('district_id').size().reset_index(name='count')
    
    # Sort the districts by count in descending order
    sorted_districts = district_counts.sort_values(by='count', ascending=False)
    
    # Get the top 9 districts
    top_9_districts = sorted_districts.head(9)
    
    return top_9_districts
```"
129,Which are the top ten withdrawals (non-credit card) by district names for the month of January 1996?,2,0,adaptive,"```python
import pandas as pd

def get_withdrawals_by_district(district, account, trans, client):
    # Filter transactions to only include non-credit card withdrawals in January 1996
    filtered_trans = trans[(trans['type'] == 'withdrawal') & 
                           (trans['operation'] != 'credit_card') & 
                           (trans['date'].dt.month == 1) & 
                           (trans['date'].dt.year == 1996)]
    
    # Merge transactions with accounts and clients to get district information
    merged_df = pd.merge(filtered_trans, account[['account_id', 'district_id']], how='left')
    merged_df = pd.merge(merged_df, client[['client_id', 'district_id']], how='left')
    merged_df = pd.merge(merged_df, district[['district_id', 'A2']], how='left')
    
    # Group by district name and sum the withdrawal amounts
    result = merged_df.groupby('A2')['amount'].sum().reset_index()
    
    # Sort by amount in descending order and get top 10
    result_sorted = result.sort_values(by='amount', ascending=False).head(10)
    
    return result_sorted
```"
129,Which are the top ten withdrawals (non-credit card) by district names for the month of January 1996?,2,1,adaptive,"```python
import pandas as pd

def compute_feature(district, account, trans, client):
    # Filter transactions for January 1996 and non-credit card withdrawals
    jan_1996 = (trans['date'].dt.month == 1) & (trans['date'].dt.year == 1996)
    withdrawals = trans[(jan_1996) & (trans['type'] == 'withdrawal') & 
                        (~trans['operation'].isin(['salary', 'interest', 'other']))]

    # Join with account to get district_id
    joined_withdrawals = withdrawals.merge(account, on='account_id')

    # Group by district name and sum the amounts
    grouped_withdrawals = joined_withdrawals.groupby('A2').sum()['amount']

    # Get top 10 districts
    top_ten_districts = grouped_withdrawals.nlargest(10)

    return top_ten_districts
```"
129,Which are the top ten withdrawals (non-credit card) by district names for the month of January 1996?,2,2,adaptive,"```python
import pandas as pd

def compute_feature(account, trans, client, district):
    # Filter transactions for January 1996 and non-credit card withdrawals
    filtered_trans = trans[(trans['date'].dt.month == 1) & 
                          (trans['date'].dt.year == 1996) & 
                          (trans['type'] == 'W') & 
                          (trans['operation'] != 'CS')]
    
    # Merge transaction data with account data to get district information
    merged_data = pd.merge(filtered_trans, account[['account_id', 'district_id']], on='account_id')
    
    # Merge merged data with district data to get district names
    final_data = pd.merge(merged_data, district[['district_id', 'A2']], on='district_id')
    
    # Group by district name and sum up the amounts
    result = final_data.groupby('A2')['amount'].sum().reset_index()
    
    # Rename columns for clarity
    result.columns = ['district_name', 'total_withdrawal_amount']
    
    # Sort by total withdrawal amount in descending order and select top 10
    result = result.sort_values(by='total_withdrawal_amount', ascending=False).head(10)
    
    return result
```"
129,Which are the top ten withdrawals (non-credit card) by district names for the month of January 1996?,2,3,adaptive,"```python
import pandas as pd

def compute_feature(district, account, trans, client):
    # Filter transactions for January 1996 and non-credit card withdrawals
    filtered_trans = trans[(trans['date'].dt.month == 1) & 
                           (trans['date'].dt.year == 1996) &
                           (trans['type'] == 'VYPOD') &
                           (trans['operation'] != 'Kreditová kartka')]
    
    # Join with account to get district information
    joined_filtered_trans = pd.merge(filtered_trans, account[['account_id', 'district_id']], how='left')
    
    # Group by district name and sum up the amounts
    grouped_filtered_trans = joined_filtered_trans.groupby(['A2']).sum()['amount']
    
    # Get the top ten districts with highest total withdrawal amounts
    top_ten_districts = grouped_filtered_trans.nlargest(10)
    
    return top_ten_districts
```"
129,Which are the top ten withdrawals (non-credit card) by district names for the month of January 1996?,2,4,adaptive,"```python
import pandas as pd

def compute_feature(account, client, district, trans):
    # Merge account and client to get district name
    merged_df = pd.merge(account, client, left_on='district_id', right_on='district_id')
    
    # Merge merged_df with district to get full district information
    merged_df = pd.merge(merged_df, district, left_on='district_id', right_on='district_id')
    
    # Filter transactions for non-credit card withdrawals in January 1996
    filtered_df = merged_df[(merged_df['type'] == 'W') & 
                           (merged_df['operation'] != 'Kreditní kartě') &
                           (merged_df['date'].dt.month == 1) &
                           (merged_df['date'].dt.year == 1996)]
    
    # Group by district name and sum up the amounts
    result_df = filtered_df.groupby('A2')['amount'].sum().reset_index()
    
    # Sort by amount in descending order and take top 10
    result_df = result_df.sort_values(by='amount', ascending=False).head(10)
    
    return result_df
```"
130,How many of the account holders in South Bohemia still do not own credit cards?,2,0,adaptive,"```python
import pandas as pd

def compute_feature(client, disp, account, district):
    south_bohemian_districts = ['South Bohemia', 'Czech Republic']
    
    # Filter clients from South Bohemia
    south_bohemian_clients = client[client['district_id'].isin(south_bohemian_districts)]
    
    # Merge client and disp to get accounts held by each client
    client_disp_merged = pd.merge(south_bohemian_clients, disp, on='client_id')
    
    # Filter out non-credit card accounts (type != 'CC')
    credit_card_accounts = client_disp_merged[client_disp_merged['type'] == 'CC']
    
    # Get distinct client_ids who have at least one credit card account
    clients_with_credit_cards = credit_card_accounts[['client_id']].drop_duplicates()
    
    # Merge client_disp_merged with account to get all accounts
    all_accounts = pd.merge(client_disp_merged, account, on='account_id')
    
    # Filter out clients who have credit card accounts
    non_credit_card_holders = all_accounts[~all_accounts['client_id'].isin(clients_with_credit_cards['client_id'])]
    
    # Count the number of non-credit card holders
    result = len(non_credit_card_holders)
    
    return result
```"
130,How many of the account holders in South Bohemia still do not own credit cards?,2,1,adaptive,"```python
import pandas as pd

def compute_feature(district, client, disp, account):
    south_bohemian_accounts = account[account['district_id'] == 'South Bohemia']
    credit_cards = disp[disp['type'] == 'credit card']
    south_bohemian_credit_cards = south_bohemian_accounts.merge(credit_cards, how='left', left_on='account_id', right_on='account_id')
    non_owners = south_bohemian_credit_cards[south_bohemian_credit_cards['disp_id'].isnull()]
    return len(non_owners)
```"
130,How many of the account holders in South Bohemia still do not own credit cards?,2,2,adaptive,"```python
import pandas as pd

def compute_feature(district, client, disp, account):
    south_bohemian_accounts = account.merge(
        district[district['A1'] == 'South Bohemia'],
        left_on='district_id',
        right_on='district_id'
    )
    
    non_credit_card_disp = disp[disp['type'] != 'Credit card']
    
    result = non_credit_card_disp.merge(
        south_bohemian_accounts,
        left_on='account_id',
        right_on='account_id'
    ).shape[0]
    
    return result
```"
130,How many of the account holders in South Bohemia still do not own credit cards?,2,3,adaptive,"```python
import pandas as pd

def compute_feature(district, client, disp, account):
    south_bohemian_accounts = account.merge(
        district,
        how=""left"",
        left_on=""district_id"",
        right_on=""district_id""
    ).query(""A2 == 'South Bohemia'"")

    non_credit_card_disp = disp.query(""type != 'credit card'"")
    
    south_bohemian_non_credit_card_disp = south_bohemian_accounts.merge(
        non_credit_card_disp,
        how=""inner"",
        left_on=""account_id"",
        right_on=""account_id""
    )

    return len(south_bohemian_non_credit_card_disp)
```"
130,How many of the account holders in South Bohemia still do not own credit cards?,2,4,adaptive,"```python
import pandas as pd

def compute_feature(district, client, disp, account):
    south_bohemian = district[district['A1'] == 'South Bohemia']
    south_bohemian_clients = south_bohemian.merge(client, on='district_id')
    non_credit_card_disp = disp[disp['type'] != 'credit card']
    south_bohemian_non_credit_card_disp = south_bohemian_clients.merge(non_credit_card_disp, on='client_id')
    account_holders = south_bohemian_non_credit_card_disp.drop_duplicates(subset=['account_id'])
    return len(account_holders)
```"
131,Which district has highest active loan?,2,0,adaptive,"```python
import pandas as pd

def highest_active_loan_district(account, district, loan):
    # Merge account and loan dataframes on 'account_id'
    merged_df = pd.merge(account, loan, on='account_id')
    
    # Create a new column 'active' to identify active loans (status is 'A')
    merged_df['active'] = merged_df['status'].apply(lambda x: 1 if x == 'A' else 0)
    
    # Group by 'district_id' and sum the 'active' column
    district_counts = merged_df.groupby('district_id')['active'].sum().reset_index()
    
    # Sort in descending order and get the top 1
    result = district_counts.sort_values(by='active', ascending=False).head(1)
    
    return result
```"
131,Which district has highest active loan?,2,1,adaptive,"```python
import pandas as pd

def compute_feature(account, district, loan, client):
    # Merge loan and account tables on account_id
    merged = pd.merge(loan, account, how='left', on='account_id')
    
    # Filter rows where loan status is 'active'
    active_loans = merged[merged['status'] == 'active']
    
    # Group by district_id and count number of active loans per district
    result = active_loans.groupby('district_id').size().reset_index(name='num_active_loans')
    
    # Merge with district table to get district names
    result = pd.merge(result, district[['district_id', 'A2']], how='left', on='district_id')
    
    # Sort by number of active loans in descending order and return top 1 district
    return result.sort_values(by='num_active_loans', ascending=False).head(1)[['A2']]
```"
131,Which district has highest active loan?,2,2,adaptive,"```python
import pandas as pd

def compute_feature(account, district, loan):
    # Merge dataframes to get district information for each loan
    merged = pd.merge(loan, account, how='left', left_on='account_id', right_on='account_id')
    merged = pd.merge(merged, district, how='left', left_on='district_id', right_on='district_id')

    # Filter for active loans
    active_loans = merged[merged['status'] == 'active']

    # Group by district and sum up the number of active loans
    district_loan_counts = active_loans.groupby('A2').size().reset_index(name='count')

    # Find the district with the highest count of active loans
    result = district_loan_counts.loc[district_loan_counts['count'].idxmax()]

    return result[['A2']]
```"
131,Which district has highest active loan?,2,3,adaptive,"```python
import pandas as pd

def highest_active_loan_district(account, district, loan):
    # Merge account and district dataframes to get district information for each account
    merged_df = pd.merge(account, district, on='district_id')
    
    # Merge the result with loan dataframe to get loan details for each account
    merged_df = pd.merge(merged_df, loan, on='account_id')
    
    # Filter out loans that are not active (assuming 'active' is the target class in the 'status' column)
    active_loans_df = merged_df[merged_df['status'] == 'active']
    
    # Group by district and count the number of active loans per district
    district_counts = active_loans_df.groupby('district_id').size().reset_index(name='count')
    
    # Find the district with the maximum number of active loans
    max_count = district_counts['count'].max()
    result = district_counts[district_counts['count'] == max_count]['district_id'].values
    
    return result
```"
131,Which district has highest active loan?,2,4,adaptive,"```python
import pandas as pd

def compute_feature(account, district, loan, client):
    # Merge dataframes to get necessary information
    merged = pd.merge(account, loan, on='account_id')
    merged = pd.merge(merged, district, on='district_id')
    
    # Filter only active loans
    active_loans = merged[merged['status'] == 'active']
    
    # Group by district and count number of active loans
    district_loan_count = active_loans.groupby('A1')['loan_id'].count().reset_index()
    
    # Sort districts by number of active loans in descending order
    district_loan_count.sort_values(by='loan_id', ascending=False, inplace=True)
    
    # Get the district with the most active loans
    result = district_loan_count.iloc[0]['A1']
    
    return result
```"
132,What is the average loan amount by male borrowers?,3,0,adaptive,"```python
import pandas as pd

def avg_loan_amount_by_male_borrowers(client, loan):
    merged_df = pd.merge(loan, client, left_on='account_id', right_on='client_id')
    filtered_df = merged_df[merged_df['gender'] == 'male']
    avg_amount = filtered_df['amount'].mean()
    return avg_amount
```"
132,What is the average loan amount by male borrowers?,3,1,adaptive,"```python
import pandas as pd

def avg_loan_amount_by_male_borrowers(client, loan):
    # Merge client and loan dataframes on 'client_id'
    merged_data = pd.merge(client, loan, left_on='client_id', right_on='account_id')
    
    # Filter for male borrowers
    male_borrowers = merged_data[merged_data['gender'] == 'male']
    
    # Calculate the average loan amount for male borrowers
    avg_amount = male_borrowers['amount'].mean()
    
    return avg_amount
```"
132,What is the average loan amount by male borrowers?,3,2,adaptive,"```python
import pandas as pd

def compute_average_loan_amount_by_male_borrowers(client, loan):
    # Merge client and loan dataframes based on client_id
    merged_df = pd.merge(client, loan, left_on='client_id', right_on='account_id')
    
    # Filter rows where gender is 'male'
    male_clients = merged_df[merged_df['gender'] == 'male']
    
    # Compute average loan amount for male clients
    avg_loan_amount = male_clients['amount'].mean()
    
    return avg_loan_amount
```"
132,What is the average loan amount by male borrowers?,3,3,adaptive,"```python
import pandas as pd

def avg_loan_amount_by_male_borrowers(client, loan):
    merged_df = pd.merge(loan, client, left_on='account_id', right_on='client_id')
    male_clients = merged_df[merged_df['gender'] == 'male']
    avg_amount = male_clients['amount'].mean()
    return avg_amount
```"
132,What is the average loan amount by male borrowers?,3,4,adaptive,"```python
import pandas as pd

def avg_loan_amount_by_male_borrowers(client, loan):
    # Merge client and loan dataframes on 'client_id'
    merged_df = pd.merge(client, loan, left_on='client_id', right_on='account_id')
    
    # Filter rows where gender is 'male'
    male_clients = merged_df[merged_df['gender'] == 'male']
    
    # Calculate the average loan amount for male clients
    avg_amount = male_clients['amount'].mean()
    
    return avg_amount
```"
133,"In 1996, which districts have the highest unemployment rate? List their branch location and district name.",0,0,adaptive,"```python
import pandas as pd

def compute_feature(district):
    # Select the relevant columns
    df = district[['A2', 'A3']]
    
    # Rename the columns to match the desired feature names
    df.columns = ['branch_location', 'district_name']
    
    return df
```"
133,"In 1996, which districts have the highest unemployment rate? List their branch location and district name.",0,1,adaptive,"```python
import pandas as pd

def get_high_unemployment_districts(district):
    # Filter rows where the year is 1996
    district_1996 = district[district['A2'] == '1996']
    
    # Calculate the unemployment rate (assuming A13 is the unemployment rate)
    district_1996['unemployment_rate'] = district_1996['A13'].astype(float) / 100
    
    # Sort by unemployment rate in descending order
    district_1996_sorted = district_1996.sort_values(by='unemployment_rate', ascending=False)
    
    # Get the top 3 districts with the highest unemployment rate
    top_3_districts = district_1996_sorted.head(3)
    
    # Select only the required columns (branch_location and district_name)
    result = top_3_districts[['A1', 'A3']]
    
    return result
```"
133,"In 1996, which districts have the highest unemployment rate? List their branch location and district name.",0,2,adaptive,"```python
import pandas as pd

def get_highest_unemployment_rate_1996():
    # Merge district table with itself to create a branch_location column
    df = pd.merge(district, district, left_on='district_id', right_on='district_id', suffixes=('', '_branch'))
    
    # Calculate the difference in unemployment rates between the original and branch locations
    df['unemployment_diff'] = df['A16'] - df['A16_branch']
    
    # Filter for the year 1996
    df = df[df['A16'].str.contains('1996')]
    
    # Sort by the difference in unemployment rates in descending order and select the top 5
    result = df.sort_values(by='unemployment_diff', ascending=False).head(5)
    
    return result[['A2', 'A2_branch']]
```"
133,"In 1996, which districts have the highest unemployment rate? List their branch location and district name.",0,3,adaptive,"```python
import pandas as pd

def compute_feature(district):
    # Filter data for the year 1996
    district_1996 = district[district['A1'] == '1996']
    
    # Find the maximum unemployment rate in 1996
    max_unemployment = district_1996['A4'].max()
    
    # Select districts with the maximum unemployment rate
    high_unemployment_districts = district_1996[district_1996['A4'] == max_unemployment]
    
    # Extract relevant columns
    result = high_unemployment_districts[['A2', 'A3']]
    
    return result
```"
133,"In 1996, which districts have the highest unemployment rate? List their branch location and district name.",0,4,adaptive,"```python
import pandas as pd

def compute_feature(district):
    # Filter data for year 1996
    district_1996 = district[district['year'] == 1996]
    
    # Calculate the unemployment rate
    district_1996['unemployment_rate'] = district_1996['A4'] / district_1996['A5']
    
    # Sort by unemployment rate in descending order and select top 3
    result = district_1996.sort_values(by='unemployment_rate', ascending=False).head(3)
    
    # Select required columns
    result = result[['branch_location', 'district_name']]
    
    return result
```"
134,"In the branch where the largest number of crimes were committed in 1996, how many accounts were opened?",1,0,adaptive,"```python
import pandas as pd

def compute_feature(crimes, accounts):
    # Filter crimes data for year 1996
    crimes_1996 = crimes[crimes['date'].dt.year == 1996]
    
    # Merge crimes and accounts on district_id
    merged_data = pd.merge(crimes_1996, accounts, left_on='district_id', right_on='district_id')
    
    # Group by district and count accounts
    result = merged_data.groupby('district_id').agg({'account_id': 'count'}).reset_index()
    
    # Find district with the maximum number of accounts
    max_accounts_district = result.loc[result['account_id'].idxmax(), 'district_id']
    
    return max_accounts_district
```"
134,"In the branch where the largest number of crimes were committed in 1996, how many accounts were opened?",1,1,adaptive,"```python
import pandas as pd

def compute_feature(district, account):
    # Filter data for year 1996
    account_1996 = account[account['date'].str.contains(r'/1996/')]
    
    # Merge with district table to get the district information
    merged_data = pd.merge(account_1996, district, left_on='district_id', right_on='district_id')
    
    # Group by district and sum the frequencies to find the total accounts per district
    result = merged_data.groupby('A1')['frequency'].sum().reset_index()
    
    # Find the maximum frequency (total accounts) across all districts
    max_accounts = result['frequency'].max()
    
    return max_accounts
```"
134,"In the branch where the largest number of crimes were committed in 1996, how many accounts were opened?",1,2,adaptive,"```python
import pandas as pd

def compute_feature(crimes, accounts):
    # Filter crimes to only include those from 1996
    crimes_1996 = crimes[crimes['date'].dt.year == 1996]
    
    # Group by district and sum up the frequency to get total crimes per district
    district_crime_counts = crimes_1996.groupby('district_id')['frequency'].sum().reset_index()
    
    # Find the district with the maximum crime count
    max_crime_district = district_crime_counts.loc[district_crime_counts['frequency'].idxmax(), 'district_id']
    
    # Join with accounts to find all accounts in that district
    accounts_in_max_crime_district = accounts[accounts['district_id'] == max_crime_district]
    
    # Return the count of accounts
    return accounts_in_max_crime_district.shape[0]
```"
134,"In the branch where the largest number of crimes were committed in 1996, how many accounts were opened?",1,3,adaptive,"```python
import pandas as pd

def compute_feature(district, account):
    # Filter data for year 1996
    account_1996 = account[account['date'].dt.year == 1996]
    
    # Merge with district table to get district information
    merged_data = pd.merge(account_1996, district, left_on='district_id', right_on='district_id')
    
    # Group by district and sum up the frequencies
    district_frequency_sum = merged_data.groupby('A2')['frequency'].sum().reset_index()
    
    # Find the district with the maximum frequency sum
    max_freq_district = district_frequency_sum.loc[district_frequency_sum['frequency'] == district_frequency_sum['frequency'].max(), 'A2']
    
    # Get the accounts opened in the district with the maximum frequency sum
    result = account[(account['date'].dt.year == 1996) & (account['district_id'] == max_freq_district.values[0])]
    
    return result
```"
134,"In the branch where the largest number of crimes were committed in 1996, how many accounts were opened?",1,4,adaptive,"```python
import pandas as pd

def compute_feature(account, district):
    # Filter the data for year 1996
    account_1996 = account[account['date'].dt.year == 1996]
    
    # Merge with district table to get district information
    merged_df = pd.merge(account_1996, district, on='district_id')
    
    # Group by district and count the number of accounts
    result = merged_df.groupby('A2')['account_id'].count().reset_index()
    
    # Find the district with the maximum number of accounts
    max_accounts_district = result.loc[result['account_id'].idxmax(), 'A2']
    
    # Count the number of accounts opened in the district with the most accounts
    num_accounts = len(account[(account['date'].dt.year == 1996) & (account['district_id'] == district[district['A2'] == max_accounts_district]['district_id'])])
    
    return num_accounts
```"
135,"After making a credit card withdrawal, how many account/s with monthly issuance has a negative balance?",1,0,adaptive,"```python
import pandas as pd

def feature_engineering(trans, account):
    # Merge transactions and accounts dataframes on account_id
    merged_df = pd.merge(trans, account, on='account_id', how='left')
    
    # Filter rows where transaction type is 'Výdej' (withdrawal) and bank is 'Credit Card'
    filtered_df = merged_df[(merged_df['type'] == 'Výdej') & (merged_df['bank'] == 'Credit Card')]
    
    # Calculate if the balance is negative after the transaction
    filtered_df['negative_balance'] = filtered_df['balance'] < 0
    
    # Group by account_id and sum the negative balances
    result_df = filtered_df.groupby('account_id')['negative_balance'].sum().reset_index()
    
    return result_df.rename(columns={'negative_balance': 'num_negative_balances'})
```"
135,"After making a credit card withdrawal, how many account/s with monthly issuance has a negative balance?",1,1,adaptive,"```python
import pandas as pd

def calculate_negative_balance_accounts(trans, account):
    # Merge transactions and accounts dataframes
    merged_df = pd.merge(trans, account, on='account_id')
    
    # Filter for credit card withdrawals and check if it's a monthly issuance
    condition = (merged_df['type'] == 'credit_card') & \
               (merged_df['operation'].isin(['withdrawal', 'debit'])) & \
               (merged_df['balance'] < 0) & \
               (merged_df['date'].dt.month == merged_df.groupby('account_id')['date'].transform('first').dt.month)
    
    # Get unique account ids meeting the conditions
    result = merged_df.loc[condition, 'account_id'].nunique()
    
    return result
```"
135,"After making a credit card withdrawal, how many account/s with monthly issuance has a negative balance?",1,2,adaptive,"```python
import pandas as pd

def compute_feature(trans, account):
    # Filter transactions to only include credit card withdrawals
    credit_card_withdrawals = trans[(trans['type'] == 'Kreditová kart') & (trans['operation'] == 'Výdaje')]
    
    # Merge with account data to get district_id and frequency
    merged_data = pd.merge(credit_card_withdrawals, account, on='account_id')
    
    # Filter accounts with monthly issuance
    monthly_issuance_accounts = merged_data[merged_data['frequency'] == 12]
    
    # Check if the balance is negative after the withdrawal
    negative_balance_accounts = monthly_issuance_accounts[monthly_issuance_accounts['balance'] < 0]
    
    return len(negative_balance_accounts)
```"
135,"After making a credit card withdrawal, how many account/s with monthly issuance has a negative balance?",1,3,adaptive,"```python
import pandas as pd

def compute_feature(trans, account):
    # Filter transactions to only include withdrawals from credit cards
    credit_card_withdrawals = trans[(trans['type'] == 'withdrawal') & (trans['bank'] == 'credit card')]
    
    # Merge with account table to get account details
    merged_df = pd.merge(credit_card_withdrawals, account, on='account_id')
    
    # Filter accounts with monthly issuance
    monthly_issuance_accounts = merged_df[merged_df['frequency'] == 'monthly']
    
    # Calculate negative balances
    negative_balance_accounts = monthly_issuance_accounts[monthly_issuance_accounts['balance'] < 0]
    
    return negative_balance_accounts.shape[0]  # Return count of such accounts
```"
135,"After making a credit card withdrawal, how many account/s with monthly issuance has a negative balance?",1,4,adaptive,"```python
import pandas as pd

def compute_feature(trans, account):
    # Filter transactions for credit card withdrawals
    credit_card_withdrawals = trans[(trans['type'] == 'Kreditová karta') & (trans['operation'] == 'Výdej')]
    
    # Merge with account data to get district information
    merged_data = pd.merge(credit_card_withdrawals, account, on='account_id')
    
    # Calculate the number of accounts with a negative balance after each transaction
    merged_data['negative_balance_count'] = merged_data.groupby('account_id')['balance'].cumsum() < 0
    
    # Filter for accounts with a negative balance after any transaction and monthly issuance
    result = merged_data[merged_data['negative_balance_count']].groupby('district_id').size().reset_index(name='feature_value')
    
    return result
```"
136,"Between 1/1/1995 and 12/31/1997, how many loans in the amount of at least 250,000 per account that chose monthly statement issuance were approved?",1,0,adaptive,"```python
import pandas as pd

def compute_feature(account, loan):
    # Filter accounts between 1/1/1995 and 12/31/1997
    account_filtered = account[(account['date'] >= '1995-01-01') & (account['date'] <= '1997-12-31')]
    
    # Filter loans with at least 250,000 amount and monthly statement issuance
    loan_filtered = loan[(loan['amount'] >= 250000) & (loan['status'] == 'approved')]
    
    # Merge filtered dataframes on account_id
    merged_df = pd.merge(account_filtered, loan_filtered, on='account_id')
    
    # Count distinct account_ids
    result = len(merged_df['account_id'].unique())
    
    return result
```"
136,"Between 1/1/1995 and 12/31/1997, how many loans in the amount of at least 250,000 per account that chose monthly statement issuance were approved?",1,1,adaptive,"```python
import pandas as pd

def feature_engineering(account, loan):
    # Convert dates to datetime format
    account['date'] = pd.to_datetime(account['date'])
    loan['date'] = pd.to_datetime(loan['date'])

    # Filter data between 1/1/1995 and 12/31/1997
    start_date = '1995-01-01'
    end_date = '1997-12-31'
    filtered_loan = loan[(loan['date'] >= start_date) & (loan['date'] <= end_date)]

    # Join account and loan tables on account_id
    merged_df = pd.merge(filtered_loan, account, on='account_id')

    # Filter for accounts with frequency of 'monthly' and status of 'approved'
    condition = (merged_df['frequency'] == 'monthly') & (merged_df['status'] == 'approved')
    filtered_df = merged_df[condition]

    # Aggregate by account_id and count distinct loans
    result = filtered_df.groupby('account_id')['loan_id'].nunique().reset_index()
    result.columns = ['account_id', 'feature']

    return result
```"
136,"Between 1/1/1995 and 12/31/1997, how many loans in the amount of at least 250,000 per account that chose monthly statement issuance were approved?",1,2,adaptive,"```python
import pandas as pd

def feature_engineering(account, loan):
    # Convert dates to datetime format
    account['date'] = pd.to_datetime(account['date'])
    loan['date'] = pd.to_datetime(loan['date'])

    # Filter accounts between 1/1/1995 and 12/31/1997
    account_filtered = account[(account['date'] >= '1995-01-01') & (account['date'] <= '1997-12-31')]
    
    # Merge account and loan dataframes on account_id
    merged_df = pd.merge(account_filtered, loan, on='account_id')
    
    # Filter loans with amount >= 250,000 and status = 'approved'
    filtered_df = merged_df[(merged_df['amount'] >= 250000) & (merged_df['status'] == 'approved')]
    
    # Count the number of loans meeting the criteria
    result = len(filtered_df)
    
    return result
```"
136,"Between 1/1/1995 and 12/31/1997, how many loans in the amount of at least 250,000 per account that chose monthly statement issuance were approved?",1,3,adaptive,"```python
import pandas as pd

def feature_engineering(loans, accounts):
    # Merge loans and accounts dataframes based on account_id
    merged_df = pd.merge(loans, accounts, on='account_id')
    
    # Filter rows between 1/1/1995 and 12/31/1997
    start_date = '1995-01-01'
    end_date = '1997-12-31'
    filtered_df = merged_df[(merged_df['date_x'] >= start_date) & (merged_df['date_x'] <= end_date)]
    
    # Filter rows where frequency is 'monthly' and amount is at least 250,000
    filtered_df = filtered_df[(filtered_df['frequency_y'] == 'monthly') & (filtered_df['amount'] >= 250000)]
    
    # Group by account_id and count distinct approved loans
    result = filtered_df.groupby('account_id')['status'].apply(lambda x: (x == 'approved').sum()).reset_index()
    
    return result.rename(columns={'status': 'num_approved_loans'})
```"
136,"Between 1/1/1995 and 12/31/1997, how many loans in the amount of at least 250,000 per account that chose monthly statement issuance were approved?",1,4,adaptive,"```python
import pandas as pd

def compute_feature(account, loan):
    # Merge the two tables on account_id
    merged_df = pd.merge(account, loan, on='account_id', how='left')

    # Filter rows based on conditions
    filtered_df = merged_df[(merged_df['date_x'] >= '1995-01-01') & 
                           (merged_df['date_x'] <= '1997-12-31') & 
                           (merged_df['amount'] >= 250000) & 
                           (merged_df['frequency'] == 'monthly') & 
                           (merged_df['status'] == 'approved')]

    # Count the number of loans satisfying the conditions
    result = len(filtered_df)

    return result
```"
137,How many accounts have running contracts in Branch location 1?,2,0,adaptive,"```python
import pandas as pd

def compute_feature(account, district, loan):
    # Merge account and district to get branch information
    merged = pd.merge(account, district, on='district_id')
    
    # Filter rows where branch is 'Branch' and location is 1
    filtered = merged[(merged['A1'] == 'Branch') & (merged['A2'] == 1)]
    
    # Merge filtered data with loan to get loan details
    merged_with_loan = pd.merge(filtered, loan, on='account_id')
    
    # Count distinct accounts with running contracts
    result = len(merged_with_loan[merged_with_loan['status'] == 'running'].drop_duplicates('account_id'))
    
    return result
```"
137,How many accounts have running contracts in Branch location 1?,2,1,adaptive,"```python
import pandas as pd

def count_running_contracts_in_branch_1(account, district, loan):
    # Merge account and loan tables on account_id
    merged_account_loan = pd.merge(account, loan, on='account_id', how='inner')
    
    # Filter for running contracts (status == 'running')
    running_contracts = merged_account_loan[merged_account_loan['status'] == 'running']
    
    # Filter for branch location 1 (district_id == 1)
    branch_1_running_contracts = running_contracts[running_contracts['district_id'] == 1]
    
    # Count the number of unique accounts
    num_accounts = branch_1_running_contracts['account_id'].nunique()
    
    return num_accounts
```"
137,How many accounts have running contracts in Branch location 1?,2,2,adaptive,"```python
import pandas as pd

def calculate_running_contracts(district, account):
    # Filter districts where A1 is 'Branch'
    branch_districts = district[district['A1'] == 'Branch']
    
    # Merge account data with branch districts to find accounts in branch locations
    merged_data = pd.merge(account, branch_districts, on='district_id')
    
    # Count unique account IDs
    num_accounts = len(merged_data['account_id'].unique())
    
    return num_accounts
```"
137,How many accounts have running contracts in Branch location 1?,2,3,adaptive,"```python
import pandas as pd

def calculate_running_contracts(account, district):
    # Filter accounts in branch location 1
    branch_1_accounts = account[account['district_id'] == 1]
    
    # Merge with district table to get A1 value
    merged_df = pd.merge(branch_1_accounts, district, on='district_id')
    
    # Calculate running contracts based on A1 values
    running_contracts = (merged_df['A1'] == 'running').sum()
    
    return running_contracts
```"
137,How many accounts have running contracts in Branch location 1?,2,4,adaptive,"```python
import pandas as pd

def compute_running_contracts_branch_1(account, loan):
    # Filter accounts in branch location 1
    branch_1_accounts = account[account['district_id'] == 1]
    
    # Merge with loan data to find active loans
    merged_data = pd.merge(branch_1_accounts, loan, how='inner', left_on='account_id', right_on='account_id')
    
    # Count unique accounts with active loans
    result = len(merged_data.drop_duplicates(subset=['account_id']))
    
    return result
```"
138,"In the branch where the second-highest number of crimes were committed in 1995 occurred, how many male clients are there?",1,0,adaptive,"```python
import pandas as pd

def compute_feature(crimes, client):
    # Merge the two tables based on district_id
    merged = pd.merge(crimes, client, left_on='district_id', right_on='district_id')
    
    # Filter crimes to only include those from 1995
    merged['year'] = pd.to_datetime(merged['date']).dt.year
    filtered = merged[filtered['year'] == 1995]
    
    # Find the second highest crime count
    second_highest_count = filtered['crime_type'].value_counts().sort_values(ascending=False).iloc[1]
    
    # Filter clients to only include those in districts with the second highest crime count
    second_highest_districts = filtered[filtered['crime_type'].value_counts() == second_highest_count]['district_id']
    filtered_clients = filtered[filtered['district_id'].isin(second_highest_districts)]
    
    # Count the number of male clients
    result = filtered_clients['gender'].value_counts()['Male']
    
    return result
```"
138,"In the branch where the second-highest number of crimes were committed in 1995 occurred, how many male clients are there?",1,1,adaptive,"```python
import pandas as pd

def compute_feature(clients, districts):
    # Merge client and district dataframes on district_id
    merged_df = pd.merge(clients, districts, on='district_id')
    
    # Filter data for year 1995
    merged_df['year'] = pd.to_datetime(merged_df['birth_date']).dt.year
    filtered_df = merged_df[(filtered_df['year'] == 1995)]
    
    # Group by gender and count occurrences
    grouped_df = filtered_df.groupby('gender').size().reset_index(name='count')
    
    # Find the district with the second highest number of crimes
    sorted_df = grouped_df.sort_values(by='count', ascending=False)
    second_highest_count = sorted_df.iloc[1]['count']
    second_highest_district = sorted_df[sorted_df['count'] == second_highest_count].index
    
    # Get the number of male clients in the second highest crime district
    result = len(filtered_df[(filtered_df['gender'] == 'male') & (filtered_df['district_id'].isin(second_highest_district))])
    
    return result
```"
138,"In the branch where the second-highest number of crimes were committed in 1995 occurred, how many male clients are there?",1,2,adaptive,"```python
import pandas as pd

def calculate_feature(client, district):
    # Merge client and district dataframes on district_id
    merged_df = pd.merge(client, district, on='district_id')
    
    # Filter rows from 1995
    filtered_df = merged_df[merged_df['birth_date'].dt.year == 1995]
    
    # Group by gender and count the number of clients
    grouped_df = filtered_df.groupby('gender').size().reset_index(name='client_count')
    
    # Find the district with the second highest number of crimes
    second_highest_district = merged_df['A1'].mode()[0]
    
    # Filter clients who live in the second highest crime district
    district_clients = merged_df[merged_df['A1'] == second_highest_district]
    
    # Count the number of male clients
    male_clients_count = district_clients[district_clients['gender'] == 'male']['client_id'].count()
    
    return male_clients_count
```"
138,"In the branch where the second-highest number of crimes were committed in 1995 occurred, how many male clients are there?",1,3,adaptive,"```python
import pandas as pd

def calculate_male_clients_in_second_highest_crime_branch(crimes, clients):
    # Merge crimes and clients dataframes on client_id
    merged_df = pd.merge(crimes, clients, left_on='client_id', right_on='client_id')
    
    # Filter crimes from 1995
    filtered_df = merged_df[merged_df['year'] == 1995]
    
    # Group by district_id and count the number of crimes
    crime_counts = filtered_df.groupby('district_id').size().reset_index(name='crime_count')
    
    # Find the second highest crime count
    second_highest_crime_count = crime_counts.nlargest(2, 'crime_count')['crime_count'].iloc[-1]
    
    # Filter districts with the second highest crime count
    second_highest_districts = crime_counts[crime_counts['crime_count'] == second_highest_crime_count]['district_id']
    
    # Filter clients who are male and live in the second highest crime districts
    result = clients[(clients['gender'] == 'M') & (clients['district_id'].isin(second_highest_districts))].shape[0]
    
    return result
```"
138,"In the branch where the second-highest number of crimes were committed in 1995 occurred, how many male clients are there?",1,4,adaptive,"```python
import pandas as pd

def compute_feature(client, district):
    # Merge the two tables based on district_id
    merged_df = pd.merge(client, district, on='district_id')
    
    # Filter the data to only include records from 1995
    merged_df['year'] = pd.to_datetime(merged_df['birth_date']).dt.year
    merged_df = merged_df[merged_df['year'] == 1995]
    
    # Group by client gender and calculate the total number of crimes per gender
    crime_counts = merged_df.groupby('gender').size().reset_index(name='total_crimes')
    
    # Find the second highest total number of crimes
    second_highest_crime = sorted(crime_counts['total_crimes'], reverse=True)[1]
    
    # Filter the data to only include records with the second highest number of crimes
    filtered_df = merged_df[merged_df['gender'].map(crime_counts.set_index('gender')['total_crimes']) == second_highest_crime]
    
    # Count the number of male clients
    num_male_clients = filtered_df[filtered_df['gender'] == 'Male']['client_id'].nunique()
    
    return num_male_clients
```"
139,"How many high-level credit cards have ""OWNER"" type of disposition?",1,0,adaptive,"```python
import pandas as pd

def compute_feature(card, disp):
    # Merge card and disp tables on disp_id
    merged_df = pd.merge(card, disp, on='disp_id', how='inner')
    
    # Filter rows where type in card is 'HIGH' and type in disp is 'OWNER'
    filtered_df = merged_df[(merged_df['type_x'] == 'HIGH') & (merged_df['type_y'] == 'OWNER')]
    
    # Compute the number of unique high-level credit cards with OWNER disposition
    result = len(filtered_df['card_id'].unique())
    
    return result
```"
139,"How many high-level credit cards have ""OWNER"" type of disposition?",1,1,adaptive,"```python
import pandas as pd

def count_high_level_credit_cards_owner_type(card_df, disp_df):
    # Merge card and disp tables on disp_id
    merged_df = pd.merge(card_df, disp_df, on='disp_id')
    
    # Filter rows where card type is 'CREDIT' and disposition type is 'OWNER'
    filtered_df = merged_df[(merged_df['type'] == 'CREDIT') & (merged_df['disp'] == 'OWNER')]
    
    # Count the number of unique high-level credit cards
    result = len(filtered_df['card_id'].unique())
    
    return result
```"
139,"How many high-level credit cards have ""OWNER"" type of disposition?",1,2,adaptive,"```python
import pandas as pd

def count_high_level_credit_cards_owner(cards, disp):
    # Merge card and disp tables on card_id and disp_id
    merged_df = pd.merge(cards, disp, left_on='card_id', right_on='disp_id')
    
    # Filter rows where card type is 'credit' and disposition type is 'OWNER'
    filtered_df = merged_df[(merged_df['type_x'] == 'credit') & (merged_df['type_y'] == 'OWNER')]
    
    # Count distinct high-level credit cards
    result = len(filtered_df['account_id'].unique())
    
    return result
```"
139,"How many high-level credit cards have ""OWNER"" type of disposition?",1,3,adaptive,"```python
import pandas as pd

def calculate_high_level_credit_cards_owner_disp(card, disp):
    # Merge card and disp tables based on card_id and disp_id
    merged_df = pd.merge(card, disp, left_on='card_id', right_on='disp_id')
    
    # Filter rows where the type is 'CREDIT' and the disposition type is 'OWNER'
    filtered_df = merged_df[(merged_df['type'] == 'CREDIT') & (merged_df['disp_type'] == 'OWNER')]
    
    # Count the number of unique account_ids in the filtered DataFrame
    result = len(filtered_df['account_id'].unique())
    
    return result
```"
139,"How many high-level credit cards have ""OWNER"" type of disposition?",1,4,adaptive,"```python
import pandas as pd

def compute_feature(card, disp):
    # Merge card and disp tables on 'disp_id' column
    merged_df = pd.merge(card, disp, how='left', on='disp_id')
    
    # Filter rows where 'type' in 'card' is 'HLC' (high-level credit card) and 'type' in 'disp' is 'OWNER'
    filtered_df = merged_df[(merged_df['type_x'] == 'HLC') & (merged_df['type_y'] == 'OWNER')]
    
    # Count the number of such records
    result = len(filtered_df)
    
    return result
```"
140,"How many accounts are there in the district of ""Pisek""?",1,0,adaptive,"```python
import pandas as pd

def compute_feature(account, district):
    # Merge the account and district dataframes on district_id
    merged_df = pd.merge(account, district, on='district_id')
    
    # Filter rows where A2 is 'Pisek'
    filtered_df = merged_df[merged_df['A2'] == 'Pisek']
    
    # Count the number of unique account_ids in the filtered dataframe
    num_accounts = len(filtered_df['account_id'].unique())
    
    return num_accounts
```"
140,"How many accounts are there in the district of ""Pisek""?",1,1,adaptive,"```python
import pandas as pd

def compute_feature(account, district):
    # Merge account and district tables on district_id
    merged_df = pd.merge(account, district, on='district_id')
    
    # Filter rows where A2 is 'Pisek'
    pisek_accounts = merged_df[merged_df['A2'] == 'Pisek']
    
    # Count the number of accounts
    num_accounts = len(pisek_accounts)
    
    return num_accounts
```"
140,"How many accounts are there in the district of ""Pisek""?",1,2,adaptive,"```python
import pandas as pd

def compute_feature(account, district):
    # Merge account and district dataframes on district_id column
    merged_df = pd.merge(account, district, on='district_id', how='left')
    
    # Filter rows where A2 is 'Pisek'
    pisek_accounts = merged_df[merged_df['A2'] == 'Pisek']
    
    # Count the number of unique accounts in Pisek district
    num_accounts_pisek = len(pisek_accounts)
    
    return num_accounts_pisek
```"
140,"How many accounts are there in the district of ""Pisek""?",1,3,adaptive,"```python
import pandas as pd

def compute_feature(account, district):
    # Merge account and district tables on district_id
    merged_df = pd.merge(account, district, on='district_id')
    
    # Filter rows where A2 is 'Pisek'
    pisek_accounts = merged_df[merged_df['A2'] == 'Pisek']
    
    # Count the number of accounts in Pisek
    count_pisek_accounts = len(pisek_accounts)
    
    return count_pisek_accounts
```"
140,"How many accounts are there in the district of ""Pisek""?",1,4,adaptive,"```python
import pandas as pd

def compute_feature(account, district):
    # Merge the two dataframes based on district_id
    merged_df = pd.merge(account, district, how='inner', on='district_id')
    
    # Filter the rows where A2 is 'Pisek'
    filtered_df = merged_df[merged_df['A2'] == 'Pisek']
    
    # Count the number of accounts
    num_accounts = len(filtered_df)
    
    return num_accounts
```"
141,"Which districts have transactions greater than USS$10,000 in 1997?",2,0,adaptive,"```python
import pandas as pd

def get_districts_with_large_transactions(account, trans):
    # Filter transactions greater than USS$10,000 and from 1997
    filtered_trans = trans[(trans['amount'] > 10000) & (trans['date'].dt.year == 1997)]
    
    # Merge with account to get district information
    merged_df = pd.merge(filtered_trans, account[['account_id', 'district_id']], on='account_id')
    
    # Get unique districts
    result = merged_df['district_id'].unique()
    
    return result
```"
141,"Which districts have transactions greater than USS$10,000 in 1997?",2,1,adaptive,"```python
import pandas as pd

def get_districts_with_large_transactions(account, district, trans):
    # Merge the tables to get necessary information
    merged_df = pd.merge(account, trans, how='left', left_on='account_id', right_on='account_id')
    merged_df = pd.merge(merged_df, district, how='left', left_on='district_id', right_on='district_id')

    # Filter transactions greater than $10,000 and year is 1997
    filtered_df = merged_df[(merged_df['amount'] > 10000) & (merged_df['date'].dt.year == 1997)]

    # Get unique districts
    result = filtered_df[['A2', 'A3', 'A4', 'A5', 'A6', 'A7', 'A8', 'A9', 'A10', 'A11', 'A12', 'A13', 'A14', 'A15', 'A16']].drop_duplicates()

    return result
```"
141,"Which districts have transactions greater than USS$10,000 in 1997?",2,2,adaptive,"```python
import pandas as pd

def get_large_transactions_districts(account, district, trans):
    # Filter transactions from 1997 and greater than $10,000
    filtered_trans = trans[(trans['date'].dt.year == 1997) & (trans['amount'] > 10000)]
    
    # Merge with account to get district_id
    merged_with_account = pd.merge(filtered_trans, account[['account_id', 'district_id']], on='account_id')
    
    # Get unique districts
    large_transactions_districts = merged_with_account['district_id'].unique()
    
    return large_transactions_districts
```"
141,"Which districts have transactions greater than USS$10,000 in 1997?",2,3,adaptive,"```python
import pandas as pd

def compute_feature(account, district, trans, client):
    # Filter transactions from 1997
    trans_1997 = trans[trans['date'].str.contains(r'/97')]
    
    # Join transaction data with account data to get district information
    merged_trans_account = pd.merge(trans_1997, account, on='account_id')
    
    # Join result with district data to get district attributes
    merged_all_data = pd.merge(merged_trans_account, district, on='district_id')
    
    # Filter transactions greater than $10,000
    high_value_transactions = merged_all_data[merged_all_data['amount'] > 10000]
    
    # Group by district and calculate sum of amounts
    district_sum = high_value_transactions.groupby('district_id')['amount'].sum().reset_index()
    
    return district_sum
```"
141,"Which districts have transactions greater than USS$10,000 in 1997?",2,4,adaptive,"```python
import pandas as pd

def compute_feature(account, district, trans):
    # Convert dates to datetime format and filter for year 1997
    trans['date'] = pd.to_datetime(trans['date'])
    trans_1997 = trans[trans['date'].dt.year == 1997]
    
    # Filter transactions where amount is greater than $10,000
    large_transactions = trans_1997[trans_1997['amount'] > 10000]
    
    # Merge with district data to get district names
    merged_data = pd.merge(large_transactions, district, left_on='district_id', right_index=True)
    
    # Get unique district names
    result = merged_data['A1'].unique()
    
    return result
```"
142,Which accounts placed orders for household payment in Pisek?,2,0,adaptive,"```python
import pandas as pd

def compute_feature(trans, account, district, client):
    # Filter transactions for 'H' (household) payments and 'Pisek'
    filtered_trans = trans[(trans['type'] == 'H') & 
                           (trans['operation'].str.contains('Pisek'))]

    # Merge with account to get district information
    merged_with_account = pd.merge(filtered_trans, account, on='account_id')

    # Merge with district to get specific district information
    merged_with_district = pd.merge(merged_with_account, district, on='district_id')

    # Merge with client to get gender information
    final_merged = pd.merge(merged_with_district, client, on='district_id')

    # Select relevant columns
    result = final_merged[['account_id', 'gender', 'birth_date', 'A2', 'A3', 'A4', 'A5', 'A6', 'A7', 'A8', 'A9', 'A10', 'A11', 'A12', 'A13', 'A14', 'A15', 'A16']]
    
    return result
```"
142,Which accounts placed orders for household payment in Pisek?,2,1,adaptive,"```python
import pandas as pd

def get_household_payment_accounts(trans, district):
    # Filter transactions for 'Uplati' (household payment) operations in Pisek
    pisek_districts = ['Pisek', 'Písek']
    household_payments = trans[(trans['type'] == 'Uplati') & 
                             (trans['operation'].isin(pisek_districts)) &
                             (trans['balance'] > 0)]
    
    # Merge with district data to filter by specific districts
    merged_df = pd.merge(household_payments, district, left_on='district_id', right_index=True)
    filtered_df = merged_df[merged_df['A2'].isin(pisek_districts)]
    
    return filtered_df[['account_id']]
```"
142,Which accounts placed orders for household payment in Pisek?,2,2,adaptive,"```python
import pandas as pd

def compute_feature(trans, account, district, client):
    # Merge transaction and account tables on account_id
    merged = pd.merge(trans, account, on='account_id')
    
    # Filter transactions where operation is 'U' (household payment) and bank is 'Pisek'
    filtered = merged[(merged['operation'] == 'U') & (merged['bank'] == 'Pisek')]
    
    return filtered[['trans_id', 'account_id']]
```"
142,Which accounts placed orders for household payment in Pisek?,2,3,adaptive,"```python
import pandas as pd

def feature_engineering(trans, account, district, client):
    # Merge tables to get information about transactions and their clients
    merged = pd.merge(trans, account, left_on='account_id', right_on='account_id')
    merged = pd.merge(merged, district, left_on='district_id', right_on='district_id')
    merged = pd.merge(merged, client, left_on='district_id', right_on='district_id')

    # Filter transactions where operation is 'VYBER KARTOU' (card withdrawal) and k_symbol is 'POJISTENI' (insurance)
    filtered = merged[(merged['operation'] == 'VYBER KARTOU') & (merged['k_symbol'] == 'POJISTENI')]

    # Filter clients from Pisek
    pisek_clients = client[client['A2'] == 'Pisek']
    
    # Find intersection of filtered transactions and Pisek clients
    result = pd.merge(filtered, pisek_clients, left_on='client_id', right_on='client_id')

    # Get unique account IDs
    return result['account_id'].unique()
```"
142,Which accounts placed orders for household payment in Pisek?,2,4,adaptive,"```python
import pandas as pd

def find_accounts_for_household_payment_in_pisek(trans, account, district, client):
    # Merge tables to get necessary information
    merged = pd.merge(trans, account, on='account_id')
    merged = pd.merge(merged, district, on='district_id')
    merged = pd.merge(merged, client, on='client_id')

    # Filter for transactions of type 'order' and containing 'Pisek'
    filtered = merged[(merged['type'] == 'order') & (merged['A9'].str.contains('Pisek'))]

    # Get unique account IDs from the filtered data
    result = filtered[['account_id']].drop_duplicates()

    return result
```"
143,What are the accounts that have gold credit cards?,1,0,adaptive,"```python
import pandas as pd

def gold_credit_cards_feature(disp, card):
    # Merge the two tables on disp_id
    merged_df = pd.merge(disp, card, how='inner', on='disp_id')
    
    # Filter rows where card type is 'Gold'
    gold_cards_df = merged_df[merged_df['type'] == 'Gold']
    
    # Select the unique account_ids from these rows
    result = gold_cards_df[['account_id']].drop_duplicates()
    
    return result
```"
143,What are the accounts that have gold credit cards?,1,1,adaptive,"```python
import pandas as pd

def get_accounts_with_gold_credit_cards(disp, card):
    # Merge disp and card tables on disp_id to link account details with card details
    merged_df = pd.merge(disp, card, how='left', left_on='disp_id', right_on='disp_id')
    
    # Filter rows where card type is 'gold'
    gold_card_accounts = merged_df[merged_df['type_y'] == 'gold']['account_id']
    
    return gold_card_accounts
```"
143,What are the accounts that have gold credit cards?,1,2,adaptive,"```python
import pandas as pd

def find_accounts_with_gold_credit_cards(disp_df, card_df):
    # Merge the 'disp' and 'card' tables on 'disp_id'
    merged_df = pd.merge(disp_df, card_df, on='disp_id')
    
    # Filter rows where the card type is 'gold'
    gold_card_accounts = merged_df[merged_df['type_x'] == 'gold']['account_id']
    
    return gold_card_accounts
```"
143,What are the accounts that have gold credit cards?,1,3,adaptive,"```python
import pandas as pd

def gold_credit_cards(disp, card):
    # Merge the two tables on 'disp_id' to get all accounts and their card types
    merged_df = pd.merge(disp, card, on='disp_id', how='inner')
    
    # Filter rows where the card type is 'Gold'
    gold_cards = merged_df[merged_df['type'] == 'Gold']
    
    # Select the distinct accounts that have gold credit cards
    result = gold_cards[['account_id']].drop_duplicates()
    
    return result
```"
143,What are the accounts that have gold credit cards?,1,4,adaptive,"```python
import pandas as pd

def gold_credit_cards_feature(disp, card):
    # Merge disp and card tables on disp_id to get all account types for each client
    merged_df = pd.merge(disp, card, how='left', left_on='disp_id', right_on='disp_id')
    
    # Filter for gold credit cards
    gold_cards = merged_df[merged_df['type_y'] == 'gold']
    
    # Get unique accounts that have gold credit cards
    result = gold_cards[['account_id']].drop_duplicates()
    
    return result
```"
144,"How much is the average amount in credit card made by account holders in a month, in year 2021?",3,0,adaptive,"```python
import pandas as pd

def compute_avg_credit_card_amount(card, disp, account, trans, client):
    # Filter transactions made in 2021 and of type 'credit'
    trans_filtered = trans[(trans['date'].dt.year == 2021) & (trans['type'] == 'credit')]
    
    # Merge transaction data with card data to get card information
    merged_df = pd.merge(trans_filtered, card, on='card_id', how='left')
    
    # Merge merged DataFrame with display data to get client information
    merged_df = pd.merge(merged_df, disp, on='disp_id', how='left')
    
    # Calculate average credit card amount per month
    avg_amount_per_month = merged_df.groupby([merged_df['date'].dt.month])['amount'].mean()
    
    return avg_amount_per_month
```"
144,"How much is the average amount in credit card made by account holders in a month, in year 2021?",3,1,adaptive,"```python
import pandas as pd

def compute_avg_credit_card_amount(trans, account, card):
    # Filter transactions from the year 2021
    trans_2021 = trans[(trans['date'].dt.year == 2021) & (trans['type'] == 'credit')]
    
    # Join transaction data with account data to get account IDs
    joined_data = pd.merge(trans_2021, account[['account_id', 'district_id']], on='account_id')
    
    # Join the result with card data to identify credit cards
    final_data = pd.merge(joined_data, card[['card_id', 'disp_id', 'type']], on='disp_id')
    
    # Calculate the average amount of credit card transactions per account holder
    avg_amount_per_account = final_data.groupby('client_id')['amount'].mean().reset_index()
    
    return avg_amount_per_account.rename(columns={'amount': 'avg_credit_card_amount'})
```"
144,"How much is the average amount in credit card made by account holders in a month, in year 2021?",3,2,adaptive,"```python
import pandas as pd

def avg_credit_card_amount(trans, card):
    # Merge trans and card tables on account_id
    merged_df = pd.merge(trans, card, how='inner', left_on='account_id', right_on='account_id')
    
    # Filter transactions where card type is 'credit'
    merged_df = merged_df[merged_df['type'] == 'credit']
    
    # Convert date column to datetime format
    merged_df['date'] = pd.to_datetime(merged_df['date'])
    
    # Filter transactions from year 2021
    merged_df = merged_df[(merged_df['date'].dt.year == 2021)]
    
    # Calculate the average transaction amount
    avg_amount = merged_df['amount'].mean()
    
    return avg_amount
```"
144,"How much is the average amount in credit card made by account holders in a month, in year 2021?",3,3,adaptive,"```python
import pandas as pd

def avg_credit_card_amount(df_trans, df_disp, df_account):
    # Merge tables to get the necessary information
    merged_df = pd.merge(df_trans, df_disp, how='left', left_on='account_id', right_on='account_id')
    merged_df = pd.merge(merged_df, df_account, how='left', left_on='account_id', right_on='account_id')

    # Filter transactions where the type is 'Kredit'
    merged_df = merged_df[merged_df['type'] == 'Kredit']

    # Convert date to datetime and filter by year 2021
    merged_df['date'] = pd.to_datetime(merged_df['date'])
    merged_df = merged_df[(merged_df['date'].dt.year == 2021) & (merged_df['date'].dt.month != 1)]

    # Calculate the average amount per account holder
    avg_amount = merged_df.groupby('client_id')['amount'].mean()

    return avg_amount
```"
144,"How much is the average amount in credit card made by account holders in a month, in year 2021?",3,4,adaptive,"```python
import pandas as pd

def compute_credit_card_avg_amount_2021(card, disp, account, trans):
    # Merge card and disp on card_id to get card details for each disp
    merged = pd.merge(card, disp, how='inner', left_on='card_id', right_on='disp_id')
    
    # Filter only those rows where card type is 'credit'
    merged = merged[merged['type_x'] == 'credit']
    
    # Merge merged DataFrame with account on account_id
    merged = pd.merge(merged, account, how='inner', left_on='account_id', right_on='account_id')
    
    # Convert date columns to datetime
    merged['date'] = pd.to_datetime(merged['date'])
    merged['birth_date'] = pd.to_datetime(merged['birth_date'])
    
    # Filter transactions from year 2021
    merged = merged[(merged['date'].dt.year == 2021)]
    
    # Group by month and calculate average transaction amount
    avg_amount_per_month = merged.groupby(merged['date'].dt.month)['amount'].mean().reset_index()
    
    return avg_amount_per_month
```"
145,"Who are the account holder identification numbers whose who have transactions on the credit card with the amount is less than the average, in 1998?",1,0,adaptive,"```python
import pandas as pd

def compute_feature(trans, account):
    # Filter transactions from 1998
    trans_1998 = trans[trans['date'].str.contains(r'1998')]
    
    # Filter credit card transactions
    credit_card_trans = trans_1998[trans_1998['type'] == 'credit card']
    
    # Calculate average transaction amount for credit cards in 1998
    avg_amount = credit_card_trans['amount'].mean()
    
    # Filter transactions where amount is less than the average
    low_amount_trans = credit_card_trans[credit_card_trans['amount'] < avg_amount]
    
    # Merge with account table to get account holder identification numbers
    result = pd.merge(low_amount_trans, account, on='account_id')
    
    return result[['account_id']].drop_duplicates().reset_index(drop=True)
```"
145,"Who are the account holder identification numbers whose who have transactions on the credit card with the amount is less than the average, in 1998?",1,1,adaptive,"```python
import pandas as pd

def get_low_spending_accounts(trans, account):
    # Filter transactions to only include those from 1998 and credit cards
    trans_1998 = trans[(trans['date'].dt.year == 1998) & (trans['k_symbol'] == 'Kredit')]
    
    # Calculate the average transaction amount for all credit card transactions in 1998
    avg_amount = trans_1998['amount'].mean()
    
    # Filter transactions to only include those with an amount less than the average
    low_spending_trans = trans_1998[trans_1998['amount'] < avg_amount]
    
    # Merge with account table to get account holders' identification numbers
    result = pd.merge(low_spending_trans, account, on='account_id')
    
    # Select distinct account holder identification numbers
    return result[['account_id']].drop_duplicates()
```"
145,"Who are the account holder identification numbers whose who have transactions on the credit card with the amount is less than the average, in 1998?",1,2,adaptive,"```python
import pandas as pd

def compute_feature(trans, account):
    # Filter transactions from 1998 and only include credit card operations
    trans_1998 = trans[(trans['date'].dt.year == 1998) & (trans['type'] == 'kredit')]
    
    # Calculate the average transaction amount
    avg_amount = trans_1998['amount'].mean()
    
    # Filter transactions where amount is less than the average
    trans_below_avg = trans_1998[trans_1998['amount'] < avg_amount]
    
    # Get unique account IDs from these transactions
    result = trans_below_avg['account_id'].unique()
    
    return result
```"
145,"Who are the account holder identification numbers whose who have transactions on the credit card with the amount is less than the average, in 1998?",1,3,adaptive,"```python
import pandas as pd

def get_low_amount_credit_card_transactions(trans, account):
    # Filter transactions from 1998 and of type 'Kredit'
    filtered_trans = trans[(trans['date'].dt.year == 1998) & (trans['type'] == 'Kredit')]
    
    # Calculate the average transaction amount
    avg_amount = filtered_trans['amount'].mean()
    
    # Identify transactions with amount less than the average
    low_amount_trans = filtered_trans[filtered_trans['amount'] < avg_amount]
    
    # Merge with account table to get account holder identification numbers
    result = pd.merge(low_amount_trans, account, left_on='account_id', right_on='account_id')
    
    return result[['account_id']]
```"
145,"Who are the account holder identification numbers whose who have transactions on the credit card with the amount is less than the average, in 1998?",1,4,adaptive,"```python
import pandas as pd

def get_feature(trans, account):
    # Filter transactions from 1998
    trans_1998 = trans[trans['date'].dt.year == 1998]
    
    # Calculate average transaction amount
    avg_amount = trans['amount'].mean()
    
    # Filter transactions where amount is less than average
    filtered_trans = trans_1998[trans_1998['amount'] < avg_amount]
    
    # Merge with account table to get account holder identification numbers
    merged_df = pd.merge(filtered_trans, account, how='left', on='account_id')
    
    # Get unique account holder identification numbers
    result = merged_df['account_id'].unique()
    
    return result
```"
146,Who are the female account holders who own credit cards and also have loans?,3,0,adaptive,"```python
import pandas as pd

def feature_engineering(client, disp, account, loan):
    # Merge client and disp tables to get gender information
    merged_client_disp = pd.merge(client, disp, how='left', left_on='client_id', right_on='client_id')

    # Filter female clients
    female_clients = merged_client_disp[merged_client_disp['gender'] == 'female']

    # Merge female clients with account table to get account information
    merged_female_accounts = pd.merge(female_clients, account, how='left', left_on='account_id', right_on='account_id')

    # Merge merged_female_accounts with loan table to get loan information
    merged_female_loans = pd.merge(merged_female_accounts, loan, how='left', left_on='account_id', right_on='account_id')

    # Get unique client IDs of female account holders who own credit cards and have loans
    result = merged_female_loans[['client_id']].drop_duplicates()

    return result
```"
146,Who are the female account holders who own credit cards and also have loans?,3,1,adaptive,"```python
import pandas as pd

def feature_engineering(client, disp, account, loan, card):
    # Merge tables to find female clients with credit cards and loans
    merged_disp = pd.merge(disp, card, how='inner', left_on='disp_id', right_on='disp_id')
    merged_account = pd.merge(account, merged_disp, how='inner', left_on='account_id', right_on='account_id')
    merged_loan = pd.merge(loan, merged_account, how='inner', left_on='account_id', right_on='account_id')
    merged_client = pd.merge(client, merged_loan, how='inner', left_on='client_id', right_on='client_id')

    # Filter for female clients
    female_clients = merged_client[merged_client['gender'] == 'female']

    # Get unique client_ids of these female clients
    result = female_clients[['client_id']].drop_duplicates()

    return result
```"
146,Who are the female account holders who own credit cards and also have loans?,3,2,adaptive,"```python
import pandas as pd

def get_female_account_holders_with_credit_cards_and_loans(client, disp, account, loan, card):
    # Merge client and disp tables to get client details along with their disp records
    merged_client_disp = pd.merge(client, disp, how='inner', left_on='client_id', right_on='client_id')
    
    # Filter for female clients
    female_clients = merged_client_disp[merged_client_disp['gender'] == 'female']
    
    # Merge female clients with account table to get accounts held by them
    female_accounts = pd.merge(female_clients, account, how='inner', left_on='client_id', right_on='client_id')
    
    # Merge female accounts with card table to filter out credit card holders
    credit_card_holders = pd.merge(female_accounts, card, how='inner', left_on='disp_id', right_on='disp_id')
    
    # Merge credit card holders with loan table to get loans of these customers
    loan_customers = pd.merge(credit_card_holders, loan, how='inner', left_on='account_id', right_on='account_id')
    
    # Select unique client IDs from the resulting DataFrame
    result = loan_customers[['client_id']].drop_duplicates()
    
    return result
```"
146,Who are the female account holders who own credit cards and also have loans?,3,3,adaptive,"```python
import pandas as pd

def female_cardholders_with_loans(client, disp, account, loan, card):
    # Merge client and disp tables to get client details including gender
    client_disp = pd.merge(client, disp, how='inner', left_on='client_id', right_on='client_id')
    
    # Filter for female clients
    female_clients = client_disp[client_disp['gender'] == 'female']
    
    # Merge with card table to get card information
    card_details = pd.merge(female_clients, card, how='inner', left_on='disp_id', right_on='disp_id')
    
    # Merge with account table to get account details
    account_details = pd.merge(card_details, account, how='inner', left_on='account_id', right_on='account_id')
    
    # Merge with loan table to get loan details
    final_table = pd.merge(account_details, loan, how='inner', left_on='account_id', right_on='account_id')
    
    # Select distinct female clients who own credit cards and have loans
    result = final_table[['client_id']].drop_duplicates()
    
    return result
```"
146,Who are the female account holders who own credit cards and also have loans?,3,4,adaptive,"```python
import pandas as pd

def female_loanholders_with_credit_cards(client, disp, account, loan, card):
    # Merge client and disp tables to get gender information
    merged_client_disp = pd.merge(client, disp, on='client_id')
    
    # Filter to only include female clients
    female_clients = merged_client_disp[merged_client_disp['gender'] == 'female']
    
    # Merge female_clients with account table to get account details
    merged_female_accounts = pd.merge(female_clients, account, left_on='account_id', right_on='account_id')
    
    # Merge merged_female_accounts with loan table to get loan details
    merged_female_loans = pd.merge(merged_female_accounts, loan, left_on='account_id', right_on='account_id')
    
    # Merge merged_female_loans with card table to get card details
    final_merged_df = pd.merge(merged_female_loans, card, left_on='disp_id', right_on='disp_id')
    
    return final_merged_df[['client_id']]
```"
147,How many female clients' accounts are in the region of South Bohemia?,1,0,adaptive,"```python
import pandas as pd

def compute_feature(client, district):
    # Merge client and district tables on district_id
    merged_df = pd.merge(client, district, on='district_id')
    
    # Filter for female clients in South Bohemia (assuming A1 == 'South Bohemia')
    filtered_df = merged_df[(merged_df['gender'] == 'female') & (merged_df['A1'] == 'South Bohemia')]
    
    # Count the number of such clients
    count_female_clients_south_bohemia = len(filtered_df)
    
    return count_female_clients_south_bohemia
```"
147,How many female clients' accounts are in the region of South Bohemia?,1,1,adaptive,"```python
import pandas as pd

def compute_feature(df_client, df_district):
    # Merge the two dataframes on district_id
    merged_df = pd.merge(df_client, df_district, on='district_id')
    
    # Filter for female clients in South Bohemia (A14 == 0 means South Bohemia)
    filtered_df = merged_df[(merged_df['gender'] == 'female') & (merged_df['A14'] == 0)]
    
    # Count the number of such clients
    count = len(filtered_df)
    
    return count
```"
147,How many female clients' accounts are in the region of South Bohemia?,1,2,adaptive,"```python
import pandas as pd

def compute_feature(client, district):
    # Merge client and district dataframes based on district_id
    merged_df = pd.merge(client, district, on='district_id')
    
    # Filter rows where gender is 'female' and A14 is 'South Bohemia'
    filtered_df = merged_df[(merged_df['gender'] == 'female') & (merged_df['A14'] == 'South Bohemia')]
    
    # Count the number of such records
    result = len(filtered_df)
    
    return result
```"
147,How many female clients' accounts are in the region of South Bohemia?,1,3,adaptive,"```python
import pandas as pd

def compute_feature(client, district):
    # Merge the two dataframes on 'district_id'
    merged_df = pd.merge(client, district, on='district_id')
    
    # Filter rows where gender is 'female' and A1 column from district table is 'South Bohemia'
    filtered_df = merged_df[(merged_df['gender'] == 'female') & (merged_df['A1'] == 'South Bohemia')]
    
    # Return the count of such clients
    return len(filtered_df)
```"
147,How many female clients' accounts are in the region of South Bohemia?,1,4,adaptive,"```python
import pandas as pd

def compute_feature(client, district):
    # Filter for female clients and district 'South Bohemia'
    filtered_df = client[(client['gender'] == 'female') & (client['district_id'].isin(district[district['A1'] == 'South Bohemia']['district_id']))]
    
    # Count the number of female clients in South Bohemia
    result = len(filtered_df)
    
    return result
```"
148,Please list the accounts whose district is Tabor that are eligible for loans.,2,0,adaptive,"```python
import pandas as pd

def compute_feature(district, account):
    # Merge district and account dataframes based on district_id
    merged_df = pd.merge(district, account, on='district_id')
    
    # Filter rows where A2 column in district dataframe is 'Tabor'
    tabor_accounts = merged_df[merged_df['A2'] == 'Tabor']
    
    return tabor_accounts[['account_id']]
```"
148,Please list the accounts whose district is Tabor that are eligible for loans.,2,1,adaptive,"```python
import pandas as pd

def feature_engineering(district, account):
    # Merge district and account tables based on district_id
    merged_df = pd.merge(district, account, on='district_id')
    
    # Filter rows where district is 'Tabor'
    tabor_accounts = merged_df[merged_df['A2'] == 'Tabor']
    
    # Return only the required columns
    result = tabor_accounts[['account_id']]
    
    return result
```"
148,Please list the accounts whose district is Tabor that are eligible for loans.,2,2,adaptive,"```python
import pandas as pd

def get_eligible_accounts(district, account, disp):
    # Merge district and account tables on district_id
    merged = pd.merge(district, account, left_on='district_id', right_on='district_id')
    
    # Filter rows where A1 column in district table is 'Tabor'
    tabor_accounts = merged[merged['A1'] == 'Tabor']
    
    return tabor_accounts[['account_id']]
```"
148,Please list the accounts whose district is Tabor that are eligible for loans.,2,3,adaptive,"```python
import pandas as pd

def get_eligible_accounts(account, district):
    # Merge account and district tables on district_id
    merged_df = pd.merge(account, district, on='district_id')
    
    # Filter rows where A1 column in district table equals 'Tabor'
    tabor_accounts = merged_df[merged_df['A1'] == 'Tabor']
    
    return tabor_accounts[['account_id']]
```"
148,Please list the accounts whose district is Tabor that are eligible for loans.,2,4,adaptive,"```python
import pandas as pd

def feature_engineering(district, account):
    # Merge district and account dataframes on district_id column
    merged_df = pd.merge(account, district, left_on='district_id', right_on='district_id')
    
    # Filter rows where district is 'Tabor'
    tabor_accounts = merged_df[merged_df['A2'] == 'Tabor']
    
    return tabor_accounts[['account_id']]
```"
149,"Please list the account types that are not eligible for loans, and the average income of residents in the district where the account is located exceeds $8000 but is no more than $9000.",2,0,adaptive,"```python
import pandas as pd

def compute_feature(account, district):
    # Merge account with district to get district information for each account
    merged_df = pd.merge(account, district, on='district_id')

    # Filter accounts based on income range
    filtered_df = merged_df[(merged_df['A1'] > 8000) & (merged_df['A1'] <= 9000)]

    # Group by account_type and calculate average income
    avg_income_by_type = filtered_df.groupby('type')['A1'].mean().reset_index()

    # List account types not eligible for loans
    non_eligible_types = ['Unknown', 'Savings']

    # Merge with the result to filter out non-eligible types
    final_result = pd.merge(avg_income_by_type, 
                           pd.DataFrame(non_eligible_types, columns=['type']), 
                           how='outer', 
                           indicator=True)

    return final_result
```"
149,"Please list the account types that are not eligible for loans, and the average income of residents in the district where the account is located exceeds $8000 but is no more than $9000.",2,1,adaptive,"```python
import pandas as pd

def feature_engineering(account, disp, card, district):
    # Filter out accounts with 'unknown' account_type
    filtered_disp = disp[disp['type'] != 'unknown']
    
    # Join disp with account to get district information
    joined_disp_account = pd.merge(filtered_disp, account, how='left', left_on='account_id', right_on='account_id')
    
    # Join result with district to get district characteristics
    joined_disp_account_district = pd.merge(joined_disp_account, district, how='left', left_on='district_id', right_on='district_id')
    
    # Calculate average income in each district
    avg_income_by_district = joined_disp_account_district.groupby('district_id')['A8'].mean().reset_index()
    
    # Merge with original data to filter districts based on income criteria
    merged_data = pd.merge(joined_disp_account_district, avg_income_by_district, how='left', left_on='district_id', right_on='district_id')
    filtered_data = merged_data[(merged_data['A8_x'] > 8000) & (merged_data['A8_x'] <= 9000)]
    
    # Get unique account types from filtered data
    result = filtered_data['type'].unique()
    
    return result
```"
149,"Please list the account types that are not eligible for loans, and the average income of residents in the district where the account is located exceeds $8000 but is no more than $9000.",2,2,adaptive,"```python
import pandas as pd

def compute_feature(district, account, disp, card):
    # Join district and account tables on district_id
    district_account = pd.merge(district, account, how='inner', left_on='district_id', right_on='district_id')
    
    # Join district_account with disp table on account_id
    district_account_disp = pd.merge(district_account, disp, how='inner', left_on='account_id', right_on='account_id')
    
    # Filter rows where account type is 'not_eligible'
    not_eligible_accounts = district_account_disp[district_account_disp['type'] == 'not_eligible']
    
    # Group by district_id and calculate average income
    avg_income_by_district = district.groupby('district_id')['A15'].mean()
    
    # Filter districts where average income is between 8000 and 9000
    eligible_districts = avg_income_by_district[(avg_income_by_district >= 8000) & (avg_income_by_district <= 9000)]
    
    # Merge not_eligible_accounts with eligible_districts to get final result
    result = pd.merge(not_eligible_accounts, eligible_districts, how='inner', left_on='district_id', right_index=True)
    
    return result[['type', 'A15']]
```"
149,"Please list the account types that are not eligible for loans, and the average income of residents in the district where the account is located exceeds $8000 but is no more than $9000.",2,3,adaptive,"```python
import pandas as pd

def compute_feature(district, account, disp):
    # Merge district and account dataframes
    merged = pd.merge(district, account, on='district_id')
    
    # Filter out accounts where average income exceeds $8000 and is no more than $9000
    filtered = merged[(merged['A9'] > 8000) & (merged['A9'] <= 9000)]
    
    # Get unique account types that are not eligible for loans
    ineligible_types = set(filtered['type'])
    
    return ineligible_types
```"
149,"Please list the account types that are not eligible for loans, and the average income of residents in the district where the account is located exceeds $8000 but is no more than $9000.",2,4,adaptive,"```python
import pandas as pd

def compute_feature(district, account, disp):
    # Merge district and account tables to get the district information for each account
    merged = pd.merge(account, district, left_on='district_id', right_on='district_id')

    # Filter accounts where the average income exceeds $8000 but is no more than $9000
    filtered_accounts = merged[(merged['A1'] > 8000) & (merged['A1'] <= 9000)]

    # Get unique account types that are not eligible for loans
    non_eligible_types = filtered_accounts['type'].drop_duplicates().reset_index(drop=True)

    return non_eligible_types
```"
150,How many accounts in North Bohemia has made a transaction with the partner's bank being AB?,2,0,adaptive,"```python
import pandas as pd

def compute_feature(account, client, trans):
    # Merge tables to get client info and their transactions
    merged_df = pd.merge(account, client, left_on='district_id', right_on='district_id')
    merged_df = pd.merge(merged_df, trans, left_on='account_id', right_on='account_id')

    # Filter transactions where the partner's bank is 'AB'
    filtered_df = merged_df[merged_df['bank'] == 'AB']

    # Filter clients from North Bohemia (assuming A2 contains region information)
    north_bohemia_clients = merged_df[merged_df['A2'] == 'North Bohemia']
    
    # Find unique account IDs from both filtered sets
    account_ids_with_AB_transactions = set(filtered_df['account_id'])
    account_ids_from_north_bohemia = set(north_bohemia_clients['account_id'])

    # Calculate intersection of the two sets
    common_accounts = account_ids_with_AB_transactions.intersection(account_ids_from_north_bohemia)

    return len(common_accounts)
```"
150,How many accounts in North Bohemia has made a transaction with the partner's bank being AB?,2,1,adaptive,"```python
import pandas as pd

def compute_feature(account, trans):
    # Merge account and trans dataframes on account_id
    merged_df = pd.merge(account, trans, how='inner', left_on='account_id', right_on='account_id')
    
    # Filter rows where partner's bank is 'AB'
    filtered_df = merged_df[merged_df['bank'] == 'AB']
    
    # Count unique accounts in North Bohemia
    result = filtered_df[filtered_df['A1'] == 'North Bohemia']['account_id'].nunique()
    
    return result
```"
150,How many accounts in North Bohemia has made a transaction with the partner's bank being AB?,2,2,adaptive,"```python
import pandas as pd

def compute_feature(district, account, trans, client):
    # Merge tables to get necessary information
    merged_df = pd.merge(account, trans, how='left', left_on='account_id', right_on='account_id')
    merged_df = pd.merge(merged_df, client, how='left', left_on='district_id', right_on='district_id')
    
    # Filter for transactions with partner's bank being 'AB'
    filtered_df = merged_df[merged_df['bank'] == 'AB']
    
    # Filter for accounts in North Bohemia
    north_bohemia_accounts = district[district['A3'] == 'Praha'].merge(filtered_df, how='inner', left_on='district_id', right_on='district_id')['account_id'].nunique()
    
    return north_bohemia_accounts
```"
150,How many accounts in North Bohemia has made a transaction with the partner's bank being AB?,2,3,adaptive,"```python
import pandas as pd

def compute_feature(district, account, trans, client):
    # Merge district and account to get district information for each account
    merged = pd.merge(account, district, how='left', on='district_id')
    
    # Filter accounts in North Bohemia
    north_bohemia_accounts = merged[merged['A2'] == 'North Bohemia']
    
    # Merge filtered accounts with transactions to get transaction details
    merged_with_trans = pd.merge(north_bohemia_accounts, trans, how='left', on='account_id')
    
    # Filter transactions where the partner's bank is AB
    ab_transactions = merged_with_trans[merged_with_trans['bank'] == 'AB']
    
    # Count unique accounts making such transactions
    result = len(ab_transactions['account_id'].unique())
    
    return result
```"
150,How many accounts in North Bohemia has made a transaction with the partner's bank being AB?,2,4,adaptive,"```python
import pandas as pd

def calculate_feature(district, account, trans, client):
    # Join tables to get necessary information
    joined = pd.merge(account, district, how='left', left_on='district_id', right_on='district_id')
    joined = pd.merge(joined, trans, how='left', left_on='account_id', right_on='account_id')
    joined = pd.merge(joined, client, how='left', left_on='district_id', right_on='district_id')

    # Filter for transactions where the partner's bank is 'AB' and the region is North Bohemia
    filtered = joined[(joined['bank'] == 'AB') & (joined['A1'] == 'Praha 2')]

    # Count distinct accounts
    result = len(filtered['account'].unique())

    return result
```"
151,Please list the name of the districts with accounts that made withdrawal transactions.,2,0,adaptive,"```python
import pandas as pd

def get_districts_with_withdrawals(district, account, trans, client):
    # Merge tables to find transactions related to withdrawals
    merged = pd.merge(account, trans, how='inner', left_on='account_id', right_on='account_id')
    filtered = merged[merged['type'] == 'W']
    
    # Get the districts where these transactions occurred
    result = pd.merge(filtered, district, how='inner', left_on='district_id', right_on='district_id')[['A2']]
    
    # Remove duplicates and return the result
    return result.drop_duplicates()
```"
151,Please list the name of the districts with accounts that made withdrawal transactions.,2,1,adaptive,"```python
import pandas as pd

def get_districts_with_withdrawals(district, account, trans):
    # Filter transactions to only include withdrawals
    withdrawals = trans[trans['type'] == 'W']
    
    # Merge with account table to get district information for each transaction
    merged = pd.merge(withdrawals, account[['account_id', 'district_id']], how='left')
    
    # Merge with district table to get district names
    result = pd.merge(merged, district[['district_id', 'A2']], how='left')
    
    # Get unique district names
    districts_with_withdrawals = result['A2'].unique()
    
    return districts_with_withdrawals
```"
151,Please list the name of the districts with accounts that made withdrawal transactions.,2,2,adaptive,"```python
import pandas as pd

def get_withdrawal_districts(account, trans, district):
    # Merge account and trans tables on account_id to find withdrawal transactions
    merged = pd.merge(account, trans, how='inner', left_on='account_id', right_on='account_id')
    
    # Filter only withdrawal transactions
    withdrawals = merged[merged['type'] == 'VYBER']
    
    # Get the district IDs from the withdrawal transactions
    district_ids = withdrawals['district_id'].unique()
    
    # Merge the resulting district IDs with the district table to get the district names
    result = pd.merge(pd.DataFrame({'district_id': district_ids}), district, how='inner', on='district_id')
    
    return result[['A2']]
```"
151,Please list the name of the districts with accounts that made withdrawal transactions.,2,3,adaptive,"```python
import pandas as pd

def get_districts_with_withdrawal_transactions(district, account, trans):
    # Merge account and transaction dataframes on account_id to find transactions per account
    merged_df = pd.merge(account, trans, on='account_id', how='inner')
    
    # Filter the merged dataframe to only include rows where the transaction type is 'W'
    withdrawal_transactions = merged_df[merged_df['type'] == 'W']
    
    # Get unique district_ids from the filtered dataframe
    districts_with_withdrawals = withdrawal_transactions['district_id'].unique()
    
    # Convert the district_ids to district names using the district DataFrame
    district_names = district.loc[district['district_id'].isin(districts_with_withdrawals), ['A2']]
    
    return district_names
```"
151,Please list the name of the districts with accounts that made withdrawal transactions.,2,4,adaptive,"```python
import pandas as pd

def get_withdrawal_districts(account, trans, district):
    # Merge account and trans tables on 'account_id'
    merged_account_trans = pd.merge(account, trans, on='account_id')
    
    # Filter transactions to only include withdrawals
    withdrawal_transactions = merged_account_trans[merged_account_trans['type'] == 'VÝVOJ']
    
    # Merge with district table to get district names
    withdrawal_districts = pd.merge(withdrawal_transactions, district, left_on='district_id', right_on='district_id')
    
    # Select distinct district names
    unique_district_names = withdrawal_districts[['A2']].drop_duplicates()
    
    return unique_district_names
```"
152,What is the average number of crimes committed in 1995 in regions where the number exceeds 4000 and the region has accounts that are opened starting from the year 1997?,1,0,adaptive,"```python
import pandas as pd

def calculate_average_crimes(account, district):
    # Merge the account and district tables on district_id
    merged_df = pd.merge(account, district, on='district_id')
    
    # Filter for accounts opened starting from 1997
    merged_df['year'] = pd.to_datetime(merged_df['date']).dt.year
    filtered_df = merged_df[filtered_df['year'] >= 1997]
    
    # Calculate the total number of crimes per district
    crime_counts = filtered_df.groupby('district_id')['frequency'].sum()
    
    # Filter districts with more than 4000 crimes
    high_crime_districts = crime_counts[crime_counts > 4000].index
    
    # Get the average number of crimes in these districts in 1995
    avg_crimes_1995 = filtered_df[filtered_df['year'] == 1995]['frequency'][filtered_df['district_id'].isin(high_crime_districts)].mean()
    
    return avg_crimes_1995
```"
152,What is the average number of crimes committed in 1995 in regions where the number exceeds 4000 and the region has accounts that are opened starting from the year 1997?,1,1,adaptive,"```python
import pandas as pd

def compute_average_crimes(account):
    # Convert date to datetime format
    account['date'] = pd.to_datetime(account['date'])
    
    # Filter accounts opened since 1997
    account_1997 = account[account['date'].dt.year >= 1997]
    
    # Group by district_id and count the number of accounts per district
    account_counts = account_1997.groupby('district_id').size().reset_index(name='num_accounts')
    
    # Merge account counts with district table to get the corresponding A6 value
    merged_df = pd.merge(account_counts, district[['district_id', 'A6']], how='left', on='district_id')
    
    # Keep only districts with more than 4000 accounts
    filtered_df = merged_df[merged_df['num_accounts'] > 4000]
    
    # Calculate the average crime rate for these districts
    avg_crime_rate = filtered_df['A6'].mean()
    
    return avg_crime_rate
```"
152,What is the average number of crimes committed in 1995 in regions where the number exceeds 4000 and the region has accounts that are opened starting from the year 1997?,1,2,adaptive,"```python
import pandas as pd

def avg_crimes_over_4000_after_1997(accounts, district):
    # Merge accounts and district dataframes on district_id
    merged_df = pd.merge(accounts, district, on='district_id')
    
    # Convert date to datetime and extract year
    merged_df['date'] = pd.to_datetime(merged_df['date'])
    merged_df['year'] = merged_df['date'].dt.year
    
    # Filter rows where frequency > 4000 and year >= 1997
    filtered_df = merged_df[(merged_df['frequency'] > 4000) & (merged_df['year'] >= 1997)]
    
    # Calculate average number of crimes in 1995
    avg_crimes_1995 = filtered_df[filtered_df['year'] == 1995]['frequency'].mean()
    
    return avg_crimes_1995
```"
152,What is the average number of crimes committed in 1995 in regions where the number exceeds 4000 and the region has accounts that are opened starting from the year 1997?,1,3,adaptive,"```python
import pandas as pd

def compute_feature(account):
    # Convert date to datetime format and extract year
    account['date'] = pd.to_datetime(account['date'], format='%d.%m.%Y')
    
    # Filter accounts opened after 1997
    account_1997_plus = account[account['date'].dt.year >= 1997]
    
    # Group by district_id and calculate total accounts per district
    district_counts = account_1997_plus.groupby('district_id')['account_id'].count()
    
    # Merge with original data to get frequency for each district
    merged_data = pd.merge(account_1997_plus, district_counts.rename('total_accounts'), on='district_id')
    
    # Calculate average frequency for districts with more than 4000 accounts
    avg_frequency = merged_data.loc[merged_data['total_accounts'] > 4000]['frequency'].mean()
    
    return avg_frequency
```"
152,What is the average number of crimes committed in 1995 in regions where the number exceeds 4000 and the region has accounts that are opened starting from the year 1997?,1,4,adaptive,"```python
import pandas as pd

def compute_feature(district, account):
    # Convert dates to datetime objects
    account['date'] = pd.to_datetime(account['date'], format='%Y%m%d')
    
    # Filter accounts opened after or in 1997
    account_1997 = account[account['date'].dt.year >= 1997]
    
    # Merge with district data to get district information
    merged_df = pd.merge(account_1997, district, on='district_id', how='left')
    
    # Group by region and calculate total number of accounts per region
    region_account_counts = merged_df.groupby('A1')['account_id'].count().reset_index()
    
    # Select regions with more than 4000 accounts
    selected_regions = region_account_counts[region_account_counts['account_id'] > 4000]['A1']
    
    # Merge with original dataset to filter rows
    filtered_df = pd.merge(merged_df, selected_regions, on='A1', how='inner')
    
    # Calculate average number of crimes (assuming 'frequency' column represents crime count)
    avg_crimes = filtered_df['frequency'].mean()
    
    return avg_crimes
```"
153,How many 'classic' cards are eligible for loan?,1,0,adaptive,"```python
import pandas as pd

def count_eligible_cards(card):
    # Filter classic cards
    classic_cards = card[card['type'] == 'classic']
    
    # Count the number of eligible cards
    num_eligible_cards = len(classic_cards)
    
    return num_eligible_cards
```"
153,How many 'classic' cards are eligible for loan?,1,1,adaptive,"```python
import pandas as pd

def classic_cards_eligible_for_loan(card, disp):
    # Filter for classic cards and non-zero balance accounts
    classic_cards = card[card['type'] == 'classic']
    active_accounts = disp[disp['account_id'].isin(classic_cards['issued']) & (disp['balance'] > 0)]
    
    # Count unique clients who have an active account and a classic card
    eligible_clients = len(active_accounts['client_id'].unique())
    
    return eligible_clients
```"
153,How many 'classic' cards are eligible for loan?,1,2,adaptive,"```python
import pandas as pd

def classic_cards_eligible_for_loan(card, disp):
    # Filter the 'card' table to only include 'classic' cards
    classic_cards = card[card['type'] == 'classic']
    
    # Merge the filtered 'card' DataFrame with the 'disp' DataFrame on 'card_id'
    merged_df = pd.merge(classic_cards, disp, left_on='card_id', right_on='account_id')
    
    # Count the number of unique 'client_id's in the merged DataFrame
    num_eligible_clients = len(merged_df['client_id'].unique())
    
    return num_eligible_clients
```"
153,How many 'classic' cards are eligible for loan?,1,3,adaptive,"```python
def classic_cards_eligible_for_loan(card, disp):
    # Filter for 'classic' cards
    classic_cards = card[card['type'] == 'classic']
    
    # Merge card and disp tables on card_id and account_id
    merged_table = pd.merge(classic_cards, disp, left_on='card_id', right_on='account_id')
    
    # Count unique client_ids who have 'classic' cards
    count_eligible_clients = len(merged_table['client_id'].unique())
    
    return count_eligible_clients
```"
153,How many 'classic' cards are eligible for loan?,1,4,adaptive,"```python
import pandas as pd

def classic_cards_eligible_for_loan(card):
    return card[(card['type'] == 'classic') & (card['issued'])].shape[0]
```"
154,How many male clients in 'Hl.m. Praha' district?,1,0,adaptive,"```python
import pandas as pd

def compute_feature(client, district):
    # Merge client and district dataframes on district_id
    merged_df = pd.merge(client, district, how='inner', left_on='district_id', right_on='district_id')
    
    # Filter for male clients in 'Hl.m. Praha' district
    filtered_df = merged_df[(merged_df['gender'] == 'male') & (merged_df['A2'] == 'Hl.m. Praha')]
    
    # Count the number of such clients
    result = len(filtered_df)
    
    return result
```"
154,How many male clients in 'Hl.m. Praha' district?,1,1,adaptive,"```python
import pandas as pd

def compute_feature(client, district):
    # Merge client and district dataframes based on district_id
    merged_data = pd.merge(client, district, on='district_id')
    
    # Filter rows where gender is 'M' (male) and A2 is 'Hl.m. Praha'
    filtered_data = merged_data[(merged_data['gender'] == 'M') & (merged_data['A2'] == 'Hl.m. Praha')]
    
    # Count the number of such clients
    result = len(filtered_data)
    
    return result
```"
154,How many male clients in 'Hl.m. Praha' district?,1,2,adaptive,"```python
import pandas as pd

def compute_feature(client, district):
    # Merge client and district dataframes based on district_id
    merged_df = pd.merge(client, district, on='district_id')
    
    # Filter for males in 'Hl.m. Praha' district
    filtered_df = merged_df[(merged_df['gender'] == 1) & (merged_df['A2'] == 'Hl.m. Praha')]
    
    # Count the number of such clients
    result = len(filtered_df)
    
    return result
```"
154,How many male clients in 'Hl.m. Praha' district?,1,3,adaptive,"```python
import pandas as pd

def compute_feature(df_client, df_district):
    # Merge the two tables on district_id
    merged_df = pd.merge(df_client, df_district, on='district_id')
    
    # Filter for males in 'Hl.m. Praha' district
    filtered_df = merged_df[(merged_df['gender'] == 'male') & (merged_df['A2'] == 'Hl.m. Praha')]
    
    # Return the count of such clients
    return len(filtered_df)
```"
154,How many male clients in 'Hl.m. Praha' district?,1,4,adaptive,"```python
import pandas as pd

def compute_feature(client, district):
    # Merge client and district tables on district_id
    merged = pd.merge(client, district, on='district_id')
    
    # Filter for male clients in 'Hl.m. Praha' district
    filtered = merged[(merged['gender'] == 'M') & (merged['A2'] == 'Hl.m. Praha')]
    
    # Return the count of such clients
    return len(filtered)
```"
155,How many percent of 'Gold' cards were issued prior to 1998?,0,0,adaptive,"```python
import pandas as pd

def compute_feature(df):
    df['year_issued'] = pd.to_datetime(df['issued'], format='%Y-%m-%d').dt.year
    gold_cards_before_1998 = df[(df['type'] == 'Gold') & (df['year_issued'] < 1998)]
    total_gold_cards = df[df['type'] == 'Gold']
    
    if len(total_gold_cards) == 0:
        return 0
    
    percentage = (len(gold_cards_before_1998) / len(total_gold_cards)) * 100
    return percentage
```"
155,How many percent of 'Gold' cards were issued prior to 1998?,0,1,adaptive,"```python
import pandas as pd

def gold_cards_issued_before_1998(card):
    # Filter rows where card type is 'Gold'
    gold_cards = card[card['type'] == 'Gold']
    
    # Calculate percentage of Gold cards issued before 1998
    total_gold_cards = len(gold_cards)
    gold_cards_before_1998 = sum(gold_cards['issued'].apply(lambda x: x.year < 1998))
    
    if total_gold_cards == 0:
        return 0
    
    percentage = (gold_cards_before_1998 / total_gold_cards) * 100
    return percentage
```"
155,How many percent of 'Gold' cards were issued prior to 1998?,0,2,adaptive,"```python
import pandas as pd

def calculate_gold_card_issuance_prior_to_1998(card):
    # Filter rows where the card type is 'Gold'
    gold_cards = card[card['type'] == 'Gold']
    
    # Count the number of Gold cards issued before 1998
    count_before_1998 = gold_cards[gold_cards['issued'].dt.year < 1998].shape[0]
    
    # Calculate the percentage of Gold cards issued before 1998
    total_gold_cards = gold_cards.shape[0]
    percentage_before_1998 = (count_before_1998 / total_gold_cards) * 100
    
    return percentage_before_1998
```"
155,How many percent of 'Gold' cards were issued prior to 1998?,0,3,adaptive,"```python
def gold_cards_issued_before_1998(card):
    gold_cards = card[card['type'] == 'Gold']
    total_gold_cards = len(gold_cards)
    gold_cards_before_1998 = gold_cards[gold_cards['issue_date'].dt.year < 1998]
    return (len(gold_cards_before_1998) / total_gold_cards) * 100
```"
155,How many percent of 'Gold' cards were issued prior to 1998?,0,4,adaptive,"```python
import pandas as pd

def gold_cards_issued_before_1998(card):
    condition = (card['type'] == 'Gold') & (card['issued'].dt.year < 1998)
    return round(100 * condition.mean(), 2)
```"
156,Who is the owner of the account with the largest loan amount?,2,0,adaptive,"```python
import pandas as pd

def find_owner_of_largest_loan(disp, account, loan):
    # Merge loan and account tables on account_id
    merged = pd.merge(loan, account, how='left', left_on='account_id', right_on='account_id')
    
    # Find the maximum loan amount
    max_amount = merged['amount'].max()
    
    # Filter rows where loan amount equals the maximum amount
    filtered = merged[merged['amount'] == max_amount]
    
    # Get the corresponding client_id from disp table
    result = pd.merge(filtered, disp, how='left', left_on='client_id', right_on='client_id')[['client_id']]
    
    return result
```"
156,Who is the owner of the account with the largest loan amount?,2,1,adaptive,"```python
import pandas as pd

def find_owner_of_largest_loan(disp, account, loan):
    # Merge disp and account on account_id
    merged_disp_account = pd.merge(disp, account, how='inner', left_on='account_id', right_on='account_id')
    
    # Merge the result with loan on account_id
    merged_all = pd.merge(merged_disp_account, loan, how='inner', left_on='account_id', right_on='account_id')
    
    # Find the index of the row with the maximum loan amount
    max_loan_index = merged_all['amount'].idxmax()
    
    # Get the client_id of the owner of the account with the largest loan amount
    owner_client_id = merged_all.loc[max_loan_index, 'client_id']
    
    return owner_client_id
```"
156,Who is the owner of the account with the largest loan amount?,2,2,adaptive,"```python
import pandas as pd

def largest_loan_owner(disp, account, loan):
    # Merge disp and account tables to get client information for each account
    merged_disp_account = pd.merge(disp, account, on='account_id')
    
    # Merge the result with the loan table to include loan details
    merged_all = pd.merge(merged_disp_account, loan, on='account_id')
    
    # Find the maximum loan amount
    max_loan_amount = merged_all['amount'].max()
    
    # Filter the dataframe to only include rows where the loan amount is the maximum
    max_loan_rows = merged_all[merged_all['amount'] == max_loan_amount]
    
    # Get the client_id from these rows
    client_ids = max_loan_rows['client_id']
    
    return client_ids
```"
156,Who is the owner of the account with the largest loan amount?,2,3,adaptive,"```python
import pandas as pd

def get_largest_loan_owner(disp, account, loan):
    # Merge disp and account tables on account_id
    merged_disp_account = pd.merge(disp, account, how='inner', left_on='account_id', right_on='account_id')
    
    # Merge the result with loan table on account_id
    merged_all = pd.merge(merged_disp_account, loan, how='inner', left_on='account_id', right_on='account_id')
    
    # Find the maximum loan amount
    max_loan_amount = merged_all['amount'].max()
    
    # Filter the rows where loan amount equals to the maximum value
    result = merged_all[merged_all['amount'] == max_loan_amount]
    
    return result[['client_id', 'type']]
```"
156,Who is the owner of the account with the largest loan amount?,2,4,adaptive,"```python
import pandas as pd

def largest_loan_owner(disp, account, loan):
    # Merge disp and account tables to get account holder details
    merged_disp_account = pd.merge(disp, account, on='account_id')
    
    # Merge the result with loan table to get loan details
    merged_all = pd.merge(merged_disp_account, loan, on='account_id')
    
    # Find the account with the largest loan amount
    max_loan_amount = merged_all['amount'].max()
    largest_loan_acc = merged_all[merged_all['amount'] == max_loan_amount]
    
    # Get the owner's name from the 'name' column in disp table
    largest_loan_owner_name = largest_loan_acc['name'].values[0]
    
    return largest_loan_owner_name
```"
157,What is the number of committed crimes in 1995 in the district of the account with the id 532?,1,0,adaptive,"```python
import pandas as pd

def compute_feature(account, district):
    # Filter account by account_id
    account = account[account['account_id'] == 532]
    
    # Merge with district table to get district information
    merged_df = pd.merge(account, district, left_on='district_id', right_index=True)
    
    # Filter for year 1995
    merged_df['date'] = pd.to_datetime(merged_df['date'])
    filtered_df = merged_df[(merged_df['date'].dt.year == 1995)]
    
    # Count the number of committed crimes
    result = len(filtered_df)
    
    return result
```"
157,What is the number of committed crimes in 1995 in the district of the account with the id 532?,1,1,adaptive,"```python
import pandas as pd

def compute_feature(district, account):
    # Merge the district and account dataframes on district_id
    merged_df = pd.merge(account, district, on='district_id')
    
    # Filter the rows where account_id is 532
    filtered_df = merged_df[merged_df['account_id'] == 532]
    
    # Get the district information from the first row (assuming all rows belong to the same district)
    district_info = filtered_df.iloc[0]['A2']
    
    # Assuming 'frequency' column represents the number of committed crimes
    num_crimes = filtered_df['frequency'].sum()
    
    return num_crimes
```"
157,What is the number of committed crimes in 1995 in the district of the account with the id 532?,1,2,adaptive,"```python
import pandas as pd

def compute_feature(account, district):
    # Filter the account DataFrame to get only the row with id 532
    account_filtered = account[account['account_id'] == 532]
    
    # Merge the filtered account data with the district data on district_id
    merged_data = pd.merge(account_filtered, district, on='district_id')
    
    # Filter the merged data to get rows where A5 is 'Committed Crime' and A8 is '1995'
    result = merged_data[(merged_data['A5'] == 'Committed Crime') & (merged_data['A8'] == '1995')]
    
    # Return the count of such records
    return len(result)
```"
157,What is the number of committed crimes in 1995 in the district of the account with the id 532?,1,3,adaptive,"```python
import pandas as pd

def compute_feature(account, district):
    # Merge account and district dataframes on district_id
    merged_df = pd.merge(account, district, how='left', left_on='district_id', right_on='district_id')
    
    # Filter rows where account_id is 532 and year is 1995
    filtered_df = merged_df[(merged_df['account_id'] == 532) & (merged_df['date'].dt.year == 1995)]
    
    # Count the number of committed crimes
    result = len(filtered_df)
    
    return result
```"
157,What is the number of committed crimes in 1995 in the district of the account with the id 532?,1,4,adaptive,"```python
import pandas as pd

def calculate_feature(district, account):
    # Filter account DataFrame to get only the row with account_id = 532
    account_filtered = account[account['account_id'] == 532]
    
    # Get the district_id from the filtered account DataFrame
    district_id = account_filtered['district_id'].values[0]
    
    # Merge the district and account_filtered DataFrames based on district_id
    merged_df = pd.merge(district, account_filtered, on='district_id')
    
    # Filter the merged DataFrame to get rows where year is 1995 (assuming date column format is YYYY-MM-DD)
    merged_df['year'] = pd.to_datetime(merged_df['date']).dt.year
    merged_df_filtered = merged_df[merged_df['year'] == 1995]
    
    # Calculate the sum of A13 which represents the number of committed crimes
    result = merged_df_filtered['A13'].sum()
    
    return result
```"
158,What is the district Id of the account that placed the order with the id 33333?,2,0,adaptive,"```python
def get_district_id_of_order(order):
    return order['district_id'].iloc[0]
```"
158,What is the district Id of the account that placed the order with the id 33333?,2,1,adaptive,"```python
def get_district_id_for_order(order):
    return order['district_id'].iloc[0]
```"
158,What is the district Id of the account that placed the order with the id 33333?,2,2,adaptive,"```python
def get_district_id_for_order(order):
    return order['district_id']
```"
158,What is the district Id of the account that placed the order with the id 33333?,2,3,adaptive,"```python
import pandas as pd

def get_district_id_for_order(order_id):
    # Merge order and account tables on account_id
    merged_df = pd.merge(order, account, left_on='account_id', right_on='account_id')
    
    # Filter the merged DataFrame to find the row where order_id matches the input
    filtered_df = merged_df[merged_df['order_id'] == order_id]
    
    # Extract the district_id from the filtered DataFrame
    district_id = filtered_df['district_id'].iloc[0] if not filtered_df.empty else None
    
    return district_id
```"
158,What is the district Id of the account that placed the order with the id 33333?,2,4,adaptive,"```python
import pandas as pd

def get_district_id(order):
    return order['district_id']

# Assuming the tables are already loaded as pandas DataFrames with the same names as above.
merged_df = pd.merge(order, account, on='account_id')
result = merged_df.loc[merged_df['order_id'] == 33333, 'district_id'].values[0]
print(result)
```"
159,List all the withdrawals in cash transactions that the client with the id 3356 makes.,3,0,adaptive,"```python
def find_withdrawals(df_client, df_disp, df_account, df_trans):
    # Joining tables to get the required information
    merged_df = pd.merge(df_client, df_disp, how='inner', left_on='client_id', right_on='client_id')
    merged_df = pd.merge(merged_df, df_account, how='inner', left_on='account_id', right_on='account_id')
    merged_df = pd.merge(merged_df, df_trans, how='inner', left_on='account_id', right_on='account_id')

    # Filtering for client with id 3356 and withdrawal operations in cash
    filtered_df = merged_df[(merged_df['client_id'] == 3356) & (merged_df['operation'] == 'W') & (merged_df['type'] == 'cash')]

    return filtered_df[['date', 'amount']]
```"
159,List all the withdrawals in cash transactions that the client with the id 3356 makes.,3,1,adaptive,"```python
def compute_feature(client, disp, account, trans):
    # Filter the data for the specific client and withdrawal transactions in cash
    filtered_data = (
        client[client['client_id'] == 3356]
        .merge(disp, on='client_id')
        .merge(account, on='account_id')
        .merge(trans, on='account_id')
        .query(""type == 'W' & operation == 'CS'"")
        [['date', 'amount']]
    )
    
    return filtered_data
```"
159,List all the withdrawals in cash transactions that the client with the id 3356 makes.,3,2,adaptive,"```python
import pandas as pd

def compute_feature(client, disp, account, trans):
    # Merge client and disp tables to get client information for each disp record
    merged_disp = pd.merge(client, disp, on='client_id')
    
    # Filter records where client_id is 3356
    filtered_disp = merged_disp[merged_disp['client_id'] == 3356]
    
    # Merge filtered_disp with account table to get account details for each disp record
    merged_account = pd.merge(filtered_disp, account, on='account_id')
    
    # Merge merged_account with trans table to get transaction details for each account record
    merged_trans = pd.merge(merged_account, trans, on='account_id')
    
    # Filter records where operation is 'W' (withdrawal) and type is 'CS' (cash)
    withdrawal_records = merged_trans[(merged_trans['operation'] == 'W') & (merged_trans['type'] == 'CS')]
    
    return withdrawal_records[['trans_id', 'date', 'amount']]
```"
159,List all the withdrawals in cash transactions that the client with the id 3356 makes.,3,3,adaptive,"```python
import pandas as pd

def compute_feature(client, disp, account, trans):
    # Filter for client with id 3356
    client_filtered = client[client['client_id'] == 3356]
    
    # Join disp and client to get disp information for client 3356
    disp_client = pd.merge(disp, client_filtered, how='inner', left_on='client_id', right_on='client_id')
    
    # Join account and disp_client to get account information for client 3356's disps
    account_disp_client = pd.merge(account, disp_client, how='inner', left_on='district_id', right_on='district_id')
    
    # Join trans and account_disp_client to get transaction information for client 3356's accounts
    trans_account_disp_client = pd.merge(trans, account_disp_client, how='inner', left_on='account_id', right_on='account_id')
    
    # Filter for withdrawal operations in cash transactions
    result = trans_account_disp_client[(trans_account_disp_client['type'] == 'withdrawal') & 
                                     (trans_account_disp_client['operation'] == 'cas')]
    
    return result
```"
159,List all the withdrawals in cash transactions that the client with the id 3356 makes.,3,4,adaptive,"```python
import pandas as pd

def extract_withdrawals_in_cash(client_data, disp_data, trans_data):
    # Filter client data to only include the target client
    target_client = client_data[client_data['client_id'] == 3356]
    
    # Merge disp and trans data to get transaction details for the target client's disp_id
    merged_disp_trans = disp_data.merge(trans_data, how='inner', left_on='disp_id', right_on='disp_id')
    
    # Filter merged data to only include transactions made by the target client
    filtered_data = merged_disp_trans[(merged_disp_trans['client_id_x'] == 3356) & (merged_disp_trans['type'] == 'saving')]
    
    # Filter further to only include withdrawal operations and those made in cash
    result = filtered_data[(filtered_data['operation'] == 'withdrawal') & (filtered_data['k_symbol'] == 'other')]
    
    return result[['date', 'amount']]
```"
160,"Among the weekly issuance accounts, how many have a loan of under 200000?",1,0,adaptive,"```python
import pandas as pd

def compute_feature(loan, account):
    # Filter loans with amount less than 200000 and status 'A'
    filtered_loans = loan[(loan['amount'] < 200000) & (loan['status'] == 'A')]
    
    # Merge with account table to get district_id
    merged_df = pd.merge(filtered_loans, account, on='account_id')
    
    # Group by district_id and count unique account_ids
    result = merged_df.groupby('district_id')['account_id'].nunique().reset_index()
    
    return result.rename(columns={'account_id': 'weekly_issuance_accounts_with_loan_under_200k'})
```"
160,"Among the weekly issuance accounts, how many have a loan of under 200000?",1,1,adaptive,"```python
import pandas as pd

def feature_weekly_loan_under_200k(loan, account):
    # Merge loan and account dataframes on account_id
    merged_df = pd.merge(loan, account, on='account_id')
    
    # Filter rows where amount is less than 200000
    filtered_df = merged_df[merged_df['amount'] < 200000]
    
    # Group by district_id and count unique account_ids within each group
    result = filtered_df.groupby('district_id')['account_id'].nunique().reset_index()
    
    return result
```"
160,"Among the weekly issuance accounts, how many have a loan of under 200000?",1,2,adaptive,"```python
import pandas as pd

def compute_feature(loan, account):
    # Merge loan and account dataframes on 'account_id'
    merged_df = pd.merge(loan, account, on='account_id')
    
    # Filter rows where loan amount is less than 200000
    filtered_df = merged_df[merged_df['amount'] < 200000]
    
    # Group by 'district_id' to count the number of loans per district
    result = filtered_df.groupby('district_id').size().reset_index(name='loan_count')
    
    return result
```"
160,"Among the weekly issuance accounts, how many have a loan of under 200000?",1,3,adaptive,"```python
import pandas as pd

def compute_feature(df_loan, df_account):
    # Merge the dataframes based on account_id
    merged_df = pd.merge(df_loan, df_account, on='account_id', suffixes=('_loan', '_account'))
    
    # Filter rows where the loan amount is less than 200000 and the district id starts with 'W'
    filtered_df = merged_df[(merged_df['amount_loan'] < 200000) & (merged_df['district_id'].str.startswith('W'))]
    
    # Count the number of unique accounts
    result = len(filtered_df['account_id'].unique())
    
    return result
```"
160,"Among the weekly issuance accounts, how many have a loan of under 200000?",1,4,adaptive,"```python
import pandas as pd

def count_under_200k_loans(account, loan):
    # Merge the two tables based on 'account_id'
    merged_df = pd.merge(account, loan, on='account_id')
    
    # Filter rows where loan amount is less than 200000 and district_id is in ['1', '4']
    filtered_df = merged_df[(merged_df['amount'] < 200000) & (merged_df['district_id'].isin(['1', '4']))]
    
    # Count the number of unique accounts
    result = len(filtered_df['account_id'].unique())
    
    return result
```"
161,What type of credit card does the client with the id 13539 own?,2,0,adaptive,"```python
import pandas as pd

def get_credit_card_type(client_id):
    # Merge disp and client tables to find all accounts held by the client
    merged_disp_client = pd.merge(disp, client, on='client_id')
    
    # Filter for the specific client_id
    filtered_disp_client = merged_disp_client[merged_disp_client['client_id'] == client_id]
    
    # Merge card table to find card types
    merged_card_disp_client = pd.merge(filtered_disp_client, card, on='disp_id')
    
    # Find unique card types owned by the client
    unique_card_types = merged_card_disp_client['type'].unique()
    
    return unique_card_types
```"
161,What type of credit card does the client with the id 13539 own?,2,1,adaptive,"```python
import pandas as pd

def get_credit_card_type(client_id):
    # Merge disp and card tables on disp_id to get card information for each display record
    merged_disp_card = pd.merge(disp, card, how='inner', left_on='disp_id', right_on='disp_id')
    
    # Filter the merged table for records related to the specified client_id
    filtered_table = merged_disp_card[merged_disp_card['client_id'] == client_id]
    
    # Return the type of credit card owned by the client
    return filtered_table['type'].values[0] if not filtered_table.empty else None
```
This function first merges the 'disp' and 'card' tables based on the 'disp_id'. It then filters this merged table to only include rows where the 'client_id' matches the input argument. Finally, it returns the type of credit card associated with the client or None if no such card exists."
161,What type of credit card does the client with the id 13539 own?,2,2,adaptive,"```python
import pandas as pd

def get_credit_card_type(df_disp, df_client, df_card, df_account):
    # Merge disp and client to get all accounts owned by each client
    merged_df = pd.merge(df_disp, df_client, on='client_id')
    
    # Merge merged_df with card to get card details for each account
    merged_df = pd.merge(merged_df, df_card, on='disp_id')
    
    # Filter rows where client_id is 13539
    filtered_df = merged_df[merged_df['client_id'] == 13539]
    
    # Get unique types of cards owned by client 13539
    result = filtered_df['type'].unique()
    
    return result
```"
161,What type of credit card does the client with the id 13539 own?,2,3,adaptive,"```python
import pandas as pd

def get_credit_card_type(client_id):
    # Join disp and client tables to get district_id
    disp_client = pd.merge(disp, client, how='left', on='client_id')
    
    # Join card table to get card details
    card_details = pd.merge(card, disp_client, how='left', on='disp_id')
    
    # Filter rows where client_id is 13539
    filtered_df = card_details[card_details['client_id'] == client_id]
    
    # Get unique types of credit cards owned by the client
    credit_card_types = filtered_df['type'].unique()
    
    return credit_card_types
```"
161,What type of credit card does the client with the id 13539 own?,2,4,adaptive,"```python
import pandas as pd

def get_credit_card_type(client_df, card_df):
    # Merge client and card dataframes on disp_id to find cards associated with each client
    merged_df = pd.merge(client_df, card_df, how='left', left_on='client_id', right_on='disp_id')
    
    # Filter the dataframe to only include rows where the client_id is 13539
    filtered_df = merged_df[merged_df['client_id'] == 13539]
    
    # Extract the type of the first card owned by the client (assuming one card per client in this example)
    credit_card_type = filtered_df['type'].iloc[0] if not filtered_df.empty else None
    
    return credit_card_type
```"
162,What is the region of the client with the id 3541 from?,1,0,adaptive,"```python
import pandas as pd

def get_client_region(df_client, df_district, client_id):
    # Merge client and district dataframes on district_id
    merged_df = pd.merge(df_client, df_district, how='left', left_on='district_id', right_on='district_id')
    
    # Filter dataframe to only include rows where client_id matches the input client_id
    filtered_df = merged_df[merged_df['client_id'] == client_id]
    
    # Get the A2 column (region) from the filtered dataframe
    region = filtered_df.iloc[0]['A2']
    
    return region
```"
162,What is the region of the client with the id 3541 from?,1,1,adaptive,"```python
def get_client_region(client_df, district_df, client_id):
    return district_df.loc[district_df['district_id'] == client_df.loc[client_id, 'district_id'], ['A2', 'A3']].values.flatten()
```"
162,What is the region of the client with the id 3541 from?,1,2,adaptive,"```python
import pandas as pd

def compute_feature(district, client):
    # Merge the two dataframes based on district_id
    merged_df = pd.merge(client, district, left_on='district_id', right_on='district_id')
    
    # Select the row where client_id is 3541 and extract the corresponding region
    region = merged_df.loc[merged_df['client_id'] == 3541, 'A1'].values[0]
    
    return region
```"
162,What is the region of the client with the id 3541 from?,1,3,adaptive,"```python
import pandas as pd

def compute_feature(client, district):
    # Merge the two dataframes based on district_id
    merged_df = pd.merge(client, district, how='left', left_on='district_id', right_on='district_id')
    
    # Filter for the specific client_id and select the relevant column
    result = merged_df[merged_df['client_id'] == 3541]['A2'].values
    
    # Return the result as a list
    return result.tolist()
```"
162,What is the region of the client with the id 3541 from?,1,4,adaptive,"```python
import pandas as pd

def get_client_region(client_df, district_df, client_id):
    # Merge client DataFrame with district DataFrame on district_id
    merged_df = pd.merge(client_df, district_df, left_on='district_id', right_on='district_id')
    
    # Filter for the specific client_id and select the relevant column
    result = merged_df[merged_df['client_id'] == client_id]['A1']
    
    return result.values[0]
```"
163,Which district has the most accounts with loan contracts finished with no problems?,2,0,adaptive,"```python
import pandas as pd

def get_most_problem_free_district(district, account, loan, client):
    # Merge loan and account tables to get account details for each loan
    merged = pd.merge(loan, account, how='left', left_on='account_id', right_on='account_id')
    
    # Filter loans where status is 'finished without problems'
    problem_free_loans = merged[merged['status'] == 'finished without problems']
    
    # Merge problem-free loans with district table to get district details
    result = pd.merge(problem_free_loans, district, how='left', left_on='district_id', right_on='district_id')
    
    # Group by district and count number of accounts
    district_counts = result.groupby('A2').size().reset_index(name='count')
    
    # Find district with maximum count
    max_count = district_counts.max()['count']
    most_problem_free_district = district_counts[district_counts['count'] == max_count]['A2'].values[0]
    
    return most_problem_free_district
```"
163,Which district has the most accounts with loan contracts finished with no problems?,2,1,adaptive,"```python
import pandas as pd

def most_problem_free_district(district, account, loan):
    # Merge tables to get all relevant information
    merged = pd.merge(district, account, left_on='district_id', right_on='district_id')
    merged = pd.merge(merged, loan, left_on='account_id', right_on='account_id')

    # Filter out loans that did not finish without problem
    merged = merged[merged['status'] == 'finished']

    # Group by district and count the number of finished loans
    result = merged.groupby('A2').size().reset_index(name='count')

    # Find the district with the highest number of finished loans
    max_count = result['count'].max()
    result = result[result['count'] == max_count]

    return result[['A2']]
```"
163,Which district has the most accounts with loan contracts finished with no problems?,2,2,adaptive,"```python
import pandas as pd

def compute_feature(district, account, loan, client):
    # Merge loan and account tables on account_id
    merged_loan_account = pd.merge(loan, account, on='account_id')
    
    # Filter rows where loan status is 'finished without problem'
    filtered_data = merged_loan_account[merged_loan_account['status'] == 'finished without problem']
    
    # Group by district_id and count the number of unique accounts
    result = filtered_data.groupby('district_id').size().reset_index(name='count')
    
    # Merge with district table to get district names
    final_result = pd.merge(result, district[['district_id', 'A2']], on='district_id')
    
    return final_result.sort_values(by='count', ascending=False).head(1)['A2'].values[0]
```"
163,Which district has the most accounts with loan contracts finished with no problems?,2,3,adaptive,"```python
import pandas as pd

def most_successful_district(district, account, loan):
    # Merge dataframes to get all relevant information
    merged_df = pd.merge(account, loan, left_on='account_id', right_on='account_id')
    merged_df = pd.merge(merged_df, district, left_on='district_id', right_on='district_id')

    # Filter loans that have been finished without any problems
    successful_loans = merged_df[(merged_df['status'] == 'finished') & (merged_df['payments'] == 1)]

    # Group by district and count the number of successful accounts per district
    result = successful_loans.groupby('A2').size().reset_index(name='count')

    # Find the district with the maximum count of successful accounts
    max_count = result['count'].max()
    successful_districts = result[result['count'] == max_count]['A2']

    return successful_districts.values[0]
```"
163,Which district has the most accounts with loan contracts finished with no problems?,2,4,adaptive,"```python
import pandas as pd

def most_problem_free_district(district, account, loan, client):
    # Merge dataframes to get the necessary information
    merged = pd.merge(loan, account, left_on='account_id', right_on='account_id')
    merged = pd.merge(merged, district, left_on='district_id', right_on='district_id')
    
    # Filter for loans that are finished without problems
    problem_free_loans = merged[merged['status'] == 'finished_without_problems']
    
    # Group by district and count the number of accounts
    result = problem_free_loans.groupby('A2').size().reset_index(name='count')
    
    # Find the district with the most accounts
    max_count = result['count'].max()
    result = result[result['count'] == max_count]
    
    return result[['A2']]
```"
164,Who placed the order with the id 32423?,3,0,adaptive,"```python
import pandas as pd

def who_placed_order_32423(order, account):
    result = order[order['order_id'] == 32423]
    if not result.empty:
        return result.merge(account, how='left', left_on='account_id', right_on='account_id')['client_id'].iloc[0]
    else:
        return None
```"
164,Who placed the order with the id 32423?,3,1,adaptive,"```python
def who_placed_order_32423(order):
    return order.loc[order['order_id'] == 32423, 'account_id'].values[0]
```"
164,Who placed the order with the id 32423?,3,2,adaptive,"```python
def compute_feature(order):
    return order[order['order_id'] == 32423]['account_id'].values[0]
```"
164,Who placed the order with the id 32423?,3,3,adaptive,"```python
import pandas as pd

def who_placed_order_32423(order):
    return order[order['order_id'] == 32423]['account_id'].values[0]
```"
164,Who placed the order with the id 32423?,3,4,adaptive,"```python
import pandas as pd

def who_placed_order_with_id_32423(order):
    return order[order['order_id'] == 32423]['account_id'].iloc[0]
```"
165,Please list all the transactions made by accounts from district 5.,2,0,adaptive,"```python
import pandas as pd

def filter_transactions_by_district(district, account, trans):
    return (
        account
        .merge(trans, how='left', left_on='account_id', right_on='account_id')
        .merge(district, how='left', left_on='district_id', right_on='district_id')
        .query('A5 == @district')
        .drop(columns=['district_id'])
    )
```"
165,Please list all the transactions made by accounts from district 5.,2,1,adaptive,"```python
import pandas as pd

def get_transactions_from_district_5(district, account, trans):
    district_5_accounts = district[district['district_id'] == 5]['account_id']
    filtered_account = account[account['account_id'].isin(district_5_accounts)]
    return pd.merge(filtered_account, trans, on='account_id')
```"
165,Please list all the transactions made by accounts from district 5.,2,2,adaptive,"```python
import pandas as pd

def feature_engineering(df_account, df_trans):
    # Merge account and trans tables based on account_id
    merged_df = pd.merge(df_account, df_trans, how='inner', on='account_id')
    
    # Filter for accounts in district 5
    filtered_df = merged_df[merged_df['district_id'] == 5]
    
    return filtered_df[['trans_id', 'date', 'type', 'operation', 'amount', 'balance', 'k_symbol', 'bank', 'account']]
```"
165,Please list all the transactions made by accounts from district 5.,2,3,adaptive,"```python
import pandas as pd

def get_transactions_from_district_5(account, trans, district):
    district_5 = district[district['district_id'] == 5]
    filtered_accounts = account[account['district_id'].isin(district_5['district_id'])]
    merged_data = pd.merge(filtered_accounts, trans, on='account_id')
    return merged_data
```"
165,Please list all the transactions made by accounts from district 5.,2,4,adaptive,"```python
import pandas as pd

def get_transactions_from_district_5(district, account, trans):
    district_5 = district[district['district_id'] == 5]
    district_5_accounts = district_5['account_id']
    
    filtered_account = account[account['account_id'].isin(district_5_accounts)]
    
    merged_df = pd.merge(filtered_account, trans, on='account_id')
    
    return merged_df
```"
166,How many of the accounts are from Jesenik district?,1,0,adaptive,"```python
import pandas as pd

def compute_feature(district, account):
    jesenik_accounts = account[account['district_id'] == 'Jesenik']
    return len(jesenik_accounts)

feature = compute_feature(district, account)
```"
166,How many of the accounts are from Jesenik district?,1,1,adaptive,"```python
import pandas as pd

def count_accounts_from_jesenik(district, account):
    jesenik_mask = district['A2'] == 'Jesenik'
    jesenik_district_ids = district[jesenik_mask]['district_id']
    jesenik_accounts = account[account['district_id'].isin(jesenik_district_ids)]
    return jesenik_accounts.shape[0]
```"
166,How many of the accounts are from Jesenik district?,1,2,adaptive,"```python
import pandas as pd

def count_accounts_in_jesenik(district_df, account_df):
    jesenik_mask = district_df['A2'] == 'Jeseník'
    jesenik_districts = district_df[jesenik_mask]['district_id']
    
    account_count = account_df[account_df['district_id'].isin(jesenik_districts)].shape[0]
    
    return account_count
```"
166,How many of the accounts are from Jesenik district?,1,3,adaptive,"```python
import pandas as pd

def compute_feature(district, account):
    jesenik_district = district[district['A2'] == 'Jesenik']
    jesenik_accounts = account[account['district_id'].isin(jesenik_district['district_id'])]
    return len(jesenik_accounts)
```"
166,How many of the accounts are from Jesenik district?,1,4,adaptive,"```python
import pandas as pd

def compute_feature(district, account):
    # Merge district and account dataframes on district_id
    merged_df = pd.merge(account, district, on='district_id')
    
    # Filter rows where A2 is 'Jesenik'
    jesenik_accounts = merged_df[merged_df['A2'] == 'Jesenik']
    
    # Count the number of accounts in Jesenik district
    num_jesenik_accounts = len(jesenik_accounts)
    
    return num_jesenik_accounts
```"
167,List all the clients' IDs whose junior credit cards were issued after 1996.,1,0,adaptive,"```python
import pandas as pd

def junior_credit_cards_issued_after_1996(card, disp):
    # Filter for junior credit cards (type == 'junior')
    junior_cards = card[card['type'] == 'junior']
    
    # Extract year from issued date and convert to integer
    junior_cards['year_issued'] = pd.to_datetime(junior_cards['issued']).dt.year
    
    # Filter for cards issued after 1996
    junior_cards_after_1996 = junior_cards[junior_cards['year_issued'] > 1996]
    
    # Merge with disp table to get client IDs
    merged_df = junior_cards_after_1996.merge(disp, left_on='account_id', right_on='account_id')
    
    # Select unique client IDs
    result = merged_df[['client_id']].drop_duplicates()
    
    return result
```"
167,List all the clients' IDs whose junior credit cards were issued after 1996.,1,1,adaptive,"```python
import pandas as pd

def junior_credit_cards_issued_after_1996(card, disp):
    # Merge card and disp tables on disp_id to get client_id
    merged = pd.merge(card, disp, on='disp_id')
    
    # Convert 'issued' column to datetime format
    merged['issued'] = pd.to_datetime(merged['issued'])
    
    # Filter rows where card type is 'junior' and issued year is after 1996
    filtered = merged[(merged['type_x'] == 'junior') & (merged['issued'].dt.year > 1996)]
    
    # Select distinct client_ids
    result = filtered[['client_id']].drop_duplicates()
    
    return result
```"
167,List all the clients' IDs whose junior credit cards were issued after 1996.,1,2,adaptive,"```python
import pandas as pd

def junior_credit_cards_issued_after_1996(card, disp):
    # Merge the card and disp tables on disp_id
    merged_df = pd.merge(card, disp, on='disp_id')
    
    # Filter rows where the card type is 'junior' and the year of issuance is greater than 1996
    filtered_df = merged_df[(merged_df['type_x'] == 'junior') & (merged_df['issued'].dt.year > 1996)]
    
    # Select the distinct client IDs from the filtered DataFrame
    result = filtered_df[['client_id']].drop_duplicates()
    
    return result
```"
167,List all the clients' IDs whose junior credit cards were issued after 1996.,1,3,adaptive,"```python
import pandas as pd

def get_junior_credit_cards_issued_after_1996(card, disp):
    # Filter junior credit cards (type = 'junior')
    junior_cards = card[card['type'] == 'junior']
    
    # Convert issued date to datetime format and filter those issued after 1996
    junior_cards['issued'] = pd.to_datetime(junior_cards['issued'])
    junior_cards_after_1996 = junior_cards[junior_cards['issued'].dt.year > 1996]
    
    # Merge with disp table to get client_ids
    merged_df = junior_cards_after_1996.merge(disp, left_on='account_id', right_on='account_id')
    
    # Get unique client_ids
    result = merged_df[['client_id']].drop_duplicates()
    
    return result
```"
167,List all the clients' IDs whose junior credit cards were issued after 1996.,1,4,adaptive,"```python
import pandas as pd

def compute_feature(card, disp):
    # Merge the 'card' and 'disp' tables on 'card_id' and 'account_id'
    merged = pd.merge(card, disp, left_on='card_id', right_on='account_id')
    
    # Filter rows where the type of card is 'junior' and issue year is greater than 1996
    result = merged[(merged['type_x'] == 'junior') & (merged['issued'].dt.year > 1996)][['client_id']]
    
    # Drop duplicates to ensure each client ID appears only once
    return result.drop_duplicates().reset_index(drop=True)
```"
168,What percentage of clients who opened their accounts in the district with an average salary of over 10000 are women?,1,0,adaptive,"```python
import pandas as pd

def calculate_female_percentage(district, client):
    # Merge the district and client tables on district_id
    merged_df = pd.merge(district, client, left_on='district_id', right_on='district_id')
    
    # Filter rows where the average salary is over 10000
    filtered_df = merged_df.groupby('district_id')['A1'].transform('mean') > 10000
    
    # Create a temporary DataFrame to store results
    temp_df = merged_df[filtered_df][['gender']]
    
    # Calculate the percentage of female clients
    percentage_female = (temp_df[temp_df['gender'] == 'female'].shape[0] / temp_df.shape[0]) * 100
    
    return percentage_female
```"
168,What percentage of clients who opened their accounts in the district with an average salary of over 10000 are women?,1,1,adaptive,"```python
import pandas as pd

def calculate_female_percentage(district, client):
    # Calculate average salary per district
    avg_salary = district.groupby('district_id')['A16'].mean().reset_index()
    
    # Merge with client data to get gender and district information
    merged_data = pd.merge(client, avg_salary, on='district_id')
    
    # Filter districts with average salary over 10000
    high_income_districts = merged_data[merged_data['A16'] > 10000]
    
    # Count number of female clients in these districts
    female_count = high_income_districts[high_income_districts['gender'] == 'F']['client_id'].count()
    
    # Total number of clients in these districts
    total_count = len(high_income_districts)
    
    # Calculate percentage
    if total_count == 0:
        return 0
    else:
        percentage = (female_count / total_count) * 100
    
    return percentage
```"
168,What percentage of clients who opened their accounts in the district with an average salary of over 10000 are women?,1,2,adaptive,"```python
import pandas as pd

def calculate_female_percentage(df_client, df_district):
    # Calculate average salary per district
    avg_salary_per_district = df_district.groupby('district_id')['A1'].mean().reset_index()
    
    # Merge client data with average salary data
    merged_data = pd.merge(df_client, avg_salary_per_district, on='district_id')
    
    # Filter districts with average salary over 10000
    filtered_data = merged_data[merged_data['A1'] > 10000]
    
    # Count female clients in the filtered data
    female_count = filtered_data[filtered_data['gender'] == 'F']['client_id'].count()
    
    # Total number of clients in the filtered data
    total_clients = filtered_data.shape[0]
    
    # Calculate percentage of female clients
    if total_clients == 0:
        percentage_female = 0
    else:
        percentage_female = (female_count / total_clients) * 100
    
    return percentage_female
```"
168,What percentage of clients who opened their accounts in the district with an average salary of over 10000 are women?,1,3,adaptive,"```python
import pandas as pd

def calculate_female_percentage(client, district):
    # Merge client and district dataframes on district_id
    merged_data = pd.merge(client, district, left_on='district_id', right_on='district_id')
    
    # Calculate the average salary per district
    avg_salary_per_district = merged_data.groupby('district_id')['A1'].mean().reset_index()
    
    # Merge merged_data with avg_salary_per_district to get average salary for each client's district
    merged_data = pd.merge(merged_data, avg_salary_per_district, on='district_id')
    
    # Filter clients who opened their accounts in districts with average salary over 10000
    filtered_clients = merged_data[merged_data['A1_x'] > 10000]
    
    # Calculate the percentage of female clients among those who meet the condition
    total_filtered_clients = len(filtered_clients)
    female_clients = sum(filtered_clients['gender'] == 'female')
    
    if total_filtered_clients == 0:
        return 0
    
    percentage_female = (female_clients / total_filtered_clients) * 100
    
    return percentage_female
```"
168,What percentage of clients who opened their accounts in the district with an average salary of over 10000 are women?,1,4,adaptive,"```python
import pandas as pd

def calculate_female_percentage_over_10k_salary(client, district):
    # Merge client and district dataframes on district_id
    merged_data = pd.merge(client, district, left_on='district_id', right_on='district_id')
    
    # Calculate average salary per district
    avg_salary_per_district = merged_data.groupby('district_id')['A1'].mean().reset_index()
    
    # Merge merged_data with avg_salary_per_district to get average salary for each client's district
    merged_data = pd.merge(merged_data, avg_salary_per_district, on='district_id')
    
    # Filter clients whose district has an average salary over 10000
    filtered_clients = merged_data[merged_data['A1'] > 10000]
    
    # Calculate percentage of female clients among those
    female_percentage = (filtered_clients[filtered_clients['gender'] == 'female']['client_id'].count() / 
                         filtered_clients['client_id'].count()) * 100
    
    return female_percentage
```"
169,What was the growth rate of the total amount of loans across all accounts for a male client between 1996 and 1997?,3,0,adaptive,"```python
import pandas as pd

def calculate_loan_growth_rate(loan, account, disp, client):
    # Merge tables to get necessary information
    merged = pd.merge(loan, account, on='account_id')
    merged = pd.merge(merged, disp, on='account_id')
    merged = pd.merge(merged, client, on='client_id')

    # Filter for male clients born between 1996 and 1997
    merged = merged[(merged['gender'] == 'M') & 
                    (merged['birth_date'].dt.year >= 1996) & 
                    (merged['birth_date'].dt.year <= 1997)]

    # Group by year and sum up the loan amounts
    yearly_sum = merged.groupby(merged['date'].dt.year)['amount'].sum().reset_index()

    # Calculate growth rate
    yearly_sum['growth_rate'] = yearly_sum['amount'].pct_change()

    return yearly_sum
```"
169,What was the growth rate of the total amount of loans across all accounts for a male client between 1996 and 1997?,3,1,adaptive,"```python
import pandas as pd

def compute_growth_rate(loan, account, disp, client):
    # Merge loan with account to get district information
    merged = pd.merge(loan, account, on='account_id')
    
    # Filter for male clients in 1996 and 1997
    merged['year'] = merged['date'].dt.year
    filtered = merged[(merged['gender'] == 'M') & (merged['year'].isin([1996, 1997]))]
    
    # Group by year and sum up the amount of loans
    grouped = filtered.groupby('year')['amount'].sum().reset_index()
    
    # Calculate the growth rate
    growth_rate = (grouped.iloc[1]['amount'] - grouped.iloc[0]['amount']) / grouped.iloc[0]['amount']
    
    return growth_rate
```"
169,What was the growth rate of the total amount of loans across all accounts for a male client between 1996 and 1997?,3,2,adaptive,"```python
import pandas as pd

def calculate_loan_growth_rate(loan, account, disp, client):
    # Merge tables to get the necessary information
    merged = loan.merge(account, on='account_id')
    merged = merged.merge(disp, on='account_id')
    merged = merged.merge(client, on='client_id')

    # Filter data for male clients born between 1996 and 1997
    filtered = merged[(merged['gender'] == 'male') & 
                      (merged['birth_date'].dt.year.between(1996, 1997))]

    # Group by year and sum the loan amounts
    yearly_sum = filtered.groupby(filtered['date'].dt.year)['amount'].sum()

    # Calculate the growth rate
    growth_rate = yearly_sum.pct_change()
    
    return growth_rate
```"
169,What was the growth rate of the total amount of loans across all accounts for a male client between 1996 and 1997?,3,3,adaptive,"```python
import pandas as pd

def compute_loan_growth_rate(loan, account, disp, client):
    # Merge tables to get the necessary information
    merged_df = loan.merge(account, on='account_id')
    merged_df = merged_df.merge(disp, on='account_id')
    merged_df = merged_df.merge(client, on='client_id')

    # Filter clients who were born in 1996 or 1997
    filtered_df = merged_df[(merged_df['birth_date'].dt.year == 1996) | (merged_df['birth_date'].dt.year == 1997)]

    # Calculate the total amount of loans per year
    yearly_amounts = filtered_df.groupby(filtered_df['date'].dt.year)['amount'].sum()

    # Compute the growth rate
    growth_rate = yearly_amounts.pct_change() * 100

    return growth_rate
```"
169,What was the growth rate of the total amount of loans across all accounts for a male client between 1996 and 1997?,3,4,adaptive,"```python
import pandas as pd

def calculate_loan_growth_rate(loan, account, disp, client):
    # Merge tables to get necessary data
    merged = loan.merge(account, on='account_id')
    merged = merged.merge(disp, on='account_id')
    merged = merged.merge(client, on='client_id')

    # Filter for male clients born between 1996 and 1997
    filtered = merged[(merged['gender'] == 'male') &
                     (merged['birth_date'].dt.year >= 1996) &
                     (merged['birth_date'].dt.year <= 1997)]

    # Calculate total amount of loans per month
    filtered['date'] = pd.to_datetime(filtered['date'])
    monthly_loans = filtered.groupby(filtered['date'].dt.to_period('M'))['amount'].sum().reset_index()
    
    # Calculate growth rate
    monthly_loans['growth_rate'] = monthly_loans['amount'].pct_change()

    return monthly_loans
```"
170,How many credit card withdrawals were recorded after 1995?,0,0,adaptive,"```python
import pandas as pd

def count_credit_card_withdrawals_after_1995(trans):
    # Filter for transactions after 1995 and of type 'Vydání kartu'
    filtered_trans = trans[(trans['date'] > '1995') & (trans['type'] == 'Vydání kartu')]
    
    # Count the number of unique withdrawal records
    num_withdrawals = len(filtered_trans)
    
    return num_withdrawals
```"
170,How many credit card withdrawals were recorded after 1995?,0,1,adaptive,"```python
def compute_feature(trans):
    return (trans['type'] == 'credit card withdrawal') & (trans['date'].dt.year > 1995)
```"
170,How many credit card withdrawals were recorded after 1995?,0,2,adaptive,"```python
import pandas as pd

def credit_card_withdrawals_after_1995(trans):
    # Filter for transactions where the operation is 'VÝBER Karty' (Card Withdrawal) and date is after 1995
    filtered_trans = trans[(trans['type'] == 'VÝBER Karty') & (trans['date'].str.startswith('1996'))]
    
    return len(filtered_trans)
```"
170,How many credit card withdrawals were recorded after 1995?,0,3,adaptive,"```python
def compute_credit_card_withdrawals(trans):
    # Filter for transactions after 1995
    trans_1996 = trans[trans['date'].str.contains('1996')]
    
    # Filter for credit card withdrawals
    credit_card_withdrawals = trans_1996[(trans_1996['type'] == 'credit card') & (trans_1996['operation'] == 'withdrawal')]
    
    return len(credit_card_withdrawals)
```"
170,How many credit card withdrawals were recorded after 1995?,0,4,adaptive,"```python
import pandas as pd

def calculate_credit_card_withdrawals_after_1995(trans):
    # Filter transactions where type is 'VT' (credit card withdrawal) and date is after 1995
    filtered_trans = trans[(trans['type'] == 'VT') & (trans['date'].str.startswith('1996'))]
    
    # Count the number of unique transaction IDs in the filtered data
    count = len(filtered_trans)
    
    return count
```"
171,What was the difference in the number of crimes committed in East and North Bohemia in 1996?,0,0,adaptive,"```python
def compute_crime_difference(df):
    # Filter rows where A3 is 'East Bohemia' or 'North Bohemia'
    filtered_df = df[df['A3'].isin(['East Bohemia', 'North Bohemia'])]
    
    # Convert A4 to numeric, coercing errors to NaN
    filtered_df['A4'] = pd.to_numeric(filtered_df['A4'], errors='coerce')
    
    # Group by A3 (district) and sum up A4 (number of crimes)
    crime_totals = filtered_df.groupby('A3')['A4'].sum()
    
    # Calculate the difference between East Bohemia and North Bohemia
    east_bohemia = crime_totals.loc['East Bohemia']
    north_bohemia = crime_totals.loc['North Bohemia']
    difference = east_bohemia - north_bohemia
    
    return difference
```"
171,What was the difference in the number of crimes committed in East and North Bohemia in 1996?,0,1,adaptive,"```python
import pandas as pd

def calculate_crime_difference(df):
    # Filter rows where A14 is either 'East Bohemia' or 'North Bohemia'
    filtered_df = df[(df['A14'] == 'East Bohemia') | (df['A14'] == 'North Bohemia')]
    
    # Calculate the total number of crimes for each region
    east_crimes = filtered_df[filtered_df['A14'] == 'East Bohemia']['A1'].sum()
    north_crimes = filtered_df[filtered_df['A14'] == 'North Bohemia']['A1'].sum()
    
    # Return the difference in number of crimes between the two regions
    return north_crimes - east_crimes
```"
171,What was the difference in the number of crimes committed in East and North Bohemia in 1996?,0,2,adaptive,"```python
import pandas as pd

def compute_feature(district):
    # Filter rows where A3 is 'East Bohemia' or 'North Bohemia'
    filtered_rows = district[(district['A3'] == 'East Bohemia') | (district['A3'] == 'North Bohemia')]
    
    # Calculate the sum of crimes in each category for the filtered rows
    total_crimes = filtered_rows.groupby('A3')['A14'].sum()
    
    # Extract the sums for East Bohemia and North Bohemia
    east_bohemia_crimes = total_crimes.get('East Bohemia', 0)
    north_bohemia_crimes = total_crimes.get('North Bohemia', 0)
    
    # Compute the difference between the two categories
    crime_difference = north_bohemia_crimes - east_bohemia_crimes
    
    return crime_difference
```"
171,What was the difference in the number of crimes committed in East and North Bohemia in 1996?,0,3,adaptive,"```python
import pandas as pd

def calculate_crime_difference(df):
    # Filter rows where A3 is 'East Bohemia' or 'North Bohemia'
    filtered_df = df[(df['A3'] == 'East Bohemia') | (df['A3'] == 'North Bohemia')]
    
    # Create dummy variables for East Bohemia and North Bohemia
    filtered_df['East Bohemia'] = filtered_df['A3'].apply(lambda x: 1 if x == 'East Bohemia' else 0)
    filtered_df['North Bohemia'] = filtered_df['A3'].apply(lambda x: 1 if x == 'North Bohemia' else 0)
    
    # Calculate total crimes for each region
    east_bohemia_total = filtered_df[filtered_df['A3'] == 'East Bohemia']['crime_count'].sum()
    north_bohemia_total = filtered_df[filtered_df['A3'] == 'North Bohemia']['crime_count'].sum()
    
    # Calculate the difference
    crime_difference = north_bohemia_total - east_bohemia_total
    
    return crime_difference
```"
171,What was the difference in the number of crimes committed in East and North Bohemia in 1996?,0,4,adaptive,"```python
def compute_feature(district):
    # Filter rows where A1 is 'East Bohemia' or 'North Bohemia'
    filtered_df = district[district['A1'].isin(['East Bohemia', 'North Bohemia'])]
    
    # Convert A1 to category type and create a mapping from region name to a numerical value
    region_mapping = {'East Bohemia': 1, 'North Bohemia': -1}
    filtered_df['region_code'] = filtered_df['A1'].map(region_mapping)
    
    # Sum up the values in region_code column to get the difference between regions
    result = filtered_df['region_code'].sum()
    
    return result
```"
172,How many owner and disponent dispositions are there from account number 1 to account number 10?,0,0,adaptive,"```python
def compute_disp_feature(disp):
    return (disp['type'] == 'owner') | (disp['type'] == 'disposer')
```"
172,How many owner and disponent dispositions are there from account number 1 to account number 10?,0,1,adaptive,"```python
import pandas as pd

def compute_feature_disp(df_disp):
    # Filter the DataFrame for specific account numbers
    filtered_df = df_disp[(df_disp['account_id'] >= 1) & (df_disp['account_id'] <= 10)]
    
    # Count occurrences of 'owner' and 'disposer' types
    owner_count = len(filtered_df[filtered_df['type'] == 'owner'])
    disposer_count = len(filtered_df[filtered_df['type'] == 'disposer'])
    
    return {'num_owner': owner_count, 'num_disposer': disposer_count}
```"
172,How many owner and disponent dispositions are there from account number 1 to account number 10?,0,2,adaptive,"```python
def compute_feature(disp):
    return (disp['type'] == 'owner' | disp['type'] == 'disponent') & (disp['account_id'].between(1, 10))
```"
172,How many owner and disponent dispositions are there from account number 1 to account number 10?,0,3,adaptive,"```python
def count_owner_disponent_disp(disp):
    return (disp[(disp['account_id'] >= 1) & 
               (disp['account_id'] <= 10) & 
               ((disp['type'] == 'owner') | (disp['type'] == 'disponent'))]
            .shape[0])
```"
172,How many owner and disponent dispositions are there from account number 1 to account number 10?,0,4,adaptive,"```python
import pandas as pd

def count_owner_dispositions(disp):
    # Filter rows where account_id is between 1 and 10
    filtered_disp = disp[(disp['account_id'] >= 1) & (disp['account_id'] <= 10)]
    
    # Count occurrences of 'owner' and 'disposer'
    owner_count = filtered_disp[filtered_disp['type'] == 'owner'].shape[0]
    disposer_count = filtered_disp[filtered_disp['type'] == 'disposer'].shape[0]
    
    return owner_count, disposer_count
```"
173,How often does account number 3 request an account statement to be released? What was the aim of debiting 3539 in total?,1,0,adaptive,"```python
import pandas as pd

def compute_features(account, order):
    # Merge account and order dataframes on account_id
    merged_df = pd.merge(account, order, how='left', left_on='account_id', right_on='bank_to')

    # Filter rows where account_id is 3
    filtered_df = merged_df[merged_df['account_id'] == 3]

    # Count the number of requests for account statements
    statement_requests = filtered_df['order_id'].count()

    # Calculate the total amount debited from account 3
    total_amount_debited = filtered_df['amount'].sum()

    return statement_requests, total_amount_debited
```"
173,How often does account number 3 request an account statement to be released? What was the aim of debiting 3539 in total?,1,1,adaptive,"```python
import pandas as pd

def compute_features(account, order):
    # Filter account data for account_id = 3 and transaction type 'U' (statement release)
    stmt_release = account[(account['account_id'] == 3) & (account['k_symbol'] == 'U')]

    # Filter order data for transactions to account_id = 3
    to_account_3 = order[order['account_to'] == 3]

    # Merge statement releases with corresponding orders
    merged_df = pd.merge(stmt_release, to_account_3, left_on='date', right_on='date')

    # Calculate the frequency of statement releases per day
    freq_per_day = stmt_release.groupby('date').size()

    # Calculate the total amount debited for each statement release
    total_amount_debited = merged_df.groupby('date')['amount'].sum()

    return freq_per_day, total_amount_debited
```"
173,How often does account number 3 request an account statement to be released? What was the aim of debiting 3539 in total?,1,2,adaptive,"```python
import pandas as pd

def compute_features(account, order):
    # Filter account statements for account_id 3
    account_3 = account[account['account_id'] == 3]
    
    # Count the number of times account statements were requested
    num_requests = len(account_3)
    
    # Calculate the total amount debited from account 3 to account 3539
    debits_to_3539 = order[(order['account_from'] == 3) & (order['account_to'] == 3539)]
    total_debits = debits_to_3539['amount'].sum()
    
    return num_requests, total_debits
```"
173,How often does account number 3 request an account statement to be released? What was the aim of debiting 3539 in total?,1,3,adaptive,"```python
import pandas as pd

def feature_engineering(account, order):
    # Merge account and order dataframes on account_id
    merged_df = pd.merge(account, order, on='account_id')
    
    # Filter rows where account_id is 3
    filtered_df = merged_df[merged_df['account_id'] == 3]
    
    # Calculate how often account number 3 requests an account statement to be released
    release_frequency = filtered_df[filtered_df['k_symbol'] == 'VYBER'].shape[0]
    
    # Calculate the aim of debiting 3539 in total
    debit_amount = filtered_df[filtered_df['amount'] < 0]['amount'].sum()
    
    return release_frequency, debit_amount
```"
173,How often does account number 3 request an account statement to be released? What was the aim of debiting 3539 in total?,1,4,adaptive,"```python
import pandas as pd

def feature_engineering(account, order):
    # Filter rows where account_id is 3
    filtered_account = account[account['account_id'] == 3]
    
    # Merge the filtered account DataFrame with the order DataFrame on 'account_id'
    merged_df = pd.merge(filtered_account, order, on='account_id')
    
    # Count the number of times an account statement is requested
    account_statement_requests = merged_df['k_symbol'].value_counts()['VYBERU']
    
    # Sum up the amounts debited for a specific purpose (e.g., 'DEBIT')
    debit_amounts = merged_df[merged_df['k_symbol'] == 'DEBIT']['amount'].sum()
    
    return account_statement_requests, debit_amounts
```"
174,What year was account owner number 130 born?,2,0,adaptive,"```python
import pandas as pd

def calculate_birth_year(client, disp):
    merged_df = pd.merge(client, disp, left_on='client_id', right_on='client_id')
    birth_year = merged_df.loc[merged_df['client_id'] == 130, 'birth_date'].dt.year
    return birth_year
```"
174,What year was account owner number 130 born?,2,1,adaptive,"```python
import pandas as pd

def compute_birth_year(client, disp):
    merged_df = pd.merge(disp, client, left_on='client_id', right_on='client_id')
    result = merged_df.loc[merged_df['client_id'] == 130, 'birth_date'].dt.year
    return result.iloc[0] if not result.empty else None
```"
174,What year was account owner number 130 born?,2,2,adaptive,"```python
import pandas as pd

def compute_birth_year(client, disp):
    merged_df = pd.merge(client, disp, left_on='client_id', right_on='client_id')
    birth_year = merged_df.loc[merged_df['client_id'] == 130, 'birth_date'].dt.year.values[0]
    return birth_year
```"
174,What year was account owner number 130 born?,2,3,adaptive,"```python
import pandas as pd

def get_birth_year(df_client, df_disp):
    # Merge client and disp tables on client_id
    merged_df = pd.merge(df_client, df_disp, how='inner', left_on='client_id', right_on='client_id')
    
    # Filter for client with client_id = 130
    filtered_df = merged_df[merged_df['client_id'] == 130]
    
    # Extract birth year from birth_date column
    birth_year = filtered_df['birth_date'].dt.year
    
    return birth_year.values[0]
```"
174,What year was account owner number 130 born?,2,4,adaptive,"```python
import pandas as pd

def compute_birth_year(client, disp):
    # Merge client and disp tables on client_id to get the account holder's information
    merged_df = pd.merge(client, disp, left_on='client_id', right_on='client_id')
    
    # Filter the merged DataFrame to only include rows where the account holder is number 130
    filtered_df = merged_df[merged_df['client_id'] == 130]
    
    # Extract the birth year from the 'birth_date' column and return it
    birth_year = filtered_df['birth_date'].dt.year
    
    return birth_year
```"
175,How many accounts have an owner disposition and request for a statement to be generated upon a transaction?,1,0,adaptive,"```python
import pandas as pd

def compute_feature(account, disp):
    # Filter accounts where type is 'OWNER'
    owner_accounts = account[account['type'] == 'OWNER']
    
    # Join with disp table to get transactions for these accounts
    merged_df = pd.merge(owner_accounts, disp, on='account_id')
    
    # Count unique clients who meet the criteria
    result = len(merged_df['client_id'].unique())
    
    return result
```"
175,How many accounts have an owner disposition and request for a statement to be generated upon a transaction?,1,1,adaptive,"```python
import pandas as pd

def compute_feature(account, disp):
    # Filter accounts with 'owner' disposition
    owner_accounts = disp[disp['type'] == 'owner']['account_id']
    
    # Count unique accounts that match the criteria
    result = len(owner_accounts.unique())
    
    return pd.DataFrame({'feature_value': [result]})
```"
175,How many accounts have an owner disposition and request for a statement to be generated upon a transaction?,1,2,adaptive,"```python
import pandas as pd

def compute_feature(account, disp):
    # Merge the two tables on 'account_id'
    merged = pd.merge(account, disp, on='account_id')
    
    # Filter rows where 'type' is 'OWNER' and 'frequency' is 1 (request for statement)
    filtered = merged[(merged['type'] == 'OWNER') & (merged['frequency'] == 1)]
    
    # Return the number of unique 'account_id's in the filtered DataFrame
    return len(filtered['account_id'].unique())
```"
175,How many accounts have an owner disposition and request for a statement to be generated upon a transaction?,1,3,adaptive,"```python
import pandas as pd

def compute_feature(account, disp):
    # Merge the two tables on 'account_id'
    merged_df = pd.merge(account, disp, how='inner', on='account_id')
    
    # Filter rows where 'type' is 'owner' and 'frequency' is 1 (request for statement)
    filtered_df = merged_df[(merged_df['type'] == 'owner') & (merged_df['frequency'] == 1)]
    
    # Count the number of unique 'account_id's in the filtered DataFrame
    result = len(filtered_df['account_id'].unique())
    
    return result
```"
175,How many accounts have an owner disposition and request for a statement to be generated upon a transaction?,1,4,adaptive,"```python
import pandas as pd

def compute_feature(account, disp):
    # Filter for accounts with 'owner' disposition and 'stmt' request type
    filtered_disp = disp[(disp['type'] == 'stmt') & (disp['disp_id'].isin(account['account_id']))]
    
    # Get unique account ids from the filtered data
    unique_account_ids = filtered_disp['disp_id'].unique()
    
    return len(unique_account_ids)
```"
176,"What is the amount of debt that client number 992 has, and how is this client doing with payments?",3,0,adaptive,"```python
import pandas as pd

def compute_debt_and_payment_status(client_df, disp_df, account_df, loan_df):
    # Merge client and disp tables to get disp_id for client 992
    merged_disp = pd.merge(client_df, disp_df, on='client_id')
    
    # Filter rows where client_id is 992
    filtered_disp = merged_disp[merged_disp['client_id'] == 992]
    
    # Merge filtered_disp with account table to get account_ids associated with client 992
    merged_account = pd.merge(filtered_disp, account_df, on='disp_id')
    
    # Merge merged_account with loan table to get loan details
    merged_loan = pd.merge(merged_account, loan_df, on='account_id')
    
    # Calculate total debt amount
    total_debt = merged_loan['amount'].sum()
    
    # Get payment status for client 992
    payment_status = merged_loan['status'].value_counts().to_dict()
    
    return total_debt, payment_status
```"
176,"What is the amount of debt that client number 992 has, and how is this client doing with payments?",3,1,adaptive,"```python
import pandas as pd

def compute_debt_and_payment_status(client_data, disp_data, account_data, loan_data):
    # Merge tables to get all relevant data for client 992
    merged = pd.merge(client_data, disp_data, left_on='client_id', right_on='client_id')
    merged = pd.merge(merged, account_data, left_on='account_id', right_on='account_id')
    merged = pd.merge(merged, loan_data, left_on='account_id', right_on='account_id')

    # Filter for client 992
    client_992 = merged[merged['client_id'] == 992]

    # Compute total debt and payment status
    total_debt = client_992['amount'].sum()
    payment_status = client_992['status'].value_counts()

    return total_debt, payment_status
```"
176,"What is the amount of debt that client number 992 has, and how is this client doing with payments?",3,2,adaptive,"```python
import pandas as pd

def calculate_debt_and_payment_status(client_df, disp_df, account_df, loan_df):
    # Merge client and disp tables to get all dispositions for each client
    merged_client_disp = pd.merge(client_df, disp_df, on='client_id')

    # Merge the result with account table to get all accounts for each disposition
    merged_account_disp = pd.merge(merged_client_disp, account_df, on='account_id')

    # Merge the result with loan table to get all loans for each account
    merged_loan_disp_acc = pd.merge(merged_account_disp, loan_df, on='account_id')

    # Filter rows where client_id is 992
    filtered_data = merged_loan_disp_acc[merged_loan_disp_acc['client_id'] == 992]

    # Calculate total debt amount
    total_debt_amount = filtered_data['amount'].sum()

    # Calculate payment status
    payment_status = 'Fully Paid' if filtered_data['status'].max() == 'paid off' else 'Not Fully Paid'

    return total_debt_amount, payment_status
```"
176,"What is the amount of debt that client number 992 has, and how is this client doing with payments?",3,3,adaptive,"```python
import pandas as pd

def compute_debt_and_payment_status(client_data):
    # Merge client data with loan data to get loan details for each client
    merged_df = pd.merge(client_data, loan, left_on='client_id', right_on='account_id')
    
    # Filter for client with id 992
    client_992_df = merged_df[merged_df['client_id'] == 992]
    
    # Calculate total debt
    total_debt = client_992_df['amount'].sum()
    
    # Get payment status
    payment_status = client_992_df['status'].unique()[0] if not client_992_df['status'].empty else 'No loans'
    
    return total_debt, payment_status
```"
176,"What is the amount of debt that client number 992 has, and how is this client doing with payments?",3,4,adaptive,"```python
import pandas as pd

def compute_debt_and_payment_status(client):
    # Merge client and loan tables to get loans associated with the client
    merged = pd.merge(client, loan, left_on='client_id', right_on='account_id')

    # Filter for the specific client
    client_loans = merged[merged['client_id'] == 992]

    # Calculate total debt amount
    total_debt = client_loans['amount'].sum()

    # Check payment status (assuming 'status' column indicates whether payment is due or overdue)
    payment_status = 'Good' if client_loans['status'].isin(['complete']).all() else 'Bad'

    return total_debt, payment_status
```"
177,"What is the sum that client number 4's account has following transaction 851? Who owns this account, a man or a woman?",3,0,adaptive,"```python
import pandas as pd

def compute_features(client, disp, account, trans, card):
    # Merge data to get the account holder's gender and the transaction details
    merged_data = pd.merge(client, disp, on='client_id')
    merged_data = pd.merge(merged_data, account, on='account_id')
    merged_data = pd.merge(merged_data, trans, on='account_id')
    merged_data = pd.merge(merged_data, card, on='disp_id')

    # Filter for client number 4 and transaction 851
    filtered_data = merged_data[(merged_data['client_id'] == 4) & (merged_data['trans_id'] == 851)]

    # Calculate the sum of transactions following transaction 851
    following_transactions_sum = filtered_data['amount'].sum()

    # Determine if the account owner is a man or a woman
    account_owner_gender = 'Man' if filtered_data['gender'].iloc[0] == 'M' else 'Woman'

    return following_transactions_sum, account_owner_gender
```"
177,"What is the sum that client number 4's account has following transaction 851? Who owns this account, a man or a woman?",3,1,adaptive,"```python
import pandas as pd

def compute_feature(client_df, disp_df, account_df, trans_df):
    # Joining tables to get the required information
    joined = client_df.merge(disp_df, how='left', left_on='client_id', right_on='client_id')
    joined = joined.merge(account_df, how='left', left_on='account_id', right_on='account_id')
    joined = joined.merge(trans_df, how='left', left_on='account_id', right_on='account_id')

    # Filtering rows where the transaction ID is 851 and client ID is 4
    filtered = joined[(joined['trans_id'] == 851) & (joined['client_id'] == 4)]

    # Calculating the sum of the amounts from the transactions
    result_sum = filtered['amount'].sum()

    # Getting the gender of the client who owns this account
    gender = filtered.iloc[0]['gender']

    return result_sum, gender
```"
177,"What is the sum that client number 4's account has following transaction 851? Who owns this account, a man or a woman?",3,2,adaptive,"```python
import pandas as pd

def calculate_sum_and_gender(client_4_account_id, transaction_851):
    # Merge client and disp tables to get client information for each disp
    client_disp = pd.merge(client, disp, on='client_id')
    
    # Filter disp table to only include the account of interest
    account_of_interest = disp[disp['account_id'] == client_4_account_id]
    
    # Get the owner's gender based on the filtered disp table
    owner_gender = client_disp.loc[client_disp['disp_id'].isin(account_of_interest['disp_id']), 'gender']
    
    # Merge the account table with the trans table to get all transactions for the account of interest
    account_trans = pd.merge(account, trans, on='account_id')
    
    # Filter the merged table to only include transactions for the specific transaction id of interest
    transaction_of_interest = account_trans[account_trans['trans_id'] == transaction_851]
    
    # Calculate the sum of amounts for all transactions related to the account of interest
    total_amount = transaction_of_interest['amount'].sum()
    
    return total_amount, owner_gender.iloc[0] if not owner_gender.empty else None
```"
177,"What is the sum that client number 4's account has following transaction 851? Who owns this account, a man or a woman?",3,3,adaptive,"```python
import pandas as pd

def compute_feature(client_df, disp_df, account_df, trans_df):
    # Joining tables to get the required information
    joined_tables = pd.merge(client_df, disp_df, on='client_id')
    joined_tables = pd.merge(joined_tables, account_df, on='account_id')
    joined_tables = pd.merge(joined_tables, trans_df, on='account_id')

    # Filtering rows where client_id is 4 and transaction_id is 851
    filtered_rows = joined_tables[(joined_tables['client_id'] == 4) & (joined_tables['trans_id'] == 851)]

    # Calculating the sum of amounts for the transactions related to client 4 and transaction 851
    sum_amount = filtered_rows['amount'].sum()

    # Getting the gender of the owner of the account
    gender = 'Male' if filtered_rows.iloc[0]['gender'] == 1 else 'Female'

    return sum_amount, gender
```"
177,"What is the sum that client number 4's account has following transaction 851? Who owns this account, a man or a woman?",3,4,adaptive,"```python
import pandas as pd

def compute_feature(client, disp, account, trans):
    # Merge disp and account to get account holder information
    merged_disp_account = pd.merge(disp, account, how='left', left_on='account_id', right_on='account_id')
    
    # Filter rows where account holder is client number 4
    filtered_by_client = merged_disp_account[merged_disp_account['client_id'] == 4]
    
    # Get transactions related to account holder number 4
    related_transactions = pd.merge(filtered_by_client, trans, how='left', left_on='account_id', right_on='account_id')
    
    # Find the row corresponding to transaction 851
    transaction_851 = related_transactions[related_transactions['trans_id'] == 851]
    
    # Sum of amounts for transaction 851
    total_amount_transaction_851 = transaction_851['amount'].sum()
    
    # Determine if the owner is a man or a woman
    gender_owner = 'Male' if transaction_851['gender'].values[0] == 'M' else 'Female'
    
    return {'Total Amount for Transaction 851': total_amount_transaction_851,
            'Gender of Account Holder': gender_owner}
```"
178,Which kind of credit card does client number 9 possess?,2,0,adaptive,"```python
import pandas as pd

def get_credit_card_type(client_df, disp_df, card_df):
    # Merge client and disp tables to find all accounts per client
    merged_client_disp = pd.merge(client_df, disp_df, how='left', left_on='client_id', right_on='client_id')
    
    # Filter for client with ID 9
    client_9_accounts = merged_client_disp[merged_client_disp['client_id'] == 9]
    
    # Merge with card table to find card details for each account
    result = pd.merge(client_9_accounts, card_df, how='left', left_on='disp_id', right_on='disp_id')
    
    return result[['type_x']].drop_duplicates().rename(columns={'type_x': 'card_type'})
```"
178,Which kind of credit card does client number 9 possess?,2,1,adaptive,"```python
def get_credit_card_type(client_data, disp_data, card_data):
    # Merge client and disp dataframes to link clients with their accounts
    merged_disp = pd.merge(client_data, disp_data, how='left', left_on='client_id', right_on='client_id')
    
    # Merge merged_disp dataframe with card dataframes to link accounts with cards
    merged_cards = pd.merge(merged_disp, card_data, how='left', left_on='disp_id', right_on='disp_id')
    
    # Filter rows where client_id is 9
    filtered_df = merged_cards[merged_cards['client_id'] == 9]
    
    # Extract unique card types
    card_types = filtered_df['type'].unique()
    
    return card_types
```"
178,Which kind of credit card does client number 9 possess?,2,2,adaptive,"```python
def get_credit_card_type(client_number):
    # Join card and disp tables to get card types for each display number
    card_disp = pd.merge(card, disp, how='left', left_on='disp_id', right_on='disp_id')
    
    # Filter rows where the client number matches the input
    filtered_cards = card_disp[card_disp['client_id'] == client_number]
    
    # Return the unique types of cards possessed by the client
    return filtered_cards['type'].unique()
```"
178,Which kind of credit card does client number 9 possess?,2,3,adaptive,"```python
import pandas as pd

def get_credit_card_type(df_client, df_disp, df_card, client_id):
    # Merge client and disp tables to find all accounts associated with the client
    merged_df = pd.merge(df_client[df_client['client_id'] == client_id], 
                        df_disp, 
                        how='inner', 
                        left_on='client_id', 
                        right_on='client_id')
    
    # Merge resulting DataFrame with card table to find card details
    result = pd.merge(merged_df, 
                      df_card, 
                      how='inner', 
                      left_on='disp_id', 
                      right_on='disp_id')
    
    return result[['type']]
```"
178,Which kind of credit card does client number 9 possess?,2,4,adaptive,"```python
import pandas as pd

def get_credit_card_type(client_number):
    # Join disp and card tables to find card types for each client
    joined_disp_card = pd.merge(disp, card, how='left', left_on='disp_id', right_on='disp_id')
    
    # Filter rows where the client id matches the input
    filtered_data = joined_disp_card[joined_disp_card['client_id'] == client_number]
    
    # Extract unique card types for the client
    unique_cards = filtered_data['type'].unique()
    
    return unique_cards
```"
179,"How much, in total, did client number 617 pay for all of the transactions in 1998?",3,0,adaptive,"```python
import pandas as pd

def compute_payment_amount(client_df, disp_df, account_df, trans_df):
    # Merge disp and client to get client information
    merged_disp_client = pd.merge(disp_df, client_df, on='client_id')
    
    # Filter for client 617
    client_617 = merged_disp_client[merged_disp_client['client_id'] == 617]
    
    # Merge client_617 with account to get account information
    merged_acc = pd.merge(client_617, account_df, on='account_id')
    
    # Filter for 1998 transactions
    trans_1998 = trans_df[(trans_df['date'].dt.year == 1998) & (trans_df['type'] == 'PRIJEM')]
    
    # Merge account with trans_1998 to get transaction details
    merged_trans = pd.merge(merged_acc, trans_1998, on='account_id')
    
    # Calculate total payment amount
    total_payment = merged_trans['amount'].sum()
    
    return total_payment
```"
179,"How much, in total, did client number 617 pay for all of the transactions in 1998?",3,1,adaptive,"```python
import pandas as pd

def calculate_total_payment(df_client, df_disp, df_account, df_trans):
    # Merge dataframes to get transaction details for client 617
    merged = pd.merge(df_client[df_client['client_id'] == 617], 
                      df_disp, 
                      left_on='client_id', 
                      right_on='client_id')
    merged = pd.merge(merged, 
                      df_account, 
                      left_on='account_id', 
                      right_on='account_id')
    merged = pd.merge(merged, 
                      df_trans, 
                      left_on='account_id', 
                      right_on='account_id')

    # Filter transactions from 1998 and type 'PRI' (payment)
    filtered = merged[(merged['date'].dt.year == 1998) & (merged['type'] == 'PRI')]

    # Calculate total payment amount
    total_payment = filtered['amount'].sum()

    return total_payment
```"
179,"How much, in total, did client number 617 pay for all of the transactions in 1998?",3,2,adaptive,"```python
import pandas as pd

def compute_payment_amount(client_617_trans):
    # Filter transactions made by client number 617 and occurred in 1998
    filtered_data = client_617_trans[(client_617_trans['client_id'] == 617) & (client_617_trans['date'].dt.year == 1998)]
    
    # Calculate the total payment amount
    total_payment = filtered_data[filtered_data['operation'] == 'VYBER']['amount'].sum()
    
    return total_payment
```"
179,"How much, in total, did client number 617 pay for all of the transactions in 1998?",3,3,adaptive,"```python
import pandas as pd

def compute_total_paid(client_data, transaction_data):
    # Merge client data and transaction data based on client_id
    merged_data = pd.merge(client_data, transaction_data, left_on='client_id', right_on='account_id')
    
    # Filter for client number 617 and transactions in 1998
    filtered_data = merged_data[(merged_data['client_id'] == 617) & (merged_data['date'].dt.year == 1998)]
    
    # Calculate the total paid by summing up the amounts where operation is 'PRIJEM'
    total_paid = filtered_data[filtered_data['operation'] == 'PRIJEM']['amount'].sum()
    
    return total_paid
```"
179,"How much, in total, did client number 617 pay for all of the transactions in 1998?",3,4,adaptive,"```python
import pandas as pd

def compute_feature(client, disp, account, trans):
    # Merge tables to get transaction details for client 617
    merged = pd.merge(client, disp, on='client_id')
    merged = pd.merge(merged, account, on='account_id')
    merged = pd.merge(merged, trans, on='account_id')

    # Filter for client 617 and transactions from 1998
    filtered = merged[(merged['client_id'] == 617) & (merged['date'].dt.year == 1998)]

    # Calculate total payments made by client 617 in 1998
    total_payment = filtered[filtered['type'] == 'PRI']['balance'].sum()

    return total_payment
```"
180,"Please provide a list of clients who were born between 1983 and 1987 and whose account branch is in East Bohemia, along with their IDs.",2,0,adaptive,"```python
import pandas as pd

def compute_feature(client, district, disp, account):
    # Merge tables to get the necessary information
    merged = pd.merge(client, disp, left_on='client_id', right_on='client_id')
    merged = pd.merge(merged, account, left_on='account_id', right_on='account_id')
    merged = pd.merge(merged, district, left_on='district_id', right_on='district_id')

    # Filter based on conditions
    condition = (merged['birth_date'].dt.year >= 1983) & (merged['birth_date'].dt.year <= 1987) & \
               (merged['A1'] == 'East Bohemia')
    
    result = merged[condition][['client_id']]
    return result
```"
180,"Please provide a list of clients who were born between 1983 and 1987 and whose account branch is in East Bohemia, along with their IDs.",2,1,adaptive,"```python
import pandas as pd

def compute_feature(client, district, disp, account):
    # Filter clients born between 1983 and 1987
    client_filtered = client[(client['birth_date'].dt.year >= 1983) & (client['birth_date'].dt.year <= 1987)]
    
    # Join client and district to get district information for each client
    client_district = pd.merge(client_filtered, district, how='left', left_on='district_id', right_index=True)
    
    # Filter accounts from East Bohemia
    account_east_bohemia = account[account['A8'] == 'East Bohemia']
    
    # Join account with client-district to get all relevant data
    result = pd.merge(client_district, account_east_bohemia, how='inner', left_on='client_id', right_on='client_id')
    
    # Select required columns
    result = result[['client_id', 'gender', 'birth_date']]
    
    return result
```"
180,"Please provide a list of clients who were born between 1983 and 1987 and whose account branch is in East Bohemia, along with their IDs.",2,2,adaptive,"```python
import pandas as pd

def get_clients_data(client, district, disp, account):
    # Merge client and district data to get district info for each client
    merged = pd.merge(client, district, how='left', left_on='district_id', right_index=True)
    
    # Filter clients born between 1983 and 1987
    merged['birth_year'] = pd.to_datetime(merged['birth_date']).dt.year
    filtered = merged[(merged['birth_year'] >= 1983) & (merged['birth_year'] <= 1987)]
    
    # Merge with disp and account data to get account details
    merged_disp_account = pd.merge(filtered, disp, how='left', left_on='client_id', right_on='client_id')
    final_merged = pd.merge(merged_disp_account, account, how='left', left_on='account_id', right_on='account_id')
    
    # Filter accounts where branch is in East Bohemia
    east_bohemia_accounts = final_merged[final_merged['A1'].isin(['East Bohemia'])]
    
    # Select required columns
    result = east_bohemia_accounts[['client_id']]
    
    return result
```"
180,"Please provide a list of clients who were born between 1983 and 1987 and whose account branch is in East Bohemia, along with their IDs.",2,3,adaptive,"```python
import pandas as pd

def compute_feature(client, district, disp, account):
    # Merge client and district tables to get district information for each client
    client_with_district = pd.merge(client, district, left_on='district_id', right_index=True)

    # Filter clients born between 1983 and 1987
    filtered_clients = client_with_district[(client_with_district['birth_date'].dt.year >= 1983) & 
                                         (client_with_district['birth_date'].dt.year <= 1987)]

    # Merge with disp table to get account details
    merged_disp = pd.merge(filtered_clients, disp, left_on='client_id', right_on='client_id')

    # Merge with account table to get account branch information
    merged_account = pd.merge(merged_disp, account, left_on='account_id', right_on='account_id')

    # Select relevant columns and drop duplicates
    result = merged_account[['client_id', 'A2']].drop_duplicates()

    return result
```"
180,"Please provide a list of clients who were born between 1983 and 1987 and whose account branch is in East Bohemia, along with their IDs.",2,4,adaptive,"```python
import pandas as pd

def compute_feature(client, district, disp, account):
    # Merge client and district dataframes on district_id
    merged = pd.merge(client, district, on='district_id')
    
    # Filter clients born between 1983 and 1987
    filtered_clients = merged[(merged['birth_date'].dt.year >= 1983) & (merged['birth_date'].dt.year <= 1987)]
    
    # Merge filtered_clients with disp dataframe on client_id
    merged_disp = pd.merge(filtered_clients, disp, on='client_id')
    
    # Merge merged_disp with account dataframe on account_id
    final_merged = pd.merge(merged_disp, account, on='account_id')
    
    # Filter accounts where branch is in East Bohemia
    final_merged = final_merged[final_merged['A3'] == 'East Bohemia']
    
    # Select required columns
    result = final_merged[['client_id', 'disp_id']]
    
    return result
```"
181,Please provide the IDs of the 3 female clients with the largest loans.,2,0,adaptive,"```python
import pandas as pd

def compute_feature(client, disp, account, loan):
    # Merge client and disp tables to get gender information for each disp record
    merged_disp = pd.merge(disp, client[['client_id', 'gender']], how='left', on='client_id')
    
    # Merge merged_disp and account tables to get account details for each disp record
    merged_account = pd.merge(merged_disp, account, how='left', on='account_id')
    
    # Merge merged_account and loan tables to get loan details for each disp record
    merged_loan = pd.merge(merged_account, loan, how='left', on='account_id')
    
    # Filter out non-female clients
    merged_loan = merged_loan[merged_loan['gender'] == 'female']
    
    # Sort by loan amount in descending order and select top 3
    result = merged_loan.sort_values(by='amount', ascending=False).head(3)['disp_id'].reset_index(drop=True)
    
    return result
```"
181,Please provide the IDs of the 3 female clients with the largest loans.,2,1,adaptive,"```python
import pandas as pd

def get_female_clients_with_largest_loans(client, disp, account, loan):
    # Merge all tables to connect loan information with client information
    merged_df = pd.merge(loan, account, how='left', left_on='account_id', right_on='account_id')
    merged_df = pd.merge(merged_df, disp, how='left', left_on='account_id', right_on='account_id')
    merged_df = pd.merge(merged_df, client, how='left', left_on='client_id', right_on='client_id')

    # Filter for female clients and select necessary columns
    female_clients = merged_df[merged_df['gender'] == 'female'][['client_id', 'amount']]
    
    # Sort by loan amount in descending order and select top 3
    result = female_clients.sort_values(by='amount', ascending=False).head(3)['client_id']
    
    return result
```"
181,Please provide the IDs of the 3 female clients with the largest loans.,2,2,adaptive,"```python
import pandas as pd

def compute_feature(client, disp, account, loan):
    # Merging tables to get the required information
    merged_disp = pd.merge(client, disp, on='client_id')
    merged_account = pd.merge(merged_disp, account, on='account_id')
    merged_loan = pd.merge(merged_account, loan, on='account_id')

    # Filtering for female clients and sorting by loan amount in descending order
    female_clients = merged_loan[merged_loan['gender'] == 'female']
    sorted_female_clients = female_clients.sort_values(by='amount', ascending=False)

    # Selecting the top 3 clients with the largest loans
    result = sorted_female_clients.head(3)['client_id']

    return result
```"
181,Please provide the IDs of the 3 female clients with the largest loans.,2,3,adaptive,"```python
import pandas as pd

def compute_feature(client, disp, account, loan):
    # Merge tables to get all necessary information
    merged = pd.merge(client, disp, on='client_id')
    merged = pd.merge(merged, account, on='account_id')
    merged = pd.merge(merged, loan, on='account_id')

    # Filter only female clients and their loans
    female_clients = merged[merged['gender'] == 'female']

    # Sort by loan amount in descending order and select top 3
    result = female_clients.sort_values(by='amount', ascending=False).head(3)['client_id'].tolist()

    return result
```"
181,Please provide the IDs of the 3 female clients with the largest loans.,2,4,adaptive,"```python
import pandas as pd

def get_female_clients_with_largest_loans(client, disp, account, loan):
    # Merge tables to get necessary information
    merged_disp = pd.merge(client, disp, how='left', left_on='client_id', right_on='client_id')
    merged_account = pd.merge(merged_disp, account, how='left', left_on='account_id', right_on='account_id')
    merged_loan = pd.merge(merged_account, loan, how='left', left_on='account_id', right_on='account_id')

    # Filter for female clients and sort by loan amount in descending order
    female_clients = merged_loan[merged_loan['gender'] == 'female'].sort_values(by='amount', ascending=False)

    # Select top 3 clients
    result = female_clients[['client_id']].head(3).reset_index(drop=True)
    
    return result
```"
182,How many male customers who were born between 1974 and 1976 have made a payment on their home in excess of $4000?,3,0,adaptive,"```python
import pandas as pd

def compute_feature(trans, account, disp, client):
    # Filter transactions to include only payments on homes
    payments = trans[(trans['type'] == 'U') & (trans['operation'] == 'M')]
    
    # Merge with account data to get account details
    payments = payments.merge(account, on='account_id')
    
    # Merge with disp data to get display details
    payments = payments.merge(disp, on='account_id')
    
    # Merge with client data to get customer details
    payments = payments.merge(client, on='client_id')
    
    # Filter to include only male customers born between 1974 and 1976
    male_customers_1974_1976 = payments[(payments['gender'] == 'M') &
                                        (pd.to_datetime(payments['birth_date']).dt.year >= 1974) &
                                        (pd.to_datetime(payments['birth_date']).dt.year <= 1976)]
    
    # Filter to include only payments over $4000
    high_value_payments = male_customers_1974_1976[male_customers_1974_1976['amount'] > 4000]
    
    # Return the count of such transactions
    return len(high_value_payments)
```"
182,How many male customers who were born between 1974 and 1976 have made a payment on their home in excess of $4000?,3,1,adaptive,"```python
import pandas as pd

def feature_engineering(trans, account, disp, client, card):
    # Merge tables to get necessary information
    merged_df = pd.merge(trans, account, left_on='account_id', right_on='account_id')
    merged_df = pd.merge(merged_df, disp, left_on='account_id', right_on='account_id')
    merged_df = pd.merge(merged_df, client, left_on='client_id', right_on='client_id')

    # Filter transactions for payments made on homes over $4000
    filtered_df = merged_df[(merged_df['type'] == 'payment') & 
                          (merged_df['operation'] == 'out') & 
                          (merged_df['amount'] > 4000) &
                          (merged_df['k_symbol'].str.contains('house'))]

    # Filter clients for males born between 1974 and 1976
    age_filter = (filtered_df['birth_date'].dt.year >= 1974) & (filtered_df['birth_date'].dt.year <= 1976)
    gender_filter = filtered_df['gender'] == 'M'
    final_filtered_df = filtered_df[age_filter & gender_filter]

    # Count the number of unique customer IDs meeting the criteria
    result = len(final_filtered_df['client_id'].unique())
    
    return result
```"
182,How many male customers who were born between 1974 and 1976 have made a payment on their home in excess of $4000?,3,2,adaptive,"```python
import pandas as pd

def calculate_feature(trans, account, disp, client, card):
    # Filter transactions where operation is 'VT' (payment) and type is 'H' (home)
    filtered_trans = trans[(trans['operation'] == 'VT') & (trans['type'] == 'H')]
    
    # Merge transaction data with account data to get district_id
    merged_trans_account = pd.merge(filtered_trans, account, on='account_id')
    
    # Merge result with client data to get gender and birth_date
    merged_trans_account_client = pd.merge(merged_trans_account, client, left_on='district_id', right_on='district_id')
    
    # Filter for male customers born between 1974 and 1976
    filtered_customers = merged_trans_account_client[
        (merged_trans_account_client['gender'] == 'M') &
        (merged_trans_account_client['birth_date'].dt.year >= 1974) &
        (merged_trans_account_client['birth_date'].dt.year <= 1976)
    ]
    
    # Filter transactions for amounts over $4000
    final_filtered = filtered_customers[filtered_customers['amount'] > 4000]
    
    # Count the number of such transactions
    result = len(final_filtered)
    
    return result
```"
182,How many male customers who were born between 1974 and 1976 have made a payment on their home in excess of $4000?,3,3,adaptive,"```python
import pandas as pd

def feature_engineering(home_ownership_trans, home_ownership_disp, home_ownership_client):
    # Merge tables to get all transactions related to home ownership
    merged_df = pd.merge(home_ownership_trans, home_ownership_disp, how='inner', left_on='account_id', right_on='account_id')
    merged_df = pd.merge(merged_df, home_ownership_client, how='inner', left_on='client_id', right_on='client_id')

    # Filter transactions for payments (type 'P') on home accounts (operation 'POUZE' or 'POZI')
    filtered_df = merged_df[(merged_df['type'] == 'P') & 
                           ((merged_df['operation'] == 'POUZE') | (merged_df['operation'] == 'POZI'))]

    # Filter for male clients born between 1974 and 1976
    filtered_df = filtered_df[
        (filtered_df['gender'] == 'M') &
        (filtered_df['birth_date'].str[:4].astype(int) >= 1974) &
        (filtered_df['birth_date'].str[:4].astype(int) <= 1976)
    ]

    # Calculate total payment amount per transaction
    filtered_df['total_payment'] = filtered_df['amount']

    # Sum up the total payment amount for each client
    result = filtered_df.groupby(['client_id']).agg({'total_payment': 'sum'}).reset_index()

    return result
```"
182,How many male customers who were born between 1974 and 1976 have made a payment on their home in excess of $4000?,3,4,adaptive,"```python
import pandas as pd

def feature_engineering(trans, account, disp, client, card):
    # Merge all tables to get necessary information
    merged = pd.merge(trans, disp, on='disp_id')
    merged = pd.merge(merged, client, on='client_id')
    
    # Filter for male customers born between 1974 and 1976
    filtered = merged[(merged['gender'] == 'M') & 
                      (merged['birth_date'].dt.year >= 1974) & 
                      (merged['birth_date'].dt.year <= 1976)]
    
    # Filter for payments on homes over $4000
    final = filtered[(filtered['type'] == 'payment') & 
                    (filtered['k_symbol'] == 'Housing') & 
                    (filtered['amount'] > 4000)]
    
    return len(final)
```"
183,How many accounts in Beroun were opened after 1996?,1,0,adaptive,"```python
import pandas as pd

def compute_feature(account, district):
    # Merge account and district dataframes based on district_id
    merged_df = pd.merge(account, district, how='left', on='district_id')
    
    # Filter rows where district name is 'Beroun' and date is after '1996'
    filtered_df = merged_df[(merged_df['A2'] == 'Beroun') & (merged_df['date'].dt.year > 1996)]
    
    # Count the number of accounts meeting the criteria
    result = len(filtered_df)
    
    return result
```"
183,How many accounts in Beroun were opened after 1996?,1,1,adaptive,"```python
import pandas as pd

def feature_2(account, district):
    # Merge account and district dataframes on district_id
    merged_df = pd.merge(account, district, how='left', on='district_id')
    
    # Filter rows where A2 is 'Beroun' and date is after '1996'
    filtered_df = merged_df[(merged_df['A2'] == 'Beroun') & (merged_df['date'] > '1996')]
    
    # Count the number of unique account IDs
    result = len(filtered_df['account_id'].unique())
    
    return result
```"
183,How many accounts in Beroun were opened after 1996?,1,2,adaptive,"```python
import pandas as pd

def compute_feature(account, district):
    # Merge account and district tables on district_id
    merged_df = pd.merge(account, district, on='district_id')
    
    # Filter rows where A2 is 'Beroun' and date is after '1996'
    filtered_df = merged_df[(merged_df['A2'] == 'Beroun') & (merged_df['date'] > '1996')]
    
    # Count the number of unique account_ids
    result = len(filtered_df['account_id'].unique())
    
    return result
```"
183,How many accounts in Beroun were opened after 1996?,1,3,adaptive,"```python
import pandas as pd

def compute_feature(account, district):
    # Merge account and district dataframes based on district_id
    merged_df = pd.merge(account, district, on='district_id')
    
    # Filter for accounts opened in Beroun after 1996
    filtered_df = merged_df[(merged_df['A2'] == 'Beroun') & (merged_df['date'].str.startswith('1997'))]
    
    # Return the count of such accounts
    return len(filtered_df)
```"
183,How many accounts in Beroun were opened after 1996?,1,4,adaptive,"```python
import pandas as pd

def compute_feature(account, district):
    # Merge account and district tables based on district_id
    merged_df = pd.merge(account, district, how='left', left_on='district_id', right_index=True)

    # Filter rows where A2 is 'Beroun' and date is after '1996'
    filtered_df = merged_df[(merged_df['A2'] == 'Beroun') & (merged_df['date'] > '1996')]

    # Count the number of unique account_ids
    result = len(filtered_df['account_id'].unique())
    
    return result
```"
184,How many female customers have a junior credit card?,2,0,adaptive,"```python
import pandas as pd

def compute_feature(client, disp, card):
    # Merge client and disp tables on client_id
    merged_client_disp = pd.merge(client, disp, on='client_id')
    
    # Filter for female clients
    female_clients = merged_client_disp[merged_client_disp['gender'] == 'female']
    
    # Merge filtered female clients with card table on disp_id
    merged_female_cards = pd.merge(female_clients, card, on='disp_id')
    
    # Filter for junior credit cards (assuming type contains 'junior' in the description)
    junior_credit_cards = merged_female_cards[merged_female_cards['type'].str.contains('junior', case=False)]
    
    # Count the number of unique female customers with junior credit cards
    result = len(junior_credit_cards.drop_duplicates(subset=['client_id']))
    
    return result
```"
184,How many female customers have a junior credit card?,2,1,adaptive,"```python
import pandas as pd

def compute_feature(client, disp, card):
    # Merge client and disp on client_id to get gender information
    merged_client_disp = pd.merge(client, disp, on='client_id')
    
    # Filter only female clients
    female_clients = merged_client_disp[merged_client_disp['gender'] == 'female']
    
    # Merge female_clients and card on disp_id to get card details
    merged_female_card = pd.merge(female_clients, card, on='disp_id')
    
    # Filter junior cards (type contains 'junior')
    junior_cards = merged_female_card[merged_female_card['type'].str.contains('junior')]
    
    # Count distinct client_ids to get number of female customers with junior credit cards
    result = junior_cards[['client_id']].drop_duplicates().shape[0]
    
    return result
```"
184,How many female customers have a junior credit card?,2,2,adaptive,"```python
import pandas as pd

def feature_engineering(client, disp, card):
    # Merge tables to get necessary information
    merged_disp = pd.merge(disp, card, how='left', left_on='disp_id', right_on='disp_id')
    merged_client = pd.merge(merged_disp, client, how='left', left_on='client_id', right_on='client_id')

    # Filter female customers with junior credit cards
    filtered_customers = merged_client[(merged_client['gender'] == 'female') & (merged_client['type'] == 'junior')]

    # Count the number of such customers
    result = len(filtered_customers)

    return result
```"
184,How many female customers have a junior credit card?,2,3,adaptive,"```python
import pandas as pd

def compute_feature(df_client, df_disp, df_card):
    # Merge tables to get necessary information
    merged = df_client.merge(df_disp, left_on='client_id', right_on='client_id')
    merged = merged.merge(df_card, left_on='disp_id', right_on='disp_id')

    # Filter for female clients and junior credit cards
    filtered = merged[(merged['gender'] == 'female') & (merged['type'] == 'junior')]

    # Count the number of such customers
    result = len(filtered)

    return result
```"
184,How many female customers have a junior credit card?,2,4,adaptive,"```python
import pandas as pd

def feature_female_junior_credit_card(client, disp, card):
    # Merge client and disp tables to get gender information for each account holder
    merged_disp = pd.merge(client, disp, how='inner', left_on='client_id', right_on='client_id')
    
    # Merge merged_disp and card tables to get card type information for each account
    merged_card = pd.merge(merged_disp, card, how='inner', left_on='disp_id', right_on='disp_id')
    
    # Filter rows where the card type is 'junior' and the gender is 'female'
    filtered_data = merged_card[(merged_card['type_x'] == 'junior') & (merged_card['gender'] == 'female')]
    
    # Return the count of such customers
    return len(filtered_data)
```"
185,What proportion of customers who have accounts at the Prague branch are female?,1,0,adaptive,"```python
import pandas as pd

def compute_female_ratio(prague_clients):
    prague_clients['female'] = prague_clients['gender'].apply(lambda x: 1 if x == 'F' else 0)
    return prague_clients['female'].mean()
```"
185,What proportion of customers who have accounts at the Prague branch are female?,1,1,adaptive,"```python
import pandas as pd

def compute_feature(df_client):
    # Filter clients from the Prague branch
    prague_clients = df_client[df_client['district_id'] == 'Prague']
    
    # Count the number of female clients
    female_count = prague_clients[prague_clients['gender'] == 'Female'].shape[0]
    
    # Calculate the total number of clients in the Prague branch
    total_count = prague_clients.shape[0]
    
    # Compute the proportion of female clients
    if total_count > 0:
        proportion_female = female_count / total_count
    else:
        proportion_female = 0
    
    return proportion_female
```"
185,What proportion of customers who have accounts at the Prague branch are female?,1,2,adaptive,"```python
import pandas as pd

def compute_female_ratio_at_prague(df_client, df_district):
    # Merge the two dataframes on district_id to get full district information
    merged_df = pd.merge(df_client, df_district, how='left', left_on='district_id', right_on='district_id')
    
    # Filter rows where the district name is 'Prague'
    prague_clients = merged_df[merged_df['A2'] == 'Prague']
    
    # Count the number of female clients in Prague
    num_female_clients = prague_clients[prague_clients['gender'] == 'female'].shape[0]
    
    # Calculate the total number of clients in Prague
    total_clients = prague_clients.shape[0]
    
    # Compute the ratio of female clients
    if total_clients == 0:
        return None  # Avoid division by zero if there are no clients in Prague
    
    female_ratio = num_female_clients / total_clients
    
    return female_ratio
```"
185,What proportion of customers who have accounts at the Prague branch are female?,1,3,adaptive,"```python
import pandas as pd

def calculate_female_proportion(prague_accounts):
    # Merge prague_accounts with district table to get district information
    merged_df = pd.merge(prague_accounts, district, left_on='district_id', right_on='district_id')
    
    # Filter rows where A2 is 'Prague'
    prague_customers = merged_df[merged_df['A2'] == 'Prague']
    
    # Calculate the proportion of female customers
    female_count = prague_customers[prague_customers['gender'] == 'female'].shape[0]
    total_count = prague_customers.shape[0]
    female_proportion = female_count / total_count if total_count > 0 else 0
    
    return female_proportion
```"
185,What proportion of customers who have accounts at the Prague branch are female?,1,4,adaptive,"```python
import pandas as pd

def compute_feature(district, client):
    prague_branch = district[district['A2'] == 'Prague']
    merged_data = pd.merge(prague_branch, client, left_on='district_id', right_on='district_id')
    female_count = merged_data[merged_data['gender'] == 'F'].shape[0]
    total_customers = merged_data.shape[0]
    return female_count / total_customers if total_customers > 0 else 0
```"
186,What percentage of male clients request for weekly statements to be issued?,2,0,adaptive,"```python
import pandas as pd

def compute_feature(client, account):
    # Merge client and account dataframes on client_id
    merged_df = pd.merge(client, account, on='client_id', how='left')
    
    # Filter for male clients
    male_clients = merged_df[merged_df['gender'] == 'M']
    
    # Calculate total number of male clients
    total_male_clients = len(male_clients)
    
    # Count unique accounts requested by male clients
    unique_accounts = male_clients.drop_duplicates(subset=['account_id'])
    num_unique_accounts = len(unique_accounts)
    
    # Compute percentage
    if total_male_clients > 0:
        percentage = (num_unique_accounts / total_male_clients) * 100
    else:
        percentage = 0
    
    return percentage
```"
186,What percentage of male clients request for weekly statements to be issued?,2,1,adaptive,"```python
import pandas as pd

def compute_feature(client, account):
    # Merge client and account dataframes on 'client_id'
    merged_data = pd.merge(client, account, how='left', left_on='client_id', right_on='client_id')
    
    # Filter rows where frequency is 'weekly' and gender is 'male'
    filtered_data = merged_data[(merged_data['frequency'] == 'weekly') & (merged_data['gender'] == 'male')]
    
    # Calculate the total number of male clients requesting weekly statements
    total_male_clients_requesting_weekly_statements = len(filtered_data)
    
    # Calculate the total number of male clients
    total_male_clients = len(merged_data[merged_data['gender'] == 'male'])
    
    # Compute the percentage
    if total_male_clients == 0:
        return 0
    else:
        return (total_male_clients_requesting_weekly_statements / total_male_clients) * 100
```"
186,What percentage of male clients request for weekly statements to be issued?,2,2,adaptive,"```python
import pandas as pd

def compute_feature(client, account):
    # Merge client and account tables on client_id
    merged = pd.merge(client, account, left_on='client_id', right_on='client_id')
    
    # Filter rows where account frequency is 'weekly'
    weekly_accounts = merged[merged['frequency'] == 'weekly']
    
    # Calculate the total number of weekly accounts
    total_weekly_accounts = len(weekly_accounts)
    
    # Count the number of male clients with weekly accounts
    male_clients_with_weekly_accounts = weekly_accounts[weekly_accounts['gender'] == 'male']['client_id'].nunique()
    
    # Calculate the percentage of male clients with weekly accounts
    if total_weekly_accounts == 0:
        percentage = 0
    else:
        percentage = (male_clients_with_weekly_accounts / total_weekly_accounts) * 100
    
    return percentage
```"
186,What percentage of male clients request for weekly statements to be issued?,2,3,adaptive,"```python
import pandas as pd

def calculate_male_clients_weekly_statements(client, disp):
    # Merge client and disp tables on client_id
    merged_df = pd.merge(client, disp, on='client_id')
    
    # Filter rows where type is 'K' (weekly statement) and gender is 'M' (male)
    filtered_df = merged_df[(merged_df['type'] == 'K') & (merged_df['gender'] == 'M')]
    
    # Calculate the percentage of male clients who requested weekly statements
    total_male_clients = len(filtered_df['client_id'])
    total_clients = len(merged_df[merged_df['gender'] == 'M'])
    percentage = (total_male_clients / total_clients) * 100
    
    return percentage
```"
186,What percentage of male clients request for weekly statements to be issued?,2,4,adaptive,"```python
import pandas as pd

def compute_feature(client, account):
    # Filter for male clients and accounts with weekly statement frequency
    filtered_data = client.merge(account, how='inner', left_on='district_id', right_on='district_id')
    male_clients_weekly_statement = filtered_data[(filtered_data['gender'] == 'M') & (filtered_data['frequency'] == 7)]
    
    # Calculate the percentage of male clients requesting weekly statements
    total_male_clients = len(filtered_data[filtered_data['gender'] == 'M'])
    percentage = (len(male_clients_weekly_statement) / total_male_clients) * 100 if total_male_clients > 0 else 0
    
    return {'male_clients_requesting_weekly_statements': percentage}
```"
187,How many clients who choose statement of weekly issuance are Owner?,1,0,adaptive,"```python
import pandas as pd

def compute_feature(account, disp):
    # Merge account and disp dataframes on 'account_id' column
    merged_df = pd.merge(account, disp, on='account_id')
    
    # Filter rows where 'type' is 'OWNER'
    owner_clients = merged_df[merged_df['type'] == 'OWNER']
    
    # Further filter to only include those with 'frequency' as 'weekly'
    weekly_owner_clients = owner_clients[owner_clients['frequency'] == 'weekly']
    
    # Count unique 'client_id's from the filtered dataframe
    num_weekly_owner_clients = len(weekly_owner_clients['client_id'].unique())
    
    return num_weekly_owner_clients
```"
187,How many clients who choose statement of weekly issuance are Owner?,1,1,adaptive,"```python
import pandas as pd

def compute_feature(account, disp):
    # Merge account and disp dataframes on account_id
    merged = pd.merge(account, disp, on='account_id')
    
    # Filter rows where type is 'Owner' and frequency is 'weekly'
    filtered = merged[(merged['type'] == 'OWNER') & (merged['frequency'] == 'weekly')]
    
    # Count distinct clients
    result = len(filtered['client_id'].unique())
    
    return result
```"
187,How many clients who choose statement of weekly issuance are Owner?,1,2,adaptive,"```python
import pandas as pd

def compute_feature(account, disp):
    # Merge account and disp tables on account_id
    merged_df = pd.merge(account, disp, on='account_id')
    
    # Filter rows where frequency is 'weekly' and type is 'OWNER'
    filtered_df = merged_df[(merged_df['frequency'] == 'weekly') & (merged_df['type'] == 'OWNER')]
    
    # Count distinct client_ids from the filtered dataframe
    result = filtered_df['client_id'].nunique()
    
    return result
```"
187,How many clients who choose statement of weekly issuance are Owner?,1,3,adaptive,"```python
import pandas as pd

def compute_feature(account, disp):
    # Merge the 'account' and 'disp' tables on 'account_id'
    merged_df = pd.merge(account, disp, on='account_id')
    
    # Filter rows where 'type' is 'Owner' and 'frequency' is 'weekly'
    filtered_df = merged_df[(merged_df['type'] == 'Owner') & (merged_df['frequency'] == 'weekly')]
    
    # Count the number of unique clients
    num_clients = len(filtered_df['client_id'].unique())
    
    return num_clients
```"
187,How many clients who choose statement of weekly issuance are Owner?,1,4,adaptive,"```python
import pandas as pd

def compute_feature(account, disp):
    # Merge the two tables based on 'account_id'
    merged_table = pd.merge(account, disp, on='account_id')
    
    # Filter rows where 'type' is 'Owner' and 'frequency' is 7 (weekly)
    filtered_table = merged_table[(merged_table['type'] == 'Owner') & (merged_table['frequency'] == 7)]
    
    # Count the number of unique 'client_id's in the filtered table
    result = len(filtered_table['client_id'].unique())
    
    return result
```"
188,"Among the accounts who have loan validity more than 24 months, list out the accounts that have the lowest approved amount and have account opening date before 1997.",1,0,adaptive,"```python
import pandas as pd

def compute_feature(loan, account):
    # Filter accounts with loan validity more than 24 months
    valid_accounts = loan[loan['duration'] > 24]['account_id'].unique()
    
    # Merge loan and account dataframes
    merged_df = pd.merge(loan, account, how='left', on='account_id')
    
    # Filter accounts opened before 1997
    filtered_df = merged_df[merged_df['date_x'].dt.year < 1997]
    
    # Keep only the relevant columns
    filtered_df = filtered_df[['account_id', 'amount']]
    
    # Get minimum approved amount per account
    min_amount_per_account = filtered_df.groupby('account_id')['amount'].min().reset_index()
    
    # Merge with original to get the dates
    result_df = pd.merge(min_amount_per_account, filtered_df, 
                        how='left', 
                        left_on=['account_id'], 
                        right_on=['account_id', 'amount'])
    
    return result_df[['account_id', 'amount']]
```"
188,"Among the accounts who have loan validity more than 24 months, list out the accounts that have the lowest approved amount and have account opening date before 1997.",1,1,adaptive,"```python
import pandas as pd

def compute_feature(loan, account):
    # Merge loan and account tables on account_id
    merged_df = pd.merge(loan, account, on='account_id', how='left')
    
    # Filter loans with duration greater than 24 months
    filtered_df = merged_df[merged_df['duration'] > 24]
    
    # Convert date columns to datetime if not already
    filtered_df['date'] = pd.to_datetime(filtered_df['date'])
    filtered_df['date_x'] = pd.to_datetime(filtered_df['date_x'])
    
    # Filter accounts opened before 1997
    filtered_df = filtered_df[filtered_df['date_x'].dt.year < 1997]
    
    # Sort by approved amount and select the first row per account
    result_df = filtered_df.sort_values(by=['amount']).drop_duplicates(subset='account_id', keep='first')[['account_id']]
    
    return result_df
```"
188,"Among the accounts who have loan validity more than 24 months, list out the accounts that have the lowest approved amount and have account opening date before 1997.",1,2,adaptive,"```python
import pandas as pd

def compute_feature(loan, account):
    # Merge loan and account dataframes based on 'account_id'
    merged_data = pd.merge(loan, account, on='account_id')
    
    # Filter records where loan duration is greater than 24 months
    filtered_data = merged_data[merged_data['duration'] > 24]
    
    # Convert date columns to datetime if not already
    filtered_data['date'] = pd.to_datetime(filtered_data['date'])
    filtered_data['date_x'] = pd.to_datetime(filtered_data['date_x'])
    
    # Filter records where account opening date is before 1997
    filtered_data = filtered_data[filtered_data['date_x'].dt.year < 1997]
    
    # Find minimum approved amount for each account
    min_amounts = filtered_data.groupby('account_id')['amount_y'].min().reset_index()
    
    # Merge back to get full information
    result = pd.merge(min_amounts, filtered_data, left_on=['account_id', 'amount_y'], right_on=['account_id', 'amount_y'])
    
    return result[['district_id_x', 'frequency_x']]
```"
188,"Among the accounts who have loan validity more than 24 months, list out the accounts that have the lowest approved amount and have account opening date before 1997.",1,3,adaptive,"```python
import pandas as pd

def compute_feature(loan, account):
    # Filter accounts with loan validity more than 24 months
    valid_accounts = loan[loan['duration'] > 24]['account_id'].unique()
    
    # Merge loan and account dataframes to get necessary information
    merged_df = pd.merge(loan, account, how='inner', on='account_id')
    
    # Filter merged dataframe based on conditions
    filtered_df = merged_df[(merged_df['date_x'] >= '1997') & (merged_df['account_id'].isin(valid_accounts))]
    
    # Sort by approval amount and select the first one for each account
    result = filtered_df.sort_values(by=['amount']).groupby('account_id').head(1)[['account_id', 'date_y']]
    
    return result.rename(columns={'date_y': 'opening_date'})
```"
188,"Among the accounts who have loan validity more than 24 months, list out the accounts that have the lowest approved amount and have account opening date before 1997.",1,4,adaptive,"```python
import pandas as pd

def compute_feature(loan, account):
    # Filter accounts with loan validity more than 24 months
    valid_accounts = loan[loan['duration'] > 24]['account_id']
    
    # Merge loan and account dataframes to get account details
    merged_df = pd.merge(loan, account, how='left', on='account_id')
    
    # Filter accounts opening before 1997
    filtered_accounts = merged_df[merged_df['date_x'].dt.year < 1997]
    
    # Select only the relevant columns
    selected_columns = filtered_accounts[['account_id', 'amount']]
    
    # Get the minimum approved amount for each account
    min_amounts = selected_columns.groupby('account_id').min().reset_index()
    
    # Join with the valid accounts to ensure we only consider those
    final_result = pd.merge(min_amounts, valid_accounts, how='inner', left_on='account_id', right_on='account_id')
    
    return final_result
```"
189,Name the account numbers of female clients who are oldest and have lowest average salary?,2,0,adaptive,"```python
import pandas as pd

def get_feature(client, district, account, disp):
    # Merge tables to get necessary information
    merged = pd.merge(client, disp, left_on='client_id', right_on='client_id')
    merged = pd.merge(merged, account, left_on='account_id', right_on='account_id')

    # Filter for female clients
    merged = merged[merged['gender'] == 'female']

    # Calculate age based on birth_date (assuming current year is 2023)
    merged['age'] = 2023 - merged['birth_date'].dt.year

    # Group by account_id and calculate average salary
    avg_salary = merged.groupby('account_id')['A1'].mean().reset_index()

    # Merge with original data to get account details
    merged = pd.merge(avg_salary, merged, left_on='account_id', right_on='account_id')

    # Sort by age in descending order and then by average salary in ascending order
    merged.sort_values(by=['age', 'A1'], ascending=[False, True], inplace=True)

    # Get the top record which will be the oldest and lowest average salary
    result = merged[['account_id']].head(1)

    return result
```"
189,Name the account numbers of female clients who are oldest and have lowest average salary?,2,1,adaptive,"```python
import pandas as pd

def feature_engineering_task(client, district, account, disp):
    # Merge client and disp tables to get client details for each account
    merged = pd.merge(client, disp, left_on='client_id', right_on='client_id')
    
    # Merge the result with account table to get account details
    merged = pd.merge(merged, account, left_on='account_id', right_on='account_id')
    
    # Calculate age from birth_date
    merged['age'] = (pd.Timestamp.now() - pd.to_datetime(merged['birth_date'], format='%Y-%m-%d')).days // 365
    
    # Filter for female clients
    merged = merged[merged['gender'] == 'female']
    
    # Group by account_id and calculate average salary
    avg_salary = merged.groupby('account_id')['salary'].mean().reset_index()
    
    # Merge with original data to get full details
    merged = pd.merge(merged, avg_salary, left_on='account_id', right_on='account_id')
    
    # Sort by age in descending order and then by average salary in ascending order
    merged_sorted = merged.sort_values(by=['age', 'salary'], ascending=[False, True])
    
    # Select distinct account numbers
    result = merged_sorted.drop_duplicates(subset='account_id')[['account_id']]
    
    return result
```"
189,Name the account numbers of female clients who are oldest and have lowest average salary?,2,2,adaptive,"```python
import pandas as pd

def get_female_clients_accounts(df_client, df_disp, df_account):
    # Merge client and disp tables to get gender information for each account
    merged = pd.merge(df_client, df_disp, left_on='client_id', right_on='client_id')
    
    # Filter out female clients
    merged = merged[merged['gender'] == 'female']
    
    # Calculate age in years from birth_date
    merged['age'] = (pd.Timestamp.now() - pd.to_datetime(merged['birth_date'], format='%Y-%m-%d')).days // 365
    
    # Group by account_id and calculate average salary per account
    avg_salary_per_acc = merged.groupby('account_id')['A1'].mean().reset_index()
    
    # Merge account table with average salary data
    merged_with_avg_salary = pd.merge(df_account, avg_salary_per_acc, left_on='account_id', right_on='account_id')
    
    # Sort by age and then by average salary, take the first row which will be the oldest with lowest average salary
    result = merged_with_avg_salary.sort_values(by=['age', 'A1']).head(1)[['account_id']]
    
    return result
```"
189,Name the account numbers of female clients who are oldest and have lowest average salary?,2,3,adaptive,"```python
import pandas as pd

def compute_feature(client, district, account, disp):
    # Merge tables to get all necessary information
    merged = pd.merge(client, disp, on='client_id')
    merged = pd.merge(merged, account, on='account_id')
    
    # Calculate age
    merged['age'] = 2023 - merged['birth_date'].dt.year
    
    # Filter for female clients
    merged = merged[merged['gender'] == 'female']
    
    # Group by client and calculate average salary
    avg_salary = merged.groupby('client_id')['A14'].mean().reset_index()
    
    # Join with the main table to get account numbers
    result = pd.merge(avg_salary, merged, on='client_id', how='left')
    
    # Get the oldest client with the lowest average salary
    oldest_lowest = result.loc[result['A14'] == result['A14'].min()]
    
    # Sort by age in descending order and get the top record
    oldest_lowest_sorted = oldest_lowest.sort_values(by='age', ascending=False).head(1)
    
    return oldest_lowest_sorted[['account_id']]
```"
189,Name the account numbers of female clients who are oldest and have lowest average salary?,2,4,adaptive,"```python
import pandas as pd

def get_feature(client, district, account, disp):
    # Merge tables to get necessary information
    merged_df = pd.merge(client, disp, how='inner', left_on='client_id', right_on='client_id')
    merged_df = pd.merge(merged_df, account, how='inner', left_on='account_id', right_on='account_id')

    # Filter for female clients
    merged_df = merged_df[merged_df['gender'] == 'female']

    # Calculate age from birth_date
    merged_df['age'] = (pd.to_datetime('today') - pd.to_datetime(merged_df['birth_date'])).astype('<m8[Y]')

    # Group by account_id and calculate average age
    avg_age_by_account = merged_df.groupby('account_id')['age'].mean().reset_index()

    # Merge back to get other details
    merged_df = pd.merge(avg_age_by_account, merged_df, how='left', left_on='account_id', right_on='account_id')

    # Sort by age in descending order and keep the youngest one
    merged_df.sort_values(by='age', ascending=False, inplace=True)
    merged_df.drop_duplicates(subset='account_id', keep='first', inplace=True)

    # Return only the required column
    return merged_df[['account_id']]
```"
190,How many clients who were born in 1920 stay in east Bohemia?,1,0,adaptive,"```python
import pandas as pd

def calculate_clients_in_1920_east_bohemia(client, district):
    # Convert birth_date to datetime and extract year
    client['birth_year'] = pd.to_datetime(client['birth_date']).dt.year
    
    # Filter clients born in 1920
    filtered_client = client[client['birth_year'] == 1920]
    
    # Merge with district table to get district information
    merged_data = pd.merge(filtered_client, district, on='district_id')
    
    # Define condition for east Bohemia based on district attributes
    east_bohemia_condition = (merged_data['A1'] == 'East Bohemia') | \
                              (merged_data['A2'] == 'East Bohemia') | \
                              (merged_data['A3'] == 'East Bohemia') | \
                              (merged_data['A4'] == 'East Bohemia') | \
                              (merged_data['A5'] == 'East Bohemia') | \
                              (merged_data['A6'] == 'East Bohemia') | \
                              (merged_data['A7'] == 'East Bohemia') | \
                              (merged_data['A8'] == 'East Bohemia') | \
                              (merged_data['A9'] == 'East Bohemia') | \
                              (merged_data['A10'] == 'East Bohemia') | \
                              (merged_data['A11'] == 'East Bohemia') | \
                              (merged_data['A12'] == 'East Bohemia') | \
                              (merged_data['A13'] == 'East Bohemia') | \
                              (merged_data['A14'] == 'East Bohemia') | \
                              (merged_data['A15'] == 'East Bohemia') | \
                              (merged_data['A16'] == 'East Bohemia')
    
    # Apply condition and count clients
    result = len(merged_data[east_bohemia_condition])
    
    return result
```"
190,How many clients who were born in 1920 stay in east Bohemia?,1,1,adaptive,"```python
import pandas as pd

def compute_feature(client, district):
    # Convert birth_date to datetime and extract year
    client['birth_year'] = pd.to_datetime(client['birth_date']).dt.year
    
    # Filter clients born in 1920
    filtered_clients = client[client['birth_year'] == 1920]
    
    # Merge with district data to get location information
    merged_df = pd.merge(filtered_clients, district, how='left', left_on='district_id', right_index=True)
    
    # Define function to check if location is in east Bohemia based on A1-A16 columns
    def is_east_bohemia(row):
        return any(row[f'A{i}'] == 'east' for i in range(1, 17))
    
    # Apply function and count True values
    result = merged_df.apply(is_east_bohemia, axis=1).sum()
    
    return result
```"
190,How many clients who were born in 1920 stay in east Bohemia?,1,2,adaptive,"```python
import pandas as pd

def compute_feature(client, district):
    # Filter clients born in 1920
    filtered_clients = client[(client['birth_date'].dt.year == 1920)]
    
    # Join with district table to get district information
    merged_data = pd.merge(filtered_clients, district, on='district_id')
    
    # Filter districts in east Bohemia based on A1 column
    east_bohemia_districts = merged_data[merged_data['A1'] == 'east Bohemia']
    
    # Count unique client_ids
    result = len(east_bohemia_districts['client_id'].unique())
    
    return result
```"
190,How many clients who were born in 1920 stay in east Bohemia?,1,3,adaptive,"```python
import pandas as pd

def compute_feature(client, district):
    # Convert birth_date to datetime and extract year
    client['birth_year'] = pd.to_datetime(client['birth_date']).dt.year
    
    # Filter clients born in 1920
    client_1920 = client[client['birth_year'] == 1920]
    
    # Join with district table to get region information
    merged_df = pd.merge(client_1920, district, how='left', left_on='district_id', right_on='district_id')
    
    # Check if the region is in eastern Bohemia based on A2 column (assuming 'east' is part of the value)
    eastern_bohemia_clients = merged_df[merged_df['A2'].str.contains('east')]
    
    return len(eastern_bohemia_clients)
```"
190,How many clients who were born in 1920 stay in east Bohemia?,1,4,adaptive,"```python
import pandas as pd

def compute_feature(client, district):
    # Convert birth_date to year
    client['birth_year'] = pd.to_datetime(client['birth_date']).dt.year
    
    # Filter clients born in 1920
    client_1920 = client[client['birth_year'] == 1920]
    
    # Merge with district table to get region information
    merged_df = pd.merge(client_1920, district, left_on='district_id', right_index=True)
    
    # Define the condition for East Bohemia based on A1 and A2 columns
    merged_df['East Bohemia'] = (merged_df['A1'] == 'east') & (merged_df['A2'] == 'bohemia')
    
    # Count the number of clients who meet the criteria
    result = merged_df['East Bohemia'].sum()
    
    return result
```"
191,How many loan accounts are for pre-payment of duration of 24 months with weekly issuance of statement.,1,0,adaptive,"```python
import pandas as pd

def compute_feature(account_df, loan_df):
    # Merge account and loan dataframes on account_id
    merged_df = pd.merge(account_df, loan_df, on='account_id', how='inner')
    
    # Filter rows where duration is 24 months and payment frequency is weekly
    filtered_df = merged_df[(merged_df['duration'] == 24) & (merged_df['frequency'] == 'weekly')]
    
    # Count unique loan_ids to get number of loan accounts
    num_loan_accounts = len(filtered_df['loan_id'].unique())
    
    return num_loan_accounts
```"
191,How many loan accounts are for pre-payment of duration of 24 months with weekly issuance of statement.,1,1,adaptive,"```python
import pandas as pd

def compute_feature(account, loan):
    # Merge the two tables on 'account_id'
    merged_df = pd.merge(account, loan, on='account_id', how='inner')
    
    # Filter rows where 'duration' is 24 and 'frequency' is 'weekly'
    filtered_df = merged_df[(merged_df['duration'] == 24) & (merged_df['frequency'] == 'weekly')]
    
    # Count the number of unique 'account_id's in the filtered DataFrame
    result = len(filtered_df['account_id'].unique())
    
    return result
```"
191,How many loan accounts are for pre-payment of duration of 24 months with weekly issuance of statement.,1,2,adaptive,"```python
import pandas as pd

def compute_feature(account, loan):
    # Merge the two tables on account_id
    merged = pd.merge(account, loan, on='account_id', how='inner')

    # Filter rows where the loan status is 'prepayment' and duration is 24 months
    filtered = merged[(merged['status'] == 'prepayment') & (merged['duration'] == 24)]

    # Count the number of unique loan_ids in the filtered data
    result = len(filtered['loan_id'].unique())

    return result
```"
191,How many loan accounts are for pre-payment of duration of 24 months with weekly issuance of statement.,1,3,adaptive,"```python
import pandas as pd

def compute_feature(account, loan):
    # Merge account and loan tables on account_id
    merged_df = pd.merge(account, loan, on='account_id')
    
    # Filter records where duration is 24 months and frequency is 'weekly'
    filtered_df = merged_df[(merged_df['duration'] == 24) & (merged_df['frequency'] == 'weekly')]
    
    # Count the number of unique loan_id in the filtered DataFrame
    result = len(filtered_df['loan_id'].unique())
    
    return result
```"
191,How many loan accounts are for pre-payment of duration of 24 months with weekly issuance of statement.,1,4,adaptive,"```python
import pandas as pd

def compute_feature(account, loan):
    # Merge the two dataframes on 'account_id'
    merged_df = pd.merge(account, loan, on='account_id')
    
    # Filter the dataframe to only include rows where 'duration' is 24 and 'frequency' is 'weekly'
    filtered_df = merged_df[(merged_df['duration'] == 24) & (merged_df['frequency'] == 'weekly')]
    
    # Count the number of unique 'loan_id's in the filtered dataframe
    result = len(filtered_df['loan_id'].unique())
    
    return result
```"
192,What is the average amount of loan which are still on running contract with statement issuance after each transaction?,1,0,adaptive,"```python
import pandas as pd

def compute_running_contract_average_loan_amount(account, loan):
    # Merge dataframes on 'account_id' to link transactions and loans
    merged_df = pd.merge(account, loan, on='account_id', how='left')

    # Filter rows where loan status is 'running'
    running_loans = merged_df[merged_df['status'] == 'running']

    # Calculate the average loan amount for running contracts
    avg_running_loan_amount = running_loans.groupby(running_loans['date']).agg({'amount': 'mean'}).reset_index()

    return avg_running_loan_amount
```"
192,What is the average amount of loan which are still on running contract with statement issuance after each transaction?,1,1,adaptive,"```python
import pandas as pd

def avg_loan_amount_on_running_contract(account, loan):
    # Merge account and loan dataframes on 'account_id'
    merged_df = pd.merge(account, loan, on='account_id', how='inner')
    
    # Filter out loans where status is not 'Closed' (assuming 'Closed' means loan has ended)
    active_loans = merged_df[merged_df['status'] != 'Closed']
    
    # Calculate average loan amount for active loans
    avg_amount = active_loans.groupby('date')['amount'].mean().reset_index()
    
    return avg_amount
```"
192,What is the average amount of loan which are still on running contract with statement issuance after each transaction?,1,2,adaptive,"```python
import pandas as pd

def compute_running_loan_average(account, loan):
    # Merge dataframes to get all relevant transactions for each loan
    merged_data = pd.merge(account, loan, how='left', left_on='account_id', right_on='account_id')
    
    # Calculate cumulative sum of amounts for running loans only
    merged_data['amount_cumsum'] = merged_data['amount'].cumsum()
    merged_data['status'] = merged_data['status'].fillna('running')  # Fill missing statuses with 'running'
    running_mask = (merged_data['status'] == 'running')
    merged_data.loc[~running_mask, 'amount_cumsum'] = None
    
    # Group by original account and calculate the mean of cumulative sums
    result = merged_data.groupby(['district_id', 'frequency'], as_index=False)['amount_cumsum'].mean()
    return result
```"
192,What is the average amount of loan which are still on running contract with statement issuance after each transaction?,1,3,adaptive,"```python
import pandas as pd

def calculate_average_loan_amount(account_df, loan_df):
    # Merge the account and loan dataframes on 'account_id'
    merged_df = pd.merge(account_df, loan_df, on='account_id', how='left')

    # Filter rows where 'status' is 'running'
    filtered_df = merged_df[merged_df['status'] == 'running']

    # Calculate the average loan amount
    avg_loan_amount = filtered_df['amount'].mean()

    return avg_loan_amount
```"
192,What is the average amount of loan which are still on running contract with statement issuance after each transaction?,1,4,adaptive,"```python
import pandas as pd

def compute_running_contract_average_loan(account, loan):
    # Merge the two dataframes on 'account_id'
    merged_df = pd.merge(account, loan, on='account_id', how='left')

    # Filter out rows where loan status is not 'running'
    running_loans = merged_df[merged_df['status'] == 'running']

    # Calculate the average amount of loans that are still on running contract
    avg_running_loan_amount = running_loans.groupby(running_loans['date']).agg({'amount': 'mean'}).reset_index()

    return avg_running_loan_amount
```"
193,List all ID and district for clients that can only have the right to issue permanent orders or apply for loans.,2,0,adaptive,"```python
import pandas as pd

def get_feature(account, district):
    # Select accounts with 'right_to_issue_permanent_orders' or 'apply_for_loans'
    condition = (account['type'] == 'right_to_issue_permanent_orders') | \
               (account['type'] == 'apply_for_loans')
    
    # Filter accounts based on the condition
    filtered_accounts = account[condition]
    
    # Merge with district table to get district information
    merged_df = pd.merge(filtered_accounts, district, 
                        left_on='district_id', 
                        right_on='district_id')
    
    # Select required columns
    result = merged_df[['account_id', 'district_id']]
    
    return result
```"
193,List all ID and district for clients that can only have the right to issue permanent orders or apply for loans.,2,1,adaptive,"```python
import pandas as pd

def compute_feature(account, district):
    # Merge account and district tables on district_id
    merged = pd.merge(account, district, on='district_id')
    
    # Filter rows where A16 is 'yes' (right to issue permanent orders) or A17 is 'yes' (apply for loans)
    filtered = merged[(merged['A16'] == 'yes') | (merged['A17'] == 'yes')]
    
    # Select distinct account_id and district_id
    result = filtered[['account_id', 'district_id']].drop_duplicates()
    
    return result
```"
193,List all ID and district for clients that can only have the right to issue permanent orders or apply for loans.,2,2,adaptive,"```python
import pandas as pd

def get_loan_clients(account, district):
    # Filter accounts where the type is 'P' (permanent order) or 'L' (loan application)
    filtered_accounts = account[account['type'].isin(['P', 'L'])]

    # Group by client_id and check if there's at least one 'P' or 'L'
    client_counts = filtered_accounts.groupby('client_id').size().reset_index(name='count')

    # Only keep clients who can only issue permanent orders or apply for loans
    valid_clients = client_counts[client_counts['count'] == 1]['client_id']

    # Merge with the district table to get the district information
    result = pd.merge(valid_clients, account, how='left', left_on='client_id', right_on='disp_id')
    result = pd.merge(result, district, how='left', left_on='district_id', right_on='district_id')

    return result[['client_id', 'district_id']]
```"
193,List all ID and district for clients that can only have the right to issue permanent orders or apply for loans.,2,3,adaptive,"```python
import pandas as pd

def get_clients_with_right_to_issue_or_apply(df_account, df_district, df_disp):
    # Filter accounts where frequency is 1 (right to issue permanent orders)
    perm_orders = df_account[df_account['frequency'] == 1]
    
    # Filter accounts where frequency is not 1 but has a corresponding disp record with type 'loan'
    loan_accounts = df_disp[(df_disp['type'] == 'loan') & (~df_disp['account_id'].isin(perm_orders['account_id']))]
    loan_accounts = loan_accounts.merge(df_account[['account_id', 'district_id']], how='left')
    
    # Combine results from both filters
    combined_df = pd.concat([perm_orders, loan_accounts])
    
    # Select distinct client IDs and their districts
    result = combined_df[['client_id', 'district_id']].drop_duplicates()
    
    return result
```"
193,List all ID and district for clients that can only have the right to issue permanent orders or apply for loans.,2,4,adaptive,"```python
import pandas as pd

def feature_engineering(account, district):
    # Select clients who can only issue permanent orders or apply for loans
    valid_clients = account[(account['frequency'] == 2) | (account['date'].dt.month.isin([1, 3, 5, 7, 8, 10, 12]))]
    
    # Merge with district table to get district information
    result = pd.merge(valid_clients, district, left_on='district_id', right_on='district_id')
    
    return result[['client_id', 'A1']]
```"
194,"Provide the IDs and age of the client with high level credit card, which is eligible for loans.",2,0,adaptive,"```python
import pandas as pd

def compute_feature(card, client):
    # Merge card and client tables on disp_id
    merged = pd.merge(card, client, left_on='disp_id', right_on='client_id')
    
    # Filter for clients with high-level credit cards (type == 'high')
    high_level_cards = merged[merged['type_x'] == 'high']
    
    # Calculate age from birth_date
    high_level_cards['age'] = 2023 - high_level_cards['birth_date'].dt.year
    
    # Select required columns: client_id and age
    result = high_level_cards[['client_id', 'age']]
    
    return result
```"
194,"Provide the IDs and age of the client with high level credit card, which is eligible for loans.",2,1,adaptive,"```python
import pandas as pd

def compute_feature(disp, card, client, account):
    # Merge disp, card, and client tables based on disp_id
    merged_disp_card_client = disp.merge(card, how='left', left_on='disp_id', right_on='disp_id')
    merged_disp_card_client = merged_disp_card_client.merge(client, how='left', left_on='client_id', right_on='client_id')

    # Filter for high-level credit cards (assuming 'high' is represented by 1 in the type column)
    merged_disp_card_client = merged_disp_card_client[merged_disp_card_client['type_x'] == 1]

    # Calculate age from birth_date to current date
    merged_disp_card_client['age'] = (pd.to_datetime('today').year - merged_disp_card_client['birth_date'].dt.year) - ((pd.to_datetime('today') < merged_disp_card_client['birth_date']).astype(int))

    return merged_disp_card_client[['client_id', 'age']]
```"
194,"Provide the IDs and age of the client with high level credit card, which is eligible for loans.",2,2,adaptive,"```python
import pandas as pd

def get_eligible_clients(disp, card, client, account):
    # Merge disp and card tables to get card information for each display
    disp_card = disp.merge(card, on='disp_id', how='left')
    
    # Filter for high-level credit cards (assuming 'credit' in type column indicates high-level)
    disp_card_high_level = disp_card[disp_card['type'].str.contains('credit')]
    
    # Merge with client table to get client details
    client_details = disp_card_high_level.merge(client, on='client_id', how='left')
    
    # Calculate age from birth_date
    client_details['age'] = 2023 - client_details['birth_date'].dt.year
    
    # Select required columns
    result = client_details[['client_id', 'age']]
    
    return result
```"
194,"Provide the IDs and age of the client with high level credit card, which is eligible for loans.",2,3,adaptive,"```python
import pandas as pd

def compute_feature(disp, card, client, account):
    # Merge disp and card tables to get card details for each display
    merged_disp_card = pd.merge(disp, card, how='left', left_on='disp_id', right_on='disp_id')
    
    # Filter for high-level credit cards (assuming 'credit' in the card type indicates high-level)
    high_level_cards = merged_disp_card[merged_disp_card['type_x'] == 'credit']
    
    # Merge high-level cards with client table to get client details
    merged_cards_client = pd.merge(high_level_cards, client, how='left', left_on='client_id', right_on='client_id')
    
    # Compute the age of clients
    merged_cards_client['age'] = 2023 - merged_cards_client['birth_date'].dt.year
    
    # Filter for clients eligible for loans (assuming 'active' status in account table)
    eligible_clients = pd.merge(merged_cards_client, account, how='left', left_on='account_id', right_on='account_id')
    final_result = eligible_clients[eligible_clients['status'] == 'active'][['client_id', 'age']]
    
    return final_result
```"
194,"Provide the IDs and age of the client with high level credit card, which is eligible for loans.",2,4,adaptive,"```python
import pandas as pd

def compute_feature(disp, card, client, account):
    # Merge disp and card tables on disp_id to get card details for each display record
    disp_card = pd.merge(disp, card, how='left', left_on='disp_id', right_on='disp_id')
    
    # Filter for cards with 'high-level' type
    high_level_cards = disp_card[disp_card['type'] == 'high-level']
    
    # Merge high_level_cards with client table on disp_id to get client details for each high-level card record
    client_details = pd.merge(high_level_cards, client, how='left', left_on='client_id', right_on='client_id')
    
    # Calculate age from birth_date to current year (assuming current_year is 2023 for simplicity)
    client_details['age'] = 2023 - client_details['birth_date'].dt.year
    
    return client_details[['client_id', 'age']]
```"
